{"g1": 0.840129720407425, "g2": 10.329225413404295, "logK": 0.6748679815649176, "loc": -0.059189950655236134, "logScale": -3.21398028261159}