{"g1": 0.8999670834794542, "g2": 1.6325607462838354, "logK": 0.6057205734362363, "loc": -0.03713905518761219, "logScale": -3.3437335413116966}