{"g1": 0.9137888661073065, "g2": 8.636938944931972, "logK": 0.1136797206327613, "loc": -0.0028882261044755747, "logScale": -3.9864804419398925}