{"g1": 0.9904721678523029, "g2": 13.447074555277833, "logK": 0.10101461939566425, "loc": -0.017409168298895515, "logScale": -3.289219001489682}