{"g1": 0.8490720992752363, "g2": 14.235689982070383, "logK": -0.16199865296833682, "loc": -0.03412148472783754, "logScale": -3.5653720889996654}