{"g1": 0.8955433728020962, "g2": 1.42576819028816, "logK": 0.8998270744495328, "loc": -0.03668668545200598, "logScale": -3.9525609683268175}