{"g1": 0.97663354388, "g2": 7.548994141482279, "logK": -3.285560607018455, "loc": -0.0204546054317297, "logScale": -1.7264516046925402}