{"g1": 0.9986849871244643, "g2": 9.099321443803225, "logK": -2.799330840941783, "loc": -0.03849085794135753, "logScale": -1.673271790915158}