{"g1": 0.8319110053915547, "g2": 5.899355090021933, "logK": 0.39781001311736797, "loc": -0.06929015137717716, "logScale": -2.4996027759867414}