{"g1": 0.9213258727772228, "g2": 12.984692255196546, "logK": 0.8120873618005671, "loc": 0.0128169987187395, "logScale": -3.323277531801779}