{"g1": 0.9787586249173545, "g2": 7.897326090112259, "logK": 0.9943572517672774, "loc": -0.12157713479981083, "logScale": -1.7666163901522258}