{"g1": 0.9982842791711762, "g2": 14.950357135275162, "logK": -0.5465574344258644, "loc": 0.0008458811857284185, "logScale": -3.6546724141214124}