{"g1": 0.9992056963468533, "g2": 14.34485202867497, "logK": 0.9956038081832005, "loc": -0.11435339552714845, "logScale": -2.211342442831829}