{"g1": 0.9550963744831659, "g2": 6.451390046473653, "logK": -1.8847151841086807, "loc": 0.0017349138025755627, "logScale": -3.9831932456565893}