{"g1": 0.9994055179199832, "g2": 14.900812080323352, "logK": -2.0881332131297543, "loc": -0.002694229480733182, "logScale": -3.8143764923930057}