{"g1": 0.9822075570974398, "g2": 6.3530231098876, "logK": -2.0683574546125416, "loc": -0.0024687621354464277, "logScale": -3.7349988016180458}