{"g1": 0.9726568184204083, "g2": 14.927392453241389, "logK": -3.3873273263000194, "loc": -0.012162382247488118, "logScale": -3.5666154682986697}