{"g1": 0.9592745281152645, "g2": 8.03245046135044, "logK": -3.8036933572806917, "loc": -0.012456089313940138, "logScale": -3.7608565522206074}