{"g1": 0.9981369227367812, "g2": 14.290308074008857, "logK": -4.641216518272438, "loc": 0.00023575015136598557, "logScale": -3.8177853433266167}