{"g1": 0.9939878050115613, "g2": 8.612877300846748, "logK": -4.042594035314224, "loc": -0.061954786649981164, "logScale": -0.37440458730512083}