{"g1": 0.9256721572839683, "g2": 4.556611568678877, "logK": -1.3034441944518775, "loc": -0.004511923546281153, "logScale": -3.9977440487363793}