{"g1": 0.9275157879495883, "g2": 11.950737342101405, "logK": 0.9856578460889518, "loc": -0.1305909901099882, "logScale": -0.7397108343042541}