{"g1": 0.998832225324632, "g2": 11.435273601377052, "logK": -4.036153530672528, "loc": -0.005757104051392098, "logScale": -3.904536840604663}