{"g1": 0.3551415458124459, "g2": 9.205776940501256, "logK": -1.2356603993457824, "loc": -0.0021692822720350557, "logScale": -3.9931498178874483}