{"g1": 0.9889337283937046, "g2": 11.111546755653011, "logK": -1.880640377391222, "loc": -0.020004230121877378, "logScale": -3.9938193848039014}