{"g1": 0.9971885739038419, "g2": 6.508527350626248, "logK": -0.7969393274058989, "loc": -0.019967353931957928, "logScale": -3.85042941056034}