{"g1": 0.9772583810922519, "g2": 8.492299934169278, "logK": -1.7894771128178013, "loc": -0.0030525772040003764, "logScale": -3.7643054445678183}