{"g1": 0.9099897645830026, "g2": 10.165684119896012, "logK": 0.9967858893635967, "loc": -0.04061920394409535, "logScale": -1.2989779592263575}