{"g1": 0.8206381360416221, "g2": 7.647909407339484, "logK": -1.9708730800067615, "loc": -0.0005718038608938979, "logScale": -3.97980784496157}