{"g1": 0.9982730507199354, "g2": 5.673705540409708, "logK": -4.366483078199568, "loc": -0.011425455261604265, "logScale": -3.9776528059958403}