{"g1": 0.9449676367663252, "g2": 11.747836684792667, "logK": -4.448650399300518, "loc": -0.011175080732788582, "logScale": -3.9818372279238936}