{"g1": 0.975802172932702, "g2": 12.713962386381139, "logK": 0.43639430373271254, "loc": -0.02091176822273664, "logScale": -3.9944222394337965}