{"g1": 0.9439110175105253, "g2": 8.204137352007487, "logK": -3.977974194712263, "loc": 0.004934546424055469, "logScale": -3.9671732338743584}