{"g1": 0.9528657398631922, "g2": 12.23896220308946, "logK": -1.1614248459277676, "loc": -0.016464248144849432, "logScale": -3.994842213444007}