{"g1": 0.9958657873385645, "g2": 11.999200226618104, "logK": -0.82154090567065, "loc": -0.014074887457011829, "logScale": -3.567308847230465}