{"g1": 0.9403414097999558, "g2": 8.2178805444982, "logK": -3.973172880766971, "loc": 0.010147774432506503, "logScale": -3.7431467736539203}