{"g1": 0.9844218834266816, "g2": 7.570175796839845, "logK": -2.4969680510197594, "loc": 0.008374715609172533, "logScale": -3.893001398823444}