{"g1": 0.9989017923125891, "g2": 12.309303419169552, "logK": -0.44529622837834765, "loc": -0.006719252383960403, "logScale": -3.6365550305924264}