{"g1": 0.8711348043997275, "g2": 6.855040536667006, "logK": -3.4358052358240396, "loc": 0.008973413479335807, "logScale": -3.9956753953812942}