{"g1": 0.9948976828385867, "g2": 11.701566163476972, "logK": -3.0365392781326803, "loc": -0.0038017074950228696, "logScale": -3.9940683385234577}