{"g1": 0.9618792363273876, "g2": 9.782088775566699, "logK": 0.9896745252615438, "loc": -0.14119780438315577, "logScale": -2.0296464985244698}