{"g1": 0.4232162914395524, "g2": 4.724120915005439, "logK": -3.9725834300486147, "loc": 0.00280744764200163, "logScale": -3.97889705472322}