{"g1": 0.9994167909004, "g2": 13.045680922662466, "logK": -1.5229893999494928, "loc": -0.012422899628008098, "logScale": -3.81036745910869}