{"g1": 0.9658768972040306, "g2": 5.460923504620944, "logK": -1.7737456781776018, "loc": -0.0007512826933042775, "logScale": -3.996032646154172}