{"g1": 0.9766022455415511, "g2": 6.157616220783352, "logK": -2.0076456342913005, "loc": 0.015339115890256199, "logScale": -3.735734438643804}