{"g1": 0.938077555307055, "g2": 9.030517764847986, "logK": -3.5728763857503965, "loc": 0.012912367568675288, "logScale": -3.713325501036561}