{"g1": 0.9607762575234102, "g2": 13.347227230042012, "logK": -2.194868596705214, "loc": 0.058611545621130585, "logScale": -0.4049392236192959}