{"g1": 0.9695772436906839, "g2": 8.871906871105175, "logK": -3.2783515504628493, "loc": -0.007613836546044762, "logScale": -3.705435961812852}