{"g1": 0.8908429642934532, "g2": 8.61026793422336, "logK": -1.493338667055272, "loc": -0.007975717940601633, "logScale": -3.9975625811723474}