{"g1": 0.9996780057029977, "g2": 13.069535723623083, "logK": -2.089956317929732, "loc": -0.015373537830848532, "logScale": -3.9975372742640323}