{"g1": 0.9981961331211454, "g2": 13.80407486394355, "logK": -3.981351790420216, "loc": 0.010881636726590187, "logScale": -3.8336545012315626}