{"g1": 0.8853907372688543, "g2": 14.315835539988827, "logK": -3.2720139081573234, "loc": -0.10301999065207684, "logScale": 0.09313726999183958}