{"g1": 0.999555856142047, "g2": 5.696509162754829, "logK": 0.7552493864269514, "loc": -0.1277638996398257, "logScale": -1.2799907800453267}