{"g1": 0.9993496532406831, "g2": 3.5663988638496145, "logK": -1.0718887347150416, "loc": 0.007564104734452836, "logScale": -3.9990036739318886}