{"g1": 0.9995102996461869, "g2": 9.762672764760072, "logK": 0.30910062362048624, "loc": 0.13880134316352677, "logScale": -0.6337144581999536}