{"g1": 0.9698262937686886, "g2": 14.906750617307702, "logK": -4.864848729372107, "loc": -0.004465128476199982, "logScale": 0.4340175881509407}