{"g1": 0.9998682140609684, "g2": 12.648896197452364, "logK": -2.494306783581405, "loc": -0.0064391168533419075, "logScale": -3.674913646425044}