{"g1": 0.9765207863883896, "g2": 10.872387344647034, "logK": -2.1069257088025113, "loc": 0.0007289368193615295, "logScale": -3.769555640569171}