{"g1": 0.9984098482266449, "g2": 14.494456512390729, "logK": 0.9984617494905053, "loc": -0.13202396211212677, "logScale": -1.652753721320556}