{"g1": 0.9995236304266649, "g2": 5.374798436683435, "logK": -1.5619444537128757, "loc": -0.016618698735678103, "logScale": -3.606054552361901}