{"g1": 0.9182629922626201, "g2": 11.90299684385014, "logK": 0.9776799778774526, "loc": -0.06512455587248518, "logScale": -1.0511160512156597}