{"g1": 0.624904901134048, "g2": 8.952095309947648, "logK": -3.5515993600077294, "loc": -0.0014697715876703932, "logScale": -3.9994625670939774}