{"g1": 0.8122190032752528, "g2": 8.705848544499535, "logK": 0.9957819002149646, "loc": -0.07207994763745194, "logScale": -1.560403733883132}