{"g1": 0.9213601718978034, "g2": 9.122812501214076, "logK": -0.7551443416960535, "loc": -0.0035647584071218444, "logScale": -3.9987643673555313}