{"g1": 0.9955769665597344, "g2": 6.94265118409433, "logK": -4.737875492924762, "loc": -0.0133061044885016, "logScale": -3.8818466977230868}