{"g1": 0.9992887982452504, "g2": 12.963429535913846, "logK": -3.357807714383041, "loc": -0.0064107496640502595, "logScale": -3.6403492750988904}