{"g1": 0.9897927825129819, "g2": 8.965602247441588, "logK": -1.433111779769567, "loc": -0.0026217340947715974, "logScale": -3.9892915540115075}