{"g1": 0.9619734954526389, "g2": 7.199195608197649, "logK": 0.7908251355352328, "loc": -0.049618313628101554, "logScale": -1.8917130120891632}