{"g1": 0.9965194180536705, "g2": 7.575109728613458, "logK": -3.675108048614823, "loc": 0.006385969864096753, "logScale": -3.6977139016015292}