{"g1": 0.9993506976141977, "g2": 14.334018339220034, "logK": 0.6870613930724592, "loc": -0.03140062170865858, "logScale": -3.922638885066571}