{"g1": 0.9731857692100243, "g2": 12.002420958705315, "logK": -3.3939625335465595, "loc": -0.01337752658876256, "logScale": -3.636046575288692}