{"g1": 0.9993065135769142, "g2": 14.978639354798641, "logK": -2.4579809213593857, "loc": -0.008431302549823496, "logScale": -3.801423474771661}