{"g1": 0.8899383488961393, "g2": 14.989283058076131, "logK": 0.9744259371331909, "loc": 0.004721467839825518, "logScale": -1.697624786578679}