{"g1": 0.9281716640604312, "g2": 4.293575671027204, "logK": 0.6014999531176908, "loc": -0.14869135080271426, "logScale": -1.125240708936972}