{"g1": 0.9596792051198706, "g2": 9.95628527856924, "logK": -1.749620089275564, "loc": 0.006375332250469512, "logScale": -3.643414818908309}