{"g1": 0.9695525974949686, "g2": 9.676234004045714, "logK": -3.3411351169506465, "loc": -0.008569824574106622, "logScale": -3.1961178280570053}