{"g1": 0.9809630027471108, "g2": 7.131344280834298, "logK": -4.191395872290863, "loc": -0.01320610037176398, "logScale": -3.6372393733316732}