{"g1": 0.9784597145613239, "g2": 4.947808512170598, "logK": -1.370754784685087, "loc": 0.000700032591765206, "logScale": -3.673288105841321}