{"g1": 0.5196099673304502, "g2": 9.140544706400572, "logK": -4.790976048740985, "loc": 0.0023318199590726583, "logScale": -3.8075291341593296}