{"g1": 0.9969702014629618, "g2": 11.978200462806067, "logK": -1.1224014027522673, "loc": -0.0031218305006033703, "logScale": -3.7606617332572063}