{"g1": 0.8296844016987517, "g2": 8.100088417151925, "logK": -0.415219310680253, "loc": -0.01776098720794249, "logScale": -3.993040837803889}