{"g1": 0.9986798138372635, "g2": 11.993640948620028, "logK": -4.980879875097163, "loc": -0.001172437798791599, "logScale": -3.4873100272386583}