{"g1": 0.9621177247265292, "g2": 3.5194760412714032, "logK": -0.3149333598226437, "loc": -0.009138925103495841, "logScale": -3.9891156636815577}