{"g1": 0.970944437801185, "g2": 5.302282023885902, "logK": -2.6578364998319777, "loc": -0.0019429121761572361, "logScale": -3.7520568486984733}