{"g1": 0.9936399567809339, "g2": 11.711096390818282, "logK": -4.752383032371247, "loc": -0.007416251283663946, "logScale": -3.80071889355004}