{"g1": 0.9992466766491417, "g2": 12.563483410642842, "logK": 0.6353157716392093, "loc": -0.0038163901894550517, "logScale": -3.9957832990608533}