{"g1": 0.9862087156075209, "g2": 14.597051075888643, "logK": -4.332104813420951, "loc": -0.00037477868472071197, "logScale": -3.974327190539408}