{"g1": 0.9586169829926197, "g2": 14.368920232172252, "logK": -1.1053557229418816, "loc": 0.012858040864314201, "logScale": -0.18503680873718054}