{"g1": 0.9978739894696249, "g2": 6.868818349252826, "logK": -1.642634002427275, "loc": -0.005137489167640679, "logScale": -3.9803858420285723}