{"g1": 0.9987220912357804, "g2": 6.682906540637752, "logK": -2.031123843657564, "loc": 0.0122738628492872, "logScale": -3.9490422620233137}