{"g1": 0.9957283053645074, "g2": 7.300130093665326, "logK": 0.9315668454501522, "loc": -0.05039361874979763, "logScale": -2.1362308781055113}