{"g1": 0.19275631245062405, "g2": 12.52246157275574, "logK": -4.29368523985268, "loc": -0.0055239783736739274, "logScale": -3.9867582281235396}