{"g1": 0.9970019482782831, "g2": 11.749365556206188, "logK": -4.735061778593991, "loc": -0.005677481930263174, "logScale": -3.136083185962616}