{"g1": 0.9329096426529434, "g2": 14.963464774361649, "logK": 0.987063913994354, "loc": -0.14909097733413293, "logScale": -2.0524878080368416}