{"g1": 0.9697393313886411, "g2": 5.570481499409297, "logK": 0.030080515001674968, "loc": 0.006494115539742759, "logScale": -3.778896828660278}