{"g1": 0.6408393517139239, "g2": 9.447077108609218, "logK": -2.0219587850239034, "loc": -0.0015470524279917203, "logScale": -3.969146923438298}