{"g1": 0.9710687103811753, "g2": 11.086054671414459, "logK": -3.8297603521237176, "loc": 0.0030895216624181104, "logScale": -3.976378159435851}