{"g1": 0.9995987054378606, "g2": 5.341708414223439, "logK": -1.173251456193547, "loc": 0.01321102145952872, "logScale": -3.8504489687867958}