{"g1": 0.9998339054089022, "g2": 14.23339136070126, "logK": 0.717289061148357, "loc": -0.1162831139157848, "logScale": -1.2380045344322528}