{"g1": 0.9556206532025474, "g2": 4.586144186839755, "logK": -1.5896044664199789, "loc": -0.016081458471317086, "logScale": -3.9816210314859073}