{"g1": 0.9943904133031815, "g2": 13.888362485302295, "logK": -2.933794365498822, "loc": -0.005106695976243006, "logScale": -3.611368687141143}