{"g1": 0.9784499992328362, "g2": 8.234562988591899, "logK": -2.7446119938947744, "loc": -0.005970921831488334, "logScale": -3.991856461694974}