{"g1": 0.9975615130963779, "g2": 5.199353849650274, "logK": 0.04076568135522274, "loc": -0.025351034496878724, "logScale": -3.9960727334299286}