{"g1": 0.9366451722110749, "g2": 13.331163945685354, "logK": -3.2747452881410437, "loc": 0.008006356631062944, "logScale": -3.718003997880919}