{"g1": 0.9996226311280619, "g2": 7.5801964368956085, "logK": -3.0395239232706, "loc": -0.0005541325628366667, "logScale": -3.9938607715840373}