{"g1": 0.9957528774001279, "g2": 14.919392106770482, "logK": -2.1842013006992254, "loc": 0.005702638376872168, "logScale": -3.9977498249486167}