{"g1": 0.8582121687012697, "g2": 12.24525645698964, "logK": 0.8259448241510576, "loc": -0.0017164821358138897, "logScale": -0.43695964088333294}