{"g1": 0.9754411363925813, "g2": 10.86574880414842, "logK": -1.0867043945616497, "loc": 0.009012722875370208, "logScale": -3.7779457199271764}