{"g1": 0.9612851099781731, "g2": 6.0765127107554875, "logK": -0.7404506030820681, "loc": -0.0054059197308560375, "logScale": -3.595200158427441}