{"g1": 0.9988287867357282, "g2": 2.6904760328143666, "logK": -1.7844450269107908, "loc": -0.004179466871312487, "logScale": -3.987190944349762}