{"g1": 0.9484637410377996, "g2": 8.477507008892314, "logK": 0.49034633224628693, "loc": -0.04035143706583279, "logScale": -0.685259250555248}