{"g1": 0.9773026500548696, "g2": 8.998175437747634, "logK": -1.6949815306055664, "loc": -0.005537936852770542, "logScale": -3.996533861358256}