{"g1": 0.8716373120574119, "g2": 10.56847515308215, "logK": 0.9057071370126349, "loc": -0.12527037026888538, "logScale": -1.1364317484130237}