{"g1": 0.9761900469392439, "g2": 8.05924133423155, "logK": -3.1838907380109465, "loc": 0.0029513056912636626, "logScale": -3.987457108528779}