{"g1": 0.9075935501491879, "g2": 9.30430458055438, "logK": 0.7609928241544011, "loc": -0.14560320040331842, "logScale": -1.5032474850955269}