{"g1": 0.9866156818842801, "g2": 10.272454698314341, "logK": -0.41623298501086636, "loc": 0.004835015526515812, "logScale": -3.9389590462751007}