{"g1": 0.9997203664363927, "g2": 11.717451123283647, "logK": -2.797655645612319, "loc": -0.015794495538290584, "logScale": -3.984100983889224}