{"g1": 0.930303545032, "g2": 3.897334908967241, "logK": -1.0998707136983517, "loc": -0.010056868483832011, "logScale": -3.8076032204753183}