{"g1": 0.9839206926089589, "g2": 14.084307438963126, "logK": -2.060990696407435, "loc": 0.014885430175249396, "logScale": -3.548956630435172}