{"g1": 0.9994125748782922, "g2": 6.029513171837463, "logK": -2.9914216068189043, "loc": -0.0009151613264465949, "logScale": -3.30573557767998}