{"g1": 0.9989393460931729, "g2": 5.513829122305292, "logK": -4.657610524449615, "loc": -0.008584731670894925, "logScale": -3.968544260161965}