{"g1": 0.921409029928083, "g2": 12.357977721925865, "logK": 0.5539449956235344, "loc": -0.008454954269504279, "logScale": -1.65032881821572}