{"g1": 0.944450939714588, "g2": 4.65665595248697, "logK": -3.432060494959589, "loc": -0.0014242391303925898, "logScale": -3.8738931813637647}