{"g1": 0.9994528527235269, "g2": 12.022305844675076, "logK": 0.9900440440616342, "loc": -0.11671640701241555, "logScale": -1.5971563062916891}