{"g1": 0.23990792838853908, "g2": 12.4643178440837, "logK": -4.930853325964951, "loc": -0.004687309542378917, "logScale": -3.990554767842275}