{"g1": 0.9974713353515259, "g2": 12.100869026930631, "logK": -3.81447029791342, "loc": 0.005224598588169468, "logScale": -3.618060160578475}