{"g1": 0.9878956339073418, "g2": 14.826529894613317, "logK": 0.998123877281634, "loc": -0.0663773171859913, "logScale": -0.9141119747153545}