{"g1": 0.9993753607699978, "g2": 13.697749884360581, "logK": 0.9921402776734847, "loc": -0.11399956996721854, "logScale": -2.0674368759389745}