{"g1": 0.997795674287518, "g2": 11.921110129048923, "logK": -1.4912058408085636, "loc": 0.014309518620874234, "logScale": -3.7252327611701057}