{"g1": 0.9965952185227943, "g2": 3.007317771431004, "logK": -1.1308077970702377, "loc": -0.004609760821000657, "logScale": -3.972971205470718}