{"g1": 0.9996768540569596, "g2": 9.504416480302242, "logK": -2.120187713884676, "loc": -0.007257916783469248, "logScale": -3.9784466826536216}