{"g1": 0.9968402514239814, "g2": 8.921164397087711, "logK": -2.5287849588465767, "loc": -0.00865426378259959, "logScale": -3.999295179154574}