{"g1": 0.9972470363417442, "g2": 9.240011631856337, "logK": -1.3486910883056553, "loc": -0.008463312841303874, "logScale": -3.9945846083066545}