{"g1": 0.9999694358226879, "g2": 11.834388929320301, "logK": -4.34241247154894, "loc": 0.024545229608944397, "logScale": -3.856794015571354}