{"g1": 0.8359818248955929, "g2": 10.235234371389522, "logK": -3.1786152584333074, "loc": -0.003995462501501615, "logScale": -3.994400290670824}