{"g1": 0.9992252316887962, "g2": 8.603051417932011, "logK": -3.852205092776411, "loc": 0.0038815165604966246, "logScale": -3.6265482672052514}