{"g1": 0.8884402021980405, "g2": 9.493407610406457, "logK": -0.6401331002451877, "loc": -0.006621067014889395, "logScale": -3.7896107753801034}