{"g1": 0.8772480419844639, "g2": 14.113429627716418, "logK": 0.42034043338807153, "loc": -0.019706723401244, "logScale": -0.7506922009832382}