{"g1": 0.9856922665393874, "g2": 10.494189295038034, "logK": 0.8317713079158362, "loc": -0.01404546117734426, "logScale": -3.8414577121657176}