{"g1": 0.9590298015017413, "g2": 12.60870721049169, "logK": -0.3204831830803915, "loc": 0.003817235300897278, "logScale": -3.993521568881703}