{"g1": 0.8740209434931683, "g2": 4.454034061343604, "logK": -2.0929632536984335, "loc": 0.008317790604403753, "logScale": -3.962465892940318}