{"g1": 0.8888820132140924, "g2": 7.1451286238700895, "logK": 0.9953248374426007, "loc": -0.1184061818566032, "logScale": -1.3843929634761905}