{"g1": 0.8031708627253156, "g2": 13.673518747009236, "logK": 0.9498081950996755, "loc": -0.12396430135890091, "logScale": -1.2383719092996313}