{"g1": 0.9997109745720368, "g2": 11.932846066106588, "logK": -1.907403076346359, "loc": 0.0032134040194859645, "logScale": -3.6207290789682003}