{"g1": 0.996445501028233, "g2": 14.6057602805618, "logK": 0.7895367456956344, "loc": -0.024205945289626177, "logScale": -0.7501055620346441}