{"g1": 0.9906934060998285, "g2": 8.580975765453198, "logK": 0.7952251781254296, "loc": -0.024479335180497407, "logScale": -3.9942111853544566}