{"g1": 0.9792693297008954, "g2": 6.353885153974801, "logK": -4.5762872444649725, "loc": -0.009549301918003274, "logScale": -3.9827729217117027}