{"g1": 0.9998583609748127, "g2": 11.414241496100779, "logK": 0.14312870024625302, "loc": -0.0024400142950993606, "logScale": -3.981916228097353}