{"g1": 0.9127528936584508, "g2": 11.33637299115903, "logK": 0.7564453265008519, "loc": -0.00982959469608466, "logScale": -0.22170053347188767}