{"g1": 0.9945144522082666, "g2": 13.272345045182078, "logK": -2.6086845093169964, "loc": 0.0071666617415296644, "logScale": -3.971068040172776}