{"g1": 0.9979109313278199, "g2": 11.8590796615678, "logK": -2.7202816998986297, "loc": -0.0038797601747337027, "logScale": -3.9578534747854452}