{"g1": 0.9103127743772879, "g2": 7.318354624818253, "logK": 0.166330837902624, "loc": 0.04922029603606187, "logScale": -1.0055485169496698}