{"g1": 0.19745842211595044, "g2": 2.3648697663009535, "logK": -4.614950610239613, "loc": 0.0015271174936832273, "logScale": -3.998388462500497}