{"g1": 0.9992821009059708, "g2": 13.975442213455995, "logK": -1.964542032937937, "loc": -0.013852347761266027, "logScale": -3.9980784422501467}