{"g1": 0.9802021274823737, "g2": 14.003165709017008, "logK": -1.1654200021058085, "loc": -0.01586557333360421, "logScale": -3.8412355697899647}