{"g1": 0.9630486169262187, "g2": 9.856639963632592, "logK": -3.6210523169612014, "loc": 0.009025464656687646, "logScale": -3.7574036015542664}