{"g1": 0.9972402056765697, "g2": 9.317701478050079, "logK": -4.0927265217708175, "loc": -0.008561740663026268, "logScale": -2.9348612000893906}