{"g1": 0.9975413882091603, "g2": 13.567794007476826, "logK": 0.5528795900743594, "loc": -0.08180783919460229, "logScale": -0.7489870915623241}