{"g1": 0.9999199657368176, "g2": 5.371869231940405, "logK": 0.6432536159508973, "loc": -0.008099880842121796, "logScale": -3.820703821241734}