{"g1": 0.9977393112036429, "g2": 5.785970819896104, "logK": -2.9305503495565977, "loc": -0.00010711747520355391, "logScale": -3.9819765416361146}