{"g1": 0.7986632486397871, "g2": 4.7892726433046064, "logK": -4.969856296699972, "loc": -0.0007196488396374514, "logScale": -3.9997938686447903}