{"g1": 0.9986449831502913, "g2": 3.545334320143568, "logK": -0.6065228927095161, "loc": -0.012478565690491699, "logScale": -3.9543081119593815}