{"g1": 0.9663127887681403, "g2": 6.067693820724825, "logK": -0.6241977745518337, "loc": 0.0024345769428739273, "logScale": -3.996969801028568}