{"g1": 0.9988772586351952, "g2": 10.585738432473644, "logK": 0.8008798297947614, "loc": -0.13809358016002515, "logScale": -1.2887172424212514}