{"g1": 0.999314940901796, "g2": 6.675588508045865, "logK": -3.3175633215002134, "loc": 0.0004875362290908056, "logScale": -3.8417898436464313}