{"g1": 0.9995469116079608, "g2": 12.62150974866684, "logK": -2.453534101314185, "loc": -0.00793053435632546, "logScale": -3.7975971773086328}