{"g1": 0.9999990819319412, "g2": 3.419831455478055, "logK": -1.8477518611585295, "loc": -0.00678415078391797, "logScale": -3.7096341236179198}