{"g1": 0.8931456706173783, "g2": 13.626810988795476, "logK": 0.8560138066209803, "loc": -0.12881476518511575, "logScale": -0.9950665430627925}