{"g1": 0.9817937491635256, "g2": 6.693570421979982, "logK": -2.169379229821205, "loc": 0.004666000546068156, "logScale": -3.994327183603359}