{"g1": 0.9847092615887805, "g2": 8.135970754279892, "logK": -2.3509844305232694, "loc": 0.010387416329147546, "logScale": -3.8925713353195963}