{"g1": 0.9342068526175736, "g2": 5.955794562609384, "logK": 0.9954406468543474, "loc": -0.13021733890267495, "logScale": -1.6048262839179785}