{"g1": 0.9364564784328666, "g2": 6.94157741695147, "logK": -2.3496920428815624, "loc": -0.01247900283618337, "logScale": -3.993314706028931}