{"g1": 0.8965310005340227, "g2": 5.735998369820438, "logK": 0.8348060230814145, "loc": -0.07920410467019436, "logScale": -1.386010764146587}