{"g1": 0.8704660976450159, "g2": 9.334752780489206, "logK": 0.8467668287712654, "loc": 0.006143924143424136, "logScale": -0.2757297294263369}