{"g1": 0.999682229391511, "g2": 10.055222559796182, "logK": -1.3267416444951456, "loc": -0.012563666595591029, "logScale": -3.481419094585225}