{"g1": 0.9361792735386942, "g2": 8.376154790674214, "logK": -4.493160685579351, "loc": 0.012611908112735437, "logScale": -3.9986630138531463}