{"g1": 0.9969380417856868, "g2": 3.636235894189668, "logK": -2.0706193616158752, "loc": -0.027481876757801667, "logScale": -3.4884793572231008}