{"g1": 0.9635338282514473, "g2": 11.656482657348175, "logK": 0.9901578528104248, "loc": -0.12469431342929, "logScale": -1.6352782831139083}