{"g1": 0.9786972124797495, "g2": 13.145393343357174, "logK": -0.5724936002333003, "loc": -0.019128682127172017, "logScale": -3.6905610405411946}