{"g1": 0.9977925069141985, "g2": 13.804878232480888, "logK": -2.0308432389920257, "loc": 0.009981961912704073, "logScale": -3.8567947630681036}