{"g1": 0.9989701863236679, "g2": 5.996206773433619, "logK": -1.344743444403049, "loc": -0.010323143070878341, "logScale": -3.8691314317254273}