{"g1": 0.9995483536273199, "g2": 11.056298833927501, "logK": -3.3149664594593284, "loc": 0.009833807338661156, "logScale": -3.6630850138992845}