{"g1": 0.9952398793629996, "g2": 7.824928147691998, "logK": 0.9265276822791089, "loc": -0.01678021904430503, "logScale": -1.702602250250275}