{"g1": 0.9795596473726279, "g2": 11.815360973473, "logK": -3.2443078252167954, "loc": 0.0030256800642126276, "logScale": -3.7841279614931316}