{"g1": 0.9689601548084825, "g2": 10.489423247850286, "logK": -0.02375692869626267, "loc": -0.02291829188521841, "logScale": -3.9882881785628372}