{"g1": 0.9979306205908446, "g2": 9.598621588163155, "logK": -1.4272570000159035, "loc": -0.01866962168167186, "logScale": -3.980244511253118}