{"g1": 0.7310323673430615, "g2": 7.201824643488797, "logK": -4.618367669155312, "loc": 0.006967175053723464, "logScale": -3.984666513146661}