{"g1": 0.9972441405869623, "g2": 4.018626131236226, "logK": -4.474292145391296, "loc": -0.001916785492468734, "logScale": -3.90880932698952}