{"g1": 0.9998354112466854, "g2": 9.011954492823017, "logK": 0.9968881846455754, "loc": -0.06048499459174791, "logScale": -1.7647657671285715}