{"g1": 0.9581604278848574, "g2": 3.1245868159788466, "logK": -3.4019314921751973, "loc": 0.003607680719807216, "logScale": -3.7169542841807006}