{"g1": 0.9304500328979353, "g2": 11.643159869248064, "logK": 0.4307143440698059, "loc": -0.046832220665895756, "logScale": -1.0970789653368074}