{"g1": 0.9994776772082091, "g2": 12.261794540754144, "logK": -2.9834538424592454, "loc": 0.039620871411340824, "logScale": -0.555696042690405}