{"g1": 0.9953568819552984, "g2": 11.928071979692362, "logK": -0.7242984688450425, "loc": -0.00488350341820621, "logScale": -3.455054334098232}