{"g1": 0.06329904028828516, "g2": 14.250659056210772, "logK": -1.9682919525656093, "loc": -0.010359192323595369, "logScale": -3.9851773934386707}