{"g1": 0.9837294050577432, "g2": 6.000360205845491, "logK": 0.9996672965297295, "loc": -0.0804307934780029, "logScale": -1.445541628622681}