{"g1": 0.9984013342560042, "g2": 13.569142749122168, "logK": -2.081230240715252, "loc": 0.00030456113575721023, "logScale": -3.990327032503534}