{"g1": 0.953418997082356, "g2": 14.957623710947942, "logK": -1.8992500227607092, "loc": 0.045717496388784765, "logScale": -0.19776230206763623}