{"g1": 0.9848946318782349, "g2": 11.942102617402753, "logK": -2.3895717927372537, "loc": 0.09080500119620932, "logScale": -0.11829436597685972}