{"g1": 0.9989455621367521, "g2": 5.7028010748165, "logK": -1.0561229119223863, "loc": -0.014597115701699956, "logScale": -3.9565598392523302}