{"g1": 0.9960071503159209, "g2": 5.508516965115774, "logK": 0.19124643030384164, "loc": -0.021068283926335155, "logScale": -3.9715236396312203}