{"g1": 0.9998549127388756, "g2": 4.673337829695361, "logK": -3.7749062873500265, "loc": -0.01299358466098848, "logScale": -3.9994271985704843}