{"g1": 0.9614482842622976, "g2": 11.383797911897595, "logK": -2.9354234217516173, "loc": 0.006501184398916879, "logScale": -3.2546922322591127}