{"g1": 0.9797425445220835, "g2": 6.678096806453571, "logK": -0.6973449037323693, "loc": 0.003751573214347482, "logScale": -3.828678031304138}