{"g1": 0.9984639358184014, "g2": 7.917958488763647, "logK": 0.8863582436254417, "loc": -0.013816253277302092, "logScale": -3.9955981080205087}