{"g1": 0.998876376129445, "g2": 4.598309817595434, "logK": -3.582026591812954, "loc": -0.0042420414013409, "logScale": -3.9545555435185253}