{"g1": 0.9989229547921996, "g2": 11.13622142954781, "logK": -2.6286861378300093, "loc": 0.004525553129473937, "logScale": -3.5603816473381302}