{"g1": 0.9876238079079094, "g2": 5.886101811535512, "logK": 0.22564782974526132, "loc": 0.0051834023681869325, "logScale": -3.997399104295047}