{"g1": 0.9782704987695898, "g2": 4.683100829761022, "logK": -1.8526663682797062, "loc": -0.0013440322255093146, "logScale": -3.7349345819143314}