{"g1": 0.9992812666541755, "g2": 13.069180863734239, "logK": -3.8695644971516163, "loc": 0.00924015117087465, "logScale": -3.4757288376309594}