{"g1": 0.9231658034876274, "g2": 6.068417921359991, "logK": 0.9998712753236394, "loc": 0.03565669991259826, "logScale": -2.0897070418858084}