{"g1": 0.9860662974972099, "g2": 4.981606959649583, "logK": -2.9011257612722994, "loc": -0.004346153188906161, "logScale": -3.4013635502065895}