{"g1": 0.9822047397109942, "g2": 14.398065725898872, "logK": 0.8660745401675043, "loc": -0.055165080072545, "logScale": -1.7658504483028707}