{"g1": 0.9999033420932616, "g2": 3.8222695202678043, "logK": -1.4578801009795874, "loc": 0.003815269139326904, "logScale": -3.815334464527298}