{"g1": 0.9495278102422025, "g2": 6.904476721408654, "logK": 0.23387940124914125, "loc": 0.14838151405852962, "logScale": -0.42418044898622637}