{"g1": 0.9946351014946366, "g2": 14.629939451933737, "logK": -1.6319598049742394, "loc": 0.0004108297837627007, "logScale": -3.736415122924821}