{"g1": 0.9972046818039861, "g2": 4.20717128550654, "logK": 0.4524685618385679, "loc": 0.012464166530076287, "logScale": -1.380003214511758}