{"g1": 0.9982748515212185, "g2": 7.234286636312793, "logK": 0.02692937076627655, "loc": 0.03617309413430109, "logScale": -1.1207354011948063}