{"g1": 0.9301753580748857, "g2": 9.95565567879821, "logK": 0.987826924110061, "loc": -0.04310863253894631, "logScale": -1.6855650358837213}