{"g1": 0.9553705559621648, "g2": 8.510273948172166, "logK": -0.7928800394983468, "loc": -0.008681922186716616, "logScale": -3.85870781054556}