{"g1": 0.967138277726716, "g2": 5.9663030787517, "logK": 0.9913224126190616, "loc": -0.03068774699609334, "logScale": -2.067481913910271}