{"g1": 0.9951297321829503, "g2": 9.708670730680268, "logK": -0.2967138349676741, "loc": -0.020309203647411248, "logScale": -3.9967808609099893}