{"g1": 0.9999639599868321, "g2": 13.689403522961559, "logK": -3.0810651158785394, "loc": -0.012672256112596966, "logScale": -3.5828891497879685}