{"g1": 0.9413417646174909, "g2": 14.151163453379027, "logK": 0.7564171451925532, "loc": -0.14312044395777396, "logScale": -1.5000773802734297}