{"g1": 0.9687297516174447, "g2": 14.9797145799774, "logK": 0.9836883264680092, "loc": -0.11552490303840363, "logScale": -1.8688848908995896}