{"g1": 0.8597284259762341, "g2": 11.983955092659647, "logK": 0.43155562751766213, "loc": 0.02398891909146677, "logScale": -0.7881136834194584}