{"g1": 0.9943795823419022, "g2": 6.852116136668579, "logK": -3.5108951344730945, "loc": 0.01806687771869681, "logScale": -3.975966896582583}