{"g1": 0.9657694188370018, "g2": 10.229398167984511, "logK": -2.2909214818349706, "loc": -0.005932678920590647, "logScale": -3.996803709532505}