{"g1": 0.9990959377244721, "g2": 5.269184024252691, "logK": -3.423313363816128, "loc": -0.006339557145817933, "logScale": -3.987758849229979}