{"g1": 0.9636807563314853, "g2": 11.411042801849486, "logK": 0.31095443554761903, "loc": -0.013563633803044213, "logScale": -3.9910889069130264}