{"g1": 0.975992615220191, "g2": 13.315384185106371, "logK": 0.40745625907101113, "loc": -0.01360859864980893, "logScale": -3.752783189096869}