{"g1": 0.9972011561349744, "g2": 8.726762986445566, "logK": 0.48757912604909626, "loc": -0.03018586667311822, "logScale": -0.45095080984269437}