{"g1": 0.6399217288355564, "g2": 7.548328365593075, "logK": -1.6581930424139737, "loc": -0.0009473588055127855, "logScale": -3.9914727996246815}