{"g1": 0.9991124914981278, "g2": 3.1892086658012895, "logK": -0.06410401075594274, "loc": -0.014375008825248024, "logScale": -3.952730752665468}