{"g1": 0.9861275782172696, "g2": 7.729880402078917, "logK": 0.9797415754546581, "loc": 0.019647848058958566, "logScale": -1.5843950585569313}