{"g1": 0.5879251881450539, "g2": 6.544405823861026, "logK": -3.4833450415239553, "loc": -0.00828074589388832, "logScale": -3.9536404812184456}