{"g1": 0.9843778705058359, "g2": 4.700434387182484, "logK": -3.341055204746694, "loc": -0.011255517463086458, "logScale": -3.912800111285197}