{"g1": 0.9928886744837877, "g2": 13.184569841421801, "logK": -2.8070156418176464, "loc": -0.020697286394951518, "logScale": -3.8774716778166898}