{"g1": 0.9976673755798059, "g2": 7.170862626139501, "logK": 0.9368664302385193, "loc": -0.05562537645798177, "logScale": -2.242150645542125}