{"g1": 0.8817580224742214, "g2": 8.040443709410951, "logK": -0.2540870426963564, "loc": -0.014629409004029146, "logScale": -3.9984852439395224}