{"g1": 0.7509568792858039, "g2": 14.98696922274323, "logK": -0.8673037753163582, "loc": -0.012395192767425678, "logScale": -3.8444371631364858}