{"g1": 0.9998150828960918, "g2": 11.686475799178718, "logK": -3.5316785935949024, "loc": -0.004902824276237711, "logScale": -3.994361374122892}