{"g1": 0.9819879761982004, "g2": 14.88657348510746, "logK": -4.099423536256282, "loc": -0.00436287966052841, "logScale": -3.9845422089668823}