{"g1": 0.9255632419415849, "g2": 7.562187413233388, "logK": 0.8530852592741023, "loc": -0.052348368200028604, "logScale": -1.6667992089667147}