{"g1": 0.984206814358082, "g2": 10.658963771634316, "logK": -2.1363319963206138, "loc": -0.01269537987568454, "logScale": -3.9667377588390615}