{"g1": 0.9779015944765052, "g2": 14.134604669123773, "logK": -1.2632000736586573, "loc": 0.007260670224266551, "logScale": -3.77493622638126}