{"g1": 0.9538381339030958, "g2": 6.1211972480858945, "logK": -1.7673018513578869, "loc": -0.01545260751782868, "logScale": -3.8179929306527147}