{"g1": 0.8009815719652029, "g2": 7.31632544528564, "logK": -1.320489067125851, "loc": 0.0005485055758593883, "logScale": -3.9968897810127837}