{"g1": 0.1961651484460935, "g2": 0.018690000169227283, "logK": 0.7174066839144382, "loc": 0.08490009382450864, "logScale": -0.5216215519556027}