{"g1": 0.17048786633562024, "g2": 9.262778749275995, "logK": 0.8690960625151323, "loc": 0.01916102659738821, "logScale": -0.72281225982488}