{"g1": 0.004159237417389897, "g2": 0.34622590817121374, "logK": 0.8470175555269379, "loc": -0.14933959049086598, "logScale": -0.507404346351613}