{"g1": 0.40600147248798885, "g2": 11.729849213299335, "logK": 0.8077572444308496, "loc": 0.029667697427950716, "logScale": -1.0873239115266735}