{"g1": 0.9950896563778963, "g2": 5.97424735992357, "logK": 0.4152632685164966, "loc": -0.013971563185784311, "logScale": -3.340848906749067}