{"g1": 0.924786498776424, "g2": 4.81289336290302, "logK": -4.328430246715333, "loc": 0.03358111299448112, "logScale": -2.6620417224844073}