{"g1": 0.9031599945751645, "g2": 9.712489976897464, "logK": 0.1571051101416516, "loc": -0.042094858787001754, "logScale": -2.5539450191133195}