{"g1": 0.8157809843659084, "g2": 11.498732747086656, "logK": 0.8574179194649889, "loc": -0.06361173160863415, "logScale": -2.926801487311722}