{"g1": 0.9165317733917422, "g2": 4.702047509864517, "logK": 0.44363487851127603, "loc": -0.07448745512554085, "logScale": -2.6420377994413164}