{"g1": 0.9975758676884308, "g2": 10.52010108098474, "logK": 0.20202863233081525, "loc": -0.005419452066806425, "logScale": -3.2984584707766818}