{"g1": 0.9119180432745422, "g2": 5.80206182565014, "logK": 0.49677680907061156, "loc": -0.03855936584128154, "logScale": -3.0655491277574285}