{"g1": 0.959218465475407, "g2": 6.419174354836904, "logK": 0.40243464671726814, "loc": -0.00959971559122531, "logScale": -3.304691646552489}