{"g1": 0.38156490313668134, "g2": 8.00396931949945, "logK": 0.8514202601609149, "loc": 0.10747245466027924, "logScale": -0.13451426171339198}