{"g1": 0.4880004990920288, "g2": 2.5485470842021822, "logK": -1.8155095322638917, "loc": -0.08636909461493791, "logScale": 0.8963728646411262}