{"g1": 0.452442699155711, "g2": 2.122498581489256, "logK": 0.3058177466095603, "loc": -0.12242199247138416, "logScale": -0.021281684852825333}