{"g1": 0.494605326506719, "g2": 3.3656184876924216, "logK": 0.2285266593730538, "loc": 0.03836325356056966, "logScale": 0.40211306538202063}