{"g1": 0.08852110962161544, "g2": 13.13311853429258, "logK": 0.6956617933701938, "loc": 0.01352529158602319, "logScale": -1.1347768442916453}