{"g1": 0.07637731312758403, "g2": 11.95427666592152, "logK": 0.9891991003564524, "loc": -0.14768406313196347, "logScale": -1.8389968823345257}