{"g1": 0.5707105358527136, "g2": 5.1555818079888835, "logK": 0.7249028007152608, "loc": -0.1027864865715011, "logScale": -0.14198370933344595}