{"g1": 0.5521992830664642, "g2": 11.959937083662538, "logK": 0.6092834729394188, "loc": -0.01824878208433292, "logScale": 0.31493785008053826}