{"g1": 0.5718125342546843, "g2": 1.0702263944180124, "logK": -0.43328662699381093, "loc": -0.12290516329712452, "logScale": -1.8567023076205926}