{"g1": 0.062234240415270814, "g2": 13.004731351358371, "logK": 0.660929164484277, "loc": -0.11913065024912177, "logScale": -1.6535130977878625}