{"g1": 0.5426889272524877, "g2": 10.05831400693583, "logK": -0.5847374542556811, "loc": -0.12706860416377885, "logScale": -1.9371303729360454}