{"g1": 0.7099737976475577, "g2": 5.034121716493372, "logK": 0.7607271257213262, "loc": 0.14036227204752777, "logScale": -0.5208851942547649}