{"g1": 0.46757120743052, "g2": 2.4013968425105565, "logK": -3.882146352290223, "loc": -0.02379488240760513, "logScale": 0.9828155095025143}