{"g1": 0.11740891952620708, "g2": 7.270101721464315, "logK": -0.2695883297985384, "loc": -0.06642355592771437, "logScale": -0.16385400870499195}