{"g1": 0.29076837322546734, "g2": 3.0272200720726357, "logK": -3.7569601152117835, "loc": 0.06163502042457293, "logScale": -1.7692539751281253}