{"g1": 0.5044465466298929, "g2": 12.84526439627155, "logK": -0.5711424348007712, "loc": 0.013325558742577667, "logScale": -2.044040756933927}