{"g1": 0.5923195760086382, "g2": 11.509894931944208, "logK": -0.33042035615736687, "loc": 0.030120901747562157, "logScale": -2.001905009720672}