{"g1": 0.35800128790021585, "g2": 9.568579348538188, "logK": -0.8061598047706742, "loc": 0.0031806942938254, "logScale": -1.9318292558351218}