{"g1": 0.10943064305588307, "g2": 5.18112520583201, "logK": -2.3552051476081255, "loc": 0.006831187669652697, "logScale": -1.8983149935335828}