{"g1": 0.5655050390849476, "g2": 1.531799832501214, "logK": -4.077906712816249, "loc": 0.038047141159077966, "logScale": -1.8243601402002056}