{"g1": 0.11384128541470939, "g2": 8.042672253594006, "logK": 0.4198773231532939, "loc": -0.11867233809063688, "logScale": -0.9385861694536066}