{"g1": 0.24684517322153154, "g2": 2.553362053575173, "logK": -0.5160629192072856, "loc": 0.04009942897321918, "logScale": -0.744659195096377}