{"g1": 0.810508212751679, "g2": 1.5886675559527688, "logK": -0.003064499297717821, "loc": -0.10105376879874528, "logScale": -0.15833061078340882}