{"g1": 0.6923890338897076, "g2": 2.732989521135333, "logK": 0.9863494220609427, "loc": -0.002747526867208367, "logScale": -0.48570190462288637}