{"g1": 0.7326762642272785, "g2": 3.2689268662411317, "logK": 0.6139518486544127, "loc": -0.11528681253843734, "logScale": -0.3123334121415854}