{"g1": 0.6863848098348386, "g2": 3.4773873971627443, "logK": 0.6045043210462165, "loc": -0.10492304552159606, "logScale": -0.5714104144407203}