{"g1": 0.5854882452359731, "g2": 5.94172282400781, "logK": -1.966445779101826, "loc": 0.0359195557731689, "logScale": -1.738113069602302}