{"g1": 0.5889662331433896, "g2": 1.567064584717063, "logK": 0.4596487990239042, "loc": -0.05106926774350265, "logScale": -0.2595620708338047}