{"g1": 0.40915813675609836, "g2": 14.0992905461992, "logK": -0.3675686468656938, "loc": -0.06719353654745491, "logScale": -2.0569526231194275}