{"g1": 0.10456384201989519, "g2": 7.694092887985377, "logK": -3.012275715385275, "loc": -0.06953027097692632, "logScale": -1.9455891370814435}