{"g1": 0.16587001594721096, "g2": 11.568857494361032, "logK": -1.9851209231869502, "loc": 0.05051259142124134, "logScale": -1.876998784839403}