{"g1": 0.07442588862629629, "g2": 4.903859332598753, "logK": -3.571557976697351, "loc": 0.05198804785226516, "logScale": -1.8967268097190915}