{"g1": 0.06735322555838641, "g2": 8.455278878294493, "logK": 0.8283323086133038, "loc": -0.0525290907291959, "logScale": -1.4089787768288387}