{"g1": 0.6279023193202763, "g2": 0.4887436268763048, "logK": 0.08792733528342478, "loc": -0.10654425229531637, "logScale": -0.11560959961298911}