{"g1": 0.2089212245692299, "g2": 13.215295416960156, "logK": -0.5497068865181655, "loc": -0.13738159896223961, "logScale": -1.968318128965648}