{"g1": 0.11376713686190049, "g2": 0.41321098156933145, "logK": 0.888188906590015, "loc": 0.055247293001697145, "logScale": -1.4689463995065615}