{"g1": 0.3077312366047408, "g2": 0.9975897835760262, "logK": 0.6191118423896652, "loc": -0.011181939008757816, "logScale": -0.3029066143594351}