{"g1": 0.5546053556579276, "g2": 1.7522912937493538, "logK": -3.1237159392886857, "loc": -0.003783053495824, "logScale": -1.696703232367956}