{"g1": 0.6713128020954299, "g2": 4.249002094611002, "logK": 0.6410397873971928, "loc": -0.14951077310874766, "logScale": -0.22866694524929582}