{"g1": 0.5300606427632043, "g2": 2.0230678019701673, "logK": 0.5890498810812828, "loc": 0.11121868851277364, "logScale": -0.591419152120346}