{"g1": 0.12848046130328228, "g2": 6.440245352838586, "logK": 0.579172509167417, "loc": 0.060510636840302674, "logScale": -0.9902673903005194}