{"g1": 0.48230802865321487, "g2": 8.995336866653023, "logK": 0.7344606089612423, "loc": 0.001361201433729901, "logScale": 0.20445135684892635}