{"g1": 0.6044176626290568, "g2": 3.9920548744877298, "logK": 0.8524707068807335, "loc": -0.010262578923651434, "logScale": -0.1816494238565986}