{"g1": 0.5326231578902735, "g2": 6.810596926875506, "logK": -1.1611190195359922, "loc": -0.04208334101100462, "logScale": -1.6878029428387322}