{"g1": 0.8609931009882849, "g2": 3.8706718425669226, "logK": 0.4514771466099452, "loc": -0.03445915145855662, "logScale": -0.17186594583808046}