{"g1": 0.20221886327480104, "g2": 9.33729838022324, "logK": 0.2869448435651589, "loc": 0.06583407075828086, "logScale": -0.9260622202444591}