{"g1": 0.6838443092697318, "g2": 4.678160116797031, "logK": 0.8653636569101821, "loc": 0.07271627576830349, "logScale": 0.050834287021833846}