{"g1": 0.15972480887255172, "g2": 7.248912311080787, "logK": 0.8793324515002874, "loc": -0.030394789856715072, "logScale": -1.0908841976786219}