{"g1": 0.1225901980487171, "g2": 12.621183534873436, "logK": 0.7638542422176249, "loc": 0.03490574921804943, "logScale": -1.3007168779404699}