{"g1": 0.17065552415894808, "g2": 9.049749437158445, "logK": 0.4515402744308723, "loc": 0.1286445599701156, "logScale": -0.9370527589173472}