{"g1": 0.53182126123515, "g2": 0.0019352117600730523, "logK": 0.6592498453429569, "loc": -0.06398796100458992, "logScale": -1.1439250248408939}