{"g1": 0.6602465250444073, "g2": 3.517436148769707, "logK": 0.8475432343738302, "loc": -0.08172658008285398, "logScale": -0.563812296649397}