{"g1": 0.05204372366036285, "g2": 7.874765202147236, "logK": 0.5203517531455322, "loc": 0.06425327583699889, "logScale": -0.9534748196048989}