{"g1": 0.67037820878676, "g2": 1.5698893273952916, "logK": 0.9045597314175012, "loc": 0.01146646829111514, "logScale": -0.2731851389155395}