{"g1": 0.508504954817639, "g2": 13.742593214470869, "logK": 0.9357173752435675, "loc": -0.1342163579697557, "logScale": 0.021049485321435725}