{"g1": 0.40616347519001883, "g2": 0.7455286264934549, "logK": -1.9043639660534517, "loc": 0.10020561654137643, "logScale": 0.20522789336245856}