{"g1": 0.9497890240918636, "g2": 11.700250005618631, "logK": 0.9828554874148525, "loc": -0.11037251680265539, "logScale": -0.37697086208154673}