{"g1": 0.9087556271074508, "g2": 1.932616452560877, "logK": 0.9760026454877135, "loc": -0.0051302824457011495, "logScale": -0.810361209054194}