{"g1": 0.8422041963723252, "g2": 10.888555784412215, "logK": 0.9469177812051994, "loc": -0.08911243954778611, "logScale": -0.1506178063922492}