{"g1": 0.9125302358779062, "g2": 7.0787339359099315, "logK": -0.11570821137924159, "loc": -0.025636513610347293, "logScale": -1.3586302569879836}