{"g1": 0.9420610906727666, "g2": 6.236369131908571, "logK": -4.976642100111624, "loc": -0.1211803819886955, "logScale": -1.0236950512719718}