{"g1": 0.8180844914827704, "g2": 3.5956246760773407, "logK": -0.6601298724561803, "loc": -0.08311273419808543, "logScale": -0.6636101344980182}