{"g1": 0.9527746333117525, "g2": 13.906284832513812, "logK": 0.13087993283387434, "loc": -0.024956270769368488, "logScale": -1.8437339610448138}