{"g1": 0.9320846388665808, "g2": 4.962692684348548, "logK": 0.24825311477573375, "loc": -0.008057252211711299, "logScale": -1.3011159758794564}