{"g1": 0.968227835008247, "g2": 2.0411513587237557, "logK": 0.4792411157569356, "loc": 0.014877817267846462, "logScale": -3.3544939208628124}