{"g1": 0.907211693906808, "g2": 13.307783597590952, "logK": 0.5033106046646494, "loc": 0.00100117116447224, "logScale": -3.1944673594283515}