{"g1": 0.9737251538941281, "g2": 12.941294333964514, "logK": -3.3932215863380106, "loc": -0.011628293795661208, "logScale": -2.63701008500687}