{"g1": 0.8546085595018087, "g2": 7.227224949529557, "logK": 0.6244369313838892, "loc": 0.007638764788355736, "logScale": -2.8860613449606864}