{"g1": 0.8721596792335921, "g2": 4.3282729198614085, "logK": 0.23298192193151257, "loc": -0.025049091843868426, "logScale": -2.4933060596834484}