{"g1": 0.7458518711252056, "g2": 8.214009925233633, "logK": -1.2288038679959172, "loc": -0.0021090404395283733, "logScale": -3.979430200497045}