{"g1": 0.8180721960184906, "g2": 6.323573840387316, "logK": -0.4169257081202782, "loc": -0.00884589843038052, "logScale": -3.9977340982378737}