{"g1": 0.05299356626783895, "g2": 5.017242902043904, "logK": -3.240938199083657, "loc": -0.12854325956296594, "logScale": -1.355725693728286}