{"g1": 0.0528949108655619, "g2": 2.3257680911093006, "logK": -1.699111203854256, "loc": -0.10200110041674129, "logScale": -1.2947665363744407}