{"g1": 0.04636403454327198, "g2": 0.7632857291576283, "logK": -2.3330285276206086, "loc": -0.10602001067102694, "logScale": -0.642017417034499}