{"g1": 0.09003708580788158, "g2": 4.187031975533682, "logK": -0.1421733185813283, "loc": -0.10807209489900653, "logScale": -1.6774085340112797}