{"g1": 0.07978791423197226, "g2": 4.003329012027501, "logK": -1.0880946858920817, "loc": 0.0022504400953183377, "logScale": -1.41812635167505}