{"g1": 0.03465824121526222, "g2": 13.710508145032165, "logK": -4.978682587263282, "loc": 0.02402311776802776, "logScale": -0.7416650828963424}