{"g1": 0.06366558081994436, "g2": 10.42977960793161, "logK": -4.529282486682835, "loc": -0.10067804826794455, "logScale": -1.3118121302613153}