{"g1": 0.04940187408379626, "g2": 2.605025842593726, "logK": -1.3110458243151268, "loc": -0.060886979160126926, "logScale": -1.3001302103592334}