{"g1": 0.03217063230684719, "g2": 3.617058267025882, "logK": -0.9834316992724912, "loc": 0.0731939795887255, "logScale": -0.8005780846303812}