{"g1": 0.08940608961761708, "g2": 9.350676377325223, "logK": -0.5047495897356193, "loc": -0.14950358443363537, "logScale": -1.3861710381469847}