{"g1": 0.9569606506079962, "g2": 14.106689668625252, "logK": 0.8292886115446058, "loc": -0.14541039615425116, "logScale": 1.423009091110288}