{"g1": 0.9555935820424845, "g2": 13.088092863076843, "logK": 0.9885535368736905, "loc": -0.02843412754290465, "logScale": 1.2078368996419122}