{"g1": 0.8671608975873597, "g2": 13.648969577730641, "logK": -2.1006657534196225, "loc": 0.11428786009233527, "logScale": 2.5325643519456795}