{"g1": 0.9191907977792865, "g2": 13.71844295352033, "logK": 0.4325072596733128, "loc": -0.11242051027063778, "logScale": 1.7096563185054636}