{"g1": 0.7073810463985589, "g2": 12.704374407487867, "logK": 0.5801283975618915, "loc": -0.0617765766193792, "logScale": 1.495986436671161}