{"g1": 0.10574265896234575, "g2": 7.286508455778177, "logK": -1.4768457475469492, "loc": -0.02038479227914719, "logScale": 1.4922323474895365}