{"g1": 0.22119370323229998, "g2": 8.25981426678279, "logK": -3.633050790404149, "loc": -0.10201839137676787, "logScale": 1.5760864200072322}