{"g1": 0.09582872834179365, "g2": 6.009352339421231, "logK": -1.4368390522439252, "loc": -0.010665819381700182, "logScale": -2.2680117294094946}