{"g1": 0.035602835197137264, "g2": 11.247206887470846, "logK": -4.04954253860717, "loc": 0.07499358584833654, "logScale": 1.7942033940468123}