{"g1": 0.047972666384413006, "g2": 3.571049952716848, "logK": -1.1509623922890055, "loc": 0.135177247207617, "logScale": 0.9256451127266995}