{"g1": 0.011275235844441261, "g2": 3.8840597431001602, "logK": -1.8992272095686515, "loc": 0.005772898578714339, "logScale": -2.3526344877450382}