{"g1": 0.04887411000441354, "g2": 6.040523171577989, "logK": -2.8990944584964944, "loc": 0.0730953509170158, "logScale": 1.5839411582092269}