{"g1": 0.09909315094159628, "g2": 2.6327067070574053, "logK": -2.9946793116860353, "loc": -0.055247323627565924, "logScale": 1.0368503140549046}