{"g1": 0.34175350941301524, "g2": 0.13393735825725395, "logK": -2.6804203273289557, "loc": 0.07793103278827886, "logScale": 1.8019302972691562}