{"g1": 0.13708844104302953, "g2": 3.9660250965588797, "logK": -2.506069036621369, "loc": 0.040693316827759535, "logScale": 1.5356458294347635}