{"g1": 0.36760583988515305, "g2": 8.43170726559522, "logK": -0.7058903286674483, "loc": 0.10383821094659157, "logScale": 1.1640556736951844}