{"g1": 0.0364729402540046, "g2": 2.788876692647133, "logK": -4.892413756925639, "loc": -0.14492893879760627, "logScale": 0.9427400521758322}