{"g1": 0.2828760316219274, "g2": 13.543938966975043, "logK": -4.6183927852340805, "loc": -0.0075426041811599565, "logScale": 1.4533180342318044}