{"g1": 0.20179526765143235, "g2": 8.49143732398349, "logK": -2.4891757740440346, "loc": 0.05415895672312014, "logScale": 1.3608632673827064}