{"g1": 0.6815211159637243, "g2": 0.09061737457846492, "logK": 0.3675905756966086, "loc": 0.05207669553825041, "logScale": 0.11765640182938836}