{"g1": 0.13657425834790354, "g2": 3.1242833168504736, "logK": -3.704517287420966, "loc": -0.10789711115981966, "logScale": 1.5793245490726036}