{"g1": 0.13589072595480095, "g2": 12.68036447957132, "logK": -4.450556801215424, "loc": -0.04191234413490431, "logScale": 1.9011205081432196}