{"g1": 0.09068042484883623, "g2": 14.211041124036997, "logK": -2.3437460156365177, "loc": 0.004172066163286995, "logScale": 1.4758047626206634}