{"g1": 0.10052175971615586, "g2": 11.80268524605883, "logK": -3.516420562508176, "loc": -0.013663791106344792, "logScale": 1.358467429913984}