{"g1": 0.09345440710779399, "g2": 5.6401473551423695, "logK": -1.544656058720749, "loc": -0.11461689231494558, "logScale": 1.5752089064077652}