{"g1": 0.07607157930021713, "g2": 9.37742047250725, "logK": -2.95457319309678, "loc": -0.09834587416596835, "logScale": 1.4983077023551372}