{"g1": 0.21630695294444208, "g2": 7.069919314326313, "logK": -1.4029368748102486, "loc": -0.0011294269081946334, "logScale": 1.3272579784397058}