{"g1": 0.08542695473662214, "g2": 3.8448505060209106, "logK": -3.570566469616603, "loc": -0.14339833608439492, "logScale": 1.4479421249983582}