{"g1": 0.14058669830063927, "g2": 5.440674051193653, "logK": -1.075399193134766, "loc": 0.012092261315468002, "logScale": -3.1121008968758774}