{"g1": 0.05178589333546235, "g2": 5.089409689523714, "logK": -0.29617242507098496, "loc": 0.1497530348126413, "logScale": 0.6778611594398349}