{"g1": 0.0939333328427587, "g2": 8.935840750356741, "logK": -1.6348273229149886, "loc": -0.015059602244380306, "logScale": -2.845700641497896}