{"g1": 0.16985410463745568, "g2": 6.788630288274693, "logK": -2.9443531953110673, "loc": 0.013182568833006706, "logScale": -2.9178510833607}