{"g1": 0.14806298803754642, "g2": 14.123746907117681, "logK": -1.2147852726187574, "loc": 0.1499415489736087, "logScale": 0.8999849969994806}