{"g1": 0.10035175414844631, "g2": 1.4221595934742495, "logK": -1.7346951709033143, "loc": -0.03248415711056616, "logScale": 1.5027990046392847}