{"g1": 0.1421429230743006, "g2": 11.467031659045848, "logK": -2.240003875256707, "loc": -0.136316453452339, "logScale": 1.8172904388083853}