{"g1": 0.08427428734772346, "g2": 7.564910838817164, "logK": -3.8476420249446113, "loc": -0.007336987246085962, "logScale": -2.853541623312368}