{"g1": 0.41444046147188246, "g2": 0.5359057055204912, "logK": -2.2084361465246283, "loc": 0.13126684526574053, "logScale": 1.4928558413958026}