{"g1": 0.590787656819202, "g2": 11.0745220744184, "logK": 0.391842186308451, "loc": -0.004402782019885856, "logScale": -3.126434850008441}