{"g1": 0.045146478842625876, "g2": 6.1915319732372955, "logK": -0.032891431026883966, "loc": -0.04203131614158428, "logScale": -2.662121967749768}