{"g1": 0.07573038454110126, "g2": 5.675206833932194, "logK": -1.5195511603486018, "loc": 0.022212839289302427, "logScale": 1.6271202814537045}