{"g1": 0.17247833149581177, "g2": 9.731937456563147, "logK": -1.133762066310095, "loc": 0.02476872083735187, "logScale": -2.3480658124137235}