{"g1": 0.06903256969628246, "g2": 2.369360314857178, "logK": -2.577880062504308, "loc": 0.08477110799254323, "logScale": 1.8148039854482463}