{"g1": 0.14805015579157985, "g2": 7.513355466326555, "logK": -2.678455987909221, "loc": -0.026258628460549258, "logScale": 1.8740264448190231}