{"g1": 0.20473957239392795, "g2": 6.371347244697603, "logK": -1.1613866565794397, "loc": -0.02442450331140686, "logScale": 1.2737217686047466}