{"g1": 0.01110149173583809, "g2": 3.4421156672890665, "logK": -1.9348241210840764, "loc": -0.019558356396637614, "logScale": -2.0258777423333783}