{"g1": 0.13986880256578998, "g2": 10.052847646911298, "logK": -3.6659809313588663, "loc": -0.03860862759869116, "logScale": 1.4093500313458323}