{"g1": 0.03881499970119203, "g2": 10.371961017338297, "logK": -0.26356864670133145, "loc": -0.0019156481205448482, "logScale": 0.5886103302650966}