{"g1": 0.14089543494009343, "g2": 9.802952910648655, "logK": -1.7802938616029107, "loc": 0.012348376239355696, "logScale": 1.2871314142284027}