{"g1": 0.11197972772539555, "g2": 11.259450702098253, "logK": -1.1038673442341973, "loc": 0.12689722903324502, "logScale": 0.8817737182982336}