{"g1": 0.09219366791876205, "g2": 1.8270633231853535, "logK": -0.03925058516474822, "loc": -0.016803628408598746, "logScale": -3.3949409211807025}