{"g1": 0.03322712948929418, "g2": 9.764832866400543, "logK": -2.2052579882269825, "loc": 0.06682767377616072, "logScale": 0.7766739262717645}