{"g1": 0.05968415229112721, "g2": 13.331442136935735, "logK": -2.4076910673889076, "loc": -0.14957903040968423, "logScale": 0.9547968702035666}