{"g1": 0.5924708919947284, "g2": 10.965305116091105, "logK": 0.9870074282078203, "loc": -0.06527781568455385, "logScale": 0.5089981058460006}