{"g1": 0.07934292636429016, "g2": 4.268910904466768, "logK": -0.7919060568621434, "loc": 0.04925508739265553, "logScale": 1.5703871969863559}