{"g1": 0.06421146098095597, "g2": 11.00632161113603, "logK": -1.5705381260355213, "loc": -0.1377776087644888, "logScale": 1.742095430402052}