{"g1": 0.11250905270490726, "g2": 7.610990893389073, "logK": -0.6047350649980416, "loc": -0.027087445235110273, "logScale": -2.4436171177489654}