{"g1": 0.337585198692823, "g2": 12.594875165322772, "logK": -4.37572963120421, "loc": -0.0975087490202875, "logScale": 1.4510093584941517}