{"g1": 0.09517684697259882, "g2": 12.194071195433782, "logK": -3.9522948055263973, "loc": 0.03291467141302728, "logScale": -1.8646617089184134}