{"g1": 0.26785560310162804, "g2": 1.2020255517661387, "logK": -2.7807802732123266, "loc": -0.10443349042951508, "logScale": 1.5251961411925723}