{"g1": 0.06408250827896012, "g2": 5.4366890241899135, "logK": -3.6492168337940942, "loc": 0.0036395118247242145, "logScale": 1.5557927129031135}