{"g1": 0.0648922047635227, "g2": 12.46001555220948, "logK": -2.192982020860842, "loc": -0.009785743481903688, "logScale": -2.8625603940469873}