{"g1": 0.05369439712113861, "g2": 1.870920290714749, "logK": -0.31211529960478923, "loc": 0.029004335715182523, "logScale": 1.0240117816206944}