{"g1": 0.0947059366505656, "g2": 3.3499163754679824, "logK": -3.2616585778343574, "loc": 0.03903732340267735, "logScale": -2.538659488554828}