{"g1": 0.1480637819765111, "g2": 5.932686141505964, "logK": -1.8587186483900964, "loc": -0.017804286094860785, "logScale": -2.8936606626226413}