{"g1": 0.10237248850132682, "g2": 1.251926977479025, "logK": -1.0211826511854605, "loc": -0.06109437277116167, "logScale": -2.229393356932806}