{"g1": 0.16428078596713286, "g2": 3.456510403772319, "logK": -1.800146756989662, "loc": -0.04096416215843666, "logScale": 1.6547574037677188}