{"g1": 0.0914955331292335, "g2": 13.929164083542839, "logK": -3.7744834283884305, "loc": 0.0013342882917491404, "logScale": -2.965755361901898}