{"g1": 0.13128930913252046, "g2": 4.19421903104198, "logK": -4.1445057896541595, "loc": -0.048130977683664984, "logScale": 1.3186431291920062}