{"g1": 0.1901723306421129, "g2": 8.73526687705694, "logK": -1.7932144933173315, "loc": -0.025861346832975585, "logScale": 1.5028883612732507}