{"g1": 0.08255538046585628, "g2": 4.3159958539164185, "logK": -2.7867702841667343, "loc": 0.1050148929831575, "logScale": 1.109013061068263}