{"g1": 0.21878571178468553, "g2": 12.558912082497104, "logK": -0.24661390513650439, "loc": 0.05453244164505926, "logScale": 0.892839568922112}