{"g1": 0.2517148970197149, "g2": 4.987079301403387, "logK": -3.305921583898705, "loc": 0.08577565530906671, "logScale": 1.3952296891316744}