{"g1": 0.2898566354340877, "g2": 7.436689292539405, "logK": -1.6409422219338359, "loc": 0.03430284384478219, "logScale": 1.764624339537697}