{"g1": 0.20819251830802366, "g2": 5.581114281038483, "logK": -4.462586208580175, "loc": -0.09115939262629388, "logScale": 1.0137884185411081}