{"g1": 0.049052781085769215, "g2": 12.194483606842281, "logK": -4.226116607739283, "loc": 0.09584580355782055, "logScale": 1.349117034491205}