{"g1": 0.24334276242771735, "g2": 10.749848466480252, "logK": -3.4724265825214475, "loc": -0.0732414075941161, "logScale": 1.849146089196772}