{"g1": 0.1161189765032062, "g2": 6.512967307407774, "logK": -1.4628259347258494, "loc": -0.020907361211833436, "logScale": 1.2993632624656883}