{"g1": 0.15975002268411567, "g2": 1.1116275225741479, "logK": -4.288848923170097, "loc": -0.12838655797844803, "logScale": 1.5516943886525587}