{"g1": 0.11549038225204655, "g2": 14.412778007619718, "logK": -0.9084208833640686, "loc": -0.037459837554630296, "logScale": 1.2523942334928375}