{"g1": 0.09259892234617315, "g2": 2.852275856474201, "logK": -2.7989460807151376, "loc": -0.05232922860719566, "logScale": 1.3164640972761836}