{"g1": 0.09411870192137436, "g2": 12.026939879372135, "logK": -0.7945736692562403, "loc": -0.01985204533148238, "logScale": 1.731216574837081}