{"g1": 0.1369192900788103, "g2": 5.340550178107853, "logK": -3.563407130299964, "loc": -0.08542796906254765, "logScale": 1.5957627903374079}