{"g1": 0.19155970439364775, "g2": 0.8289758993672932, "logK": -0.8666302705774367, "loc": 0.023932418005850505, "logScale": 1.717237748482814}