{"g1": 0.13130240459730336, "g2": 1.370425713530512, "logK": -0.3837509511634718, "loc": -0.10084379439685912, "logScale": 1.1778434347761952}