{"g1": 0.2037941502746971, "g2": 14.812503273256816, "logK": -0.6891928374441245, "loc": -0.05533351229001502, "logScale": -2.344799469153624}