{"g1": 0.03133013939062672, "g2": 6.0205208133834125, "logK": -3.221233940177857, "loc": -0.12868206021852793, "logScale": 1.2751063131730467}