{"g1": 0.010573451105721554, "g2": 6.685619969555659, "logK": -1.7262551555776366, "loc": -0.044686987402010214, "logScale": 0.9511401092394816}