{"g1": 0.10507915375868407, "g2": 4.006005678283864, "logK": -1.8998068473186607, "loc": -0.07225379194605386, "logScale": 0.9975116586603469}