{"g1": 0.8821354083295025, "g2": 13.009279704044676, "logK": -2.267251881088425, "loc": -0.004827222843002351, "logScale": -3.9981740336730387}