{"g1": 0.8488487447259881, "g2": 5.545919628677645, "logK": 0.19108898332808444, "loc": -0.013301426572645748, "logScale": -3.384100717964074}