{"g1": 0.7283545369710539, "g2": 10.454127486380484, "logK": 0.8027571004438933, "loc": -0.024308051675175198, "logScale": -3.974667386687772}