{"g1": 0.5652389769739514, "g2": 11.975954052563633, "logK": -2.4189209610563953, "loc": -0.01295982386111661, "logScale": -3.9846144842274223}