{"g1": 0.4918285409081796, "g2": 0.7975937977642316, "logK": -1.1595355376055583, "loc": 0.001822666151233155, "logScale": -3.8595792619322764}