{"g1": 0.6682152334213123, "g2": 12.473737046287, "logK": -1.9312335246227947, "loc": -0.010678581731502202, "logScale": -3.9999232549530714}