{"g1": 0.6392917389702938, "g2": 8.001851899618645, "logK": -0.6524878563716441, "loc": -0.0014801702835739814, "logScale": -3.803937863183127}