{"g1": 0.6089802608039286, "g2": 2.4092698707857316, "logK": 0.6385000370832132, "loc": -0.014090952032038206, "logScale": -3.7151874436988717}