{"g1": 0.6552612882617216, "g2": 10.417502754673826, "logK": 0.9861564193513699, "loc": -0.008690295414005095, "logScale": -3.9569216668992775}