{"g1": 0.9719000835172403, "g2": 6.589941372657697, "logK": -1.8433614491496717, "loc": -0.007347978495133488, "logScale": -3.9099421202307925}