{"g1": 0.7134540033286989, "g2": 8.618792036564109, "logK": -0.3238597900390291, "loc": -0.0049121250072277495, "logScale": -3.6632181413403297}