{"g1": 0.6688215482185991, "g2": 13.22215566358891, "logK": -2.683656147494666, "loc": -0.0007246172643055765, "logScale": -3.8317445603345557}