{"g1": 0.7670592924106467, "g2": 14.334307145276897, "logK": 0.5129163098794045, "loc": -0.02338176245207662, "logScale": -3.9350402771618653}