{"g1": 0.5778493112820113, "g2": 2.9469727323005355, "logK": -4.143054780289077, "loc": 0.011696967529594586, "logScale": -3.4138042860351527}