{"g1": 0.5066444086438627, "g2": 5.798011642277675, "logK": -3.6876332921905792, "loc": -0.005345401769643918, "logScale": -3.936335352167823}