{"g1": 0.7267819663755053, "g2": 11.046736607075745, "logK": -4.530079743593216, "loc": 0.0009572065998126279, "logScale": -3.980101431226347}