{"g1": 0.23286186868022352, "g2": 12.557439963668521, "logK": -2.979055235651397, "loc": -0.006740764698559827, "logScale": -3.9713107145276325}