{"g1": 0.748866264762925, "g2": 13.868400606193955, "logK": -0.1916787073499966, "loc": -0.01768296131219676, "logScale": -3.7682458898153866}