{"g1": 0.19509296237302745, "g2": 3.4734492407788053, "logK": -3.940135281314809, "loc": -0.0018850006582548217, "logScale": -3.7532063934981976}