{"g1": 0.43806564699533646, "g2": 11.623844011428469, "logK": -2.1319028491280516, "loc": -0.004962118581805177, "logScale": -3.6684133954175158}