{"g1": 0.6035487321690504, "g2": 7.932080299948595, "logK": -0.00799385384491541, "loc": -0.012396377475820022, "logScale": -3.981176726052613}