{"g1": 0.4976067506611366, "g2": 4.563963998284559, "logK": -3.9909542555845308, "loc": 0.003338445944898812, "logScale": -3.9929662705778153}