{"g1": 0.9550707229737224, "g2": 12.040705213203417, "logK": -1.0753383929460396, "loc": -0.004588048368934715, "logScale": -3.971818921885892}