{"g1": 0.9958937060583883, "g2": 8.07529086416083, "logK": -3.9027781516161135, "loc": -0.0009655433132372358, "logScale": -3.9807524215571446}