{"g1": 0.8476573196756508, "g2": 12.352530068804747, "logK": -2.5616282464220834, "loc": 0.00013474711402633455, "logScale": -3.870675668469813}