{"g1": 0.5821160562849319, "g2": 1.7634603440433902, "logK": -3.9146370328437596, "loc": -0.00047252548165665565, "logScale": -3.9964088610734163}