{"g1": 0.9844971161866105, "g2": 11.813889342877355, "logK": -3.2761060702546305, "loc": 0.0014058910156889235, "logScale": -3.961794679370484}