{"g1": 0.6792849571718396, "g2": 8.802781486789652, "logK": -1.4845249652311383, "loc": -0.012166947328886313, "logScale": -3.860428910456106}