{"g1": 0.9926675649020038, "g2": 10.279659868554608, "logK": -4.333337948883813, "loc": 0.001366459036385429, "logScale": -3.9968186760834077}