{"g1": 0.5293089682595987, "g2": 12.348223347779529, "logK": -1.7829835050039644, "loc": 0.003303272889394639, "logScale": -3.9988953977767805}