{"g1": 0.4040430149026308, "g2": 12.984970463995488, "logK": -4.413275770100812, "loc": -0.005418476505212895, "logScale": -3.9600809243354}