{"g1": 0.838291924554377, "g2": 14.534492791207786, "logK": 0.9855008956480552, "loc": 0.043197791897124464, "logScale": 3.962991670456497}