{"g1": 0.2976395207603924, "g2": 6.345583441068259, "logK": 0.9980374264131775, "loc": 0.05925288353487852, "logScale": 2.6944467544666884}