{"g1": 0.7454115848166114, "g2": 0.15118947458520215, "logK": -0.21346981740537108, "loc": 0.07989958633141912, "logScale": 1.3864838483558977}