{"g1": 0.11363933756129094, "g2": 0.03862926327521009, "logK": 0.1198006443955385, "loc": -0.12381287105055716, "logScale": 1.1487360825398427}