{"g1": 0.5786150903737473, "g2": 0.42969157431952676, "logK": 0.7325110985870824, "loc": 0.0371430529550923, "logScale": 3.993518619556049}