{"g1": 0.9807267803286057, "g2": 2.219088686074328, "logK": 0.799319233081614, "loc": 0.10737278372311457, "logScale": 0.7573382769729691}