{"g1": 0.215172694560689, "g2": 0.021663154568821383, "logK": 0.536185859511775, "loc": 0.13880762202690491, "logScale": 0.16793971508503702}