{"g1": 0.12230476130537105, "g2": 0.0051653763316372725, "logK": -2.488459132823307, "loc": -0.04844443586525013, "logScale": -0.6367980293579105}