{"g1": 0.45765628824090987, "g2": 14.794095710456837, "logK": 0.5842749137330738, "loc": -0.13482250450668923, "logScale": 3.996936007471767}