{"g1": 0.1318242056938827, "g2": 9.93780821290647, "logK": 0.7524654580847301, "loc": -0.08597583557982469, "logScale": 3.98124329994782}