{"g1": 0.8079884861308977, "g2": 13.940643636603394, "logK": 0.9901490131492909, "loc": 0.07968913589649682, "logScale": 3.5576035282570375}