{"g1": 0.9863039841564056, "g2": 4.46379885694188, "logK": -3.110905521368847, "loc": -0.0037813048533227693, "logScale": -3.7581815984373774}