{"g1": 0.9990165852616973, "g2": 7.148325623534303, "logK": 0.9937933294466768, "loc": -0.12261385664644557, "logScale": -1.2967253990022058}