{"g1": 0.9613002603721271, "g2": 8.649268752313034, "logK": 0.9810852761408688, "loc": -0.1339967159884594, "logScale": -1.1620138923994876}