{"g1": 0.8466805500275504, "g2": 8.57757720279127, "logK": 0.24086804396431022, "loc": -0.020675372740974803, "logScale": -3.7514490013872646}