{"g1": 0.9254164290278162, "g2": 2.7266995268937495, "logK": -0.7452835602815919, "loc": -0.006434738097457683, "logScale": -3.645435434462616}