{"g1": 0.9629033024214142, "g2": 12.52476937064653, "logK": -0.25544431287634073, "loc": -0.004904528794605879, "logScale": -3.7347212108139716}