{"g1": 0.9855182549079825, "g2": 8.801366342099287, "logK": -0.0201618290323482, "loc": -0.023025171909072117, "logScale": -2.5939880521332204}