{"g1": 0.0289392641394096, "g2": 8.316006540399842, "logK": 0.6185605356962562, "loc": 0.032635058365541855, "logScale": -0.5962397958828712}