{"g1": 0.43726960157209854, "g2": 0.047530740440029584, "logK": 0.2723115392745523, "loc": 0.06908778277554481, "logScale": -0.3130580642253598}