{"g1": 0.003403081768741604, "g2": 10.135784951266386, "logK": -1.0512621370258897, "loc": -0.024775654708120196, "logScale": 0.229646019986459}