{"g1": 0.0409225706548266, "g2": 2.5026497930835765, "logK": 0.8677423277896585, "loc": -0.09421507405851354, "logScale": -1.062349892842444}