{"g1": 0.002712209079489075, "g2": 4.175269598110661, "logK": -4.501184807607582, "loc": 0.11719016797703015, "logScale": 0.9036879045834407}