{"g1": 0.005011414468619347, "g2": 13.832175017878145, "logK": -2.5038321014401523, "loc": -0.05531358520095254, "logScale": 0.2524683973017074}