{"g1": 0.10607051913411279, "g2": 0.02066386755267491, "logK": 0.975927739213888, "loc": 0.08649416534635779, "logScale": -1.051269990961165}