{"g1": 0.9994660193927852, "g2": 0.04280692868046643, "logK": 0.2147719298165205, "loc": 0.03813151141806132, "logScale": -0.5871124286882764}