{"g1": 0.0020830647434037126, "g2": 7.292420698510885, "logK": 0.40443836176985776, "loc": 0.0973471271398424, "logScale": -0.16186004941155574}