{"g1": 0.15226142153349817, "g2": 1.2364239604810572, "logK": 0.5949957232383726, "loc": 0.08905082017375701, "logScale": -0.8024341829050119}