{"g1": 0.181321246829627, "g2": 0.27648059637483663, "logK": -3.544263654491525, "loc": 0.10758049256017448, "logScale": 0.8497977409176657}