{"g1": 0.0049948888000138775, "g2": 4.144835079033786, "logK": -4.709782793435398, "loc": 0.05858965610492198, "logScale": 1.4199618271722647}