{"g1": 0.11410810820977613, "g2": 13.099583273427807, "logK": 0.63061423082079, "loc": -0.07020941320342126, "logScale": -0.6172399289433175}