{"g1": 0.09276175923160794, "g2": 6.148952398472689, "logK": 0.07715960474593168, "loc": 0.02884130859873109, "logScale": 0.2563388078664856}