{"g1": 0.045093101222262344, "g2": 10.967001347262107, "logK": 0.9880580080530885, "loc": -0.14369253083870992, "logScale": -0.6482845141330216}