{"g1": 0.07590880830584291, "g2": 10.678305981964375, "logK": 0.6738236220926396, "loc": 0.1326894727746768, "logScale": -0.9250167817076722}