{"g1": 0.022193795394444753, "g2": 9.73645851465455, "logK": 0.6002579642259083, "loc": -0.1413152937919435, "logScale": -0.39696226468963897}