{"g1": 0.03350405310947166, "g2": 9.880594014009239, "logK": 0.07440653074991399, "loc": 0.05247655286102318, "logScale": -0.348246709068795}