{"g1": 0.009467085101602908, "g2": 12.061078144254617, "logK": -0.024722793842734816, "loc": 0.028377666068067187, "logScale": 0.019040061993135387}