{"g1": 0.15703964592511602, "g2": 1.1317218954275772, "logK": 0.5860262056840719, "loc": 0.04510258967164189, "logScale": -0.009032665586499455}