{"g1": 0.39484052026506633, "g2": 0.011434263818289811, "logK": -0.24522765562130272, "loc": 0.08313501073883281, "logScale": -0.242137450083011}