{"g1": 0.0061754710106343685, "g2": 14.382786639931304, "logK": 0.9898750403491801, "loc": 0.0845480371278591, "logScale": -0.6243127259655424}