{"g1": 0.004624309160276396, "g2": 9.978540226951727, "logK": -1.0387596185720835, "loc": 0.08440599462647823, "logScale": 0.7593562416831398}