{"g1": 0.0428398518392199, "g2": 11.569038795086545, "logK": 0.5383473533597833, "loc": -0.14338234631211327, "logScale": 0.36754001011555126}