{"g1": 0.2120720437240744, "g2": 0.23862759144003665, "logK": -3.134769313098395, "loc": 0.10239282918226754, "logScale": 1.0181326605405923}