{"g1": 0.0025444219809378915, "g2": 8.395791389343039, "logK": -0.25639733533885656, "loc": 0.009249490049913356, "logScale": 0.14617896235849778}