{"g1": 0.04023076891661928, "g2": 9.928956077649774, "logK": 0.9937385699090008, "loc": -0.14013075862111762, "logScale": -0.8423239819306116}