{"g1": 0.01879521815736867, "g2": 8.374108624177259, "logK": -2.686803272598204, "loc": 0.03888433227724663, "logScale": 0.7005000147528311}