{"g1": 0.019977821341898412, "g2": 10.969406289981917, "logK": 0.6866175342847114, "loc": -0.14444745290953837, "logScale": -1.0666351439693758}