{"g1": 0.09461053685649534, "g2": 1.007352966952856, "logK": -0.010428287912705558, "loc": 0.03439889366807036, "logScale": -0.09896505246294351}