{"g1": 0.034424566960869894, "g2": 13.678571720741608, "logK": -0.1704772394971299, "loc": -0.11999646595386622, "logScale": -0.1780761750489665}