{"g1": 0.018934074013625096, "g2": 9.639668284125829, "logK": 0.80421481108387, "loc": 0.09828161832946766, "logScale": -0.7112881526934899}