{"g1": 0.11675022098007957, "g2": 6.3612758055371, "logK": 0.8657321067385308, "loc": 0.0008851439141178696, "logScale": -0.8584319099090691}