{"g1": 0.09229634056828019, "g2": 0.03401999395740751, "logK": -0.3837260220730758, "loc": -0.0054017625320789756, "logScale": 0.11988010692355056}