{"g1": 0.5423646734602794, "g2": 0.1522633612973567, "logK": 0.4210667270028308, "loc": 0.13084523786822733, "logScale": -0.40156703861178766}