{"g1": 0.2583939463434729, "g2": 0.05421773972674071, "logK": -3.5555742847689253, "loc": -0.10930745372797966, "logScale": 0.5639208287194518}