{"g1": 0.02198483838968962, "g2": 5.237724870031443, "logK": -3.964455399608334, "loc": 0.07207602526166065, "logScale": 0.44338285244013165}