{"g1": 0.006261075016275101, "g2": 7.192143134410124, "logK": -2.8290021185403624, "loc": -0.09759832756286424, "logScale": 0.7732271744681958}