{"g1": 0.030820035863258766, "g2": 14.743282749655648, "logK": 0.8306743413089365, "loc": -0.07307192419448964, "logScale": -0.08309305220536939}