{"g1": 0.03969075496977463, "g2": 6.998154199985605, "logK": 0.9113060178284561, "loc": 0.022575347384757277, "logScale": -0.7023241482755278}