{"g1": 0.05861508821560566, "g2": 10.591609708002743, "logK": 0.6039478209381088, "loc": 0.14067799600604028, "logScale": -0.7146868514824907}