{"g1": 0.002308696242420121, "g2": 3.8853359908805984, "logK": -3.7622717910577563, "loc": 0.03787746595895641, "logScale": 0.4821127808885773}