{"g1": 0.05383547360475063, "g2": 14.833110089090882, "logK": 0.042292876829432904, "loc": 0.02169441328886093, "logScale": -0.3621235037816949}