{"g1": 0.005818585983192279, "g2": 8.572414241654196, "logK": 0.5895833217856903, "loc": -0.07469112265349406, "logScale": -0.460618713932836}