{"g1": 0.11253410001135757, "g2": 5.602414536311182, "logK": 0.18026970716504298, "loc": -0.04015768466571059, "logScale": 0.34082644129600126}