{"g1": 0.6033009792148794, "g2": 0.04687232418622918, "logK": -3.3116428728633878, "loc": 0.02345674869239954, "logScale": 0.7629388714093517}