{"g1": 0.09010757049801858, "g2": 9.476387464654792, "logK": 0.46490579033144486, "loc": -0.1058783437663193, "logScale": -0.10848625631119707}