{"g1": 0.026359160294946792, "g2": 9.772154292481856, "logK": -0.020503847755854565, "loc": 0.08003249711213845, "logScale": 0.42274215921489783}