{"g1": 0.06937592075544034, "g2": 11.18291890183394, "logK": 0.1704095861119963, "loc": 0.00458724784790817, "logScale": 0.11483723161583154}