{"g1": 0.32917767284915567, "g2": 0.02904041679106697, "logK": -2.0587479572640923, "loc": 0.004009651730271985, "logScale": 0.6038723447591969}