{"g1": 0.4359225272317823, "g2": 0.39473187129802184, "logK": 0.14569871438316775, "loc": -0.031186464058629237, "logScale": 0.31136252745657045}