{"g1": 0.45723415564929903, "g2": 0.17251317609481331, "logK": -0.08252578685429635, "loc": 0.09729403593258455, "logScale": 0.22822473966358175}