{"g1": 0.2917050467912275, "g2": 0.025954280592781265, "logK": 0.7967102426734645, "loc": -0.07811163714955632, "logScale": -0.4606843573169462}