{"g1": 0.003162703967970762, "g2": 7.537111781947105, "logK": -2.0551342967523003, "loc": 0.09786363481248295, "logScale": 0.7720892038302258}