{"g1": 0.0299348868745256, "g2": 11.554191742976236, "logK": 0.475283603083256, "loc": -0.06799001568858132, "logScale": -0.9100661683827691}