{"g1": 0.04513907129129541, "g2": 3.124448161427927, "logK": -2.400722073636082, "loc": 0.019194872365855875, "logScale": 0.48556635944892546}