{"g1": 0.01671583232460471, "g2": 11.539804477236766, "logK": 0.5981949322789353, "loc": 0.05215850020858911, "logScale": -0.4498031090236654}