{"g1": 0.00289905359273095, "g2": 3.914443353818071, "logK": 0.019560392832602358, "loc": -0.08227445432431982, "logScale": 0.12758960913269335}