{"g1": 0.03616774061433185, "g2": 0.9597151617785583, "logK": 0.06849820611459523, "loc": -0.07656159569820076, "logScale": 0.4498727176184013}