{"g1": 0.03436606707503358, "g2": 9.741969440734108, "logK": -0.8053486197287231, "loc": 0.01623638565894865, "logScale": 0.7048931728304891}