{"g1": 0.04015735504268565, "g2": 0.029906249963860994, "logK": 0.6880250308361564, "loc": 0.14843674705819682, "logScale": -0.8312123282298574}