{"g1": 0.5581911948112234, "g2": 0.040278857309064484, "logK": 0.5124605300515915, "loc": -0.037795600010872954, "logScale": -1.0480446060672919}