{"g1": 0.1886942992186501, "g2": 0.33497105525623994, "logK": -2.1170787069803603, "loc": 0.09888061310201285, "logScale": 0.4293194405240085}