{"g1": 0.049446183434849134, "g2": 1.9577660230072873, "logK": 0.32959105600014316, "loc": -0.007970680416619212, "logScale": -3.404849614072557}