{"g1": 0.03900051162385143, "g2": 0.7689925724319933, "logK": -4.639230077425925, "loc": -0.04531121306676564, "logScale": -2.0170510212777732}