{"g1": 0.0018715426080474981, "g2": 11.28458833863724, "logK": 0.15073663360474665, "loc": 0.11005013778853204, "logScale": -0.7583992477924382}