{"g1": 0.09810585231262267, "g2": 0.012339361656023451, "logK": 0.5481897977017162, "loc": -0.11071670682312673, "logScale": -1.7199999887236546}