{"g1": 0.1641729507402072, "g2": 11.354742534492638, "logK": 0.9943110888858375, "loc": -0.14165632080908822, "logScale": -1.9382623259201952}