{"g1": 0.13290286683361885, "g2": 8.366886905873947, "logK": -0.18821389414642908, "loc": 0.03667680385754777, "logScale": -0.7387264904228276}