{"g1": 0.04274412915270215, "g2": 7.159036628315364, "logK": 0.6205890901697645, "loc": 0.026821674459963432, "logScale": -2.3739364507701213}