{"g1": 0.02028699540900876, "g2": 4.619387327136513, "logK": 0.8415750642585664, "loc": -0.06673628242781614, "logScale": -2.3009848909833885}