{"g1": 0.12322476645285493, "g2": 3.02331837361619, "logK": 0.4251342630923318, "loc": -0.10688480273534168, "logScale": -2.28517800935153}