{"g1": 0.04000339517623999, "g2": 4.957796925587497, "logK": 0.47623741363383526, "loc": 0.009139949132933539, "logScale": -1.7159658133331284}