{"g1": 0.9970613113794423, "g2": 14.865283106584359, "logK": -3.8060366067133407, "loc": 0.007346216351267799, "logScale": -3.999162787729319}