{"g1": 0.9920737746897128, "g2": 0.006832257297303662, "logK": -0.09889152259672578, "loc": -0.013809975234142749, "logScale": -1.6275901793930394}