{"g1": 0.02247962070408781, "g2": 6.743746905865905, "logK": -2.9459685610005133, "loc": -0.05368572623057823, "logScale": -1.5585514739378175}