{"g1": 0.026271997507330752, "g2": 2.7452978982159912, "logK": -1.224278048669346, "loc": 0.012199292907148288, "logScale": -1.647707537670883}