{"g1": 0.09849915991698821, "g2": 4.589862538528116, "logK": 0.8722227694713253, "loc": -0.05704575951228675, "logScale": -2.5845421585882695}