{"g1": 0.11848435261197902, "g2": 2.275964447254842, "logK": 0.8680325695022648, "loc": -0.08628661507537502, "logScale": -2.611416079500274}