{"g1": 0.09133918276561592, "g2": 11.797249890440566, "logK": 0.7705439004189161, "loc": -0.007989300991921772, "logScale": -3.040672551603627}