{"g1": 0.05750243125809218, "g2": 5.983161433931825, "logK": 0.7683602933669889, "loc": -0.0675287551087525, "logScale": -2.421385719105892}