{"g1": 0.09798092995179009, "g2": 12.425581666345163, "logK": -3.420967479694065, "loc": 0.07439753466827573, "logScale": 3.0049443681335983}