{"g1": 0.07941220050617458, "g2": 6.1977070483618855, "logK": -2.95248492307541, "loc": 0.0840469771964101, "logScale": -1.4639886387583598}