{"g1": 0.06926903296357462, "g2": 11.604221320792107, "logK": 0.836221151652679, "loc": -0.038351276459769254, "logScale": -1.6459604298648816}