{"g1": 0.05897921229152772, "g2": 13.104421402764881, "logK": 0.6770272661461729, "loc": -0.09976438067659477, "logScale": -2.6489917741243394}