{"g1": 0.038857610830950656, "g2": 12.223950940807965, "logK": 0.2768800734233833, "loc": -0.014718176126610479, "logScale": -1.7954897903858182}