{"g1": 0.004283255749301551, "g2": 7.286681751006798, "logK": 0.3545495786634705, "loc": -0.03459453832267438, "logScale": -0.5858487410551046}