{"g1": 0.05685453224088051, "g2": 5.361359124899323, "logK": -2.8229318765989864, "loc": 0.04314923964211444, "logScale": -1.794721155728015}