{"g1": 0.009141625507543074, "g2": 6.706906955673846, "logK": 0.9644612195223863, "loc": 0.013324907191347735, "logScale": -2.305303120626079}