{"g1": 0.09892971680635607, "g2": 8.497487687972706, "logK": 0.9784849732238106, "loc": 0.008409314321217247, "logScale": -2.552521980273331}