{"g1": 0.009590934598009443, "g2": 2.7095136484168876, "logK": -4.786917930901931, "loc": -0.1280012211134645, "logScale": -1.4893893062568382}