{"g1": 0.0998744743100523, "g2": 4.60730095088145, "logK": 0.9236636902301304, "loc": -0.009010349105310012, "logScale": -3.8474464665640573}