{"g1": 0.24551706480047997, "g2": 10.126123506801559, "logK": 0.8439323506508348, "loc": -0.011123512349183986, "logScale": -3.888354347931283}