{"g1": 0.2736351022600894, "g2": 0.0020626644386811943, "logK": -3.19417678901743, "loc": 0.018106019519922294, "logScale": -1.710200301086589}