{"g1": 0.021502522948901207, "g2": 7.941646934657552, "logK": 0.9754417413194814, "loc": -0.12853564535852577, "logScale": -1.9578937814657453}