{"g1": 0.9480213623494971, "g2": 14.000526893808601, "logK": 0.0044440142820266065, "loc": -0.012138568120277507, "logScale": -3.998629401133666}