{"g1": 0.15107136144182948, "g2": 8.744693561779485, "logK": 0.8435156385657381, "loc": -0.040933319662408485, "logScale": -2.3171226235239697}