{"g1": 0.008450805698444915, "g2": 14.564165910551308, "logK": 0.6948165074249146, "loc": -0.08807453584540223, "logScale": -1.9604775196705697}