{"g1": 0.07183589798714514, "g2": 3.3895189834976573, "logK": 0.5453131944990084, "loc": -0.029400183572775296, "logScale": -3.7754614279533576}