{"g1": 0.5311000711592202, "g2": 0.05270245462373334, "logK": -4.329353237303829, "loc": -0.044659283429478586, "logScale": -1.3966244870588893}