{"g1": 0.019478072482349278, "g2": 9.595634462510104, "logK": -3.671407995997197, "loc": -0.03410918317629741, "logScale": -1.5591319535156647}