{"g1": 0.027055468041366326, "g2": 1.120799981426572, "logK": -4.56077920529091, "loc": -0.013835363407397307, "logScale": -3.419067858375396}