{"g1": 0.0333153773857533, "g2": 0.05632391520365143, "logK": 0.5866590722103684, "loc": -0.09870083364754192, "logScale": -2.2801107671729888}