{"g1": 0.025131538240132104, "g2": 3.836413605736928, "logK": 0.26965780528939787, "loc": -0.005899801614032862, "logScale": -1.1790874918510226}