{"g1": 0.03019405400250578, "g2": 12.402495057052093, "logK": 0.009149740735590939, "loc": 0.01424745209678506, "logScale": -3.168364917698792}