{"g1": 0.3075191977243177, "g2": 0.0021650690126008842, "logK": 0.47047369597888056, "loc": -0.14821942855718362, "logScale": -1.5977507448766775}