{"g1": 0.0432110723534512, "g2": 1.9662407841141434, "logK": 0.4675353773330677, "loc": -0.08367274055334883, "logScale": -1.1655830027731524}