{"g1": 0.003219238063783672, "g2": 9.472766073095222, "logK": 0.8537684741096692, "loc": -0.09386271242444894, "logScale": -2.3747970199476773}