{"g1": 0.20109671085420633, "g2": 9.059148151673682, "logK": -0.22764177910750183, "loc": 0.007379116767065409, "logScale": -2.081125528160228}