{"g1": 0.6521193373051095, "g2": 0.3460205213457428, "logK": -0.08956707566279976, "loc": -0.14841355438974962, "logScale": 0.19438731780891838}