{"g1": 0.30842622077263104, "g2": 9.363559787273651, "logK": 0.750694719509857, "loc": 0.08229513433221924, "logScale": 1.5886817073953994}