{"g1": 0.07509936740943811, "g2": 13.994312146636073, "logK": 0.9913019030218564, "loc": -0.010772013414397888, "logScale": -3.242110514657536}