{"g1": 0.1454217974492628, "g2": 7.208451811201177, "logK": 0.7546924659972262, "loc": -0.11196296528756838, "logScale": -2.561735859410731}