{"g1": 0.005846315269995461, "g2": 14.652593964065689, "logK": 0.9639160568723073, "loc": -0.012176162704581953, "logScale": -3.133117057089329}