{"g1": 0.09560797819670998, "g2": 9.365103630069717, "logK": -0.17686174090028217, "loc": -0.024467010888966145, "logScale": -3.0457984930998547}