{"g1": 0.04928631094339081, "g2": 7.61326436676993, "logK": 0.4488942521613284, "loc": 0.03410496332528839, "logScale": -1.20777591526224}