{"g1": 0.12437717256798407, "g2": 1.916051184033384, "logK": 0.48799714306857644, "loc": -0.11200079032376392, "logScale": -1.6722536555200243}