{"g1": 0.011276514045808227, "g2": 8.369531219535208, "logK": 0.35153925269155084, "loc": 0.07482583161344009, "logScale": -0.692514103925252}