{"g1": 0.14418258467035128, "g2": 8.836185943760936, "logK": 0.5221432707812651, "loc": -0.05288216427691367, "logScale": -2.3488084069294057}