{"g1": 0.1617845492997704, "g2": 2.358052055608243, "logK": 0.7980972837908116, "loc": -0.04578015141301304, "logScale": -3.2433637461683613}