{"g1": 0.0027364885155432422, "g2": 0.6296561081690157, "logK": -4.9522101697657765, "loc": 0.031748024852222514, "logScale": -1.1130211179298264}