{"g1": 0.15245165719530887, "g2": 6.045767545883906, "logK": 0.8745701141349261, "loc": -0.0379348683659734, "logScale": -2.310217877374271}