{"g1": 0.0011438042923089288, "g2": 4.064839690269412, "logK": 0.3934026253182543, "loc": -0.09811790858552749, "logScale": -0.9478644160528421}