{"g1": 0.010616528979903783, "g2": 14.881224576710931, "logK": 0.41070008712990425, "loc": -0.07841960375560764, "logScale": -0.9493772094654949}