{"g1": 0.03512286089076064, "g2": 13.915356133024359, "logK": 0.5438596040505552, "loc": -0.021590879140788437, "logScale": -2.221374110819455}