{"g1": 0.07585028729638266, "g2": 0.10378766512010085, "logK": 0.6498133591127777, "loc": -0.1420906764823201, "logScale": -1.7039150602769118}