{"g1": 0.08776760139577167, "g2": 6.639311250360063, "logK": 0.0515325872099206, "loc": 0.030114438642362386, "logScale": -1.6421674823211962}