{"g1": 0.07047837436022135, "g2": 3.9417193743210674, "logK": -3.5803944775396204, "loc": -0.02186935370644536, "logScale": -1.5658357042659936}