{"g1": 0.08520688126157824, "g2": 14.506088198997519, "logK": 0.9338359198242484, "loc": -0.11978257149839966, "logScale": -2.341759498092769}