{"g1": 0.7516577643680792, "g2": 10.143589432119528, "logK": 0.27277841314724116, "loc": 0.041310153030520394, "logScale": 0.6898056018092753}