{"g1": 0.3062271912841765, "g2": 14.528514598474217, "logK": 0.9544912694442316, "loc": -0.03233369198189018, "logScale": -3.123348650548375}