{"g1": 0.0031388663219989047, "g2": 7.099573496958008, "logK": 0.5239577395862597, "loc": -0.015607327029462464, "logScale": -2.819573683542133}