{"g1": 0.004548420486093996, "g2": 10.2626319879443, "logK": 0.9700178435342195, "loc": -0.13024279628492635, "logScale": -2.486796731352328}