{"g1": 0.012544202464007573, "g2": 6.2568757778463855, "logK": -2.299909334938815, "loc": -0.035211356884626885, "logScale": -0.8032266439369551}