{"g1": 0.12888246926565403, "g2": 4.110666254385388, "logK": -1.8253246503690406, "loc": 0.029858452051608413, "logScale": -1.1013589102299735}