{"g1": 0.02564708769372029, "g2": 13.140819636865194, "logK": -0.6559925903487147, "loc": 0.06412802990310804, "logScale": -1.2407007524974403}