{"g1": 0.0022137827832966715, "g2": 7.712448050290962, "logK": -4.409469763386066, "loc": -0.035606726190398175, "logScale": -2.3918153965056166}