{"g1": 0.005878884350492525, "g2": 10.101002811162294, "logK": -0.39243673167701476, "loc": 0.028723615837648018, "logScale": -2.670165493305344}