{"g1": 0.26301786171344443, "g2": 0.03800786784918615, "logK": 0.027494021077956177, "loc": -0.06636108308311411, "logScale": -1.90844773238486}