{"g1": 0.09521119455892918, "g2": 9.263010745328161, "logK": 0.9986091025490894, "loc": 0.02300085269403963, "logScale": -2.767346627575465}