{"g1": 0.42563004947418914, "g2": 6.125542378135505, "logK": -2.0521436239734383, "loc": 0.0003428072214181699, "logScale": -3.9989427285447583}