{"g1": 0.0019029695046511863, "g2": 14.08245736580161, "logK": 0.5347976274034749, "loc": 0.032773860539779154, "logScale": 0.6471184937685937}