{"g1": 0.027656321772134916, "g2": 6.449664702091761, "logK": 0.9999658363476156, "loc": -0.08022805478082752, "logScale": -3.238178850824967}