{"g1": 0.039314437266167845, "g2": 10.339153156232571, "logK": 0.9008223393437746, "loc": 0.0063679262397664275, "logScale": -2.8201720787112547}