{"g1": 0.23076464920244533, "g2": 7.309301647476193, "logK": -0.168776152336387, "loc": -0.09599462400306089, "logScale": 2.3593807044784705}