{"g1": 0.037337119368200965, "g2": 11.29914044596169, "logK": -4.036697037447447, "loc": -0.023133607279944512, "logScale": -1.2635188358708977}