{"g1": 0.021204836641676245, "g2": 13.726840162350031, "logK": 0.9543126056165362, "loc": -0.003671737839021836, "logScale": -3.653106124890677}