{"g1": 0.1507378216528877, "g2": 6.923078025913441, "logK": -2.937604392776263, "loc": 0.07653064081882609, "logScale": -1.0618590518916746}