{"g1": 0.009609731407817734, "g2": 6.480832507096671, "logK": -0.16954372903311454, "loc": 0.11050192188077296, "logScale": -0.044010382640547574}