{"g1": 0.017756288351393937, "g2": 5.768308546047321, "logK": -0.44896626978038634, "loc": -0.046874490198239124, "logScale": -2.460076950767742}