{"g1": 0.023506373588342594, "g2": 7.352969775363276, "logK": 0.6207352088271156, "loc": -0.0194801347137325, "logScale": -2.4117919968072172}