{"g1": 0.039889116203310336, "g2": 5.273156431396947, "logK": 0.852999668656409, "loc": -0.14126303005944563, "logScale": -1.4926089074544915}