{"g1": 0.2994676263129723, "g2": 14.163014837157286, "logK": 0.5175403821455431, "loc": -0.00019942140395506208, "logScale": -3.974190405859378}