{"g1": 0.07055132598807276, "g2": 11.26283529652958, "logK": 0.32143932283475185, "loc": -0.0933448440131513, "logScale": -1.5182264463988362}