{"g1": 0.0033597603837365836, "g2": 12.89192371920432, "logK": -3.8748191762632445, "loc": -0.020229474083531457, "logScale": -1.2997078391006003}