{"g1": 0.12098452702462126, "g2": 3.634763644103977, "logK": 0.8358628045483844, "loc": 0.005816066485635103, "logScale": -2.948472430237355}