{"g1": 0.1288723683859429, "g2": 7.5827375432359645, "logK": 0.8278081080949351, "loc": -0.00701820199797, "logScale": -2.5829347056634004}