{"g1": 0.029921473117749627, "g2": 2.143829441415231, "logK": 0.4656651082736501, "loc": -0.036476292704944104, "logScale": -2.351195632220717}