{"g1": 0.006618425455789667, "g2": 10.990957091444907, "logK": -3.0031792813828364, "loc": 0.02351802639311055, "logScale": -0.6264016456064343}