{"g1": 0.025832198560001473, "g2": 2.470814546177439, "logK": 0.27503156118914085, "loc": -0.132866203021984, "logScale": -1.873782216417522}