{"g1": 0.1758302420747643, "g2": 12.120562657586522, "logK": 0.6189978238741627, "loc": -0.04384576610415161, "logScale": -1.9098478737129359}