{"g1": 0.026664800813192654, "g2": 13.287713795974046, "logK": -3.2623222741762343, "loc": -0.06454687887940344, "logScale": 0.6805808304030366}