{"g1": 0.019263505810249375, "g2": 6.391130752045958, "logK": 0.6323628130426351, "loc": -0.031434045454675555, "logScale": -2.628286111954193}