{"g1": 0.101118465654432, "g2": 2.7137736350864943, "logK": -2.2645315422483785, "loc": 0.0804531912714721, "logScale": -1.559356483172229}