{"g1": 0.12052399206721101, "g2": 4.987957447492805, "logK": -0.22358212112310483, "loc": 0.0003749462660116668, "logScale": -1.6986189858149552}