{"g1": 0.08921945013434997, "g2": 12.37967512432506, "logK": 0.515803270429029, "loc": -0.01508664117494948, "logScale": -2.6971473914955277}