{"g1": 0.0724751848566243, "g2": 7.288686696514826, "logK": 0.9894987976652023, "loc": -0.04207496370685298, "logScale": -2.309972493297259}