{"g1": 0.06812341504262, "g2": 3.823967708835864, "logK": 0.8648754807284995, "loc": -0.09531939555723237, "logScale": -1.9454119620142634}