{"g1": 0.05303891527442897, "g2": 7.5192410650389885, "logK": 0.43590999049503865, "loc": -0.009734653233540613, "logScale": -1.8829557478388679}