{"g1": 0.025170590108741828, "g2": 12.45094141611252, "logK": -4.138801788471938, "loc": -0.13804998986246275, "logScale": -1.5137306565003756}