{"g1": 0.07738066943406403, "g2": 7.914684827391923, "logK": 0.8479207456229927, "loc": -0.017352784860255557, "logScale": -2.7945460298265594}