{"g1": 0.0033661288838445404, "g2": 3.2909072114727067, "logK": 0.9773019321136189, "loc": -0.020333805817492376, "logScale": -3.3160546890170752}