{"g1": 0.15099233028133643, "g2": 0.023803329708472987, "logK": 0.596217499619243, "loc": -0.10850374825665257, "logScale": -2.2413530798205086}