{"g1": 0.13091173929756303, "g2": 6.191987940719125, "logK": 0.9261962441419564, "loc": -0.06755114086996311, "logScale": -2.4668005095160894}