{"g1": 0.03337725617349185, "g2": 8.298861553775176, "logK": 0.984211945946478, "loc": -0.06990752883773528, "logScale": -3.023524138034118}