{"g1": 0.06073535858343095, "g2": 13.79991686816235, "logK": 0.39073404269782336, "loc": 0.04113523668370928, "logScale": -1.6262321656494945}