{"g1": 0.001362428588259662, "g2": 0.013522718088445948, "logK": -2.4469776757819934, "loc": -0.13496395977409822, "logScale": -1.2778312223711337}