{"g1": 0.014729114270183684, "g2": 6.7354019534687986, "logK": -0.1231419178396346, "loc": -0.03149008091130247, "logScale": -2.08739126255251}