{"g1": 0.12627481356205744, "g2": 5.3325854449921835, "logK": 0.9870157761209786, "loc": -0.03728138986370039, "logScale": -3.0127617101750377}