{"g1": 0.34250042664823993, "g2": 12.272624102071058, "logK": 0.6731473386019748, "loc": -0.042162504725472935, "logScale": -2.8538781731127525}