{"g1": 0.06909131821402353, "g2": 6.225465236047744, "logK": 0.9887426304429376, "loc": -0.03868428494680748, "logScale": -2.8606747386397426}