{"g1": 0.07718650824725135, "g2": 7.2364208089277, "logK": 0.2786240551498533, "loc": -0.039300027639374326, "logScale": -2.3133742533310295}