{"g1": 0.02470408092661988, "g2": 12.028328367828408, "logK": -2.8288774973132957, "loc": -0.05386511978976433, "logScale": -2.128358675519001}