{"g1": 0.2583607128078062, "g2": 0.21600709060738144, "logK": 0.9992050848428948, "loc": -0.11260105529324431, "logScale": -1.5575851120328412}