{"g1": 0.34755156651702857, "g2": 0.003307756527156926, "logK": 0.07497227483162339, "loc": -0.002537154298990797, "logScale": -2.083800273885767}