{"g1": 0.15386311010027584, "g2": 2.482518392792049, "logK": 0.9919814147286102, "loc": 0.0018982442347245734, "logScale": -2.5703578137411105}