{"g1": 0.15211294369199363, "g2": 14.99136772607029, "logK": -0.011129663305969317, "loc": -0.12953580183125626, "logScale": -1.304653031560722}