{"g1": 0.1670201007895436, "g2": 6.5397723032342725, "logK": 0.46164994443606555, "loc": -0.06804086634969822, "logScale": -2.1159057972737614}