{"g1": 0.07534307469695797, "g2": 2.913568739202563, "logK": 0.4980180461006798, "loc": -0.14817753895619484, "logScale": -1.7547598013391135}