{"g1": 0.2736237055695069, "g2": 2.658404225744282, "logK": 0.9871063532150626, "loc": -0.037745150672997954, "logScale": -2.896139908637932}