{"g1": 0.1313618521559954, "g2": 10.118017023122153, "logK": 0.5695650245996042, "loc": -0.06180796533864579, "logScale": -2.8977196638445606}