{"g1": 0.29048091710882434, "g2": 5.66889919910817, "logK": 0.8528465535612046, "loc": -0.015346025340166216, "logScale": -3.2854522115977027}