{"g1": 0.9584198922355547, "g2": 5.0720702941767835, "logK": -2.4647293794034892, "loc": 0.005483492681337186, "logScale": -3.9362394916640335}