{"g1": 0.8254822356634612, "g2": 4.326469775939522, "logK": -2.792914651298589, "loc": -0.0018419872130466912, "logScale": -3.994020181057735}