{"g1": 0.1721224662268318, "g2": 7.6884572605575245, "logK": 0.42972649209557723, "loc": -0.12124515676447703, "logScale": -2.364094119640739}