{"g1": 0.9968155118751961, "g2": 13.926501719671029, "logK": -3.3108714912299404, "loc": 0.02037128435171076, "logScale": -2.914470031778439}