{"g1": 0.09549456342725826, "g2": 13.305644653014777, "logK": 0.3941876621750783, "loc": -0.08038246848572186, "logScale": -2.2565914958381934}