{"g1": 0.03459643324317138, "g2": 12.806347545692025, "logK": -0.7982288878203894, "loc": 0.044005627249097866, "logScale": -1.9339561694847587}