{"g1": 0.21136732746535924, "g2": 0.03307846456604468, "logK": 0.7176093402294992, "loc": -0.043802481704713694, "logScale": -1.411845253210768}