{"g1": 0.04884473030798697, "g2": 4.596084314574011, "logK": 0.8178391197554737, "loc": -0.02791074470748397, "logScale": -2.3147234151715583}