{"g1": 0.15813460931968323, "g2": 13.100060706942617, "logK": 0.6601786608260627, "loc": -0.00926511829787426, "logScale": -3.960463941287746}