{"g1": 0.02966270352924405, "g2": 13.31107856804643, "logK": 0.7105066710144052, "loc": -0.13872216801788992, "logScale": -2.1478555386740243}