{"g1": 0.12954120065145164, "g2": 13.68102428148574, "logK": 0.7385508094788489, "loc": -0.13093023733879938, "logScale": -2.493213562994332}