{"g1": 0.2630897571215024, "g2": 0.07845588365811196, "logK": -2.080164420694987, "loc": -0.13622404996389034, "logScale": -0.49767912252859037}