{"g1": 0.0044770209710008994, "g2": 10.81992570957384, "logK": 0.6943027807053724, "loc": -0.08919441386202008, "logScale": -2.4260498362111123}