{"g1": 0.9749796533546847, "g2": 9.640829877783275, "logK": -3.9839246353575066, "loc": -0.0017989758971467575, "logScale": -3.8298210081726327}