{"g1": 0.07807332613231711, "g2": 14.34933303999687, "logK": 0.9452236811545689, "loc": -0.042156935373162036, "logScale": -2.04302816629329}