{"g1": 0.12173699982122833, "g2": 11.430696197817271, "logK": 0.7543308785200401, "loc": -0.016264477796919943, "logScale": -2.9955530202743317}