{"g1": 0.09181702760578032, "g2": 4.095533447752445, "logK": 0.8587374203926369, "loc": -0.023009808043333475, "logScale": -1.7780471727603169}