{"g1": 0.009615564495123408, "g2": 14.932120854483953, "logK": -4.684520163204267, "loc": -0.13237412812947197, "logScale": 0.15216511712667163}