{"g1": 0.04180356166070562, "g2": 4.287206796025635, "logK": 0.9927763720885889, "loc": -0.027249955485426282, "logScale": -2.0979109744273803}