{"g1": 0.06746970730110152, "g2": 7.7213769961196945, "logK": 0.3837326290296386, "loc": 0.001826697292793506, "logScale": -2.461776481483239}