{"g1": 0.0016230815005836632, "g2": 1.8705665298615775, "logK": 0.7286949490636312, "loc": -0.01873341929049903, "logScale": -2.6392364484013138}