{"g1": 0.26513398371586683, "g2": 1.3405347156322542, "logK": 0.7999923809563887, "loc": -0.024242511948533704, "logScale": -3.444710058938899}