{"g1": 0.0513795090126414, "g2": 6.667563202149243, "logK": 0.993525549994315, "loc": -0.013543368646021322, "logScale": -3.8360572290256454}