{"g1": 0.20278870455678563, "g2": 14.395963527881245, "logK": 0.027815906498115203, "loc": -0.03210130888186514, "logScale": -2.9972562179698827}