{"g1": 0.042165951962789675, "g2": 4.807703500896475, "logK": -1.1797058270796261, "loc": -0.1412958316029628, "logScale": -1.0127154988747589}