{"g1": 0.07131047268516229, "g2": 6.196432966452996, "logK": 0.540238828390035, "loc": -0.07934565166136363, "logScale": -2.4753678735306206}