{"g1": 0.12370211793760844, "g2": 14.000542059947955, "logK": -0.125759157076619, "loc": -0.010489920459492284, "logScale": -3.672957311608632}