{"g1": 0.019546738835867522, "g2": 2.3577433714260057, "logK": 0.7328768715100786, "loc": -0.05875444305008607, "logScale": -2.082005799067601}