{"g1": 0.12024738437272618, "g2": 11.66714907056772, "logK": -2.2619409591767994, "loc": -0.08384348909712379, "logScale": 2.850206360202006}