{"g1": 0.2496730477555651, "g2": 4.655294001477614, "logK": 0.9942219873525013, "loc": -0.018598346836946188, "logScale": -2.7833632553204577}