{"g1": 0.18283458008273398, "g2": 8.764623378334473, "logK": 0.9556112755065561, "loc": -0.03301982738402631, "logScale": -2.657901142955104}