{"g1": 0.06933266277343689, "g2": 5.726109882427396, "logK": -0.05225438152209927, "loc": -0.031111993352158356, "logScale": -2.314505221491911}