{"g1": 0.04039214745368123, "g2": 3.479748573836324, "logK": -3.5533560937878206, "loc": -0.0757066081658686, "logScale": -1.0697760382560773}