{"g1": 0.024956107030107977, "g2": 5.308588116395073, "logK": 0.02282093196007695, "loc": -0.05486500735037045, "logScale": -1.7827632460119782}