{"g1": 0.025791603578044123, "g2": 2.799294773960005, "logK": -4.893215576011109, "loc": 0.051072034439223105, "logScale": -1.1257622141780903}