{"g1": 0.043502113904899095, "g2": 12.212693121491652, "logK": 0.789001333715338, "loc": -0.1262048196950493, "logScale": -1.6009809510096582}