{"g1": 0.00793541920467783, "g2": 10.053111814906735, "logK": -0.5113537103120033, "loc": -0.008549261520272397, "logScale": -1.1741320819512844}