{"g1": 0.3989532914533959, "g2": 0.05017336584615384, "logK": 0.9954078702237843, "loc": -0.14325756335117543, "logScale": -1.8410238484699866}