{"g1": 0.7905474498861643, "g2": 13.665998695926604, "logK": 0.4715572542566481, "loc": -0.09467898402595196, "logScale": 0.5285432931975135}