{"g1": 0.06695809452772197, "g2": 2.8382488685819007, "logK": 0.9918544101654965, "loc": -0.028408693563947533, "logScale": -2.290467050421694}