{"g1": 0.01872185767877743, "g2": 2.3760996726480523, "logK": 0.8507101992047637, "loc": -0.08247782748856133, "logScale": -2.963436132519057}