{"g1": 0.07928911914595395, "g2": 1.4576789732711513, "logK": 0.4137568265607683, "loc": -0.1300889746422395, "logScale": -1.6096554370664564}