{"g1": 0.025221748397997637, "g2": 6.669204019824275, "logK": 0.3029271946508193, "loc": -0.0634483353627868, "logScale": -1.2539617957353315}