{"g1": 0.025521886963410262, "g2": 6.467091472514149, "logK": -1.1218701142960181, "loc": -0.13753407613661778, "logScale": -1.435729990712508}