{"g1": 0.05160313548291144, "g2": 12.36122334785915, "logK": 0.41527795849630206, "loc": -0.11156532630398833, "logScale": -1.7183497696960077}