{"g1": 0.04057592864658727, "g2": 7.502378992535119, "logK": 0.8848225804210007, "loc": -0.021411626779816124, "logScale": -3.450358537858902}