{"g1": 0.07795742542299477, "g2": 8.1884119947482, "logK": 0.27947444455693027, "loc": 0.03233473731779557, "logScale": 0.11971786924826838}