{"g1": 0.0266481337332102, "g2": 8.543539420492605, "logK": 0.3614953919049658, "loc": -0.09514568750480519, "logScale": -2.081858141443041}