{"g1": 0.01758208111194083, "g2": 3.058170527353159, "logK": -2.8693542957426574, "loc": 0.07546124056764329, "logScale": 0.8055259741994962}