{"g1": 0.03318899662471305, "g2": 3.5013685632366953, "logK": -3.5659011422282885, "loc": -0.028104502084886213, "logScale": 3.1086648501914613}