{"g1": 0.11326574882175867, "g2": 4.145028113395389, "logK": 0.9671664068197173, "loc": -0.04542390397517086, "logScale": -1.949800270241004}