{"g1": 0.041568181844565774, "g2": 12.789319270437655, "logK": 0.6308610807203766, "loc": -0.10460428701392724, "logScale": -2.2897291432103835}