{"g1": 0.002670084074519099, "g2": 8.530413800092985, "logK": 0.3353286477593418, "loc": -0.06238330173615635, "logScale": -2.288685982657235}