{"g1": 0.02071182740123466, "g2": 8.110817073003687, "logK": 0.9925862778051099, "loc": -0.1217507863319038, "logScale": -2.2944406914511073}