{"g1": 0.08619144428615017, "g2": 1.6326453729180503, "logK": 0.6012148107039106, "loc": -0.06470971518498202, "logScale": -2.198996096506329}