{"g1": 0.0043022644032049626, "g2": 4.351942196659704, "logK": 0.4889324608458368, "loc": -0.06676701013593651, "logScale": -2.3389550946628797}