{"g1": 0.003925998087854681, "g2": 4.991732361983658, "logK": -2.7105895215574987, "loc": 0.11285124350652426, "logScale": -1.206892949048195}