{"g1": 0.0648855469331795, "g2": 13.416898999820875, "logK": 0.7441852984931246, "loc": -0.048430351275127716, "logScale": -2.6198759509937006}