{"g1": 0.03555958510143248, "g2": 0.7167863378523942, "logK": 0.6688359332889402, "loc": -0.087997970439501, "logScale": -3.1822176648574367}