{"g1": 0.05830394418734716, "g2": 2.2581599169119793, "logK": 0.5946042119025065, "loc": -0.039233760184690734, "logScale": -1.6554931048351167}