{"g1": 0.744315033652968, "g2": 6.824188813444231, "logK": -3.5381586792507687, "loc": 0.0029664450246500145, "logScale": -3.860000168637069}