{"g1": 0.001708685056347553, "g2": 9.220789342741941, "logK": -0.2334251545612031, "loc": -0.01839631634564028, "logScale": -3.0454388870618327}