{"g1": 0.1242041391998534, "g2": 4.342572614359409, "logK": 0.7711055992379815, "loc": -0.10549359365247718, "logScale": -2.2696524712951165}