{"g1": 0.0025167259909787965, "g2": 3.543769731240018, "logK": 0.013785844889250165, "loc": -0.07045638651476895, "logScale": -2.153543593772733}