{"g1": 0.001209957587329507, "g2": 5.258292821895936, "logK": 0.41509266075565787, "loc": -0.065976411571595, "logScale": -1.3683827434802076}