{"g1": 0.008168123425760065, "g2": 5.203475667374473, "logK": 0.48344012709230255, "loc": -0.013579541362171552, "logScale": -1.9566639895690638}