{"g1": 0.021863541029059845, "g2": 2.0677243298561123, "logK": 0.985505002303814, "loc": -0.11683585853953773, "logScale": -1.9772090476718658}