{"g1": 0.08658845756367144, "g2": 0.04814725917797391, "logK": 0.9885801776566621, "loc": -0.13365931214365812, "logScale": -3.127204625307022}