{"g1": 0.09253034668305503, "g2": 14.139950123817634, "logK": 0.6857862305812877, "loc": -0.06847429788123854, "logScale": -1.9838787107491476}