{"g1": 0.018217621409716278, "g2": 12.652075893805938, "logK": -3.4959199424700333, "loc": -0.004552827720208194, "logScale": -2.9421280429341454}