{"g1": 0.41222231136610044, "g2": 4.688451789922154, "logK": 0.9377478910668797, "loc": -0.015277009720439707, "logScale": -2.5810913880211794}