{"g1": 0.027971222997068182, "g2": 12.254756070592851, "logK": 0.8061185794980372, "loc": -0.1118972777817199, "logScale": -1.898839451203938}