{"g1": 0.09470652750998257, "g2": 0.013593880106611292, "logK": -3.018985143165289, "loc": -0.05127562936703445, "logScale": -1.6186503822172604}