{"g1": 0.32789351753937596, "g2": 0.055081544047968, "logK": 0.6035468292634749, "loc": -0.022766759219186715, "logScale": -0.10066297980594699}