{"g1": 0.5718133656421942, "g2": 0.09569483731084238, "logK": -3.645611229845657, "loc": 0.08624254139447163, "logScale": 1.676184228135778}