{"g1": 0.2751860289567186, "g2": 0.029679609474361813, "logK": 0.9769271435409206, "loc": -0.04829079449674234, "logScale": -2.6360223044555258}