{"g1": 0.40195554107136344, "g2": 0.22506627327711304, "logK": 0.09967288670045316, "loc": -0.006107222333386737, "logScale": 0.08960167972878672}