{"g1": 0.8471630823743789, "g2": 0.131176991287455, "logK": 0.4652730114487508, "loc": -0.14178965029282886, "logScale": -0.24958068352660895}