{"g1": 0.5712446709439873, "g2": 0.006019299179027167, "logK": 0.34401314522388216, "loc": 0.02570108021857726, "logScale": -1.368671623870676}