{"g1": 0.5766224038720865, "g2": 0.21130987347167932, "logK": -0.8389623880439785, "loc": -0.1329451318646517, "logScale": 0.5435440165771339}