{"g1": 0.9887020146457153, "g2": 10.650488407292274, "logK": -2.3078637187177686, "loc": -0.018300683272712066, "logScale": -3.561647902842807}