{"g1": 0.636259579774727, "g2": 0.32058596517196886, "logK": -0.05542768747856869, "loc": 0.07583745985600705, "logScale": 0.5385593609849884}