{"g1": 0.04786734614659505, "g2": 0.004623198286028065, "logK": -4.164271447185586, "loc": -0.050792358370584524, "logScale": -2.4331382232910483}