{"g1": 0.8867536950529314, "g2": 3.03366986405349, "logK": 0.646835567368786, "loc": 0.07935924317619247, "logScale": 0.3854410055950131}