{"g1": 0.13767105623530435, "g2": 0.015323657097666327, "logK": -3.389481042614999, "loc": -0.03013994312526202, "logScale": -1.0671236613713997}