{"g1": 0.19985699914126287, "g2": 0.00262999163173714, "logK": -2.5436544133147003, "loc": -0.02136797266515789, "logScale": -1.7693326761546524}