{"g1": 0.40703986076265875, "g2": 0.1889630527421581, "logK": -0.708557119082585, "loc": -0.10098518718033153, "logScale": -0.4571292935675415}