{"g1": 0.8785680882975863, "g2": 0.025057553118810638, "logK": 0.8362351524614006, "loc": 0.09434273567465826, "logScale": -1.6011266075207804}