{"g1": 0.774097836745385, "g2": 0.05527835887778297, "logK": -3.3201751548106535, "loc": 0.14928998960573298, "logScale": -1.2278693558016927}