{"g1": 0.3845343356868753, "g2": 0.11694371868208489, "logK": -2.6299129634084224, "loc": 0.03215511591714129, "logScale": -0.43457867903870195}