{"g1": 0.8920698201528725, "g2": 0.023967170730360587, "logK": -0.01593107986481823, "loc": 0.07529437800635141, "logScale": -1.0509170933909506}