{"g1": 0.9389380483683107, "g2": 0.9325874457276432, "logK": 0.9645957119480085, "loc": 0.0011355231623760911, "logScale": -1.7375893221292857}