{"g1": 0.9007561169924253, "g2": 0.22767247429981863, "logK": 0.4813621283423629, "loc": -0.14777325863310956, "logScale": -0.3538108083358311}