{"g1": 0.8713741408094711, "g2": 0.0094999989979343, "logK": 0.23290647779972096, "loc": 0.010501904689643973, "logScale": -1.5273388221881572}