{"g1": 0.45507290725266164, "g2": 0.0033758221154148622, "logK": 0.16683410649341826, "loc": -0.06762075094233785, "logScale": -2.0603718610956845}