{"g1": 0.5924122584359818, "g2": 0.023148020949697937, "logK": 0.8737641796427663, "loc": -0.14105490517365565, "logScale": -1.9869162996508964}