{"g1": 0.2780290550933564, "g2": 0.002621421769474365, "logK": -3.3578976704344736, "loc": 0.13856668033291814, "logScale": -0.881096900112206}