{"g1": 0.17662617890473498, "g2": 0.01875337893387789, "logK": 0.5624732163756749, "loc": -0.06470451199611776, "logScale": -1.786253658480895}