{"g1": 0.6107283215036822, "g2": 0.01420751278189969, "logK": -2.4200046126535093, "loc": 0.05544712250470826, "logScale": -2.1285307122395842}