{"g1": 0.7251536993333157, "g2": 0.20887453588781732, "logK": -0.487724285003576, "loc": 0.0006750921241552725, "logScale": -1.1351786729314375}