{"g1": 0.9766962941884588, "g2": 0.0032465565851831357, "logK": 0.9860840187632245, "loc": -0.00790588281468186, "logScale": -1.8985112863574822}