{"g1": 0.8837533463051073, "g2": 1.1709688497756843, "logK": 0.9948355119524599, "loc": 0.12644857215005878, "logScale": -1.1062255821332332}