{"g1": 0.43714361174937244, "g2": 0.0017107399733170096, "logK": -0.8059086725651627, "loc": 0.02538846727746899, "logScale": -2.082881213407807}