{"g1": 0.10948959320292495, "g2": 0.0017669800263846614, "logK": 0.6079562328626555, "loc": -0.03031341493353874, "logScale": -2.904213604943571}