{"g1": 0.9635345933235023, "g2": 14.9866795799668, "logK": 0.994841763469817, "loc": -0.07305417273077722, "logScale": -2.608204342995984}