{"g1": 0.07701150343181339, "g2": 0.05395055366890849, "logK": -0.19143593574143875, "loc": -0.030848834833980085, "logScale": -0.9903215224734123}