{"g1": 0.6847501176316988, "g2": 0.463763159257094, "logK": 0.6724254660798303, "loc": -0.06543447474264259, "logScale": -1.1815079665918682}