{"g1": 0.8114611614364061, "g2": 0.15607792345708735, "logK": 0.9618947135172736, "loc": -0.03799588073179058, "logScale": -0.8641691391179177}