{"g1": 0.30231439289495365, "g2": 0.021012486583124976, "logK": -0.1959079541407665, "loc": -0.031426398714092155, "logScale": -2.262336391557991}