{"g1": 0.770769789201079, "g2": 0.025122876452856463, "logK": -2.106934984496001, "loc": 0.10133686684803014, "logScale": -0.36848896755801874}