{"g1": 0.9101405156140773, "g2": 0.018596171176845238, "logK": 0.5279205761287379, "loc": -0.09794334556810665, "logScale": -1.957025170110056}