{"g1": 0.711025245519153, "g2": 0.009239118815275487, "logK": -0.03540209211942691, "loc": 0.0003907519662020645, "logScale": -0.4666909698211148}