{"g1": 0.9552662860124671, "g2": 13.410562915150404, "logK": 0.4489765932009506, "loc": -0.02831747532628895, "logScale": -3.590476279966296}