{"g1": 0.0666314757949491, "g2": 0.009816149984245959, "logK": 0.9753684524236927, "loc": -0.05096571589702344, "logScale": -1.7015401285782012}