{"g1": 0.5719249789710907, "g2": 1.3884849511410726, "logK": 0.6405372211281333, "loc": -0.10866513309803004, "logScale": -0.34720043848242965}