{"g1": 0.9983227037777788, "g2": 12.921817251940912, "logK": -4.829466302849143, "loc": 0.0021941655394688373, "logScale": -2.1375796915266365}