{"g1": 0.6020818241822684, "g2": 11.663686177459162, "logK": 0.9919915970675149, "loc": -0.11018249025816279, "logScale": -1.6172522104459777}