{"g1": 0.6331682962819746, "g2": 0.6366336323421964, "logK": -1.3175918320668312, "loc": -0.08647027931133947, "logScale": -0.567753475016838}