{"g1": 0.11246842785808252, "g2": 0.0034082590137753297, "logK": -2.4744728928591586, "loc": 0.06578290442926922, "logScale": -1.7655379789215875}