{"g1": 0.9504419490565407, "g2": 0.08308304886249498, "logK": -1.8379905753176482, "loc": -0.1169747557795267, "logScale": -0.9297285527887841}