{"g1": 0.31065650538283346, "g2": 0.06774889530030613, "logK": -0.17093533128830762, "loc": -0.06292381988086297, "logScale": -1.1207640196482782}