{"g1": 0.8815161297932891, "g2": 0.030969401554267608, "logK": -0.6461516376987271, "loc": 0.0021202950730435724, "logScale": -2.378922885051023}