{"g1": 0.9619826117813616, "g2": 9.851135025485975, "logK": -1.6821296832918, "loc": -0.013193873708700714, "logScale": -3.656090917359478}