{"g1": 0.5227874838750655, "g2": 0.0021717664988219892, "logK": 0.036516267933144664, "loc": -0.10048084061385086, "logScale": -1.1980818086662763}