{"g1": 0.31434792884430046, "g2": 0.013709929407687449, "logK": 0.58486513806742, "loc": -0.029963650586037015, "logScale": -2.5517251024934056}