{"g1": 0.5606864602868118, "g2": 0.006991117108026233, "logK": -0.3850050467603182, "loc": -0.025015538912422433, "logScale": -1.628180623592023}