{"g1": 0.8346746578354208, "g2": 0.017119969169112736, "logK": -0.7556203565689759, "loc": -0.08623687252779735, "logScale": -0.33867717757565036}