{"g1": 0.8001781750240056, "g2": 11.704083866299742, "logK": 0.7357350629887435, "loc": -0.03125407449344605, "logScale": -3.993919331140604}