{"g1": 0.9916825455923605, "g2": 14.570504261589486, "logK": -4.34422223069852, "loc": 0.01504989207983252, "logScale": -3.998160514833279}