{"g1": 0.9817751378972898, "g2": 13.091907148875414, "logK": -4.69782776097125, "loc": 0.01336680551934397, "logScale": -3.9905765133409057}