{"g1": 0.6535473833026487, "g2": 0.0325596816274278, "logK": -0.5407484863540941, "loc": -0.13726964103086603, "logScale": -0.9008718547547887}