{"g1": 0.35277720868513796, "g2": 0.024883231867986876, "logK": 0.7048651705302555, "loc": -0.11225955568868227, "logScale": -1.5699716155573689}