{"g1": 0.5688673196891341, "g2": 0.030534178280464917, "logK": -3.4805906261962045, "loc": -0.08443072070164884, "logScale": -1.9188443793941126}