{"g1": 0.8981262710375328, "g2": 0.07578700312863207, "logK": -4.061554766615863, "loc": 0.14083981982351726, "logScale": 0.8516849962584618}