{"g1": 0.786319951285658, "g2": 0.010542127886382015, "logK": -0.9646363297736438, "loc": 0.0380818459555758, "logScale": -1.291889192844895}