{"g1": 0.8635333677650718, "g2": 0.010071812718705553, "logK": -3.7722746133067986, "loc": -0.0677885554175714, "logScale": -0.8744621483306909}