{"g1": 0.9828263677290845, "g2": 9.86293548577431, "logK": 0.4721366689081805, "loc": -0.08059424183806789, "logScale": -2.2945356888962234}