{"g1": 0.6339212764244013, "g2": 0.016936184030919725, "logK": -2.342636923145082, "loc": -0.14213433885261822, "logScale": -1.1682393271027527}