{"g1": 0.29393259118916004, "g2": 0.04806631969918185, "logK": -2.537636907743625, "loc": 0.004165603013259935, "logScale": -0.7791936925489146}