{"g1": 0.09459425405066234, "g2": 0.02119729044674923, "logK": -4.309528193262363, "loc": -0.10122645543687338, "logScale": -1.1148437413300154}