{"g1": 0.942627376934754, "g2": 0.6435263982715531, "logK": 0.8713201110754163, "loc": -0.11794023223855243, "logScale": 0.513533604946623}