{"g1": 0.44202883791707165, "g2": 0.009148819239057252, "logK": -2.048720952788619, "loc": 0.04112505280474726, "logScale": -0.6364073567228821}