{"g1": 0.9677982391132051, "g2": 14.91072289299235, "logK": 0.9972456807613606, "loc": -0.04970079467129491, "logScale": -2.5623453080860585}