{"g1": 0.1999493698848797, "g2": 0.20289412802781803, "logK": 0.7126548537575705, "loc": 0.1477236401304365, "logScale": -0.25558296742251263}