{"g1": 0.8990076352466537, "g2": 0.018432448895398634, "logK": 0.22730480569410727, "loc": -0.12252961850763634, "logScale": -1.2337212632397305}