{"g1": 0.4499920971196831, "g2": 0.077040914737512, "logK": 0.9996673689093241, "loc": -0.0836837457381373, "logScale": -0.6912054436170222}