{"g1": 0.8263076294367496, "g2": 0.008490348837045752, "logK": 0.3681661717354447, "loc": 0.025275245263519992, "logScale": -0.20644643561913212}