{"g1": 0.6946831069133617, "g2": 0.02305351902577222, "logK": 0.26041476536157937, "loc": -0.009888898503237563, "logScale": -2.6540022386463553}