{"g1": 0.5138511700676467, "g2": 0.0031938461058458466, "logK": 0.2101764630979479, "loc": -0.0319683620034875, "logScale": -1.7824791657682586}