{"g1": 0.4312403038959571, "g2": 0.0021988634828221457, "logK": 0.9584320424209709, "loc": -0.07137024448181917, "logScale": 0.03717025327525758}