{"g1": 0.27504410085646425, "g2": 0.2136279296078608, "logK": 0.3869222669341026, "loc": 0.11493527125239994, "logScale": -0.7983732613271659}