{"g1": 0.7086967133180853, "g2": 0.015312518141227756, "logK": 0.25644176941560737, "loc": -0.07511411969855553, "logScale": 0.25055139101258295}