{"g1": 0.39644180913440996, "g2": 0.29510544766545355, "logK": 0.8411087976726318, "loc": -0.09732904590904472, "logScale": -1.0011373942882997}