{"g1": 0.5667204512676448, "g2": 0.02984510999119922, "logK": -3.0611141313192736, "loc": 0.006677127276328761, "logScale": -1.4501095913871016}