{"g1": 0.7844107010803766, "g2": 0.007236938942164664, "logK": 0.2828906926559458, "loc": -0.054235140144265656, "logScale": -3.4078519836463985}