{"g1": 0.1387616870576613, "g2": 0.061714250573060944, "logK": 0.3308200185607806, "loc": 0.09707767966257613, "logScale": 0.4012508583994309}