{"g1": 0.5031863265507953, "g2": 0.0014597100709631688, "logK": -4.242455514874685, "loc": -0.0034966515768767048, "logScale": -1.9148783055636915}