{"g1": 0.8997727434844209, "g2": 14.997215982817117, "logK": 0.8552283682212294, "loc": -0.04632880578660416, "logScale": -3.190484077258573}