{"g1": 0.269205065795211, "g2": 0.008133971931089667, "logK": -0.1790475601287591, "loc": -0.08731662484527093, "logScale": -2.708661312441336}