{"g1": 0.301778460313006, "g2": 0.03113202043768692, "logK": 0.8264245841166611, "loc": 0.09419029394431229, "logScale": -0.8164580336087506}