{"g1": 0.9748392839879751, "g2": 0.005424231100142975, "logK": -3.0933200957915696, "loc": -0.03486146124302933, "logScale": -1.6177396807992894}