{"g1": 0.9393040020679727, "g2": 0.0022815909061771828, "logK": -2.8940802851351712, "loc": -0.005121284146842854, "logScale": -1.630160050072471}