{"g1": 0.20405242817904287, "g2": 0.016858848127317392, "logK": 0.09726698856784177, "loc": 0.007190285743374339, "logScale": -3.18413593992709}