{"g1": 0.6091736405620931, "g2": 0.040563719412429325, "logK": 0.8556935570789056, "loc": 0.006930062559311279, "logScale": -2.553376562032853}