{"g1": 0.4237240348676342, "g2": 0.04238215925510358, "logK": -1.6315979923287705, "loc": -0.04581313022388636, "logScale": -0.3430207962917819}