{"g1": 0.9943304860274478, "g2": 10.42938772386125, "logK": 0.584233767820839, "loc": -0.03153742990775405, "logScale": -3.211067326520953}