{"g1": 0.9016511174610702, "g2": 11.676401895827366, "logK": -2.477752154295848, "loc": -0.0043007528264081794, "logScale": -3.8768352992088246}