{"g1": 0.016791323562069638, "g2": 12.533731858299888, "logK": -4.601719581324289, "loc": -0.004775701241160946, "logScale": -1.0365493239003787}