{"g1": 0.8575949492401269, "g2": 10.409075095666239, "logK": 0.9928013432302143, "loc": -0.06576089039984384, "logScale": -2.7814056321828398}