{"g1": 0.0016059030865295523, "g2": 1.1188976415869998, "logK": 0.8318572919785376, "loc": 0.12552127964198906, "logScale": -0.6985718950249787}