{"g1": 0.19748181733871045, "g2": 0.04475114818333781, "logK": -3.3664405738320724, "loc": 0.12063279848106205, "logScale": 0.5744969608588049}