{"g1": 0.9996576207472248, "g2": 10.013310836967955, "logK": 0.4527700044894166, "loc": -0.04871918671994756, "logScale": -2.8029795838271347}