{"g1": 0.7881315997076297, "g2": 14.528711624951042, "logK": -4.949295687778774, "loc": 0.00021534069846194676, "logScale": -3.999444069109312}