{"g1": 0.0872046456037672, "g2": 0.2994843398365781, "logK": -1.7497763709925098, "loc": -0.047772332795100486, "logScale": 0.9082789807200589}