{"g1": 0.9352943200438498, "g2": 11.663182635579238, "logK": -3.6214483251239784, "loc": 0.004755487403376243, "logScale": -3.9688646383486033}