{"g1": 0.039733113161864425, "g2": 6.523766349447667, "logK": 0.2638704625634388, "loc": -0.12076068205043547, "logScale": -0.19055834870186106}