{"g1": 0.0836232796548993, "g2": 9.86798094665507, "logK": 0.5958276714305297, "loc": -0.0569899880277299, "logScale": -1.797330351798037}