{"g1": 0.034994310302165266, "g2": 14.077206086506747, "logK": -0.12407750252062333, "loc": -0.040366591238803255, "logScale": 0.3451058737133232}