{"g1": 0.026188551166786346, "g2": 8.400259295150427, "logK": 0.3518994683990487, "loc": -0.07328146402187097, "logScale": 0.004470546432268296}