{"g1": 0.8540179245418922, "g2": 10.084220254645505, "logK": -0.0009740742574693151, "loc": -0.02200900671467431, "logScale": -3.8333011738486054}