{"g1": 0.02749234665929698, "g2": 13.76565118134447, "logK": 0.09267074653463384, "loc": 0.11971433614642502, "logScale": -0.18749271254302544}