{"g1": 0.02063487931268044, "g2": 2.4454729200018934, "logK": -4.1291778061028195, "loc": 0.03416604966991184, "logScale": -0.03578191382357371}