{"g1": 0.8501024167639707, "g2": 14.400136067307338, "logK": -1.9339003342797918, "loc": -0.0016611474823108718, "logScale": -3.9884221093591994}