{"g1": 0.9432794428637159, "g2": 14.33560105166331, "logK": -0.09983459718080695, "loc": -0.01215443602423625, "logScale": -3.815161393418678}