{"g1": 0.9994314808700814, "g2": 11.718241926413082, "logK": -3.4894264738060983, "loc": 0.012889275021860418, "logScale": -3.999771242265738}