{"g1": 0.003252992486431662, "g2": 8.887947883533641, "logK": -4.6623330387018544, "loc": -0.03431948017087271, "logScale": 1.0019649692821473}