{"g1": 0.466533638078144, "g2": 0.026387201407927385, "logK": -2.4214013241066827, "loc": 0.0021751032196377085, "logScale": -3.7046666541957864}