{"g1": 0.9208196135284645, "g2": 6.903699909099416, "logK": -4.09175912652298, "loc": 0.0008945201689759871, "logScale": -3.854677115341524}