{"g1": 0.912603192105857, "g2": 11.40211078465776, "logK": -4.049454047981593, "loc": -0.007290662400196362, "logScale": -3.843976641090391}