{"g1": 0.004338263004741806, "g2": 9.103270719719392, "logK": 0.9935329778463751, "loc": -0.1220544057274584, "logScale": -0.944819134084619}