{"g1": 0.9990243357834537, "g2": 12.34867902906891, "logK": -4.185437891302513, "loc": -0.0015285663542986766, "logScale": -3.6616122217444644}