{"g1": 0.035284576757782286, "g2": 11.780611127169188, "logK": 0.4112136120185369, "loc": -0.12315332685543845, "logScale": -0.4317853615416062}