{"g1": 0.7688931437712027, "g2": 0.05429591759693375, "logK": 0.6964862356599607, "loc": 0.012770395254263746, "logScale": -3.8804507141824223}