{"g1": 0.06439307612575254, "g2": 3.4303120472824165, "logK": -0.9614233995341362, "loc": -0.14977016510597047, "logScale": 0.5752485055320177}