{"g1": 0.10391404128325968, "g2": 0.6410986889793295, "logK": -0.04018145056555539, "loc": 0.11328125432236413, "logScale": 0.31636409023294265}