{"g1": 0.9966884549734271, "g2": 10.9050758546087, "logK": -4.435364977190059, "loc": 0.0033733629493901632, "logScale": -3.998692438221183}