{"g1": 0.9967863587748703, "g2": 14.368874071870152, "logK": -2.3000267739386464, "loc": -0.0019010624745031317, "logScale": -3.834957462957024}