{"g1": 0.5254425574657223, "g2": 13.899873533901143, "logK": 0.8459325385352916, "loc": -0.02957238172052435, "logScale": -3.825542363039063}