{"g1": 0.025194186655087762, "g2": 5.625790432086594, "logK": 0.9925535206409776, "loc": -0.07211819133487896, "logScale": -1.3582999957488298}