{"g1": 0.9990906516215973, "g2": 14.99124881769165, "logK": 0.9958392908102022, "loc": -0.04413489549865155, "logScale": -2.92109571432375}