{"g1": 0.00846060729834492, "g2": 0.018733692609251396, "logK": 0.8421626510116473, "loc": 0.0232546363889107, "logScale": -0.8704527027496477}