{"g1": 0.03046474343957098, "g2": 0.23746650546499323, "logK": -4.664545184861461, "loc": 0.04935267180727092, "logScale": 0.8853358907096176}