{"g1": 0.5478081816162195, "g2": 14.011629062117647, "logK": 0.12343160775712025, "loc": -0.03069739205019175, "logScale": -3.842955549930826}