{"g1": 0.052793013962413815, "g2": 6.729796953275172, "logK": -0.24911603992266085, "loc": 0.0882417111247103, "logScale": -0.7534684709254258}