{"g1": 0.04057346627366325, "g2": 5.900912045695036, "logK": 0.7544668766676719, "loc": 0.019472216319461028, "logScale": -0.3707204270911074}