{"g1": 0.10029089704971345, "g2": 0.016174669338250514, "logK": 0.2973527066510821, "loc": -0.07636525160441543, "logScale": -0.7233761426207747}