{"g1": 0.11217815879162785, "g2": 0.05504338717092505, "logK": 0.5377465363006012, "loc": 0.11004529580268317, "logScale": -0.905772141364725}