{"g1": 0.08280786992176406, "g2": 0.756147162446856, "logK": 0.2250458696813109, "loc": 0.09986943594589337, "logScale": -0.7918132954957089}