{"g1": 0.974012734917694, "g2": 8.411261472500199, "logK": 0.5163408853853221, "loc": -0.017359403436017325, "logScale": -3.9787252416535797}