{"g1": 0.007963315231672314, "g2": 10.303385744913243, "logK": -4.877259282338049, "loc": 0.11583178862355192, "logScale": 0.7104434424140118}