{"g1": 0.999430818891614, "g2": 10.80883209561876, "logK": -1.8436653363666462, "loc": -0.005544783391368749, "logScale": -3.5311697984768435}