{"g1": 0.9069215470689287, "g2": 14.95017588098093, "logK": -4.882507513526342, "loc": 0.0019430497305872024, "logScale": -3.982453831398127}