{"g1": 0.877767586185725, "g2": 6.184660226579835, "logK": -1.461962006697743, "loc": 0.0016292983283769527, "logScale": -3.7868353302137785}