{"g1": 0.7014599419265857, "g2": 13.211537443391453, "logK": -2.2585752648818973, "loc": -0.007606426339387095, "logScale": -3.972301009506331}