{"g1": 0.1431355237825914, "g2": 12.517997225397977, "logK": 0.9865242377157357, "loc": -0.0064755838235856875, "logScale": -1.8606294826550356}