{"g1": 0.5484403547388994, "g2": 10.136295301067708, "logK": -0.965177367420271, "loc": 0.0018458208358695604, "logScale": -3.9867306291790756}