{"g1": 0.05913258841385404, "g2": 12.12962197026326, "logK": 0.8694561728081704, "loc": 0.07439209416715796, "logScale": -1.9249844213038134}