{"g1": 0.5380487623972864, "g2": 0.006123736541480351, "logK": -3.545590899277256, "loc": 0.003714335420570475, "logScale": -3.994888610074335}