{"g1": 0.018600367855457087, "g2": 2.742043290611804, "logK": -0.16621315130929426, "loc": 0.0980967285574169, "logScale": 0.12481539070261113}