{"g1": 0.017706921975098176, "g2": 12.188713610429422, "logK": -2.815708222841022, "loc": -0.011255050477208012, "logScale": 0.06329582915300058}