{"g1": 0.4381804185140996, "g2": 10.729382353633024, "logK": 0.2577202052512302, "loc": -0.06021147302400574, "logScale": -1.8539940022398178}