{"g1": 0.02589477626411353, "g2": 5.326635587934849, "logK": 0.7343326733425632, "loc": -0.1185693920250267, "logScale": 0.1452271567957797}