{"g1": 0.3282349448069538, "g2": 0.07114410671183347, "logK": 0.28695771234055334, "loc": -0.1484722058171889, "logScale": 0.4978019091695097}