{"g1": 0.8144422872998416, "g2": 0.12867378314142375, "logK": 0.3114987536069683, "loc": -0.023953119338941974, "logScale": -1.4202402239292673}