{"g1": 0.0035707969916511685, "g2": 8.204503091591345, "logK": -2.7876796794146523, "loc": -0.04396256454592012, "logScale": 0.024037506740316003}