{"g1": 0.4617172988945405, "g2": 0.016625397996983537, "logK": -3.80909065276957, "loc": 0.13367683887225587, "logScale": 0.530350390945439}