{"g1": 0.8299171867980965, "g2": 12.007996752672184, "logK": 0.9947440690056546, "loc": -0.021317015495123916, "logScale": -3.9953754316745203}