{"g1": 0.8289584472195121, "g2": 9.693058028949762, "logK": -3.75888454766906, "loc": -0.00022223412343858398, "logScale": -3.984212901178216}