{"g1": 0.08359967750455018, "g2": 8.256628450881076, "logK": -0.8721429389564384, "loc": -0.08609113766423218, "logScale": 0.5304130465531832}