{"g1": 0.9664998760779273, "g2": 10.190750455522545, "logK": -3.987813684137464, "loc": 0.0014800845639955712, "logScale": -3.924180647145846}