{"g1": 0.9930541282911065, "g2": 14.551652671041708, "logK": -0.8473921597691273, "loc": 0.0008442263119217315, "logScale": -3.951633400234668}