{"g1": 0.5541669984429348, "g2": 9.14219469366699, "logK": -3.480255134689499, "loc": -0.0003339138811310448, "logScale": -3.893369136233663}