{"g1": 0.7064742502257886, "g2": 7.878448939964622, "logK": -3.110496725448354, "loc": -0.0065272925204864765, "logScale": -3.992213233001961}