{"g1": 0.996614924185246, "g2": 1.2888452846134006, "logK": -1.0456473054488131, "loc": -0.009014755599238556, "logScale": -3.9625190325527675}