{"g1": 0.8048625643366888, "g2": 4.980239045740176, "logK": -1.6546265763828996, "loc": -0.0026471707361077523, "logScale": -3.9790301170330644}