{"g1": 0.9578995963692553, "g2": 11.029813116581542, "logK": -3.1172889626259996, "loc": 0.0005802127923338503, "logScale": -3.839239821632129}