{"g1": 0.024891913452850276, "g2": 12.158502550553772, "logK": 0.7879350740851294, "loc": -0.11746559999795589, "logScale": -1.3090368627688242}