{"g1": 0.014547919404771745, "g2": 6.960275045988112, "logK": 0.4618831844873414, "loc": -0.058156555432935554, "logScale": 0.41026324046763096}