{"g1": 0.2407478984185005, "g2": 0.044113410037269624, "logK": 0.7864028277135447, "loc": -0.052805102552037846, "logScale": -0.21164346534348605}