{"g1": 0.9991463100294443, "g2": 13.573311583472412, "logK": 0.4543494339436447, "loc": -0.020173298666555976, "logScale": -3.823206673833839}