{"g1": 0.020942135185987327, "g2": 9.139514449698028, "logK": 0.4084340674727285, "loc": -0.020877131913986116, "logScale": -1.0993082355461825}