{"g1": 0.9975903783146384, "g2": 9.166845678189219, "logK": -3.1855468982007906, "loc": 0.006978541843910301, "logScale": -3.9984540572120015}