{"g1": 0.7605866464429718, "g2": 0.007518061874393855, "logK": -0.03467338487407856, "loc": 0.07460794174248186, "logScale": -0.5920895652863677}