{"g1": 0.18681516785820718, "g2": 0.10470624732831992, "logK": -4.492335698264515, "loc": -0.05074905498419374, "logScale": -1.2839863739762496}