{"g1": 0.5920825011001105, "g2": 5.902996216568872, "logK": -1.2553057227692732, "loc": -0.005295630017611752, "logScale": -3.860364841214818}