{"g1": 0.6887619151582601, "g2": 0.03877623450836287, "logK": -4.9885816463681625, "loc": -0.003912460534939216, "logScale": -3.8105924802403726}