{"g1": 0.04114640800499892, "g2": 6.107430127972088, "logK": 0.5434042210850674, "loc": -0.12418435509560198, "logScale": -0.8096122192972952}