{"g1": 0.6961229024637499, "g2": 0.04043782472193813, "logK": 0.6030818319250155, "loc": -0.14889194578311057, "logScale": -1.8407944280329462}