{"g1": 0.01730985783390534, "g2": 10.164231503392402, "logK": 0.18939213595501872, "loc": -0.03254379491800613, "logScale": -0.7791226335132165}