{"g1": 0.6365880146651447, "g2": 11.317404131864246, "logK": -0.8708630745958039, "loc": -0.008355672846790415, "logScale": -3.350437014445429}