{"g1": 0.9248068068967211, "g2": 1.5064245777493879, "logK": -4.254234896229896, "loc": 0.0031827427507799023, "logScale": -3.990814289928727}