{"g1": 0.7775016127389973, "g2": 4.452223719634079, "logK": -4.391317045219301, "loc": 0.0011488244523056362, "logScale": -3.9790363787975322}