{"g1": 0.001551015024108482, "g2": 10.29118883231503, "logK": -3.001800096051563, "loc": -0.07437574250490686, "logScale": 0.21820884630783777}