{"g1": 0.927298230762517, "g2": 3.281824342678771, "logK": 0.5375210827848288, "loc": -0.01586901464155054, "logScale": -3.850888937781158}