{"g1": 0.6207259956117333, "g2": 0.5725554948223213, "logK": -3.6269455743648917, "loc": 0.000471051706298355, "logScale": -3.9874030558682225}