{"g1": 0.9949835083471492, "g2": 5.381497073890344, "logK": -2.034483578414159, "loc": -0.0035031222771657114, "logScale": -3.9817214788373807}