{"g1": 0.47240896898945645, "g2": 6.446081373378614, "logK": -2.571519790405012, "loc": 0.0005364664065858555, "logScale": -3.9836153918389545}