{"g1": 0.9954381967539541, "g2": 10.941459429777284, "logK": 0.6192432871541513, "loc": -0.03857065241271768, "logScale": -3.785972974626049}