{"g1": 0.612706619898204, "g2": 2.237596736180185, "logK": -4.999515372789706, "loc": 0.006199318296217653, "logScale": -3.9711783483455347}