{"g1": 0.026953120597314143, "g2": 4.902462170746953, "logK": -3.9409427257007668, "loc": 0.06533957855727401, "logScale": 0.41087987202282744}