{"g1": 0.9191436215687581, "g2": 11.276272865951244, "logK": 0.7407000079838179, "loc": -0.04788812561728517, "logScale": -2.715221440747397}