{"g1": 0.04050635569972698, "g2": 1.8858911011689907, "logK": 0.5208561578447161, "loc": 0.043100585491678, "logScale": -1.3261854103419326}