{"g1": 0.8247576043859867, "g2": 7.575146041252294, "logK": -4.997345135817211, "loc": -0.007113524100681747, "logScale": -3.853609787194018}