{"g1": 0.04659560539042409, "g2": 13.61063716490776, "logK": 0.9079017660747964, "loc": -0.11150518900548478, "logScale": -1.0079603782798168}