{"g1": 0.7583564875866827, "g2": 2.0087745173514335, "logK": -2.8411448258806047, "loc": 0.002811608444743553, "logScale": -3.9998883860971883}