{"g1": 0.040863583324412124, "g2": 14.975974468006418, "logK": 0.5573450994872855, "loc": -0.022814324568362958, "logScale": -0.37608937794142183}