{"g1": 0.9776515947211081, "g2": 4.52504864274424, "logK": -2.331557379920138, "loc": 0.004119338752615283, "logScale": -3.999725228826481}