{"g1": 0.9245573030311709, "g2": 11.591145690358033, "logK": -3.6150643932493303, "loc": 0.006592872219912709, "logScale": -3.9749776414951112}