{"g1": 0.9869412566795492, "g2": 8.204262568200859, "logK": -1.4238061764449166, "loc": -0.006572221023312537, "logScale": -3.985802980923672}