{"g1": 0.9989678030737398, "g2": 14.635559627445218, "logK": -3.091871421520551, "loc": 0.0030681027602080593, "logScale": -2.890272551528739}