{"g1": 0.9957082320790408, "g2": 4.793875935698108, "logK": -1.2145062045510164, "loc": -0.011453043882070612, "logScale": -3.8671872159188405}