{"g1": 0.8898614753168749, "g2": 10.307194674414388, "logK": 0.9008357866557604, "loc": -0.02985514343070335, "logScale": -2.5267229887376432}