{"g1": 0.9614062872964568, "g2": 2.40571292365454, "logK": -3.9269816494061307, "loc": -0.0023633257122980394, "logScale": -3.9996754137611576}