{"g1": 0.6138408671904393, "g2": 0.2698677807719534, "logK": 0.4310935096739688, "loc": -0.061606965245427234, "logScale": -0.16948617297433263}