{"g1": 0.024812836920929213, "g2": 2.6000055191711926, "logK": 0.8830063659485688, "loc": -0.10210481921799787, "logScale": -0.8448680493362766}