{"g1": 0.782653020978574, "g2": 6.801684702199076, "logK": -0.765791413549773, "loc": -0.0022001692533872488, "logScale": -3.920233234950554}