{"g1": 0.9925050684316273, "g2": 13.949741125851908, "logK": -2.594908523677619, "loc": 0.0020801004752069112, "logScale": -3.64953183501385}