{"g1": 0.0793189415910304, "g2": 13.600473481601039, "logK": 0.40709668970770085, "loc": -0.001174997339433024, "logScale": 0.05117200930459753}