{"g1": 0.00158654609635632, "g2": 9.182543445915726, "logK": 0.7177695361298293, "loc": 0.11663776706803641, "logScale": -0.5080601555584479}