{"g1": 0.9068868093184588, "g2": 9.236687471953557, "logK": -0.18444133109360705, "loc": -0.006712976553807551, "logScale": -3.9775980320764104}