{"g1": 0.9924981243085023, "g2": 4.832529351392154, "logK": -0.5870397088276393, "loc": -0.018912165582424256, "logScale": -3.735060815861686}