{"g1": 0.017493183690093103, "g2": 0.6650405450582533, "logK": 0.9937071422628191, "loc": -0.07780548012040507, "logScale": -0.8179496328467476}