{"g1": 0.07265918150724153, "g2": 13.72830627851116, "logK": -1.971109459086442, "loc": 0.06688558353258839, "logScale": 0.6159153008732394}