{"g1": 0.8492100621462199, "g2": 1.3739523609957112, "logK": -0.8306624259018234, "loc": -0.01389500803356008, "logScale": -3.6413939915010034}