{"g1": 0.003390932608227863, "g2": 11.491540820650624, "logK": -4.439038551137806, "loc": 0.09731009351278658, "logScale": 0.5182902310074742}