{"g1": 0.040867121784715126, "g2": 11.11422252957448, "logK": 0.46952382739553944, "loc": -0.06962640798914732, "logScale": -1.9123481006622627}