{"g1": 0.07728756657522372, "g2": 12.82231313690464, "logK": -0.5414507581675861, "loc": -0.08414375002540858, "logScale": -1.4226985348599457}