{"g1": 0.140070534718291, "g2": 12.988237361128979, "logK": 0.6185999773813537, "loc": 0.01353120709395637, "logScale": -1.865896702184442}