{"g1": 0.91554753398905, "g2": 8.759605071467307, "logK": 0.6668922111408123, "loc": -0.033016418445767685, "logScale": -3.1968859400900214}