{"g1": 0.4232913778326015, "g2": 0.009879918338321358, "logK": -1.7793874647430374, "loc": -0.010616451405314628, "logScale": -1.5300649603279641}