{"g1": 0.9958712794629886, "g2": 4.9938600188097695, "logK": 0.02776120931634285, "loc": -0.019901441966205583, "logScale": -3.992308243246095}