{"g1": 0.8945092218492874, "g2": 11.084794004231771, "logK": 0.8727259915173868, "loc": -0.03584161262315908, "logScale": -3.0662429109074676}