{"g1": 0.11310217080752792, "g2": 3.1088208922161873, "logK": 0.4134227715353699, "loc": -0.09442344839935551, "logScale": 0.03617063404745646}