{"g1": 0.9304396787997162, "g2": 10.683296043681874, "logK": 0.8813930786474894, "loc": -0.05408527588791556, "logScale": -2.8016941469504593}