{"g1": 0.7022451002704997, "g2": 8.323328896432935, "logK": -1.5921975029526905, "loc": -0.007836496809265122, "logScale": -3.9546100279154377}