{"g1": 0.9607398463564105, "g2": 13.91153823881512, "logK": -1.3319079525899324, "loc": -0.0166550067739433, "logScale": -3.3163283106379517}