{"g1": 0.8141583314728822, "g2": 0.10290610696823944, "logK": -0.8825972995811586, "loc": -0.014608785135878093, "logScale": -3.9449130210964216}