{"g1": 0.5108219491283742, "g2": 12.846093899753042, "logK": 0.9973392254550428, "loc": -0.029447638854524547, "logScale": -3.3478493731230254}