{"g1": 0.06198816363591467, "g2": 3.9971097787685537, "logK": 0.8865682017626983, "loc": 0.08012479638189092, "logScale": -1.448542708817551}