{"g1": 0.5712498607640968, "g2": 0.048086336434504315, "logK": -3.7064105137148013, "loc": 0.01048506650325349, "logScale": -3.4296235541396953}