{"g1": 0.6948230408642257, "g2": 10.623980595350371, "logK": 0.3235040118448511, "loc": -0.03293791815426472, "logScale": -3.6260589202471922}