{"g1": 0.041720697237371825, "g2": 12.471256995894372, "logK": -3.6247157461636004, "loc": -0.01864857328108479, "logScale": 0.8761933564684151}