{"g1": 0.9750859734997122, "g2": 11.839462744950156, "logK": -4.387540404592818, "loc": 0.03144101290306993, "logScale": -2.9742166274114954}