{"g1": 0.9713164244922752, "g2": 11.462720568783368, "logK": 0.5363636183633486, "loc": -0.04073770105153551, "logScale": -2.9193799273806396}