{"g1": 0.04288944380809065, "g2": 12.502410867116302, "logK": 0.825038533881049, "loc": -0.1365955138763796, "logScale": -0.7157271714694386}