{"g1": 0.0036982841010703774, "g2": 14.718415567994604, "logK": -1.1379668270222223, "loc": 0.017727199252167078, "logScale": 0.47534624439523676}