{"g1": 0.9429482820060433, "g2": 11.669315055597483, "logK": -0.4954551952512011, "loc": -0.002282557060121757, "logScale": -3.6595226550693596}