{"g1": 0.0734393256886838, "g2": 0.05046721732071768, "logK": -4.430036586335679, "loc": -0.14638477356756455, "logScale": -1.8094095573502837}