{"g1": 0.8838580709637028, "g2": 5.695657712735638, "logK": -3.374684073424358, "loc": -0.012009363343092685, "logScale": -3.983533531997702}