{"g1": 0.9920002849546098, "g2": 14.588220977556038, "logK": -4.7960538669682995, "loc": -0.0005543460707436417, "logScale": -3.966958600697037}