{"g1": 0.792493580070919, "g2": 12.471059369312767, "logK": -3.6449402636879658, "loc": -0.0036253293577320194, "logScale": -3.998222125481677}