{"g1": 0.9546026645849737, "g2": 11.558130919087054, "logK": -3.845029821987454, "loc": -0.00015531815692551142, "logScale": -3.988496485846786}