{"g1": 0.008838291207810434, "g2": 14.079633571423829, "logK": -0.37575590597641656, "loc": 0.03698832177372258, "logScale": 0.5051621300945366}