{"g1": 0.021464542412762355, "g2": 13.746823813304498, "logK": 0.03468430500202169, "loc": -0.06382955163772344, "logScale": -0.6604125802331845}