{"g1": 0.9568933541816004, "g2": 14.293107369027272, "logK": -2.166138496620607, "loc": 0.0006763370870379376, "logScale": -3.8044709681346562}