{"g1": 0.004886494175732309, "g2": 7.2569381886303, "logK": -3.5968494426502158, "loc": -0.09006791093745845, "logScale": 0.28975827492300854}