{"g1": 0.8153507303461869, "g2": 5.801617423554476, "logK": -1.3398977624652462, "loc": -0.006311055880126067, "logScale": -3.9878872087023285}