{"g1": 0.917929954404526, "g2": 14.258599428541116, "logK": 0.8833262892223942, "loc": -0.03229426834565139, "logScale": -3.1177212921052657}