{"g1": 0.017159772817110744, "g2": 12.392483241464273, "logK": 0.24748969450123418, "loc": -0.040171145205040296, "logScale": 0.12160598615795887}