{"g1": 0.060331415044354235, "g2": 11.412546006812036, "logK": 0.9880479675602578, "loc": 0.09020649485818444, "logScale": -0.9248554405681848}