{"g1": 0.04525110416973058, "g2": 0.07644550007500128, "logK": 0.14601926214553312, "loc": 0.02428106275624911, "logScale": -0.5746897551580196}