{"g1": 0.002314844601312288, "g2": 9.587709825688178, "logK": 0.5157547707808535, "loc": -0.10754913456970319, "logScale": -0.4397147815739544}