{"g1": 0.7126168255317966, "g2": 0.7900731811794746, "logK": -2.109332519959003, "loc": -0.0031500745471914025, "logScale": -3.982353466394122}