{"g1": 0.006164580405893086, "g2": 3.7373692282327693, "logK": -0.8877073151267156, "loc": -0.09075494400489341, "logScale": 0.5502490698351293}