{"g1": 0.0038124131418331153, "g2": 8.915471790779382, "logK": -1.419722378896823, "loc": 0.022694187160321587, "logScale": 0.1170330467040076}