{"g1": 0.009064161876558577, "g2": 13.51540289732829, "logK": 0.9959077414091284, "loc": 0.06382104153121952, "logScale": -1.0457627749800773}