{"g1": 0.5141976416781909, "g2": 8.823943159739585, "logK": -4.246650123967662, "loc": -0.008038388491734516, "logScale": -3.2276677338285196}