{"g1": 0.9592473119959937, "g2": 14.422326958369393, "logK": -0.5611978117447329, "loc": -0.03347025256692982, "logScale": -3.9856745938436995}