{"g1": 0.8888351355786591, "g2": 0.846845926997378, "logK": -4.649020511761695, "loc": 0.004332360750655186, "logScale": -3.8712039444445887}