{"g1": 0.10298952498323818, "g2": 0.00990061709668022, "logK": -0.43581482546334316, "loc": -0.02179758243372054, "logScale": 0.4586159295120325}