{"g1": 0.03741562942113394, "g2": 6.683072196560789, "logK": 0.4849672729174279, "loc": -0.019113165387360416, "logScale": -1.4282841840006903}