{"g1": 0.02374959440946068, "g2": 11.757569448708844, "logK": 0.2550622559958605, "loc": -0.12548389536509535, "logScale": -0.0058916236764869345}