{"g1": 0.5617705033419086, "g2": 4.73252530609454, "logK": -1.6966021272791982, "loc": -0.003026797312565846, "logScale": -3.9853983341273485}