{"g1": 0.5661630781046155, "g2": 3.843446000486998, "logK": 0.996498019143171, "loc": -0.13877092001791708, "logScale": -2.3798680936096686}