{"g1": 0.02168554563108291, "g2": 7.193136506292955, "logK": 0.9779931003507301, "loc": 0.015665482820339468, "logScale": -0.7683212009513859}