{"g1": 0.7873967073942885, "g2": 0.32062109639123104, "logK": 0.9861902568468759, "loc": -0.14860080588881597, "logScale": -2.2684483261997315}