{"g1": 0.3779566652183629, "g2": 0.009831218842241307, "logK": 0.038871977052432616, "loc": -0.03319050539948723, "logScale": -1.929529089665336}