{"g1": 0.7949650872262963, "g2": 6.490909037437261, "logK": 0.7241810535509364, "loc": -0.10445673167729394, "logScale": -1.9411437389345831}