{"g1": 0.9999562558590824, "g2": 8.149701551627265, "logK": -4.3196830854787045, "loc": 0.010017264000869587, "logScale": -3.9730115650164057}