{"g1": 0.029951211863305148, "g2": 10.518801361080714, "logK": -0.15087829293305965, "loc": -0.0754719703506224, "logScale": 0.07110146745127066}