{"g1": 0.9094264446635253, "g2": 10.276589778984562, "logK": -4.7786912767676295, "loc": -0.007473650589572717, "logScale": -3.7567115758520986}