{"g1": 0.02765997568991714, "g2": 6.758377681983074, "logK": 0.5406497363463713, "loc": -0.0010061858359846527, "logScale": -0.16055991275748857}