{"g1": 0.8971292461950052, "g2": 12.692013201910587, "logK": -2.44296000831504, "loc": 0.001977921706843672, "logScale": -3.9997079546714422}