{"g1": 0.017418542490913853, "g2": 3.7957193340185156, "logK": 0.7518897799202879, "loc": -0.007601350706773591, "logScale": -1.3521650481470582}