{"g1": 0.9509376621254024, "g2": 0.13801471583344696, "logK": -0.01622880800512172, "loc": 0.1364820790312313, "logScale": 0.24369280656301878}