{"g1": 0.0708446778545167, "g2": 13.95924154833739, "logK": -0.19177192554297928, "loc": -0.1194988249476636, "logScale": 0.2963696884692001}