{"g1": 0.8358412616760091, "g2": 3.5293040205663235, "logK": -3.9052169579453215, "loc": -0.0011975037065141692, "logScale": -3.999064866371605}