{"g1": 0.7926896458819788, "g2": 0.09001686560579003, "logK": -2.08052003006326, "loc": 0.003343912687747032, "logScale": -3.9649674179193974}