{"g1": 0.027542876775959374, "g2": 12.589744001405686, "logK": -1.9309776411683608, "loc": 0.0730865831204458, "logScale": 0.2964727031738083}