{"g1": 0.3306579114731185, "g2": 1.7731638747281826, "logK": 0.7924728128709011, "loc": -0.10442224334536351, "logScale": -2.1344321848964367}