{"g1": 0.40446413829333727, "g2": 0.2608750995122063, "logK": 0.3801961891763399, "loc": -0.12620061959050155, "logScale": -1.7761243369813982}