{"g1": 0.9755815155767901, "g2": 13.952943850847419, "logK": 0.9932812888103413, "loc": -0.13451297411098947, "logScale": -2.118790354216509}