{"g1": 0.5431890231090529, "g2": 8.526739505089779, "logK": -1.7535002856814117, "loc": -0.015845658561840704, "logScale": -3.576102761124197}