{"g1": 0.0031956277456651216, "g2": 7.022357227060058, "logK": -1.0757382608841093, "loc": -0.020685253284008692, "logScale": 0.7282435992080019}