{"g1": 0.007942465596754957, "g2": 14.569863663782858, "logK": 0.991673747665968, "loc": -0.04688464174914053, "logScale": -1.3238794593532373}