{"g1": 0.8520406525031681, "g2": 2.0076095534414686, "logK": -2.8254965813546455, "loc": 0.005329166627258875, "logScale": -3.9682344235809475}