{"g1": 0.027955089133016413, "g2": 14.984356913990267, "logK": 0.04035270196257745, "loc": -0.1455428242789687, "logScale": -0.38847653859758247}