{"g1": 0.025840059148263275, "g2": 11.229435082377204, "logK": 0.9773228524500894, "loc": 0.002512133993736565, "logScale": -1.3076563848015434}