{"g1": 0.05323574297840975, "g2": 10.70228920256074, "logK": 0.8933412928417287, "loc": -0.14458213712150333, "logScale": -0.9204400324343296}