{"g1": 0.4566481405552544, "g2": 7.0794535396604585, "logK": 0.8735255486147033, "loc": -0.09060541621641936, "logScale": -2.2591142261795727}