{"g1": 0.046777389158654675, "g2": 12.60931610435529, "logK": 0.7172542307054344, "loc": -0.02688277625235025, "logScale": -0.5601141191007534}