{"g1": 0.6404947853279532, "g2": 7.4934070139454745, "logK": 0.9948241577222998, "loc": -0.10410495069214637, "logScale": -1.8098446825033572}