{"g1": 0.0961235813137477, "g2": 0.02306741113609334, "logK": -0.09939001236277556, "loc": -0.006445527139328019, "logScale": -1.1249315551915091}