{"g1": 0.05942557357133046, "g2": 14.049345072376397, "logK": 0.9010437769196351, "loc": -0.09504469949640527, "logScale": -0.7645174149927013}