{"g1": 0.8701419118196909, "g2": 9.566872480227829, "logK": -1.9907554968535701, "loc": -0.004595074506484099, "logScale": -3.8360174444928026}