{"g1": 0.5610607040548262, "g2": 8.47769617687934, "logK": 0.326066596467379, "loc": 0.006120876672289226, "logScale": -3.7416711935970386}