{"g1": 0.8342549782288005, "g2": 7.148237921886574, "logK": -2.995354263112746, "loc": -0.005581879769712419, "logScale": -3.990729852314128}