{"g1": 0.30587109904073584, "g2": 1.758631592864265, "logK": 0.06437453785376274, "loc": 0.0015654584218232834, "logScale": -3.799049713024878}