{"g1": 0.9456758541362178, "g2": 13.23199954656208, "logK": -0.1312864403961691, "loc": -0.013886330431719723, "logScale": -3.9498319893672105}