{"g1": 0.8267524145268734, "g2": 0.05309196671825411, "logK": -4.596796742822065, "loc": -0.015057719653185716, "logScale": -3.938374831109136}