{"g1": 0.007455454788550517, "g2": 6.91252835737397, "logK": -0.7614130207139626, "loc": 0.110046425467739, "logScale": 0.6860924378439615}