{"g1": 0.015634062147663497, "g2": 6.906748153045261, "logK": -0.5374910222336167, "loc": 0.05055227725264547, "logScale": 0.24928829272149122}