{"g1": 0.9967368666010616, "g2": 11.023954661686103, "logK": -3.1199298841411247, "loc": 0.006580546901419011, "logScale": -3.9842457441305528}