{"g1": 0.6306669452599869, "g2": 1.5442793923486309, "logK": 0.5033127710550019, "loc": -0.009869411950498105, "logScale": -3.953523193418782}