{"g1": 0.03919790554395002, "g2": 9.54494930578878, "logK": 0.9702462104326037, "loc": -0.14101343559846746, "logScale": -0.9134496440187889}