{"g1": 0.02153259883178303, "g2": 4.259547079462115, "logK": 0.991233760801383, "loc": 0.017005531365842638, "logScale": -0.8913304396892746}