{"g1": 0.9139409795361362, "g2": 9.403914867132912, "logK": 0.960256625371792, "loc": -0.056783048264285776, "logScale": -3.5840936588740737}