{"g1": 0.008577773367255542, "g2": 12.289160303535859, "logK": -0.047202560729635024, "loc": -0.03340236764151786, "logScale": -0.452288084513018}