{"g1": 0.046351832113448135, "g2": 6.193654742258994, "logK": 0.5947854906095867, "loc": -0.041777847199417996, "logScale": -0.4379122094063003}