{"g1": 0.5423276000489194, "g2": 6.5592852254080105, "logK": 0.3190878423564957, "loc": -0.02264453746310849, "logScale": -3.175962509261972}