{"g1": 0.8532880311104213, "g2": 0.036590716555621246, "logK": 0.39252778893532203, "loc": -0.060437180292536634, "logScale": -1.727145238944587}