{"g1": 0.60978046285658, "g2": 6.623813187688059, "logK": 0.9825238839078794, "loc": -0.11111237452101465, "logScale": -1.8219063692112523}