{"g1": 0.8979627098446152, "g2": 3.0073806910910665, "logK": -3.4384744197107096, "loc": -0.0010427504974147225, "logScale": -3.9748559665877}