{"g1": 0.6964523372699294, "g2": 0.3075198185288106, "logK": -0.6776788859327563, "loc": -0.005481329105455731, "logScale": -3.9710446042109115}