{"g1": 0.8340438421670018, "g2": 6.309330463916631, "logK": -1.024904289314918, "loc": -0.012806098890625442, "logScale": -3.9651653594694842}