{"g1": 0.06257612247972617, "g2": 0.8462006131582978, "logK": -1.670346968813184, "loc": -0.009619857365065945, "logScale": 0.8820870797680623}