{"g1": 0.9702298421882495, "g2": 14.012127278044535, "logK": 0.34583378767341966, "loc": -0.046481284278023616, "logScale": -2.390703155505188}