{"g1": 0.019220521840620883, "g2": 3.8156661219003705, "logK": 0.058496197295828445, "loc": 0.07680378929216342, "logScale": -0.07962925535120423}