{"g1": 0.3881691582049487, "g2": 0.037631582519860846, "logK": 0.4509408089386657, "loc": 0.09535344888136218, "logScale": -0.025415230175353076}