{"g1": 0.9809050838991222, "g2": 8.884121789505755, "logK": -4.054212110173517, "loc": 0.0018906636394678154, "logScale": -3.9892232451828553}