{"g1": 0.08232094623224734, "g2": 6.979381648689664, "logK": 0.1558651747689893, "loc": -0.11177001221183956, "logScale": -0.5349038722118734}