{"g1": 0.9584397590345919, "g2": 8.974081518248221, "logK": -4.310827199228022, "loc": 0.008501882189693725, "logScale": -3.836323480176282}