{"g1": 0.9655103394516675, "g2": 13.710952242625426, "logK": -1.1254373906677007, "loc": -0.03492242646720488, "logScale": -2.7750045382927135}