{"g1": 0.7128472725836843, "g2": 0.1511278117529553, "logK": 0.2491037654921385, "loc": 0.03499728890269414, "logScale": 0.6701466977511136}