{"g1": 0.9719059299180022, "g2": 10.546949044821156, "logK": 0.5377994880201198, "loc": -0.08094451048271689, "logScale": -2.722572202757812}