{"g1": 0.044584203304383, "g2": 2.669406888915082, "logK": 0.43896472760924815, "loc": 0.07180577331726146, "logScale": 0.08015070483972409}