{"g1": 0.9578813462197072, "g2": 14.969271312383784, "logK": -3.503090490626661, "loc": -0.003360760359458012, "logScale": -3.879090532730024}