{"g1": 0.04919778675449859, "g2": 14.975145103254583, "logK": 0.8572446165853288, "loc": 0.048515183124427014, "logScale": -1.2681298242159191}