{"g1": 0.003996954098635361, "g2": 9.886328516720774, "logK": -3.876628272061634, "loc": -0.03458199281206368, "logScale": 0.23556954206240951}