{"g1": 0.8718466365472571, "g2": 8.229263185270806, "logK": 0.8202975922037593, "loc": -0.09064870433800581, "logScale": -2.3429315350896616}