{"g1": 0.8573817948086491, "g2": 10.81860180718349, "logK": -1.2871560899945287, "loc": -0.003816155599508349, "logScale": -3.9968310747238593}