{"g1": 0.7869469306412692, "g2": 14.989479333828037, "logK": 0.9987991418545082, "loc": -0.02333594376987797, "logScale": -3.616201818541036}