{"g1": 0.9977151850348969, "g2": 8.7991982426373, "logK": -2.2609181394611872, "loc": 0.0021285556078969557, "logScale": -3.9964994897247457}