{"g1": 0.9982336365081957, "g2": 9.865474971125636, "logK": -1.18509419075122, "loc": -0.007615215292002492, "logScale": -3.9933864183371917}