{"g1": 0.3714298749979523, "g2": 0.014351576749846107, "logK": 0.9510834702682474, "loc": -0.11515512065051858, "logScale": -2.594382625672597}