{"g1": 0.5783902663153568, "g2": 0.011348921758249947, "logK": 0.9957396852928815, "loc": 0.016844365982090388, "logScale": -2.765745074164247}