{"g1": 0.9039552854218019, "g2": 14.081780749323189, "logK": -1.9038896345564016, "loc": 0.01062245022341129, "logScale": -3.9851109512407596}