{"g1": 0.549960357371605, "g2": 1.4121614949000723, "logK": 0.9908813435195594, "loc": -0.13393505544359, "logScale": -2.539366508748749}