{"g1": 0.9407312222902353, "g2": 14.120024257617532, "logK": 0.5332304400398129, "loc": -0.13194152332725798, "logScale": -0.28717043267441733}