{"g1": 0.7914147853199994, "g2": 0.6884266166269073, "logK": -1.08381208187741, "loc": -0.00669868718204792, "logScale": -3.9930819108363966}