{"g1": 0.08091478479418429, "g2": 3.8238603985290753, "logK": 0.9945623636188105, "loc": -0.012183208434116296, "logScale": -2.461371107975394}