{"g1": 0.9452304507723597, "g2": 8.483703632731174, "logK": -3.00885214029088, "loc": -0.011173118825416863, "logScale": -3.962791011606068}