{"g1": 0.8630773538698159, "g2": 0.16637970451074705, "logK": -0.25666463886816193, "loc": -0.09377863331825487, "logScale": -0.41220516851653927}