{"g1": 0.005837272669769092, "g2": 3.958099362421801, "logK": -0.15523689383365957, "loc": 0.05290619684106462, "logScale": -0.3880031352913382}