{"g1": 0.3479248645041876, "g2": 0.07919799529119209, "logK": -1.1229565904176906, "loc": 0.0018232963873327651, "logScale": 0.19590622956345857}