{"g1": 0.9989940393585064, "g2": 11.943712578968038, "logK": -3.6592198493591326, "loc": 5.7872174922624173e-05, "logScale": -3.9974080548552413}