{"g1": 0.11563766375972828, "g2": 0.012366769185664803, "logK": -4.87271990781944, "loc": -0.07168660888765932, "logScale": 0.8586020123776853}