{"g1": 0.004299945433605908, "g2": 10.286861262243976, "logK": 0.793350752595325, "loc": -0.05079839571483757, "logScale": -0.4426707030772803}