{"g1": 0.019185386248961333, "g2": 8.758313578751055, "logK": -0.056973775590319437, "loc": 0.018164702653694735, "logScale": 0.6667933512209424}