{"g1": 0.15727818110651004, "g2": 2.377244875993392, "logK": 0.09100691388675042, "loc": -0.010765009913632089, "logScale": 0.01047696210504745}