{"g1": 0.19067023099940528, "g2": 12.660933312971038, "logK": 0.6582540466463018, "loc": -0.06380978934533749, "logScale": -1.419239351144173}