{"g1": 0.6766962021524427, "g2": 8.366110901000765, "logK": -2.19395229121592, "loc": -0.008388898204273212, "logScale": -3.9804964837882206}