{"g1": 0.013226960718827577, "g2": 10.728404065248323, "logK": -2.9349300788976205, "loc": 0.0289668566428117, "logScale": 0.7233192697656621}