{"g1": 0.9817632257857518, "g2": 11.269025985177432, "logK": -4.217528839407942, "loc": 0.004802398372578038, "logScale": -3.808021215469143}