{"g1": 0.02192434394501168, "g2": 5.705205579202652, "logK": 0.7902494284544954, "loc": -0.06144973065087986, "logScale": -0.2919369138584504}