{"g1": 0.9993315284437064, "g2": 13.680551705356665, "logK": -2.7902557935350454, "loc": -0.00037877815243336777, "logScale": -3.6990406769077286}