{"g1": 0.03908760057359513, "g2": 6.251016560102875, "logK": 0.5387743536181864, "loc": -0.12281273380070529, "logScale": -0.8077352001799123}