{"g1": 0.43305991289086987, "g2": 0.07809184668271918, "logK": -0.29567268697060967, "loc": -0.006902589288491988, "logScale": -3.984349049981914}