{"g1": 0.10613054579305908, "g2": 13.07689344721387, "logK": 0.7077119360127523, "loc": -0.06450425193993711, "logScale": -1.6141312950005484}