{"g1": 0.9114561346331255, "g2": 14.86155073640492, "logK": -0.521082117764595, "loc": -0.010250567933416, "logScale": -3.984861609208709}