{"g1": 0.8324163424948267, "g2": 13.827464927511379, "logK": -2.1087171001807485, "loc": -0.000802483278940282, "logScale": -3.99733993515001}