{"g1": 0.015787982202709147, "g2": 14.523453187137084, "logK": 0.7542478591624113, "loc": 0.08891532021929802, "logScale": -1.5808281249885068}