{"g1": 0.0021582864821120262, "g2": 6.896187979429627, "logK": -0.11809275849253581, "loc": 0.07167033225439243, "logScale": -0.9292250347371874}