{"g1": 0.71496288007073, "g2": 2.3231531619305335, "logK": 0.982795973490123, "loc": -0.08423007764754484, "logScale": -2.2367520891316097}