{"g1": 0.35548328194539536, "g2": 0.014542950656802972, "logK": 0.38226495635840274, "loc": -0.02681153918980969, "logScale": -2.1826765802432466}