{"g1": 0.03653598349152709, "g2": 0.58102680039622, "logK": 0.5633927081127883, "loc": -0.14944012771521378, "logScale": -1.357925696889512}