{"g1": 0.25226513648905297, "g2": 8.469389282559234, "logK": 0.8333290794595862, "loc": -0.14976994491461787, "logScale": -1.7026980353397032}