{"g1": 0.9953963103783354, "g2": 5.06209800754324, "logK": 0.61565614497308, "loc": -0.03425577551225954, "logScale": -2.8717502481663812}