{"g1": 0.8999422365546257, "g2": 0.028480969228048103, "logK": 0.8628921809558151, "loc": -0.08571784189846521, "logScale": -0.7664708916910066}