{"g1": 0.060493778181069234, "g2": 12.401301907609351, "logK": -3.6807289243175916, "loc": -0.08448806109392445, "logScale": -0.4268746621745981}