{"g1": 0.020309383736506936, "g2": 10.357732951183607, "logK": -0.5497149799454011, "loc": 0.05165540097896608, "logScale": -0.40974666084651623}