{"g1": 0.9902827841413919, "g2": 3.6743691265496974, "logK": -1.032043166343974, "loc": -0.0112464000209961, "logScale": -3.865095096578938}