{"g1": 0.0112561013789918, "g2": 4.388506700304827, "logK": 0.1491313922777036, "loc": 0.006884721574423228, "logScale": -0.0007588067834561896}