{"g1": 0.999856059711691, "g2": 8.58657902180737, "logK": -2.1430762988803442, "loc": -0.008631215488967425, "logScale": -3.992191239510737}