{"g1": 0.26162768799478114, "g2": 0.006585154188268161, "logK": -3.4355413743592043, "loc": -0.101612006530088, "logScale": 0.7398134542891206}