{"g1": 0.9414028562652947, "g2": 10.711173632380863, "logK": -4.764912017179226, "loc": -0.0028055053026665175, "logScale": -3.9892901130199965}