{"g1": 0.5365771179405059, "g2": 0.9755006529717718, "logK": 0.5756440036026867, "loc": -0.10070047911872063, "logScale": -1.930100881601399}