{"g1": 0.11658315862351276, "g2": 8.059725886355112, "logK": 0.3830327713291603, "loc": -0.1254423923179106, "logScale": -0.9455358695225787}