{"g1": 0.392000831207065, "g2": 0.015019832464413895, "logK": -3.5257752461160985, "loc": 0.0825105996628725, "logScale": -1.5765183627859063}