{"g1": 0.019529281178022856, "g2": 7.860301682626738, "logK": 0.5355807589015745, "loc": -0.14392880236053235, "logScale": -0.22940375191205548}