{"g1": 0.9054630174893475, "g2": 14.272535734455747, "logK": 0.8228506401141833, "loc": -0.04851638503013543, "logScale": -3.399000419505756}