{"g1": 0.9831628019237322, "g2": 11.941788120895673, "logK": -2.552926321731861, "loc": -0.005229557988189399, "logScale": -3.8684384836804475}