{"g1": 0.06216545245522444, "g2": 1.613214096791513, "logK": 0.9706624526459907, "loc": 0.12184588141095223, "logScale": -0.9365773405665776}