{"g1": 0.6091474603766233, "g2": 13.958110604563675, "logK": 0.9641868388682209, "loc": -0.03921196253818264, "logScale": -3.854601598045724}