{"g1": 0.0024110622407319884, "g2": 1.7841358130617189, "logK": -0.2888571638283747, "loc": -0.00683636632806353, "logScale": 0.9977302579929723}