{"g1": 0.10623230496970822, "g2": 12.173669869835237, "logK": 0.6333061513816972, "loc": -0.14406286790019276, "logScale": -1.2901587187831884}