{"g1": 0.9415017423225506, "g2": 12.883724889709256, "logK": -1.2979487380550054, "loc": -0.0036475297408395772, "logScale": -3.9846858672644823}