{"g1": 0.9680207298927692, "g2": 13.92972551445493, "logK": -0.11115104708066292, "loc": -0.022040152681931345, "logScale": -3.969402984886526}