{"g1": 0.9786114332809259, "g2": 9.577036481146967, "logK": -1.5198620672166943, "loc": 0.001474842563774989, "logScale": -3.515317784802841}