{"g1": 0.9408970754080163, "g2": 6.020091925106292, "logK": -1.668553869022806, "loc": -0.0010248413666051753, "logScale": -3.985902017594585}