{"g1": 0.9848730877247838, "g2": 8.029502413978506, "logK": -1.3421175468532753, "loc": -0.003532520591754183, "logScale": -3.9944904240955137}