{"g1": 0.009397562698013465, "g2": 9.849332792869848, "logK": 0.6776086462041073, "loc": 0.01169135240525165, "logScale": -0.4906253253768965}