{"g1": 0.012542517874474033, "g2": 14.210379183588985, "logK": 0.5762825724897507, "loc": 0.01570074259903221, "logScale": -0.3278678571087297}