{"g1": 0.7411388391809224, "g2": 10.897171750016831, "logK": 0.512191712540224, "loc": -0.03515439521197196, "logScale": -2.830645559557164}