{"g1": 0.9861661122797617, "g2": 12.180860985846472, "logK": -2.744275681948692, "loc": 0.0036901528454535426, "logScale": -3.7614150984892483}