{"g1": 0.9522442598576764, "g2": 13.803696488325933, "logK": -2.1092561033992565, "loc": 0.018109516336869948, "logScale": -2.6753117370405204}