{"g1": 0.05973169480224888, "g2": 0.2333701075177773, "logK": -0.6396318514192272, "loc": 0.09356878627112401, "logScale": 0.9613245590275592}