{"g1": 0.8149002191360664, "g2": 4.427268372897693, "logK": -3.2944594429191887, "loc": 0.0019534343460004197, "logScale": -3.8400398684126404}