{"g1": 0.931617911310768, "g2": 9.763454891615245, "logK": -1.6406900065795573, "loc": -0.01736943881216319, "logScale": -3.8497158130923763}