{"g1": 0.0017506328218992687, "g2": 10.774572199641735, "logK": 0.7562650946965777, "loc": 0.11787751383474843, "logScale": -0.5177685577943352}