{"g1": 0.9061431225487514, "g2": 12.446800901151915, "logK": -4.937709433510836, "loc": -0.010063253279009787, "logScale": -3.9889215276568617}