{"g1": 0.9745532438445013, "g2": 14.178396045657653, "logK": 0.7237942403536037, "loc": -0.030537362935700446, "logScale": -2.8098429727096677}