{"g1": 0.7336700138697138, "g2": 12.878232533370301, "logK": -3.655871897229657, "loc": -0.0020256573813332494, "logScale": -3.8743729470871897}