{"g1": 0.9556977761110454, "g2": 14.99341967083811, "logK": 0.6736336626892818, "loc": -0.06085744660607452, "logScale": -2.0047641829570235}