{"g1": 0.33573559500919953, "g2": 13.027498404659559, "logK": 0.4714849938267308, "loc": -0.006242920579793927, "logScale": -3.988344641224242}