{"g1": 0.35319092189374046, "g2": 12.174603844549758, "logK": 0.11240008440428939, "loc": -0.0061773546257992765, "logScale": -3.788184444756993}