{"g1": 0.9774620002688437, "g2": 14.21539571704795, "logK": 0.05621316123242237, "loc": -0.0627456978339377, "logScale": -3.522215412121475}