{"g1": 0.9804620013015433, "g2": 13.794818505565416, "logK": -0.021431442879562557, "loc": -0.0013344544224028095, "logScale": -3.914751349203272}