{"g1": 0.2616757931441308, "g2": 0.05129963097594968, "logK": 0.44199991842841824, "loc": 0.018166012906591377, "logScale": 0.025039700402946896}