{"g1": 0.8482045157420656, "g2": 7.417782106009942, "logK": -3.591974261848263, "loc": -0.008287253899576224, "logScale": -3.994861426043568}