{"g1": 0.9921937066877291, "g2": 6.450921189837916, "logK": -3.631183993213219, "loc": -0.008914800279185906, "logScale": -3.9907408336704338}