{"g1": 0.7962900060253036, "g2": 2.6292170769772083, "logK": -4.484733210485637, "loc": -0.0003033873738301114, "logScale": -3.973779169571938}