{"g1": 0.7462454555288043, "g2": 12.553577191324134, "logK": -3.769948139775411, "loc": 0.0020511753963886785, "logScale": -3.885938170427625}