{"g1": 0.533447806742797, "g2": 9.010248970762095, "logK": 0.9841595233087721, "loc": -0.04299581403050973, "logScale": -2.8555665828496437}