{"g1": 0.999525588027123, "g2": 5.43004282155166, "logK": -1.9561582874770482, "loc": -0.013869932713300068, "logScale": -3.990686759621583}