{"g1": 0.6244931493225181, "g2": 14.08107295181618, "logK": -4.4151544845179584, "loc": 0.000169423218548884, "logScale": -3.8308235732758567}