{"g1": 0.021977834511590542, "g2": 4.887800345890525, "logK": 0.858572320994035, "loc": -0.13764662887490978, "logScale": -1.1795836887265163}