{"g1": 0.7081121720498824, "g2": 12.40460261290209, "logK": -1.012684868300705, "loc": -0.015781558712738748, "logScale": -3.995537293649385}