{"g1": 0.6089844957514359, "g2": 11.89724284635717, "logK": 0.9935447395132412, "loc": -0.02475676272057305, "logScale": -3.1524052129835383}