{"g1": 0.005725922104585257, "g2": 6.974366496205364, "logK": -1.8288962784634129, "loc": -0.14980706399679272, "logScale": 0.44683803396470545}