{"g1": 0.07883447312798925, "g2": 13.30041295380969, "logK": 0.14694800899495386, "loc": 0.10017541002581548, "logScale": -1.2645164152366937}