{"g1": 0.019798592823258993, "g2": 6.2903778090614315, "logK": -0.039967203922085304, "loc": -0.0050407717510135425, "logScale": 0.1159975327921643}