{"g1": 0.999105618907271, "g2": 11.271051623234577, "logK": 0.9966184010104961, "loc": -0.060238427455141956, "logScale": -3.5543711605476243}