{"g1": 0.36087981069727476, "g2": 0.07315384557336291, "logK": -3.524061943074947, "loc": -0.027285141618447348, "logScale": -2.582295885068776}