{"g1": 0.022703824003135434, "g2": 7.852319231656942, "logK": 0.19711206783300023, "loc": -0.05552207671048562, "logScale": 0.056275481756443535}