{"g1": 0.0017831112240175723, "g2": 12.632380782946507, "logK": -2.7237650236392983, "loc": -0.10431402831490788, "logScale": 0.6193628538210995}