{"g1": 0.3862453008642553, "g2": 0.021292711097243178, "logK": -2.4418558868292495, "loc": 0.001201094540740787, "logScale": -3.9861635234033423}