{"g1": 0.023161826806048082, "g2": 9.781857191544931, "logK": 0.7684793473958497, "loc": 0.0646854858349851, "logScale": -0.7290172100624656}