{"g1": 0.11844393580410278, "g2": 9.880885709812564, "logK": 0.8377295593355158, "loc": 0.11809998686363316, "logScale": -0.40838560361978127}