{"g1": 0.6463281934326554, "g2": 8.609592130172508, "logK": 0.9964824290553054, "loc": -0.05850388768589494, "logScale": -3.071185958014436}