{"g1": 0.9349759704166718, "g2": 13.902968627153282, "logK": 0.5611869547043107, "loc": -0.06888943583327045, "logScale": -2.3138865842135155}