{"g1": 0.9006133661829006, "g2": 10.837430628543498, "logK": -4.247913012023549, "loc": -0.009588536371813628, "logScale": -3.938980740886403}