{"g1": 0.7819678598255649, "g2": 13.28362541383635, "logK": -1.318271326249974, "loc": -0.006430789764890903, "logScale": -3.9996378829287975}