{"g1": 0.15022564951995165, "g2": 0.043044552055367724, "logK": 0.5800897795491142, "loc": 0.022310590362682098, "logScale": -0.3730369371429705}