{"g1": 0.0524731077814741, "g2": 12.453944054844962, "logK": 0.6046976542309825, "loc": 0.026395109360572648, "logScale": -0.6455266201226763}