{"g1": 0.9148650266266087, "g2": 6.557265549002241, "logK": 0.5193362647511963, "loc": -0.01320219653211554, "logScale": -3.639314360925759}