{"g1": 0.06810451602594679, "g2": 5.72153709490725, "logK": -0.7630519683666088, "loc": -0.0010137225892356775, "logScale": 0.0173323884846025}