{"g1": 0.10309194708285316, "g2": 7.457926838453534, "logK": 0.6256983434919192, "loc": -0.08829375140044139, "logScale": 0.01837736255532907}