{"g1": 0.04518344239230179, "g2": 9.828191288826488, "logK": 0.26047581616470195, "loc": -0.08215477185082008, "logScale": -1.1252522639959253}