{"g1": 0.33891613439118123, "g2": 0.03838928474353942, "logK": -3.122159299844735, "loc": 0.11609532744757506, "logScale": -1.4918141824633195}