{"g1": 0.7801875325593742, "g2": 9.567774571739928, "logK": 0.9976308662690202, "loc": -0.09458179014195339, "logScale": -2.1105812811640403}