{"g1": 0.8738302527254144, "g2": 12.616988076334966, "logK": -4.387738843456408, "loc": -0.00319398418583023, "logScale": -3.986574116904623}