{"g1": 0.951390796489482, "g2": 13.926674845130389, "logK": -3.1071932254162014, "loc": -0.12556557974300103, "logScale": -0.8455565824680868}