{"g1": 0.03643829834832878, "g2": 9.107842256286187, "logK": -3.8670999116245808, "loc": -0.08677821105982515, "logScale": -0.31745284269970453}