{"g1": 0.45146757721660036, "g2": 3.872414386496487, "logK": -2.5026650738934264, "loc": 0.009975755259434333, "logScale": -3.9891810299635653}