{"g1": 0.3107329553727054, "g2": 0.44981641543943346, "logK": 0.38395518162840525, "loc": -0.10933396116415296, "logScale": -1.562113520921863}