{"g1": 0.03586523379271867, "g2": 7.661084972686662, "logK": -3.9149389465428936, "loc": 0.053246803304901086, "logScale": -0.22943598241904548}