{"g1": 0.49368712127369085, "g2": 10.245346200729296, "logK": -1.6297078917753023, "loc": -0.012981310000343861, "logScale": -3.9971316239191315}