{"g1": 0.9999237184576655, "g2": 12.589689275330409, "logK": -4.611364852674551, "loc": -0.008487517868430001, "logScale": -3.667641106487099}