{"g1": 0.34523077987849, "g2": 4.332348866687574, "logK": -0.8298625112364554, "loc": -0.01651319749411959, "logScale": -3.042338511667526}