{"g1": 0.5959459920348034, "g2": 0.18619465844435124, "logK": -1.0001277093457377, "loc": 0.08833633069313102, "logScale": 0.4574349493317876}