{"g1": 0.06334083049917905, "g2": 14.760175601769244, "logK": 0.05681629053820764, "loc": 0.06069246546624542, "logScale": -0.6749162809340292}