{"g1": 0.15177981545557584, "g2": 0.027007041131713077, "logK": -0.9318124901527396, "loc": -0.12595562874258226, "logScale": -1.048505444301734}