{"g1": 0.5716455063683586, "g2": 6.588505649824238, "logK": -0.2827261042332537, "loc": 0.0011870636422083043, "logScale": -3.9837946935187656}