{"g1": 0.8600279470715329, "g2": 5.101596903541866, "logK": -3.8385586102405855, "loc": 0.004440301192387733, "logScale": -3.9883538624806687}