{"g1": 0.8422375879775416, "g2": 0.04689986065025502, "logK": -4.494687128652795, "loc": 0.002644703985437053, "logScale": -1.3925647384971653}