{"g1": 0.9292342609456868, "g2": 14.695586169561576, "logK": -0.5496759135583962, "loc": -0.007568822167582465, "logScale": -3.994627268172476}