{"g1": 0.10199814879682982, "g2": 5.859941987509412, "logK": 0.1503108856036599, "loc": -0.035510091842698356, "logScale": -0.0729146635604066}