{"g1": 0.9117966310279904, "g2": 4.0710087055095645, "logK": -0.4659654485323158, "loc": -0.007656104081950412, "logScale": -3.996987721142336}