{"g1": 0.8000676390428912, "g2": 4.683262762479567, "logK": -4.196135350749724, "loc": 0.0028083542692721973, "logScale": -3.9870916563396857}