{"g1": 0.026072737854514097, "g2": 2.1968733445584885, "logK": 0.7080121098458194, "loc": 0.008181971935485005, "logScale": -1.7319501777893853}