{"g1": 0.9387177607642689, "g2": 4.2163994523302275, "logK": -3.330619761888716, "loc": 0.006394775567916192, "logScale": -3.7946282523650963}