{"g1": 0.6991021912806441, "g2": 14.6475449083739, "logK": 0.9654749801031087, "loc": -0.018353202427623873, "logScale": -3.5422234580218626}