{"g1": 0.002918963669564654, "g2": 7.895276573233689, "logK": -3.9699666793827917, "loc": 0.0988269282830252, "logScale": -0.05503193707141443}