{"g1": 0.03830480899355921, "g2": 1.653180890390231, "logK": -0.1519580292970435, "loc": -0.023895332085083813, "logScale": 0.47690362419114357}