{"g1": 0.927709675659037, "g2": 10.3331349559597, "logK": -0.6529554326898779, "loc": -0.00016466457377484027, "logScale": -3.8364739758748367}