{"g1": 0.005142082238606294, "g2": 4.234792911579158, "logK": -2.303012325098961, "loc": -0.058524539512403884, "logScale": -0.04205376554603043}