{"g1": 0.6954657169655516, "g2": 9.277708855581881, "logK": 0.6762904181892895, "loc": -0.08202084040794726, "logScale": -1.5941945649015912}