{"g1": 0.21762717551555638, "g2": 4.9267019229010085, "logK": 0.9942014026169682, "loc": -0.03240791264474242, "logScale": -2.357322515236194}