{"g1": 0.8602522576117787, "g2": 0.0013590447798643365, "logK": 0.9927523002322043, "loc": 0.015561294290409866, "logScale": -2.3357225367923897}