{"g1": 0.9828672133573492, "g2": 12.753643127607724, "logK": -2.274690301372871, "loc": -0.004692353343659361, "logScale": -3.99749555698323}