{"g1": 0.04799388914378408, "g2": 1.0125520942837198, "logK": 0.7881756489787632, "loc": 0.07815977504060335, "logScale": -0.5749476334536477}