{"g1": 0.0010704577543121027, "g2": 2.8610083455836386, "logK": 0.3761031640752772, "loc": -0.06772382344004224, "logScale": 0.1332447345956631}