{"g1": 0.04071220477156074, "g2": 9.49017482669541, "logK": 0.8807838192325671, "loc": 0.08106571462574165, "logScale": -0.8683517518180737}