{"g1": 0.004517355601923775, "g2": 8.614651746782828, "logK": -1.367998784550922, "loc": 0.0130874348233454, "logScale": 0.4155784706556363}