{"g1": 0.02722202338668016, "g2": 5.358661308506949, "logK": 0.9695157950600243, "loc": -0.1402738471333523, "logScale": -0.3829945726303573}