{"g1": 0.8884281101106041, "g2": 0.02355964048491444, "logK": 0.7353221754082785, "loc": 0.10112842830909045, "logScale": -0.11498695119400704}