{"g1": 0.018303311706283514, "g2": 1.9648291200266432, "logK": 0.3530576920854624, "loc": -0.12033013002072246, "logScale": -1.2001487996283653}