{"g1": 0.3638834662643655, "g2": 0.007495707722073065, "logK": -3.7290659102014696, "loc": -0.14424679285800052, "logScale": -0.5612606468201947}