{"g1": 0.31340191362336367, "g2": 10.619989996554947, "logK": 0.31075392325460405, "loc": -0.002543387381198456, "logScale": -1.9227331645624242}