{"g1": 0.0234060671018138, "g2": 11.007921416799453, "logK": -2.0848229628927184, "loc": 0.030009273217365268, "logScale": -0.01485747414423172}