{"g1": 0.9010852360084153, "g2": 11.557761354216726, "logK": 0.6410753960958527, "loc": -0.021652944746960532, "logScale": -3.9818691157465884}