{"g1": 0.705560021309165, "g2": 5.7671194919290505, "logK": -2.7382977719707706, "loc": 0.004057386511992043, "logScale": -3.846622879443018}