{"g1": 0.5759353708772509, "g2": 3.940204488255263, "logK": -3.012360163651073, "loc": -0.002081200712472492, "logScale": -3.9952207830669075}