{"g1": 0.9991764466895038, "g2": 10.42293137997974, "logK": -4.506770358669238, "loc": -0.012618533959686932, "logScale": -3.99199996440254}