{"g1": 0.018591634052408733, "g2": 0.5663914839538546, "logK": -0.6239146326669608, "loc": 0.05304269270740745, "logScale": -0.04546193879010786}