{"g1": 0.53211985474064, "g2": 0.0248681429016666, "logK": 0.7042769139228628, "loc": -0.05527831068522079, "logScale": -2.666325210938103}