{"g1": 0.6127942747717595, "g2": 4.759274037182743, "logK": -3.3796552452164472, "loc": 0.0014347264731356928, "logScale": -3.9935959547756674}