{"g1": 0.07770488362024891, "g2": 8.835094524083974, "logK": 0.8885567912798522, "loc": 0.07407375143144936, "logScale": -0.5383054878401625}