{"g1": 0.2341176191148277, "g2": 0.06650502091247279, "logK": 0.36912431736787915, "loc": -0.14052937858409328, "logScale": -2.229240861606733}