{"g1": 0.9269237039419183, "g2": 8.985358211849604, "logK": -0.17898258256043975, "loc": -0.020334391488821598, "logScale": -3.627849898035732}