{"g1": 0.03311479837663961, "g2": 4.064989705889183, "logK": 0.8557529875518743, "loc": 0.05674222296139318, "logScale": -1.3342838896870282}