{"g1": 0.9032085391430659, "g2": 7.049353166719804, "logK": -0.011704397872304017, "loc": -0.010911870612842291, "logScale": -3.9791075231869906}