{"g1": 0.9989700558239297, "g2": 9.684819228739993, "logK": -3.2896721468754224, "loc": 0.016239326532718795, "logScale": -3.496295474093682}