{"g1": 0.007443178076339235, "g2": 0.7666745311501355, "logK": -3.767908267981086, "loc": -0.06937650254393943, "logScale": 1.0831579156920421}