{"g1": 0.9998186683800464, "g2": 14.432075054889976, "logK": -0.8271194621122477, "loc": -0.004962498235251583, "logScale": -3.813954973714692}