{"g1": 0.8700571502622426, "g2": 0.03515872217800492, "logK": 0.02474834294723527, "loc": 0.0055251492849005615, "logScale": -1.632929181820854}