{"g1": 0.9969743541469885, "g2": 12.55024934380022, "logK": -1.8034951723093327, "loc": -0.022696975267465135, "logScale": -3.3239278633850495}