{"g1": 0.9991911078520035, "g2": 7.423352092665123, "logK": -2.7849295554505424, "loc": 0.0020062147084640575, "logScale": -3.763285196847979}