{"g1": 0.005372024603762765, "g2": 5.796688489920851, "logK": 0.5114590466680461, "loc": 0.04520412244994918, "logScale": -0.4115724262951894}