{"g1": 0.024184218844167424, "g2": 2.77409894444858, "logK": 0.48282884519046654, "loc": 0.0499345349506096, "logScale": -0.38113945653628895}