{"g1": 0.8485251208685853, "g2": 14.183340040898507, "logK": -0.7456512356597339, "loc": -0.00966217827314007, "logScale": -3.9940156412671914}