{"g1": 0.010272514147699887, "g2": 14.720371762380118, "logK": 0.8309789673102357, "loc": -0.06998422795466237, "logScale": -0.2147225678697423}