{"g1": 0.0012634719841661674, "g2": 3.394140148574287, "logK": 0.9747567890363333, "loc": -0.012082931636370968, "logScale": -1.7107543708957194}