{"g1": 0.9721932604622952, "g2": 6.367532794306351, "logK": -2.778608091169533, "loc": -0.012608539128548167, "logScale": -3.8267093115062787}