{"g1": 0.9068145201100827, "g2": 12.057788632988668, "logK": -1.2630573061023234, "loc": -0.007487916119144379, "logScale": -3.994729027967525}