{"g1": 0.08553266902835868, "g2": 10.940425592865886, "logK": -3.645231772529592, "loc": 0.06866438815801222, "logScale": -0.2975791202159398}