{"g1": 0.7905756741465165, "g2": 8.624649105883767, "logK": -2.458889676492784, "loc": 0.0037089912671506692, "logScale": -3.9960626632095857}