{"g1": 0.8495768214487198, "g2": 8.674986641664761, "logK": 0.2894581420250897, "loc": -0.06992729260773245, "logScale": -1.9342720936990707}