{"g1": 0.658406774824386, "g2": 8.638081825909541, "logK": -1.2530819648060003, "loc": -0.008518908905460199, "logScale": -3.9661091638875225}