{"g1": 0.672536409124389, "g2": 3.5210591094057597, "logK": 0.6741005793930959, "loc": -0.036059044901765855, "logScale": -2.370683484139593}