{"g1": 0.6326363441292804, "g2": 11.618574876266784, "logK": 0.9254561334262896, "loc": -0.10619790858654646, "logScale": -2.060652458444829}