{"g1": 0.8783376851868754, "g2": 12.992370543620618, "logK": -1.3024163212751227, "loc": -0.003629934522118662, "logScale": -3.8522911557567987}