{"g1": 0.8282388703785445, "g2": 0.8738324344933313, "logK": -0.6698377735312656, "loc": -0.021452258002992268, "logScale": -3.664254660437552}