{"g1": 0.9428842979552325, "g2": 0.016032306467009105, "logK": -3.8925009065136336, "loc": 0.004447953818404334, "logScale": -3.4060703827616567}