{"g1": 0.03283555902404426, "g2": 13.573466578873953, "logK": 0.8883662006894798, "loc": -0.033332819666916175, "logScale": -0.1584728136597241}