{"g1": 0.9825612899932323, "g2": 14.625813875135183, "logK": -2.3259383729019736, "loc": -0.002910875930433282, "logScale": -3.99870055338226}