{"g1": 0.010723474844521352, "g2": 6.470283456352994, "logK": 0.9128504284117239, "loc": -0.04937255212497611, "logScale": -0.6519292201029157}