{"g1": 0.11056818768763849, "g2": 11.604174891812484, "logK": 0.8833983366466722, "loc": -0.04066325605322525, "logScale": -1.461703102796157}