{"g1": 0.03983074615069236, "g2": 4.458200817256257, "logK": 0.8091235435250286, "loc": 0.07511558911247257, "logScale": -1.5329429941929464}