{"g1": 0.020455858544264342, "g2": 7.052991868413445, "logK": -2.56850017604559, "loc": -0.07093467185902054, "logScale": 0.07241949585831806}