{"g1": 0.9869657950502829, "g2": 11.599126097673668, "logK": -2.7514237789514957, "loc": 0.009917814320689968, "logScale": -3.920236289248001}