{"g1": 0.018640816082957597, "g2": 14.302790307070005, "logK": 0.9215827335106815, "loc": -0.13378193470353894, "logScale": -0.29464645396518074}