{"g1": 0.8013920874302369, "g2": 12.180443307052585, "logK": -0.004260670011332901, "loc": -0.020202797439226414, "logScale": -3.8427131647082313}