{"g1": 0.061534057463245, "g2": 0.16779132842024233, "logK": -1.7462961685140734, "loc": -0.07091859531188366, "logScale": 0.7645329705233065}