{"g1": 0.9641102417982712, "g2": 13.055281191942356, "logK": -3.3480568077974375, "loc": 0.032315529496301454, "logScale": -0.4322224576883751}