{"g1": 0.5508667723748192, "g2": 0.21251124874200755, "logK": -4.9665749013902545, "loc": -0.12019681087161271, "logScale": 1.3780181552460549}