{"g1": 0.04895212578121237, "g2": 0.16307331431962968, "logK": -4.458996784797656, "loc": 0.0600575528137433, "logScale": 0.5329349226801195}