{"g1": 0.38346610061778497, "g2": 0.010716855312597584, "logK": -2.137046065081524, "loc": 0.09344861407562928, "logScale": 0.6794492131417578}