{"g1": 0.9733560587009306, "g2": 5.771780227383876, "logK": -4.987637831619123, "loc": -0.0033001433422828927, "logScale": -3.988187643768344}