{"g1": 0.6221112514867982, "g2": 13.219280160697053, "logK": -2.776857971513275, "loc": 0.003208701844560768, "logScale": -3.996740668013243}