{"g1": 0.03596350143907835, "g2": 13.454712541054375, "logK": -4.594473801711683, "loc": 0.007870289463952074, "logScale": 0.15662001044884577}