{"g1": 0.9211634210589432, "g2": 9.312160034780582, "logK": 0.9320769790410366, "loc": -0.07860080497465195, "logScale": -3.1240494168059776}