{"g1": 0.8405044303091325, "g2": 6.792435519750823, "logK": 0.5736450008790248, "loc": -0.11226705992156245, "logScale": -1.3916586448875234}