{"g1": 0.9945741511721237, "g2": 13.657254564443065, "logK": -4.759140840697922, "loc": 0.005387070408602633, "logScale": -3.6670926680364655}