{"g1": 0.6868987707684532, "g2": 11.547858760363853, "logK": -0.16389262560586842, "loc": -0.022455789995177135, "logScale": -3.7256236270187477}