{"g1": 0.9791127627256258, "g2": 13.107865984234227, "logK": 0.7278567130880372, "loc": -0.020137753364587452, "logScale": -2.6296332218091423}