{"g1": 0.44162899752248874, "g2": 3.8710770771661, "logK": -1.253292346130302, "loc": -8.982940192700864e-06, "logScale": -3.9655858180486283}