{"g1": 0.6103561265919426, "g2": 9.955715257433218, "logK": 0.8761209601779614, "loc": -0.0767404149970137, "logScale": -2.10711578951014}