{"g1": 0.07408447069302063, "g2": 11.632109034031608, "logK": -0.6441078298679369, "loc": 0.07506267914295041, "logScale": 0.7281438073141464}