{"g1": 0.01636611743568353, "g2": 14.746282014664684, "logK": 0.9866156910949915, "loc": 0.1488516524008337, "logScale": -0.5004513779610774}