{"g1": 0.7224495243519893, "g2": 0.01818532240217391, "logK": 0.13215346165373787, "loc": -0.07742767944609527, "logScale": -1.9525661426885925}