{"g1": 0.99510710272728, "g2": 7.174101981695296, "logK": -4.398948764508885, "loc": -0.019831292092492438, "logScale": -3.453408811892152}