{"g1": 0.9658175312742098, "g2": 9.482680461212661, "logK": 0.23408845220336671, "loc": -0.01832087292606389, "logScale": -3.993224199189076}