{"g1": 0.71216480097799, "g2": 9.292038202352238, "logK": -0.8698755842456666, "loc": -0.016595072503836707, "logScale": -3.6171036133424064}