{"g1": 0.04726864179916465, "g2": 2.1749919053391835, "logK": 0.8791128162972367, "loc": -0.012942247499157886, "logScale": -1.5199756874028316}