{"g1": 0.9993297684146257, "g2": 13.1304822570167, "logK": -3.780278392652001, "loc": -0.003999314801592331, "logScale": -3.0101622766498}