{"g1": 0.7048084173077624, "g2": 10.950959823895499, "logK": -0.013404844027435248, "loc": 0.08864596866526403, "logScale": -1.107157283070386}