{"g1": 0.785902875848682, "g2": 0.0076950816188312565, "logK": 0.5547506967194574, "loc": -0.08445242719345325, "logScale": -1.1137324190665796}