{"g1": 0.9654044741660124, "g2": 0.012755420166555398, "logK": -0.588476010194581, "loc": 0.0400419982466578, "logScale": -3.5508318597380613}