{"g1": 0.0195487230792863, "g2": 1.027976258738171, "logK": 0.5202052520881904, "loc": 0.025837602097010776, "logScale": -1.0524187297429202}