{"g1": 0.5054243685677828, "g2": 0.028154572176577464, "logK": -0.008363866030337896, "loc": 0.02675826887100239, "logScale": 0.1244036096718606}