{"g1": 0.9541813481134976, "g2": 13.768320857052068, "logK": -1.6198053687868597, "loc": -0.014437359685734528, "logScale": -3.892944525265641}