{"g1": 0.9464478190716031, "g2": 13.530238158191443, "logK": -3.9940306216793005, "loc": -0.002630782575836741, "logScale": -3.8537683695180465}