{"g1": 0.6414402799253499, "g2": 0.020777120754916334, "logK": -2.7536495219414254, "loc": -0.012572358208558586, "logScale": -0.0385123898627945}