{"g1": 0.0030853444514175763, "g2": 2.066719409199178, "logK": -0.6706883064303808, "loc": -0.04119358013689525, "logScale": -0.6643512624199297}