{"g1": 0.5163754560848883, "g2": 0.05295620506541023, "logK": 0.7236847113230203, "loc": -0.05637887091802772, "logScale": -0.7774376782182633}