{"g1": 0.510651116972926, "g2": 2.6573029269854502, "logK": -0.24540581283809884, "loc": 0.0016600707187018685, "logScale": -3.4755947062650536}