{"g1": 0.004670666982606646, "g2": 7.408099873021452, "logK": -0.1426865895843621, "loc": 0.09192230906270929, "logScale": 0.38418662751091615}