{"g1": 0.7385447141840819, "g2": 10.59269173943006, "logK": -0.5039052526791783, "loc": -0.0038619908003539715, "logScale": -3.5284161806579832}