{"g1": 0.06903691781390649, "g2": 6.838612999712453, "logK": 0.841394352835009, "loc": 0.027098361449022414, "logScale": -1.4126803054186392}