{"g1": 0.9537454700437727, "g2": 14.7828744579646, "logK": 0.9457868706157974, "loc": -0.025418781496862736, "logScale": -3.170407715924587}