{"g1": 0.38404815213823607, "g2": 0.030746714648481444, "logK": -0.5654549905795865, "loc": -0.008503708198866797, "logScale": -1.8381380786055077}