{"g1": 0.17764658106158812, "g2": 1.0372410236796201, "logK": 0.5861461575454331, "loc": -0.08444365416204866, "logScale": -1.3877765612947268}