{"g1": 0.9661747148059896, "g2": 11.2929791814094, "logK": 0.24317347222788344, "loc": -0.014445469086932094, "logScale": -3.972767823192754}