{"g1": 0.06282068310082084, "g2": 0.37306888310438313, "logK": 0.04867647724266837, "loc": -0.06071192754157349, "logScale": -0.22674850448296205}