{"g1": 0.9824084408099574, "g2": 14.33813587145835, "logK": 0.07489049630307426, "loc": -0.03905781124329284, "logScale": -2.9349890145074613}