{"g1": 0.0038173456134048336, "g2": 5.546091353528715, "logK": -3.5025502903990504, "loc": -0.10590675817085507, "logScale": 0.24245266492670736}