{"g1": 0.9429915531135976, "g2": 10.901787274357133, "logK": -4.999034403339382, "loc": 0.002113482691808795, "logScale": -3.951756727889885}