{"g1": 0.9989523961711545, "g2": 9.79860547215543, "logK": -2.8169356695374725, "loc": -0.009651306050141174, "logScale": -3.997533381911531}