{"g1": 0.8102618082509178, "g2": 14.611955250967068, "logK": -1.4034119278064625, "loc": -0.007087476440479551, "logScale": -3.9835976178896826}