{"g1": 0.11094367649295572, "g2": 8.913885895510756, "logK": 0.9145017721017302, "loc": 0.011487007983985525, "logScale": -0.475879635605595}