{"g1": 0.4872695566130383, "g2": 0.011184408140925695, "logK": -3.6273603924149893, "loc": 0.06417529895242977, "logScale": -0.013137664221161346}