{"g1": 0.9309397543704988, "g2": 5.193252844437391, "logK": -1.878854065182371, "loc": -0.007192670984348314, "logScale": -3.9935170672800933}