{"g1": 0.9724013559863168, "g2": 6.782783095374536, "logK": -4.093350620142768, "loc": -0.006971888606108567, "logScale": -3.386446434578722}