{"g1": 0.05021591134534227, "g2": 9.15409712465732, "logK": 0.2049069521489968, "loc": 0.03913002237188707, "logScale": -1.0506986713862063}