{"g1": 0.7095558591048094, "g2": 0.20476150854651487, "logK": 0.9067452554497317, "loc": -0.11059157668441727, "logScale": -0.41972092282063017}