{"g1": 0.005360103997810459, "g2": 4.0324796346976965, "logK": 0.9398987488256125, "loc": -0.01595104024541641, "logScale": -1.254936342891536}