{"g1": 0.07906166226124109, "g2": 11.67536925932793, "logK": 0.6627223765514173, "loc": -0.09054972616878479, "logScale": -0.7485668838812882}