{"g1": 0.008930402339346194, "g2": 5.72599005974098, "logK": -3.6473317582806826, "loc": 0.10749761150508158, "logScale": 0.7257145199639095}