{"g1": 0.008091384843043564, "g2": 6.872486222646328, "logK": 0.3738563240301407, "loc": -0.10730105300142226, "logScale": -0.7175920299035352}