{"g1": 0.036941720263786754, "g2": 7.766589494365322, "logK": 0.5963982027842086, "loc": 0.04748564140448404, "logScale": 0.08971266695679092}