{"g1": 0.03310324641327041, "g2": 4.147515123628486, "logK": -3.494494343931245, "loc": -0.14182558299837236, "logScale": 0.8889640326767045}