{"g1": 0.0024248694094681916, "g2": 1.9535182565581923, "logK": -0.9114278693369902, "loc": 0.04103301403879261, "logScale": 0.6933341071774746}