{"g1": 0.09470622347358724, "g2": 2.6302370116527256, "logK": 0.9942359143934435, "loc": -0.025576466880956616, "logScale": -0.8938372990276271}