{"g1": 0.6191475932402478, "g2": 0.02453418288616649, "logK": 0.3768255298827572, "loc": -0.13577888165116292, "logScale": -0.15796003128251257}