{"g1": 0.02145235003344874, "g2": 10.957962629057718, "logK": 0.44182401617378186, "loc": 0.07438875763168869, "logScale": -0.4993806347059647}