{"g1": 0.05202078177931782, "g2": 0.036760592562115946, "logK": 0.8658436087689438, "loc": 0.07943012863011875, "logScale": -0.26775036581403255}