{"g1": 0.05031361068144417, "g2": 11.427909048819899, "logK": 0.8937377949466785, "loc": 0.06381897991567517, "logScale": -0.45327589156477166}