{"g1": 0.021023425520921735, "g2": 13.647160495339733, "logK": -4.012916504780495, "loc": -0.08430338292576874, "logScale": 0.36747548446776046}