{"g1": 0.5197845289032511, "g2": 0.026669038535317796, "logK": 0.5232744991264369, "loc": -0.10313082621997154, "logScale": 0.013069570126585328}