{"g1": 0.047616801524236085, "g2": 8.500228461106799, "logK": 0.7345920519234824, "loc": -0.08275649083960651, "logScale": -0.7147491294332323}