{"g1": 0.0017465681848152226, "g2": 8.171405755942605, "logK": 0.7744627494229244, "loc": -0.07431298864527668, "logScale": 0.14361216224602713}