{"g1": 0.13799405441786744, "g2": 0.01432133257747902, "logK": -1.720107966620031, "loc": -0.14169146076577563, "logScale": 0.15857140981000822}