{"g1": 0.0024475711395154295, "g2": 14.593451460620562, "logK": -4.08780368033974, "loc": 0.1132647315551663, "logScale": 0.18031997365926594}