{"g1": 0.08316041362658652, "g2": 7.371300764527907, "logK": 0.9058320867882156, "loc": 0.07187470069288049, "logScale": -0.22953331134830035}