{"g1": 0.04704834669765939, "g2": 0.28279615881867975, "logK": 0.6418865901535508, "loc": -0.016165419887057615, "logScale": -0.4784651493867111}