{"g1": 0.20168030537210233, "g2": 0.03283413261839574, "logK": 0.9493220331189209, "loc": -0.0690751048217568, "logScale": -0.6039645767062451}