{"g1": 0.42373522552354814, "g2": 0.022906994018453246, "logK": -1.0257030890123282, "loc": -0.0017562313970425555, "logScale": -3.032338354695984}