{"g1": 0.019759980410827604, "g2": 0.3348024480065408, "logK": 0.8249501263917987, "loc": 0.027561967362920617, "logScale": -0.19117289413035077}