{"g1": 0.0022626002997988004, "g2": 13.185277244583885, "logK": 0.44449739182029463, "loc": -0.06536925212925306, "logScale": -3.452153122525809}