{"g1": 0.03279144794879902, "g2": 6.651020877500959, "logK": 0.9987677479489923, "loc": -0.05215098198511823, "logScale": -0.616296103809199}