{"g1": 0.34979817343995384, "g2": 0.010313510074403176, "logK": -0.711844582875637, "loc": -0.09531294539203856, "logScale": 0.7338834556600871}