{"g1": 0.0025762408066010017, "g2": 10.516570271545827, "logK": -2.966629323118841, "loc": 0.07743043210205003, "logScale": 1.441860050539582}