{"g1": 0.07874620755404364, "g2": 3.7906114908008597, "logK": -0.4234075739602735, "loc": 0.14787317635643332, "logScale": 0.6263055147886352}