{"g1": 0.7908549812966722, "g2": 0.016634406435756692, "logK": -0.6397311932123741, "loc": -0.04928191938087939, "logScale": -2.77299855219344}