{"g1": 0.001709355375578231, "g2": 4.286053373433328, "logK": 0.5227296861714346, "loc": -0.010139100265761314, "logScale": 0.08219307534554765}