{"g1": 0.0021583220006954405, "g2": 11.286005081179653, "logK": -3.602410344328171, "loc": -0.032681702135082515, "logScale": -2.5975045465403435}