{"g1": 0.3867015612000585, "g2": 0.0664857786585129, "logK": 0.19027710926730856, "loc": 0.1226882353958742, "logScale": 0.11296724244824836}