{"g1": 0.2666085478706821, "g2": 0.03690981172935559, "logK": 0.5048630014384681, "loc": -0.14724203377611103, "logScale": -2.993610811831525}