{"g1": 0.7545008947955225, "g2": 0.057179054130005014, "logK": -4.155714685694405, "loc": 0.009082630663777992, "logScale": -3.6508542589686868}