{"g1": 0.3879843143600746, "g2": 0.009366897655562118, "logK": -0.7122884821729547, "loc": 0.008067680226553017, "logScale": -3.264107804279377}