{"g1": 0.4555857968865225, "g2": 0.3971624570824899, "logK": 0.8475177408805866, "loc": -0.09213351752076752, "logScale": -0.37638076387294545}