{"g1": 0.24277791527490467, "g2": 0.022555355072723986, "logK": -4.985885666822826, "loc": -0.007358042011327993, "logScale": -3.783197008349441}