{"g1": 0.041978354173563215, "g2": 1.7987234291448901, "logK": 0.6536115696024316, "loc": -0.07626058378547301, "logScale": -0.586141187894987}