{"g1": 0.9587791721643116, "g2": 0.04138629206834555, "logK": -1.232297536513754, "loc": 0.0042383652859160695, "logScale": -2.8281185850430823}