{"g1": 0.37677867191668646, "g2": 0.009479380530586317, "logK": -4.548900284253473, "loc": -0.00789552114923927, "logScale": -3.9826245174623596}