{"g1": 0.5181815008336913, "g2": 0.0093835137600721, "logK": -0.300309714061644, "loc": -0.0023437799441249074, "logScale": -3.985324804735085}