{"g1": 0.830569284478563, "g2": 0.09495091860029573, "logK": -0.3669908042519899, "loc": -0.004047983763636598, "logScale": -3.057124638896152}