{"g1": 0.06609593707257329, "g2": 1.036446791556181, "logK": 0.11075555594004038, "loc": -0.12088939692956877, "logScale": 0.24903877828785959}