{"g1": 0.6017201353908128, "g2": 0.3916312697390012, "logK": 0.06541985754373757, "loc": 0.004908105504820237, "logScale": 0.37647224613071084}