{"g1": 0.0821661017195799, "g2": 0.27670145538529045, "logK": 0.8289870476720822, "loc": -0.013535388751201508, "logScale": -0.639770893373094}