{"g1": 0.3531210299003644, "g2": 0.22252230842183174, "logK": -0.1861559994137223, "loc": -0.14776300370265566, "logScale": -0.032594022649710674}