{"g1": 0.003769997159634969, "g2": 2.580067110589074, "logK": -1.7273545234696415, "loc": -0.016544548184661417, "logScale": 0.9480843675009774}