{"g1": 0.054833790596556534, "g2": 6.953530388740159, "logK": 0.8979309489444749, "loc": 0.03178835636296683, "logScale": -0.9716402681981617}