{"g1": 0.9300251932579009, "g2": 0.1557777304165624, "logK": -0.8123375747220756, "loc": 0.00444781374967286, "logScale": 1.1268658523848532}