{"g1": 0.12961457714633307, "g2": 0.09846033741055549, "logK": 0.9957050132878442, "loc": 0.07406903003337016, "logScale": -0.16640139717980523}