{"g1": 0.009828201581249835, "g2": 12.095908552286964, "logK": 0.40281966090420296, "loc": 0.14219002920558227, "logScale": 0.2401034165358792}