{"g1": 0.7322529187060133, "g2": 0.007631193177451124, "logK": -3.2942802886025735, "loc": 0.0006658652840930562, "logScale": 0.043155260278710916}