{"g1": 0.024128808648373613, "g2": 5.060154593275992, "logK": -0.6528910410361779, "loc": -0.13699381955591425, "logScale": -0.08028120155584118}