{"g1": 0.24041687461611705, "g2": 0.0964118816333425, "logK": -3.6663448017314613, "loc": 0.09181221681575857, "logScale": 0.657276119476861}