{"g1": 0.04052699033379592, "g2": 7.677544290535956, "logK": 0.42896688141718625, "loc": 0.05829794281408854, "logScale": -0.29952264482588653}