{"g1": 0.07878945350016858, "g2": 12.088365380011954, "logK": 0.511570636945466, "loc": -0.04591086320043141, "logScale": -0.1910283233021875}