{"g1": 0.606955645128345, "g2": 0.165709246664953, "logK": -4.8785810094839634, "loc": 0.0811714726643462, "logScale": 0.9062585369912223}