{"g1": 0.03937666906138226, "g2": 11.518169696760895, "logK": -3.9504552717975017, "loc": 0.14938041940311053, "logScale": 0.8816637860796754}