{"g1": 0.3816938614153935, "g2": 0.034921901929144905, "logK": -4.996840551062029, "loc": -0.007876606250398974, "logScale": 1.2176255456652898}