{"g1": 0.18337953661266995, "g2": 1.024010112679266, "logK": 0.680536369862768, "loc": -0.06429282839697475, "logScale": -0.06572291500766039}