{"g1": 0.014329290087999984, "g2": 12.536973818597314, "logK": -0.01086300390067041, "loc": 0.13359932087430956, "logScale": 0.00405420390657818}