{"g1": 0.003779495521302456, "g2": 9.95808054940406, "logK": 0.8764667119039629, "loc": -0.05671485402719861, "logScale": -0.7003905450479835}