{"g1": 0.046430664290279366, "g2": 8.757560315893715, "logK": 0.9789875805843399, "loc": -0.005094432302537608, "logScale": -1.0811968911255312}