{"g1": 0.021098344319033124, "g2": 13.731115733281298, "logK": 0.8903167981382621, "loc": 0.10125807766014877, "logScale": -0.834888498768418}