{"g1": 0.7895922169909002, "g2": 0.029879281615078995, "logK": -4.632270400132077, "loc": -0.011953515717386273, "logScale": 0.3563382644702168}