{"g1": 0.005844469781600439, "g2": 0.6474461409974755, "logK": 0.5056222069647699, "loc": 0.14323338771883043, "logScale": 0.12165594698953218}