{"g1": 0.07625709639459508, "g2": 5.940689905415693, "logK": 0.7381737125051306, "loc": 0.029904758358095616, "logScale": -0.22937303879441673}