{"g1": 0.053537260965045234, "g2": 4.689714291361578, "logK": 0.5426314067358047, "loc": -0.01649322342704887, "logScale": 0.421147744246132}