{"g1": 0.7978011908378699, "g2": 0.009500272000873614, "logK": -1.6580184171027268, "loc": -0.02901770887268105, "logScale": -3.370543144128139}