{"g1": 0.026609393781880486, "g2": 7.303295526984554, "logK": 0.7358180964150687, "loc": -0.03782160414667839, "logScale": -0.1719576179251943}