{"g1": 0.0012130111756674228, "g2": 10.629787049634595, "logK": -3.887770018780599, "loc": 0.016729091878211404, "logScale": -2.111883372826272}