{"g1": 0.9498464303331812, "g2": 0.17483047711661925, "logK": -3.871167628719642, "loc": -0.08679545827059165, "logScale": 1.098149811937436}