{"g1": 0.20499795589703154, "g2": 0.08041860774690104, "logK": -3.8336635241294843, "loc": 0.016459974609023872, "logScale": -2.9152776632701496}