{"g1": 0.0019423507858546511, "g2": 9.991929981148372, "logK": 0.6005642628006891, "loc": -0.14989421307492581, "logScale": -0.6342501762187183}