{"g1": 0.004961516693526742, "g2": 11.603254409714006, "logK": -0.2885101305867719, "loc": -0.12659969393192497, "logScale": 0.6590786972259808}