{"g1": 0.8532408762118662, "g2": 0.015252112248348854, "logK": 0.649608215036822, "loc": -0.03256540471353587, "logScale": -3.660360090091503}