{"g1": 0.01883153227177585, "g2": 6.69208435378253, "logK": 0.9996857891369412, "loc": -0.08595830621461757, "logScale": 0.060984405518153734}