{"g1": 0.04121806052564882, "g2": 9.439207728575521, "logK": -1.6765619268273153, "loc": 0.0025832916598468626, "logScale": 1.8615108220541332}