{"g1": 0.9271296658808502, "g2": 0.030331672136659705, "logK": -3.288265562576476, "loc": 0.03628650545685167, "logScale": -3.723036819839034}