{"g1": 0.4467082947153617, "g2": 0.014939091713746137, "logK": -4.346552318333279, "loc": 0.00934249758401965, "logScale": -2.9254764892199736}