{"g1": 0.6243645868148178, "g2": 0.36678974314702434, "logK": -0.49099557020993956, "loc": 0.014853800635772851, "logScale": 1.114064018176673}