{"g1": 0.09340395876331897, "g2": 0.33111913300342843, "logK": 0.9465772532482459, "loc": -0.010616337127932491, "logScale": 0.14967125326475345}