{"g1": 0.0018611791826336661, "g2": 14.06911247237797, "logK": -2.10676530366083, "loc": 0.08075985132172102, "logScale": -1.7813717360077026}