{"g1": 0.4414563734781929, "g2": 0.05405751803527421, "logK": -4.401640728762096, "loc": -0.022278788388591507, "logScale": -2.9800320471320525}