{"g1": 0.0012297366912198213, "g2": 14.22552257657803, "logK": -2.5074119744394414, "loc": -0.10787340244884072, "logScale": -1.8266707635399357}