{"g1": 0.0012990414946647405, "g2": 14.089424324808972, "logK": -0.7263137122835224, "loc": -0.029101947643794743, "logScale": -2.8530718312479477}