{"g1": 0.003431168682440349, "g2": 10.006815462766156, "logK": 0.9926878831568273, "loc": 0.003421261458840648, "logScale": -0.8692830095379069}