{"g1": 0.3561612305958355, "g2": 0.020235914545834403, "logK": -3.7307063233765216, "loc": 0.021482584291920293, "logScale": -3.047345274070553}