{"g1": 0.8719507442248845, "g2": 0.18838677378255048, "logK": -0.7475401544040154, "loc": 0.024394435861934117, "logScale": -2.0578019716445572}