{"g1": 0.40861725461666765, "g2": 0.2427518830710896, "logK": -4.61714165684568, "loc": -0.11718612717024109, "logScale": -2.2879797964457973}