{"g1": 0.04837579430113291, "g2": 2.905999080067576, "logK": 0.9603777537355507, "loc": 0.09625982122351015, "logScale": 0.0009030596842196648}