{"g1": 0.13348738382998532, "g2": 0.29530834607682754, "logK": 0.6489779002970787, "loc": 0.07220429501150646, "logScale": -0.6072120507348813}