{"g1": 0.030930362880490184, "g2": 0.5537022635853857, "logK": -3.181728590727759, "loc": 0.0780419785968455, "logScale": 1.7692595694482969}