{"g1": 0.002576752303089149, "g2": 13.031026546931386, "logK": -2.661911794784953, "loc": 0.0935236717076022, "logScale": 0.5237976016527984}