{"g1": 0.003630755201714908, "g2": 7.300255942239412, "logK": 0.8012340720567472, "loc": -0.02918482796275321, "logScale": -0.31573795202707006}