{"g1": 0.1369498672441108, "g2": 0.03378507597489355, "logK": 0.8722195204702836, "loc": 0.026753403137565024, "logScale": -0.8348264359015741}