{"g1": 0.07317967500076707, "g2": 7.082364577943849, "logK": 0.9604585869701558, "loc": 0.12266905969062455, "logScale": -0.01516701273294263}