{"g1": 0.008853065046804914, "g2": 10.238534559782963, "logK": -1.6917584573636755, "loc": 0.1414894095962934, "logScale": 0.7793941066330146}