{"g1": 0.4691466966238395, "g2": 0.07655410996497757, "logK": 0.6937759123335311, "loc": -0.0641442088538432, "logScale": -0.3273164589878803}