{"g1": 0.001244756383281051, "g2": 13.705063631172521, "logK": 0.7257204808468535, "loc": -0.05656849173622984, "logScale": -3.3694361928311647}