{"g1": 0.0015925492956622427, "g2": 7.890362542745352, "logK": -2.965703842602576, "loc": 0.03307448046957864, "logScale": -2.8107466917416}