{"g1": 0.08722679105637411, "g2": 5.9157801426206476, "logK": 0.5390684657368809, "loc": 0.02984430258175322, "logScale": -0.267640593276285}