{"g1": 0.03004867734193553, "g2": 10.830683461555314, "logK": -3.0219794953163426, "loc": 0.09535897079483388, "logScale": 1.1414564346023708}