{"g1": 0.022200655260667695, "g2": 10.191203717974489, "logK": 0.9880980942418229, "loc": 0.06467801177063338, "logScale": -0.051066796830105954}