{"g1": 0.027650968257155954, "g2": 9.873063653268966, "logK": -0.1897561932995912, "loc": -0.07485473610345673, "logScale": 0.512403031453514}