{"g1": 0.8949933551126085, "g2": 0.07146889958580294, "logK": 0.9951022254700022, "loc": 0.0981207455841683, "logScale": 0.26980367732886773}