{"g1": 0.03723595095084657, "g2": 3.1028930432787796, "logK": -0.42671626590429024, "loc": -0.12333249555199174, "logScale": 0.7688058873226107}