{"g1": 0.014963356899753765, "g2": 8.531715380109105, "logK": -3.6998843365476013, "loc": -0.14976678540561514, "logScale": 1.435831551515086}