{"g1": 0.848676603638265, "g2": 0.029300627392106787, "logK": -2.4827073769523387, "loc": 0.12378063951027309, "logScale": 0.1519662898281251}