{"g1": 0.022456398924159543, "g2": 7.77490735246834, "logK": 0.18938099319308152, "loc": 0.10210255993146491, "logScale": -0.8000210148208808}