{"g1": 0.024069050566075743, "g2": 10.802367568280445, "logK": 0.463768869913187, "loc": -0.06487387271937237, "logScale": -1.0448501394021488}