{"g1": 0.5552801151204176, "g2": 0.012055230699076065, "logK": 0.986333647630536, "loc": 0.0008666429185178945, "logScale": -2.5249139439946378}