{"g1": 0.027402088685330853, "g2": 8.720766514292052, "logK": 0.7387562425156877, "loc": 0.011120033442062438, "logScale": -1.3316977246725674}