{"g1": 0.004939777196465836, "g2": 4.183826590700987, "logK": 0.4602650509070382, "loc": -0.04537281320603572, "logScale": -0.35416178266957465}