{"g1": 0.050004758184073815, "g2": 8.778055172499561, "logK": -4.736958476450716, "loc": -0.06498704407142503, "logScale": -0.5655242500747447}