{"g1": 0.3079166335454973, "g2": 0.7981665172366189, "logK": 0.6840099184080799, "loc": -0.010561128379592631, "logScale": -3.77644930535756}