{"g1": 0.021065575910225467, "g2": 0.8200603492038747, "logK": 0.20728074468976337, "loc": -0.00925484011537055, "logScale": -0.668807123730081}