{"g1": 0.9315847805849339, "g2": 10.163067621386674, "logK": -0.7130870604829448, "loc": -0.006736745987666081, "logScale": -3.5940390957465915}