{"g1": 0.7655350805317718, "g2": 1.3334243035370756, "logK": -0.015970510098044843, "loc": -0.006726260344786038, "logScale": -3.968318958186183}