{"g1": 0.8630265215126984, "g2": 11.869325630187252, "logK": -2.6355182242737087, "loc": 0.0083805182820625, "logScale": -3.6713855804054343}