{"g1": 0.9571172487268409, "g2": 14.026837132184026, "logK": -0.33163393471519664, "loc": -0.0222853739569323, "logScale": -2.197165336716301}