{"g1": 0.0021159361828284873, "g2": 11.60311450829345, "logK": -1.420403157667614, "loc": -0.0012928334274088151, "logScale": -3.993090099709682}