{"g1": 0.29885534000044395, "g2": 6.534472827810214, "logK": -4.487835814991053, "loc": 0.005753129837353032, "logScale": -3.9946736404440095}