{"g1": 0.06325913707816821, "g2": 11.703945574177522, "logK": -4.035330388037764, "loc": -0.1180185211110132, "logScale": 1.9245717634992412}