{"g1": 0.010010132967154306, "g2": 10.622590798806057, "logK": -3.6203544202280953, "loc": -0.09834283037753228, "logScale": 1.9949671040719994}