{"g1": 0.9761893740170612, "g2": 11.812128973957716, "logK": -4.449349747204843, "loc": -0.06422819338245503, "logScale": 1.7711344338080042}