{"g1": 0.889777303074607, "g2": 14.73390390453454, "logK": -4.851182586087106, "loc": -0.0344838488287271, "logScale": 1.9349264801250385}