{"g1": 0.10980186619744223, "g2": 14.180133606927225, "logK": -4.882242028887509, "loc": 0.11447230031220959, "logScale": 2.111530039159448}