{"g1": 0.9478099499704791, "g2": 10.451067891605774, "logK": -3.8747428522368383, "loc": 0.12790151102697994, "logScale": 2.1198393222878273}