{"g1": 0.023504679370448023, "g2": 0.9629999189867955, "logK": -4.982628121879048, "loc": 0.14387966814940337, "logScale": 1.9546716588073287}