{"g1": 0.10022598832173349, "g2": 13.88221943212029, "logK": -0.8945168749834976, "loc": 0.04672367893136675, "logScale": 2.1756420132142087}