{"g1": 0.05647195853266486, "g2": 14.217860379301353, "logK": -1.340201098304452, "loc": 0.0990354844206301, "logScale": 1.9934809800733753}