{"g1": 0.9073317366026508, "g2": 12.656427161772713, "logK": -1.091177515020702, "loc": -0.13683387427903207, "logScale": 1.9463687450020122}