{"g1": 0.9361634883344592, "g2": 13.020980351092376, "logK": -3.1903128257220272, "loc": -0.11017626943872852, "logScale": 1.9541004812004454}