{"g1": 0.9998126829698355, "g2": 12.36051379426371, "logK": -0.024484342744171106, "loc": 0.13726742794549068, "logScale": 1.170562687570499}