{"g1": 0.8955180517545565, "g2": 11.245198345142759, "logK": -0.8386135893009669, "loc": -0.10338522117704618, "logScale": 1.915394758462097}