{"g1": 0.9817426296010932, "g2": 13.619774098792124, "logK": -4.068702041923082, "loc": 0.017574260612726246, "logScale": 2.0260493706969074}