{"g1": 0.9982024171406543, "g2": 14.047051881211091, "logK": 0.512381654051824, "loc": -0.11442537942496153, "logScale": 0.8691105638181214}