{"g1": 0.012862901586254905, "g2": 1.5405482367416532, "logK": -4.9235469755701375, "loc": -0.0024877427343499847, "logScale": 2.0608495747097457}