{"g1": 0.9378400383847699, "g2": 14.549196569235027, "logK": -3.4523998662862128, "loc": 0.015293203443460905, "logScale": 2.052166592502278}