{"g1": 0.8877302343644896, "g2": 14.979593159591952, "logK": -3.045198886368534, "loc": -0.10003147206158543, "logScale": 2.0577151108692315}