{"g1": 0.9766295142907766, "g2": 14.463910098435191, "logK": -3.2626835594024755, "loc": -0.10384056137691194, "logScale": 1.9632905223429715}