{"g1": 0.9306578892205551, "g2": 14.0978311475244, "logK": -3.238118635527634, "loc": -0.003511279469884122, "logScale": 1.7958047504297354}