{"g1": 0.07537036138479572, "g2": 3.840689908234187, "logK": -4.573157631335667, "loc": -0.02399645573749947, "logScale": 2.0760619911268674}