{"g1": 0.999495101973968, "g2": 14.09189399689397, "logK": -3.8630684004728044, "loc": -0.1041766474531175, "logScale": 2.0552251367067136}