{"g1": 0.8904416298580734, "g2": 13.957060128378373, "logK": -2.6098264659070862, "loc": 0.11663166853953999, "logScale": 2.1849369732189547}