{"g1": 0.9994480959490424, "g2": 13.635207082560395, "logK": -2.481653884763124, "loc": 0.12090315495362679, "logScale": 2.155972574776813}