{"g1": 0.09191061339024491, "g2": 14.984112706286401, "logK": -4.0568383079573085, "loc": -0.10607838307423534, "logScale": 2.19569855840563}