{"g1": 0.0797652740646225, "g2": 3.118443492060477, "logK": -2.5983162842437446, "loc": 0.022177271843117068, "logScale": 2.1562837000938915}