{"g1": 0.9983442603841369, "g2": 11.699601218334465, "logK": -4.616623423010109, "loc": -0.07509594349911843, "logScale": 1.9083186841070712}