{"g1": 0.998376097585267, "g2": 12.514881982788575, "logK": -0.4228062588560637, "loc": 0.06247039688039925, "logScale": 1.5821522061715836}