{"g1": 0.022913708470146333, "g2": 6.070489952862411, "logK": -3.658848045878462, "loc": -0.11431296787700702, "logScale": 2.154417558222641}