{"g1": 0.032487887336589805, "g2": 6.293467065008727, "logK": -1.9465907767695272, "loc": 0.06969906181826978, "logScale": 1.8706440000650535}