{"g1": 0.9294153695452254, "g2": 13.560812328836246, "logK": -2.3214446494981886, "loc": 0.08052062289892901, "logScale": 1.89416360580122}