{"g1": 0.8374179423189915, "g2": 14.989536641627598, "logK": -3.1987430597405204, "loc": -0.1427902194047561, "logScale": 1.809868639337989}