{"g1": 0.08735286544588536, "g2": 14.71740091350667, "logK": -3.078588891215952, "loc": -0.1363996039734932, "logScale": 2.118497955569053}