{"g1": 0.83663196042384, "g2": 11.62501871439962, "logK": -3.765821909359087, "loc": -0.08087065302731572, "logScale": 2.099098663449291}