{"g1": 0.019403062710711932, "g2": 7.675705307225118, "logK": -1.1344070919224616, "loc": -0.08577910360464805, "logScale": 1.9972812803983198}