{"g1": 0.940359619470238, "g2": 11.77920091182574, "logK": -4.697242620491724, "loc": 0.06573106117540513, "logScale": 2.099494804598498}