{"g1": 0.02442968483389865, "g2": 11.455282030492885, "logK": -3.8741625057861655, "loc": 0.06559985446647135, "logScale": 2.0456527014051713}