{"g1": 0.9382780871909973, "g2": 9.060462831864951, "logK": -2.1070372854176345, "loc": 0.11619693707499387, "logScale": 1.9810034091891433}