{"g1": 0.9627827799737102, "g2": 13.842645080103837, "logK": -1.2244754499108472, "loc": 0.060864361206975526, "logScale": 1.9193108696612593}