{"g1": 0.28190878212589415, "g2": 0.5196730291728657, "logK": 0.9891235305505067, "loc": 0.059342418079254375, "logScale": -0.012728618431328442}