{"g1": 0.10394163938502876, "g2": 11.081451052726003, "logK": -1.5094306065394156, "loc": -0.04210684970268394, "logScale": 2.0135574705023043}