{"g1": 0.12778543668618947, "g2": 11.964517781074239, "logK": -2.466426114541238, "loc": 0.03107859594690493, "logScale": 1.95426385497557}