{"g1": 0.8886434479012186, "g2": 13.71514040350589, "logK": 0.04529218961484252, "loc": 0.01559895003537659, "logScale": 1.1874030054595954}