{"g1": 0.013102126394094332, "g2": 4.653178089814208, "logK": -4.108142219670815, "loc": 0.1052679793385006, "logScale": 2.084871436879718}