{"g1": 0.9912605285067172, "g2": 13.355858196695094, "logK": -4.241116446953512, "loc": 0.11338570274614844, "logScale": 1.9336876515143049}