{"g1": 0.9295542411298323, "g2": 13.009613009640933, "logK": -2.704155655258911, "loc": 0.08267849630101134, "logScale": 1.6957213723853612}