{"g1": 0.05286104761150374, "g2": 12.676848175476273, "logK": -0.7591736446049135, "loc": 0.08193122902773554, "logScale": 1.7581252478859306}