{"g1": 0.03639409523937241, "g2": 10.264811663436241, "logK": -4.274607486486567, "loc": 0.009219469389159018, "logScale": 1.988825925464627}