{"g1": 0.029256844521728054, "g2": 12.64640236622503, "logK": -2.310608808083527, "loc": -0.07151579046143551, "logScale": 2.066537723951124}