{"g1": 0.16741725375468944, "g2": 10.19338712569499, "logK": -4.345884578513116, "loc": -0.06484583527383846, "logScale": 2.1427892652341582}