{"g1": 0.0499360814401134, "g2": 9.145240545873785, "logK": -1.8354517350140727, "loc": -0.05917161377109526, "logScale": 1.9417033254354084}