{"g1": 0.43919078956801944, "g2": 1.151996154965366, "logK": 0.6406126411921085, "loc": 0.12736454377587847, "logScale": 0.6546878272656917}