{"g1": 0.7348067325203235, "g2": 14.44898874972207, "logK": -4.4479648829272564, "loc": 0.03205234403429581, "logScale": 1.565667238924723}