{"g1": 0.00288448734636592, "g2": 11.378700556637629, "logK": 0.9967926848795966, "loc": -0.1434507151695818, "logScale": 0.35520647785959514}