{"g1": 0.06974648748833209, "g2": 10.847507645785551, "logK": -0.8624354623068524, "loc": 0.11904040230001038, "logScale": 1.8376657885124696}