{"g1": 0.036607164818165554, "g2": 2.7788958225018625, "logK": -1.4007465428123582, "loc": 0.13588624751818684, "logScale": 1.9512010012935999}