{"g1": 0.9977912582876931, "g2": 9.502746655252775, "logK": -1.3587352530240964, "loc": -0.0018802678010915235, "logScale": 1.8174940818886753}