{"g1": 0.9743101655457707, "g2": 14.794009872051522, "logK": -1.677099798974345, "loc": 0.05304370815420163, "logScale": 1.8293216439291402}