{"g1": 0.02979911016225878, "g2": 2.3671555323947007, "logK": -4.478506591483737, "loc": 0.13908959028281545, "logScale": 2.070816671739355}