{"g1": 0.30398880603055917, "g2": 0.5646591051875514, "logK": 0.9936252854155481, "loc": -0.058037858792085784, "logScale": 0.4738069721132574}