{"g1": 0.9690760250272414, "g2": 12.553683739191705, "logK": -1.6212922496555748, "loc": 0.06826622369829648, "logScale": 2.074229068037471}