{"g1": 0.03884280457298901, "g2": 4.951397325628831, "logK": -1.0065496575084398, "loc": -0.05789084222311382, "logScale": 1.850465988180942}