{"g1": 0.00550339854094653, "g2": 14.993258032059426, "logK": -4.829779885458821, "loc": -0.012376561461600209, "logScale": 1.8054805721433034}