{"g1": 0.0020466088641047722, "g2": 9.58274168268847, "logK": -3.1290549230772813, "loc": -0.0373437415322596, "logScale": 2.0334203022145254}