{"g1": 0.04405258741487575, "g2": 4.353127208045086, "logK": -4.564727331505896, "loc": -0.12334700060119791, "logScale": 2.1255295135878587}