{"g1": 0.05036291790208741, "g2": 5.629146203686892, "logK": -2.297638848816301, "loc": 0.008149577977740756, "logScale": 2.042900617073029}