{"g1": 0.7008786458377838, "g2": 14.479411912408477, "logK": -1.4873499721173005, "loc": -0.03299951698506946, "logScale": 1.8480017637995827}