{"g1": 0.03227789018321348, "g2": 12.863162806897247, "logK": -4.806334703663872, "loc": -0.05169904145376918, "logScale": 2.1271280041135334}