{"g1": 0.10832383842963045, "g2": 11.52212904104587, "logK": -3.4709880149669963, "loc": 0.023353099320329918, "logScale": 2.0544120954684733}