{"g1": 0.017482717069911585, "g2": 4.963374830179563, "logK": -0.3269986154436182, "loc": -0.0338637836348158, "logScale": 1.552490639140432}