{"g1": 0.049604633778277764, "g2": 2.4158011807481103, "logK": -0.9669046578055331, "loc": 0.13502937427923525, "logScale": 1.9710594460556958}