{"g1": 0.04154517041445558, "g2": 6.863795822383127, "logK": -2.542601850642838, "loc": 0.03557738981708879, "logScale": 2.009697081954678}