{"g1": 0.9568463050089586, "g2": 14.203951999135537, "logK": -1.535941829366141, "loc": 0.07551232832996746, "logScale": 2.0838105878853352}