{"g1": 0.9398193672064056, "g2": 10.683198391535385, "logK": 0.9658219527334458, "loc": 0.12118566976717887, "logScale": 0.1973493629295503}