{"g1": 0.0018429561948203887, "g2": 13.67034039525398, "logK": 0.6130570941282292, "loc": 0.10041818080004958, "logScale": 0.7781951346718318}