{"g1": 0.6429774203506989, "g2": 0.5155292946903934, "logK": 0.8620330552797734, "loc": -0.14850904008614352, "logScale": -0.526155726662469}