{"g1": 0.03719566738644889, "g2": 11.122270106098954, "logK": -3.551513525494973, "loc": -0.07945391853969594, "logScale": 2.001708058358009}