{"g1": 0.008679535253821999, "g2": 2.882747706755157, "logK": -2.187278525223797, "loc": -0.12115056691986001, "logScale": 1.9071583340203526}