{"g1": 0.9730176361223961, "g2": 12.456935785954629, "logK": -1.0848787425237765, "loc": 0.054556245655223906, "logScale": 2.013239974776254}