{"g1": 0.950612680011572, "g2": 14.531097719851664, "logK": -1.5006270118574152, "loc": -0.09512277220387065, "logScale": 2.087746456684512}