{"g1": 0.9996605875857054, "g2": 13.068775026315128, "logK": -4.292879219932937, "loc": -0.008784179003861983, "logScale": 2.20423544387931}