{"g1": 0.053911110582765515, "g2": 13.30967710164441, "logK": -2.71106145581071, "loc": 0.011672435361798291, "logScale": 2.046696596163342}