{"g1": 0.9718227453519512, "g2": 14.773985469434212, "logK": -3.6368917151143836, "loc": -0.09875622166474271, "logScale": 2.059409094617422}