{"g1": 0.9039863693667056, "g2": 0.3895988710078535, "logK": 0.5908854406103865, "loc": -0.1485229543393324, "logScale": 0.7081037517425786}