{"g1": 0.9918238490713209, "g2": 14.750569528873687, "logK": -1.6812047272924937, "loc": -0.13633007244725756, "logScale": 1.8367449227250805}