{"g1": 0.99949822554321, "g2": 13.645065269425674, "logK": -1.6153431700022327, "loc": -0.13884679990183912, "logScale": 1.9758180031758046}