{"g1": 0.0017128717344179409, "g2": 6.9435340830739385, "logK": -1.5002822088088563, "loc": -0.12173030319929995, "logScale": 1.9634684105002977}