{"g1": 0.9831686310269558, "g2": 14.986086897986196, "logK": -4.289314737512233, "loc": -0.018123676850194323, "logScale": 2.1574114367317834}