{"g1": 0.0501405363290936, "g2": 8.592292638286617, "logK": -2.849125729729058, "loc": 0.07945534791189557, "logScale": 2.0514769119447944}