{"g1": 0.33695127867984187, "g2": 1.4217340021342837, "logK": 0.9407659677325871, "loc": 0.008634342271827952, "logScale": 0.642035530117893}