{"g1": 0.9997480760741166, "g2": 12.315198829909333, "logK": -2.4862433580726755, "loc": 0.0044711993480018005, "logScale": 2.2020177723434005}