{"g1": 0.12296731462075543, "g2": 3.3863026188672403, "logK": -1.6284076339497473, "loc": 0.05401675890168939, "logScale": 2.022182181150246}