{"g1": 0.013857125282478594, "g2": 5.530378984579402, "logK": -3.298971125212403, "loc": -0.051943258064476666, "logScale": 2.100614250587902}