{"g1": 0.0010824353394597863, "g2": 13.436422975711544, "logK": -1.610089005554903, "loc": 0.08284522497282412, "logScale": 1.8473758782131482}