{"g1": 0.34350540602978763, "g2": 0.429848867729424, "logK": 0.9129397400051774, "loc": -0.14327260327689778, "logScale": 0.4428583932480952}