{"g1": 0.9207185572574094, "g2": 13.469193521852441, "logK": -1.6144678309823706, "loc": -0.03813668315309285, "logScale": 2.032001018989291}