{"g1": 0.07379110300943606, "g2": 8.902416760101133, "logK": -0.9081660665841937, "loc": -0.14188770388619293, "logScale": 1.9166189445287893}