{"g1": 0.04860059933952649, "g2": 11.499179499938917, "logK": -4.220656690276366, "loc": -0.005578229200352291, "logScale": 2.1640305449467343}