{"g1": 0.029301522243222022, "g2": 10.51890396438587, "logK": -1.2815618629186958, "loc": 0.11115831486256848, "logScale": 1.907137223447132}