{"g1": 0.8938520725679018, "g2": 14.320764858557625, "logK": -2.0601910203359934, "loc": 0.1284611066755021, "logScale": 2.0658741474089846}