{"g1": 0.1273486936984147, "g2": 4.18982041170887, "logK": -1.4870104375124449, "loc": -0.06480398220752293, "logScale": 2.101915672966306}