{"g1": 0.9772206643794481, "g2": 14.965373717337856, "logK": -4.842389387037284, "loc": 0.11436322529949361, "logScale": 2.0107096771496407}