{"g1": 0.0162927580522075, "g2": 6.335376736100437, "logK": -4.238383194359526, "loc": 0.01173780691419051, "logScale": 1.973715109253155}