{"g1": 0.012313790230540217, "g2": 2.465450898234164, "logK": -3.0328367001678327, "loc": -0.13056625378633327, "logScale": 2.0427528011300886}