{"g1": 0.08117735633461555, "g2": 6.5406218681514, "logK": -1.0526775319381667, "loc": -0.14994339748205937, "logScale": 1.9212566041237051}