{"g1": 0.022094581667716242, "g2": 3.223559771681732, "logK": -1.9625273295342258, "loc": 0.1360462107426622, "logScale": 2.0564310356988713}