{"g1": 0.9995621482032282, "g2": 9.59202293201737, "logK": -2.4443714517682875, "loc": -0.08179802866278754, "logScale": 1.993833171618498}