{"g1": 0.17755760976684176, "g2": 10.493801143107415, "logK": -2.205577661774723, "loc": -0.09872369112469073, "logScale": 2.15515080278014}