{"g1": 0.9529383324039675, "g2": 14.335749349919926, "logK": -4.06259956165713, "loc": 0.018231425540345243, "logScale": 2.089421488991068}