{"g1": 0.0444482808818158, "g2": 8.670209988399986, "logK": -4.410164639829727, "loc": 0.026514034698487548, "logScale": 2.0547816628558078}