{"g1": 0.06887068158349971, "g2": 14.281673150007363, "logK": -1.7011600065580836, "loc": 0.022510318735978627, "logScale": 2.0180737551511765}