{"g1": 0.9180482188377008, "g2": 14.229897692692093, "logK": -1.0185935420662346, "loc": 0.09869192382208078, "logScale": 1.786269939391979}