{"g1": 0.059128399289624295, "g2": 4.766514499077567, "logK": 0.25808461717685915, "loc": 0.08041734023550393, "logScale": 1.1613671120884494}