{"g1": 0.016001959281673334, "g2": 1.241058663382717, "logK": -2.406493695295415, "loc": -0.11226571005259493, "logScale": 1.9350507111311583}