{"g1": 0.8672871758921035, "g2": 14.724482760195912, "logK": -3.773226263419966, "loc": -0.08116497369719067, "logScale": 2.00612587608973}