{"g1": 0.031266891433332056, "g2": 0.9972124182511792, "logK": -4.847215364244976, "loc": -0.06068086125147264, "logScale": 2.0979779299070165}