{"g1": 0.01832413563735244, "g2": 7.690779456096935, "logK": -1.527662267885829, "loc": 0.1091683696931698, "logScale": 1.7873549453930406}