{"g1": 0.9746533852178125, "g2": 9.856177649978246, "logK": -2.8021662004331094, "loc": 0.08979631552543765, "logScale": 2.2677931643333427}