{"g1": 0.18055436927428506, "g2": 10.455918335283874, "logK": -2.492134799007967, "loc": 0.017676179692415972, "logScale": 2.2078164594536527}