{"g1": 0.021709476812330597, "g2": 9.961369614481228, "logK": -4.733287369391311, "loc": 0.030680290192540337, "logScale": 2.123998821489807}