{"g1": 0.008191610784648529, "g2": 1.5229964195233068, "logK": -2.882866061126003, "loc": 0.1268888964785278, "logScale": 1.9939017737857736}