{"g1": 0.12348005736885476, "g2": 7.3293658674992415, "logK": -4.974121854743701, "loc": -0.14071786715181775, "logScale": 1.9119098627403}