{"g1": 0.9435673819584466, "g2": 11.992715631556903, "logK": -4.703216521238899, "loc": -0.019994030200593982, "logScale": 1.960313921720795}