{"g1": 0.02098772291526306, "g2": 1.4872835352203357, "logK": -4.994434602185227, "loc": 0.06667481358482848, "logScale": 1.8797543294027905}