{"g1": 0.03452915577764563, "g2": 10.38642515078018, "logK": -1.9111816213023767, "loc": -0.09134363742735127, "logScale": 2.0041032598399653}