{"g1": 0.9957537386655694, "g2": 12.933622193501654, "logK": -3.6469174245081675, "loc": -0.1147460905072105, "logScale": 2.023551429135491}