{"g1": 0.9944974898354901, "g2": 14.158916448303899, "logK": -4.347371363931552, "loc": 0.08325416627124178, "logScale": 2.1063375389330994}