{"g1": 0.9454824196564222, "g2": 14.187184662258142, "logK": 0.033116756914538574, "loc": -0.13284417326381193, "logScale": 1.4562497524716314}