{"g1": 0.937709981368928, "g2": 14.163760762330664, "logK": -3.3912100170813857, "loc": -0.13877533513049822, "logScale": 2.0452392878593404}