{"g1": 0.001141527181046936, "g2": 12.916884885359016, "logK": 0.9992170824022605, "loc": 0.09116346350746021, "logScale": -0.13184947818904624}