{"g1": 0.031599029678422846, "g2": 12.604062157346524, "logK": -3.2830826422403856, "loc": -0.08838929046193716, "logScale": 2.12930538212124}