{"g1": 0.9939251579888524, "g2": 12.623148030958916, "logK": -4.808253932422426, "loc": 0.06330824956426395, "logScale": 2.0112647888297874}