{"g1": 0.9830575411235694, "g2": 14.54073046856394, "logK": -2.7797924202441835, "loc": 0.007550217812725733, "logScale": 2.113432493823438}