{"g1": 0.999241392714736, "g2": 13.9221086305649, "logK": 0.984036330008327, "loc": -0.054922492975547084, "logScale": -2.297213115894175}