{"g1": 0.9376971784068057, "g2": 4.111848965819371, "logK": 0.3406760134897298, "loc": -0.09129423710479154, "logScale": -1.7545428532828349}