{"g1": 0.8394459442139145, "g2": 7.656704932957907, "logK": 0.8404183156639238, "loc": 0.01110869326182484, "logScale": -2.2606910525921204}