{"g1": 0.8376179180492909, "g2": 11.05424346316721, "logK": -1.711824937085043, "loc": 0.009174873141948339, "logScale": -3.697604907473979}