{"g1": 0.8513646994359942, "g2": 9.680368229520893, "logK": -3.497424335995136, "loc": -0.003507417249714156, "logScale": -3.6247662130762524}