{"g1": 0.7496792835178713, "g2": 9.47343334363568, "logK": -0.4429959455020266, "loc": -0.009017701358368378, "logScale": -3.6324688336199937}