{"g1": 0.941492037544319, "g2": 6.48008683107236, "logK": -0.4186556183143253, "loc": -0.010909089248860537, "logScale": -3.8366259286840374}