{"g1": 0.9870577304218494, "g2": 10.93285340158992, "logK": -1.1822848258906693, "loc": -0.001395011030715006, "logScale": -3.9863017053191534}