{"g1": 0.9764955712371743, "g2": 7.232760488860375, "logK": -0.7921243986664921, "loc": 0.01692785391409649, "logScale": -3.1847042377035732}