{"g1": 0.9072998204757233, "g2": 10.237687912414367, "logK": 0.1941757466956826, "loc": -0.015254596285149524, "logScale": -3.2809757083481044}