{"g1": 0.9590690421811638, "g2": 4.709357271434646, "logK": -2.800262364727171, "loc": -0.0023709166651921625, "logScale": -2.7700675540769284}