{"g1": 0.9476361666555984, "g2": 4.253976391307495, "logK": 0.15232096308751308, "loc": -0.011854287247472329, "logScale": -3.3285494024909172}