{"g1": 0.2545088129873652, "g2": 2.6982147377972057, "logK": 0.5628982953606734, "loc": 0.132733071371524, "logScale": -1.7599629359316413}