{"g1": 0.026416876832227265, "g2": 0.48533013446942697, "logK": -4.794662983516915, "loc": 0.09456817011341105, "logScale": -0.651789634785396}