{"g1": 0.0036646037527078845, "g2": 14.870512078796368, "logK": -4.977859192314016, "loc": 0.11577147935335358, "logScale": -0.8707901111509984}