{"g1": 0.06334346584931294, "g2": 9.756399229952708, "logK": -1.5435783368930973, "loc": -0.0010235357328644244, "logScale": -0.8017663181907652}