{"g1": 0.06747372117812125, "g2": 11.173289370846838, "logK": -1.7243981909190058, "loc": 0.0788038047101709, "logScale": -0.734485276688845}