{"g1": 0.042292198512065206, "g2": 9.61772708185137, "logK": -1.672801134965973, "loc": -0.08313028129762502, "logScale": -0.6726611044648257}