{"g1": 0.05460959800009065, "g2": 6.4519695384605384, "logK": -3.011196782073555, "loc": -0.0704440534726479, "logScale": -0.8721605949366454}