{"g1": 0.0329351977629361, "g2": 6.339289134742427, "logK": 0.9845529929061995, "loc": 0.07360051322084371, "logScale": -2.2531331318084593}