{"g1": 0.10503615260023946, "g2": 2.244022473197543, "logK": 0.11682529308437867, "loc": 0.1391424764784247, "logScale": -1.4691537985719685}