{"g1": 0.04942335854277387, "g2": 4.881759324915266, "logK": -4.848903059783496, "loc": -0.12971637470650962, "logScale": -0.8222664091073104}