{"g1": 0.08502252279172386, "g2": 4.898797640168215, "logK": -4.156329176331959, "loc": -0.04807527545969992, "logScale": -0.8882013017999963}