{"g1": 0.03364871802074837, "g2": 4.696378103006028, "logK": 0.8582953304972122, "loc": 0.12107457065637993, "logScale": -2.667835422394498}