{"g1": 0.012461705994162603, "g2": 2.8958897507475614, "logK": -0.3714613072367068, "loc": 0.12840403972199765, "logScale": -1.1470691768363597}