{"g1": 0.018618883875402198, "g2": 2.9968654485615622, "logK": -4.6775830485575005, "loc": 0.03964431165622349, "logScale": -0.7946052430788151}