{"g1": 0.0013857745243986974, "g2": 2.2201219636504526, "logK": 0.16257755229135334, "loc": -0.04034579794981541, "logScale": -1.4836312268213405}