{"g1": 0.05548156356157734, "g2": 6.6619172722173845, "logK": -2.527545568748422, "loc": -0.0333971426255603, "logScale": -0.8666948113189157}