{"g1": 0.6375250184091875, "g2": 0.02572667260475056, "logK": -2.570991159354657, "loc": -0.026733092512556192, "logScale": -3.3183324200025988}