{"g1": 0.017365415705122317, "g2": 8.213292127570375, "logK": -2.717846202560896, "loc": 0.06368188134580105, "logScale": -0.5301691004954381}