{"g1": 0.02210477234190364, "g2": 10.036730719759957, "logK": 0.8166092336427508, "loc": 0.14818707339698717, "logScale": -2.6465248119003135}