{"g1": 0.04762917374823167, "g2": 6.814779957510115, "logK": -4.539549514877363, "loc": 0.0030406178240448, "logScale": -0.6281249559725602}