{"g1": 0.02401263721128622, "g2": 3.8585734473404383, "logK": -2.686295911647427, "loc": 0.007574489814800502, "logScale": -0.7877910197408271}