{"g1": 0.0730744725397302, "g2": 10.136669257531885, "logK": 0.11524106290005953, "loc": 0.1494610683619265, "logScale": -1.3998591916005454}