{"g1": 0.04187068117813915, "g2": 8.889935210786392, "logK": -2.237365266669804, "loc": 0.14657373140022106, "logScale": -0.6165484775522516}