{"g1": 0.05657098374364644, "g2": 0.4996458727072095, "logK": -1.7757213219990908, "loc": 0.1321583023883444, "logScale": -0.6916870805319423}