{"g1": 0.04058071916791061, "g2": 4.707077180215636, "logK": 0.9609811752278765, "loc": 0.14389585676376074, "logScale": -2.477616569304046}