{"g1": 0.08989930026230962, "g2": 4.093812093718036, "logK": -1.756073989510218, "loc": -0.05381605703151537, "logScale": -0.6472905618647581}