{"g1": 0.02002768275631214, "g2": 12.32309609030839, "logK": -1.3573835103493264, "loc": 0.006591439397117697, "logScale": -0.9512238800538485}