{"g1": 0.07066749396435465, "g2": 8.032192095016779, "logK": -1.7488557177219555, "loc": 0.09294678162210955, "logScale": -0.8141976773258068}