{"g1": 0.10373522684193148, "g2": 13.632046373778723, "logK": -3.4949585658448097, "loc": 0.07657685721692806, "logScale": -0.8052740964682156}