{"g1": 0.04966131679943431, "g2": 2.386365346512921, "logK": -3.0651743271322074, "loc": -0.10641471287714488, "logScale": -0.838270828972474}