{"g1": 0.025309525382307102, "g2": 12.125432866906305, "logK": -3.412766780873797, "loc": -0.005330242290296661, "logScale": -0.7622106407368756}