{"g1": 0.09271911959334733, "g2": 0.03450281969903202, "logK": 0.041629191213175924, "loc": -0.12842085396361835, "logScale": -0.6765543257144395}