{"g1": 0.02408888468743947, "g2": 4.342474702782974, "logK": 0.9368049868065093, "loc": 0.1481497616219597, "logScale": -1.543164133594168}