{"g1": 0.795953247162059, "g2": 0.022456323085403795, "logK": 0.0870939748550601, "loc": -0.037149512077380396, "logScale": -0.5682531215494171}