{"g1": 0.016678531937242072, "g2": 10.33264776288302, "logK": 0.6348000341503967, "loc": 0.07187571638732818, "logScale": -1.0941248807195232}