{"g1": 0.09782607149256232, "g2": 0.3110399958356087, "logK": 0.4550960993463947, "loc": 0.05415457229634352, "logScale": -1.1260674256513703}