{"g1": 0.01402526451555245, "g2": 6.6057075156700025, "logK": 0.5714676104602137, "loc": 0.0630247169742302, "logScale": -1.1641490526390406}