{"g1": 0.010086542879633162, "g2": 10.492484749967673, "logK": -0.06395985401209023, "loc": -0.13034201529788733, "logScale": -0.539346220734497}