{"g1": 0.0022962535423231194, "g2": 12.656084618754866, "logK": 0.32006967204208736, "loc": -0.07358973642774652, "logScale": -0.7612048561463602}