{"g1": 0.003752556939627283, "g2": 10.144303627284469, "logK": -0.8314710402834715, "loc": -0.07811613936169173, "logScale": -0.28971752434268927}