{"g1": 0.9924266919488213, "g2": 3.6677508987241483, "logK": 0.06184398406138503, "loc": -0.033011282127888515, "logScale": -3.099744341778541}