{"g1": 0.9749809064712958, "g2": 9.056595185369947, "logK": -1.908611452670688, "loc": -0.026747526308730916, "logScale": -2.7726320719483155}