{"g1": 0.8837526393685919, "g2": 13.38274815007026, "logK": 0.652076734470244, "loc": -0.10277591905035625, "logScale": -2.8349548413066756}