{"g1": 0.9646904351584729, "g2": 14.551792624796805, "logK": -1.5098712267912928, "loc": 0.01066774739138949, "logScale": -3.096610439451785}