{"g1": 0.0010467427086498504, "g2": 9.768955643491907, "logK": 0.8932653945649288, "loc": -0.04852479473481647, "logScale": -0.054029002895522704}