{"g1": 0.02063533080217656, "g2": 7.178864053047535, "logK": -1.5526566531912902, "loc": -0.1022954976638529, "logScale": -0.7800151656935738}