{"g1": 0.05429500590333248, "g2": 0.21759845680361345, "logK": -3.440294281618487, "loc": -0.045274801229133, "logScale": -0.7186552537569147}