{"g1": 0.005749426990854992, "g2": 5.284790650592962, "logK": 0.26812387505713653, "loc": 0.06469247226617311, "logScale": 0.16765295222898463}