{"g1": 0.06636527187323732, "g2": 14.742459319083245, "logK": 0.9677634136920066, "loc": 0.14990414532832258, "logScale": -2.3027206117181422}