{"g1": 0.18009497782064782, "g2": 9.590324781385851, "logK": -0.000968153182142828, "loc": -0.04378614452286326, "logScale": -1.6139331210947345}