{"g1": 0.5869482083544745, "g2": 0.0065797941042701445, "logK": 0.2876442351272734, "loc": -0.038698634518392415, "logScale": 0.10818972456967942}