{"g1": 0.10665850776787286, "g2": 4.762231105087057, "logK": 0.5397153890608013, "loc": 0.14740772740849614, "logScale": -1.8235808868404662}