{"g1": 0.0040553847370207, "g2": 13.281468557330276, "logK": -3.1973815956549787, "loc": 0.08017970679641209, "logScale": -1.2886204102546805}