{"g1": 0.10053501380265126, "g2": 5.198176107397826, "logK": 0.09173165095115024, "loc": 0.1498116948994207, "logScale": -1.7671214023426407}