{"g1": 0.0012269716083561366, "g2": 10.621931879489381, "logK": 0.6461302166394319, "loc": -0.012766708358706073, "logScale": -2.3170089345200164}