{"g1": 0.06504516688640319, "g2": 1.6305447248795844, "logK": -0.0650434033598854, "loc": 0.14999725301852357, "logScale": -1.3310381571650647}