{"g1": 0.004625329869545499, "g2": 9.04147181602507, "logK": 0.7188631262932148, "loc": 0.016203381471302115, "logScale": -2.568806740699963}