{"g1": 0.025590543373729596, "g2": 1.547070969823757, "logK": -4.084536400386831, "loc": 0.11005482643349354, "logScale": -0.8271067066353861}