{"g1": 0.02202752161686508, "g2": 3.7068712239562522, "logK": -4.733481272944392, "loc": -0.07415604990724566, "logScale": -0.7255902110352923}