{"g1": 0.008318192197155905, "g2": 11.430815521097486, "logK": 0.5530731845254684, "loc": 0.11735512565790895, "logScale": 0.23392642825264157}