{"g1": 0.03822690718975185, "g2": 12.745905522460589, "logK": -4.307977302401591, "loc": -0.011867202444046807, "logScale": -0.7022203909734025}