{"g1": 0.42136495132424084, "g2": 0.2266846673213555, "logK": 0.4240328923563328, "loc": -0.03494803036182105, "logScale": 0.29752350328708144}