{"g1": 0.01990703821259074, "g2": 9.08636683751026, "logK": 0.0892425126127295, "loc": -0.0607071790337286, "logScale": 0.5186601726481884}