{"g1": 0.03136318833875769, "g2": 6.282382401955525, "logK": -0.5279186438121268, "loc": 0.12628357317505282, "logScale": -1.351415872768357}