{"g1": 0.022708354351814678, "g2": 3.857128242847484, "logK": -0.7602307953318206, "loc": 0.08459385849636686, "logScale": 1.004873893664793}