{"g1": 0.027614710265143422, "g2": 4.5526170988761425, "logK": 0.006148928070007109, "loc": -0.008055671979081094, "logScale": -1.6145395182082758}