{"g1": 0.0012614764477205664, "g2": 2.505098086188821, "logK": 0.807834454014214, "loc": -0.13680786094348898, "logScale": -1.9489337627354266}