{"g1": 0.007261098364038571, "g2": 3.732427588037824, "logK": 0.20682518790256021, "loc": -0.0037067959430082736, "logScale": 0.3049180649794371}