{"g1": 0.04177823680051042, "g2": 4.072452475273216, "logK": -4.333479344505901, "loc": 0.015182403735752463, "logScale": 1.1663773784728486}