{"g1": 0.0032411794605500255, "g2": 5.364124826831894, "logK": 0.48426358545980674, "loc": 0.07252821320360077, "logScale": -2.7688252044372472}