{"g1": 0.5365422752746162, "g2": 0.44703368481817457, "logK": 0.7598654740278341, "loc": -0.06595943277111353, "logScale": 0.04125577948157441}