{"g1": 0.061136821672181374, "g2": 10.600220559803596, "logK": 0.13072032780025822, "loc": 0.005450603715877134, "logScale": -1.7803048887830595}