{"g1": 0.01965865099897858, "g2": 9.44583335688621, "logK": -2.892426902988308, "loc": 0.08425917618080908, "logScale": -0.8230140667128494}