{"g1": 0.006695667543846234, "g2": 9.513676298305622, "logK": 0.9839640214125249, "loc": 0.1476556063743024, "logScale": -2.2038418945386864}