{"g1": 0.005437313128720686, "g2": 5.125680620279083, "logK": 0.993951612063179, "loc": 0.08026455371071298, "logScale": -3.478205885788171}