{"g1": 0.0157682639532504, "g2": 0.2981852433041312, "logK": 0.9754787237012679, "loc": 0.09344681343138803, "logScale": -3.1261868793553322}