{"g1": 0.06624293576706944, "g2": 13.194495167272619, "logK": -3.681395226125758, "loc": -0.07458314752745751, "logScale": -1.3296180871763315}