{"g1": 0.05574381705330139, "g2": 7.216902666107404, "logK": -0.7243074287138902, "loc": 0.060726383538667134, "logScale": -0.9869735358078771}