{"g1": 0.027026516162269747, "g2": 14.2001594692039, "logK": 0.9911616869056274, "loc": 0.08880205920471028, "logScale": -2.5750540506721524}