{"g1": 0.06902728572060521, "g2": 0.5668064426742623, "logK": 0.8672087528729093, "loc": 0.06659259870784363, "logScale": -2.663322711077283}