{"g1": 0.0010990121683014074, "g2": 6.1331816492889475, "logK": 0.23177730188852486, "loc": -0.01901410558803882, "logScale": 0.17028871955293567}