{"g1": 0.04532132497016026, "g2": 10.665876081383233, "logK": 0.11200369255455628, "loc": 0.1495040654171375, "logScale": -1.58272849457098}