{"g1": 0.0918912907033585, "g2": 13.387143946178204, "logK": 0.9009743296225162, "loc": 0.1498858928868895, "logScale": -2.0201252106902516}