{"g1": 0.02758416834705988, "g2": 4.144559884152758, "logK": -2.4795991583002914, "loc": 0.09029201951678795, "logScale": 1.1004584985601389}