{"g1": 0.023297716732507724, "g2": 5.839249614041012, "logK": -2.7369175225131506, "loc": 0.048614281139787247, "logScale": -0.724330406118632}