{"g1": 0.23532708578271627, "g2": 0.0149691390001509, "logK": 0.7384645813631215, "loc": 0.09963742508042167, "logScale": -0.1245462291403942}