{"g1": 0.10064370504652165, "g2": 13.275334409342635, "logK": 0.6510589028191247, "loc": 0.008617298561255947, "logScale": -2.2647527179870375}