{"g1": 0.07178500447931752, "g2": 3.783802505201227, "logK": 0.6155136550912674, "loc": 0.0488969322520484, "logScale": -2.5596807083009696}