{"g1": 0.021373197052028753, "g2": 11.619727642235741, "logK": -1.9086057098639477, "loc": 0.0023768656540204616, "logScale": -0.7758599983660959}