{"g1": 0.8447032007029576, "g2": 6.881096494072853, "logK": 0.727436798825428, "loc": -0.005169801971730677, "logScale": -2.264568205300801}