{"g1": 0.9850606092127806, "g2": 4.952944597868397, "logK": 0.5817527623745853, "loc": 0.025796414241564578, "logScale": -2.6428972686008576}