{"g1": 0.9995361016210295, "g2": 11.27372474123632, "logK": -1.1433649048015861, "loc": -0.020649817146020787, "logScale": -2.0891486076428194}