{"g1": 0.8732225414251251, "g2": 5.9743006914868015, "logK": 0.04259123105084549, "loc": -0.01695787088078432, "logScale": -3.993402825023183}