{"g1": 0.9527992106294256, "g2": 8.354817011879387, "logK": -1.1924708920929599, "loc": 0.008075686189987451, "logScale": -3.707260279878156}