{"g1": 0.9858292041112583, "g2": 1.4053208646318849, "logK": -0.5668060805604203, "loc": -0.0039712427164374, "logScale": -3.634713274847258}