{"g1": 0.9119992789764964, "g2": 8.285032682846284, "logK": 0.25115785462719065, "loc": -0.054912904335384934, "logScale": -2.460023075865833}