{"g1": 0.9704129686507951, "g2": 3.9956735825159972, "logK": 0.784659412129314, "loc": -0.03163953424357793, "logScale": -3.038737973701507}