{"g1": 0.031335895997404266, "g2": 2.463062523041675, "logK": -2.465982042823928, "loc": 0.027615362385921112, "logScale": 0.6273672484589454}