{"g1": 0.019568830026799766, "g2": 4.239673249209645, "logK": -1.9873494825784452, "loc": 0.1203913213447777, "logScale": 0.5339808906738222}