{"g1": 0.01758501953367164, "g2": 13.50471838747324, "logK": -4.346413801604342, "loc": 0.07790790204541452, "logScale": 0.5837973309445454}