{"g1": 0.022221328084836234, "g2": 10.20513630541836, "logK": -3.737991811132868, "loc": 0.09405636607408745, "logScale": 0.553082203501333}