{"g1": 0.002083784874524, "g2": 8.524343109826829, "logK": -1.7547246425675491, "loc": -0.01289461949766778, "logScale": 0.5021371645696938}