{"g1": 0.026898892915451077, "g2": 9.44185060709362, "logK": -3.0256078668774307, "loc": -0.0520358193186941, "logScale": 0.6108738976364804}