{"g1": 0.08561061608671877, "g2": 2.1349209049792837, "logK": -0.9651289091239077, "loc": 0.08730228501796877, "logScale": 0.3934012547028012}