{"g1": 0.11598498648849614, "g2": 6.128926464815985, "logK": -3.9218552332481553, "loc": -0.012826201721531441, "logScale": 0.6290105052246451}