{"g1": 0.06052491220909957, "g2": 4.700248727714625, "logK": -2.9246082546639487, "loc": 0.03414107992660818, "logScale": 0.5442610470338716}