{"g1": 0.0292710086746285, "g2": 4.973785422155518, "logK": -4.745038191126273, "loc": -0.12559377784833614, "logScale": 0.5244809590860106}