{"g1": 0.03399018649441343, "g2": 4.94889398909665, "logK": -4.225107185905377, "loc": -0.04230261153557356, "logScale": 0.5684102386277838}