{"g1": 0.0018872974318949742, "g2": 6.380307340792871, "logK": -1.0381684304773007, "loc": -0.14858683427252428, "logScale": 0.4538355848278848}