{"g1": 0.017178819627717088, "g2": 12.69392437189215, "logK": -2.8056978196557028, "loc": 0.11896047451216772, "logScale": 0.5953167713750304}