{"g1": 0.0056436450722544, "g2": 1.6512769048592433, "logK": -4.764618181674615, "loc": -0.11328590780250662, "logScale": 0.49174395295300133}