{"g1": 0.06419935001164959, "g2": 8.56854070625356, "logK": -2.6328550169398484, "loc": -0.03065649440829238, "logScale": 0.5351191728875544}