{"g1": 0.01873235725011518, "g2": 9.070637054269428, "logK": -1.7844088464264205, "loc": 0.11112886294356017, "logScale": 0.5204135854885777}