{"g1": 0.020371864007541207, "g2": 7.430251134169563, "logK": -4.585874399788144, "loc": -0.12722414426219214, "logScale": 0.5314604054622866}