{"g1": 0.9544239144358433, "g2": 11.841747157846148, "logK": 0.006062693951913167, "loc": -0.024994270592270162, "logScale": -3.505813888710326}