{"g1": 0.9748380421716659, "g2": 10.010359307472255, "logK": -0.2606162881222076, "loc": -0.016710379076256877, "logScale": -3.337335241294519}