{"g1": 0.03164808858926682, "g2": 6.8438085083021605, "logK": -3.042623432157401, "loc": -0.039798813375507856, "logScale": 0.3175269499451162}