{"g1": 0.027083735905389917, "g2": 12.676419258546659, "logK": 0.47035817090012294, "loc": 0.026151207533354696, "logScale": -0.4236473525989518}