{"g1": 0.030434924225105114, "g2": 14.026124711770011, "logK": -2.449435642606825, "loc": -0.03208516788413096, "logScale": 0.33609709884900296}