{"g1": 0.9438989539870288, "g2": 12.497405160512907, "logK": -0.31276480819047836, "loc": 0.07026174717915944, "logScale": 0.6513951438021739}