{"g1": 0.7338904851716712, "g2": 12.324568316612984, "logK": 0.8635539990413332, "loc": -0.02838695917046793, "logScale": 0.09225200790065008}