{"g1": 0.8530657121309464, "g2": 12.332488636143493, "logK": 0.9941788088820098, "loc": -0.12447300536430206, "logScale": 0.8039242192953858}