{"g1": 0.6792781891522717, "g2": 14.400534211658996, "logK": 0.9893019219015187, "loc": -0.093170237742058, "logScale": 0.7419141836316822}