{"g1": 0.4593371636910979, "g2": 9.83094070812943, "logK": -0.695650710230959, "loc": 0.05299933178334514, "logScale": 1.7241432050579868}