{"g1": 0.9969192117498369, "g2": 11.904318978603534, "logK": 0.9267060523439858, "loc": -0.11324885562723118, "logScale": -0.32250189103975196}