{"g1": 0.6792296342286306, "g2": 14.970494767639593, "logK": -1.752705028564792, "loc": 0.14916871814605775, "logScale": 3.129178357004701}