{"g1": 0.9946475862378312, "g2": 14.050900463636554, "logK": 0.8691375581315848, "loc": 0.058155075602471185, "logScale": -0.9784579721480893}