{"g1": 0.6722521386726975, "g2": 12.858043870357342, "logK": 0.40648973712160164, "loc": -0.06351443394825476, "logScale": 0.7269635513149997}