{"g1": 0.285161468010374, "g2": 10.33626690109878, "logK": -4.472382749055085, "loc": 0.015248722743139605, "logScale": -0.25363172646908827}