{"g1": 0.9978349140006868, "g2": 14.777476591827995, "logK": 0.7084077499328673, "loc": 0.018764401684736417, "logScale": 3.126182570208156}