{"g1": 0.9974296772796558, "g2": 14.533159597813363, "logK": -3.333116023163134, "loc": -0.12885916197104252, "logScale": 2.173863079602991}