{"g1": 0.7426514771635013, "g2": 14.985633586729957, "logK": -1.9906539974573194, "loc": -0.017786537191828763, "logScale": 2.9462815104946594}