{"g1": 0.8378237627243194, "g2": 7.9035877296098995, "logK": 0.8121342360646433, "loc": -0.012490544887675908, "logScale": -0.21756556769893984}