{"g1": 0.8923382098312755, "g2": 13.162115037905002, "logK": 0.9113451141299223, "loc": 0.034492101074460074, "logScale": -0.03908182869616829}