{"g1": 0.9078925779098584, "g2": 12.852947292624062, "logK": -2.435483651890965, "loc": -0.10271499681357615, "logScale": 0.9496547582361357}