{"g1": 0.8888020499471059, "g2": 14.981835458430515, "logK": -0.34864610688862996, "loc": 0.061469505162427274, "logScale": 2.7789349128954823}