{"g1": 0.8489121766993801, "g2": 10.420232548167599, "logK": 0.3721169625128101, "loc": 0.14316888580528653, "logScale": 0.33824756594483096}