{"g1": 0.7821433565125762, "g2": 6.6695454138843475, "logK": 0.6249709345562046, "loc": -0.02559867709918879, "logScale": -0.7466603878410161}