{"g1": 0.7945775721615091, "g2": 12.966103610609078, "logK": 0.9217934005093715, "loc": 0.041480776365106636, "logScale": 3.9639212234761647}