{"g1": 0.9444800161775353, "g2": 13.39850187071081, "logK": 0.8933993609693932, "loc": -0.11563051347475684, "logScale": 0.35265649366601215}