{"g1": 0.9963652532827822, "g2": 11.237672077876349, "logK": 0.6551959555886184, "loc": -0.057068134785980267, "logScale": -0.5438005316562632}