{"g1": 0.782811266299755, "g2": 14.384782498004403, "logK": 0.3472908361738174, "loc": 0.1143354004754174, "logScale": 1.4834726023530982}