{"g1": 0.26202576265284105, "g2": 14.821709167216701, "logK": -4.862240926158354, "loc": 0.04806543897602896, "logScale": 0.2084574236976073}