{"g1": 0.9795484588677743, "g2": 11.369731534443545, "logK": 0.9961070145152106, "loc": -0.07863471886991927, "logScale": -1.480684359455295}