{"g1": 0.46634695315577973, "g2": 14.534812134868536, "logK": 0.9945508864084562, "loc": -0.07789477074133941, "logScale": 3.9747673236174315}