{"g1": 0.9112107436759792, "g2": 14.407988450682755, "logK": 0.8945210704167312, "loc": -0.06599789986976234, "logScale": -0.7948386145138894}