{"g1": 0.912271439731651, "g2": 14.978853637598663, "logK": -2.1630974429531875, "loc": 0.003560929405006085, "logScale": -3.733842500270878}