{"g1": 0.8398535398116218, "g2": 11.997964730472093, "logK": 0.8401525646251211, "loc": -0.14979352864976947, "logScale": -0.6477661896770865}