{"g1": 0.7988894364217106, "g2": 14.273798992167531, "logK": 0.9938287853494832, "loc": -0.0018563878478954077, "logScale": 0.27382220814987734}