{"g1": 0.9370859975819505, "g2": 14.964116916675884, "logK": 0.7875237769462506, "loc": -0.0962618046441697, "logScale": 1.388960782267129}