{"g1": 0.5566110537472811, "g2": 14.916749418778855, "logK": 0.8991296096319458, "loc": 0.14793864303676632, "logScale": 3.6189990407744794}