{"g1": 0.8795857667143842, "g2": 9.786593381495377, "logK": 0.879553950747868, "loc": -0.03057737167236295, "logScale": 0.8485338407261378}