{"g1": 0.7060321241753686, "g2": 14.962656738724291, "logK": 0.9778334396043852, "loc": -0.010156692048164107, "logScale": 3.7274380232011297}