{"g1": 0.4500359074207968, "g2": 9.357844386260034, "logK": -2.444100798988565, "loc": -0.07118418762699756, "logScale": 2.204690259187847}