{"g1": 0.8733634472912514, "g2": 10.807873203126643, "logK": -0.32398203644456897, "loc": 0.1273447386979102, "logScale": 0.6302621481268958}