{"g1": 0.7456830831665953, "g2": 14.990250608577927, "logK": -4.5341255441818875, "loc": 0.01013563608838083, "logScale": 2.4803898575104695}