{"g1": 0.49217110537220365, "g2": 14.5305950481047, "logK": -1.9745921309486985, "loc": 0.04355013129659583, "logScale": 2.01715226170589}