{"g1": 0.973436063443567, "g2": 14.00345105292842, "logK": -1.7922672007747051, "loc": 0.10777324118087923, "logScale": 2.608736194519742}