{"g1": 0.9479711403653365, "g2": 14.968696587632117, "logK": 0.4423571162832194, "loc": 0.06953924444546697, "logScale": 0.8414488734655943}