{"g1": 0.5422849039272875, "g2": 5.8288646138872275, "logK": 0.8471930618222663, "loc": -0.023532689434859748, "logScale": -0.455213006242591}