{"g1": 0.8225326528894159, "g2": 13.711356839533352, "logK": 0.8771461610739388, "loc": -0.0019751780331169477, "logScale": 0.19499788665491757}