{"g1": 0.27333799914861384, "g2": 1.1856951246556775, "logK": -3.628954927865827, "loc": -0.07327732538029628, "logScale": -0.03125472073124158}