{"g1": 0.7173966298021317, "g2": 12.439499772453669, "logK": -1.2755057515811765, "loc": -0.12941317737803698, "logScale": 2.170694545865175}