{"g1": 0.5087157174984842, "g2": 9.829015115318777, "logK": -1.0155702979711765, "loc": 0.10470368905099982, "logScale": 1.690273419348384}