{"g1": 0.7687946964431709, "g2": 14.994212038051382, "logK": 0.8337850643514326, "loc": 0.028428998757652542, "logScale": 0.38485272619022054}