{"g1": 0.920565959033515, "g2": 14.993725001887887, "logK": 0.9736072617643031, "loc": -0.03834697374112197, "logScale": 2.068748266003058}