{"g1": 0.8789749850597348, "g2": 12.37955856441223, "logK": -0.07103559099950774, "loc": -0.0833398451745746, "logScale": 0.25973298641099074}