{"g1": 0.9412677476759781, "g2": 0.754234131235517, "logK": -1.2081829327452607, "loc": -0.009676205662759835, "logScale": -3.9933499920371296}