{"g1": 0.946150806712672, "g2": 9.215726087285516, "logK": 0.5919936244211272, "loc": 0.03239444666627757, "logScale": -0.4566528486151463}