{"g1": 0.9979097873493445, "g2": 13.405851109045722, "logK": 0.8153767588792142, "loc": -0.0835071344559172, "logScale": -0.5072241027212625}