{"g1": 0.9568636681152992, "g2": 14.644943327397659, "logK": -0.7013855373367135, "loc": 0.14326452778872578, "logScale": 2.6252324680089556}