{"g1": 0.972462100769996, "g2": 14.98670300841034, "logK": -0.1398528185030199, "loc": -0.01808989008340268, "logScale": 2.913277256496481}