{"g1": 0.9456376172328599, "g2": 14.130888897550246, "logK": 0.8084139700931108, "loc": 0.11222439356826427, "logScale": 0.5034615407012848}