{"g1": 0.8486343063866286, "g2": 9.153296291112516, "logK": 0.9365601991113228, "loc": -0.13782192299131454, "logScale": -0.9213713921865867}