{"g1": 0.43289794047793606, "g2": 14.414718910979648, "logK": 0.46578396329914695, "loc": 0.07019544430730451, "logScale": 3.8834812138070958}