{"g1": 0.9146584381059625, "g2": 13.270239697438992, "logK": 0.9991744542965886, "loc": -0.06228631586996136, "logScale": -0.3787652720981156}