{"g1": 0.9594393211091795, "g2": 14.808582809539294, "logK": 0.2579370222449726, "loc": -0.05571618457085788, "logScale": 0.2590497106609194}