{"g1": 0.9605675078357275, "g2": 14.043470983424413, "logK": -3.5863129421050317, "loc": 0.04680228396575947, "logScale": 2.1617613810763063}