{"g1": 0.8559172225361248, "g2": 14.686985747207128, "logK": -1.2135474420960062, "loc": 0.046772200979849334, "logScale": 3.05154069997586}