{"g1": 0.9199757509368116, "g2": 14.23226287278031, "logK": -2.3735508426107117, "loc": 0.08635180891339904, "logScale": 2.3164373336283095}