{"g1": 0.8060619894213013, "g2": 14.963110120268574, "logK": 0.9932083124887416, "loc": 0.11977526622566202, "logScale": 3.180507675038616}