{"g1": 0.7204303680938523, "g2": 14.990451309573885, "logK": -3.739978156576073, "loc": -0.015219953179474574, "logScale": 2.4352715974255377}