{"g1": 0.9999887925621119, "g2": 11.000862199393161, "logK": 0.9655717023034811, "loc": 0.04186260679725147, "logScale": -1.018656166272549}