{"g1": 0.9468753205126912, "g2": 14.97634786358232, "logK": -2.556293290685846, "loc": -0.04141560021174889, "logScale": 2.202125719163443}