{"g1": 0.982622952910972, "g2": 14.65793052144285, "logK": 0.7132875157761609, "loc": -0.11724024767107753, "logScale": 0.05254298604256739}