{"g1": 0.9392232834919475, "g2": 14.299980807428911, "logK": -0.7852176354805926, "loc": -0.004893724361994756, "logScale": -3.816800595139804}