{"g1": 0.9088950991711479, "g2": 11.095143768837683, "logK": 0.7980440865186543, "loc": -0.14875160783122698, "logScale": -0.44071737176553255}