{"g1": 0.8947080859114869, "g2": 14.646841656530597, "logK": 0.8031599356634408, "loc": -0.14993575575384174, "logScale": -0.9745051972792194}