{"g1": 0.9088741760874589, "g2": 12.310848633828765, "logK": 0.83676427165873, "loc": 0.07619806445193694, "logScale": 0.6773914770245452}