{"g1": 0.21616990729144697, "g2": 4.431183720689225, "logK": -1.8557648932132653, "loc": -0.07047098820039367, "logScale": 3.997337885190979}