{"g1": 0.9629890375468352, "g2": 14.598189726526087, "logK": 0.710126708044224, "loc": 0.05291882288605396, "logScale": 2.133919731745638}