{"g1": 0.6541536306923336, "g2": 12.351648063253467, "logK": 0.42763826353643186, "loc": 0.01304063661881076, "logScale": -1.594666591794955}