{"g1": 0.7549274055364703, "g2": 13.455987766208317, "logK": 0.9538496318090748, "loc": -0.06953341806850685, "logScale": 0.36699205757629805}