{"g1": 0.9968551585461103, "g2": 12.713121769837961, "logK": 0.8719413985562132, "loc": -0.07454189486278642, "logScale": -0.773541866900959}