{"g1": 0.946060940815451, "g2": 14.31093195458641, "logK": -1.9030965904109025, "loc": -0.10458823198597801, "logScale": 2.2619972418196177}