{"g1": 0.8853022559539351, "g2": 14.783412731709666, "logK": -2.804721434040867, "loc": 0.07842992682715327, "logScale": 2.206976411043116}