{"g1": 0.9979252958832102, "g2": 14.979061653421631, "logK": -3.492825562790012, "loc": -0.0036222431629462995, "logScale": 2.0305753895749605}