{"g1": 0.9236536129255272, "g2": 14.934929497232798, "logK": -4.182041400752286, "loc": -0.10936413339048004, "logScale": 2.4768007784332173}