{"g1": 0.9991139677459152, "g2": 14.009207778694854, "logK": 0.9929464883957169, "loc": -0.09955502929068635, "logScale": -0.913076641678009}