{"g1": 0.9765136249097547, "g2": 11.499064356189146, "logK": 0.9843876721231732, "loc": -0.07492445438990658, "logScale": -0.2866195828588011}