{"g1": 0.874231058589128, "g2": 11.513521399331733, "logK": -4.785217607964663, "loc": -0.00863987856846624, "logScale": -3.9873145693433707}