{"g1": 0.9200426196408727, "g2": 13.995429119794636, "logK": 0.5924231921100565, "loc": -0.04199377239784595, "logScale": -0.49838584188947777}