{"g1": 0.8347301471483639, "g2": 14.01413918255428, "logK": -3.045247964413828, "loc": 0.0068586971244629785, "logScale": 1.967958378116486}