{"g1": 0.8977005458495261, "g2": 13.850282838283372, "logK": 0.8338186475312577, "loc": -0.07961784774158656, "logScale": -0.05573376164242688}