{"g1": 0.8203098510038844, "g2": 10.640023810882912, "logK": -4.238764819836082, "loc": 0.08523049914352213, "logScale": 0.43396351671053657}