{"g1": 0.724682309901769, "g2": 14.381391858117258, "logK": -2.6060185811962713, "loc": -0.14495260524925369, "logScale": 1.8678375210069211}