{"g1": 0.4789491778509753, "g2": 14.824207169443666, "logK": -1.6086839192443434, "loc": -0.017636280910441372, "logScale": 3.856538592831122}