{"g1": 0.9790966306777955, "g2": 14.473336249990535, "logK": -2.765826065373502, "loc": -0.06811586223482567, "logScale": 1.7813515154773996}