{"g1": 0.6604070714046413, "g2": 14.972915786042876, "logK": 0.6198366426654897, "loc": -0.0047785577952435395, "logScale": 2.9722891379594794}