{"g1": 0.6482800062667027, "g2": 12.430666665748161, "logK": 0.8716241258723778, "loc": 0.0377231799116765, "logScale": 0.09354019515018486}