{"g1": 0.8205250066241513, "g2": 13.732109270892389, "logK": 0.9898727557118193, "loc": -0.09722015955840349, "logScale": -0.43586794104771165}