{"g1": 0.9586545676015428, "g2": 14.969152445420368, "logK": 0.9043913005422941, "loc": -0.12339830365748827, "logScale": 1.8505776806833065}