{"g1": 0.8831805279716056, "g2": 10.73076755046427, "logK": 0.8341065981162763, "loc": -0.00898973798692615, "logScale": -0.3811067676488571}