{"g1": 0.9611038647082486, "g2": 14.986834044875812, "logK": -0.0392057985147643, "loc": -0.03212486477866902, "logScale": 3.7772431271118068}