{"g1": 0.815193226543243, "g2": 9.291232655122467, "logK": 0.9686134024696161, "loc": -0.11612598429271863, "logScale": -0.9035246635328958}