{"g1": 0.9368342363219783, "g2": 14.939269949185466, "logK": 0.9910793691741826, "loc": -0.055570627119078154, "logScale": 0.08377452281025155}