{"g1": 0.8093147408710778, "g2": 11.697223518258289, "logK": 0.12543633876544802, "loc": -0.06501177966760432, "logScale": 1.403485907072297}