{"g1": 0.8284331591695158, "g2": 14.505347179353596, "logK": 0.7652421589177787, "loc": -0.14274294105243351, "logScale": -1.1562136909315122}