{"g1": 0.8227299350193948, "g2": 14.954057748777124, "logK": -1.6066544013484463, "loc": 0.008099330685458643, "logScale": 2.9831211917469074}