{"g1": 0.6563045429480474, "g2": 14.995923503912426, "logK": 0.12370637400063433, "loc": -0.01649157503074933, "logScale": 3.8174822984258476}