{"g1": 0.6308460318930535, "g2": 11.650151941021903, "logK": -2.4855022384817334, "loc": -0.027939143680895853, "logScale": 2.2433805103253195}