{"g1": 0.9996061656984893, "g2": 14.99766730868568, "logK": -0.5310864874349384, "loc": 0.05534215540205474, "logScale": 2.230923845758058}