{"g1": 0.9139997479715078, "g2": 14.935673517003169, "logK": -2.2575565948373097, "loc": -0.01440025343107533, "logScale": 2.3691968009032864}