{"g1": 0.7342809887341503, "g2": 14.921701316415618, "logK": 0.8882044803462454, "loc": 0.06142554949115321, "logScale": 0.23823772802675203}