{"g1": 0.8346451597430741, "g2": 11.723313801878245, "logK": 0.8920918201231112, "loc": 0.10094388008546996, "logScale": 0.20454124300000126}