{"g1": 0.835013101355466, "g2": 13.83258399252205, "logK": -4.883854601700414, "loc": -0.07572824710806159, "logScale": 2.071111874886094}