{"g1": 0.7323767028814897, "g2": 14.98838734517881, "logK": 0.9931891389796971, "loc": -0.11000442957234274, "logScale": 2.63279090185146}