{"g1": 0.9615991392386406, "g2": 10.688732367391056, "logK": 0.9971669384992083, "loc": -0.1087747125309038, "logScale": -0.7114396241753949}