{"g1": 0.9995485652357379, "g2": 14.011312969500795, "logK": -1.3276754624306106, "loc": -0.09127765529574375, "logScale": 1.6744905156866206}