{"g1": 0.939460997730504, "g2": 14.651502651313638, "logK": -1.4561478254547275, "loc": 0.06309097442155927, "logScale": 2.9953709401962927}