{"g1": 0.6893739574814682, "g2": 6.77160350415371, "logK": -4.9902395000986575, "loc": -0.04995432614418697, "logScale": 2.037484388005456}