{"g1": 0.9626171020408095, "g2": 14.954706227419297, "logK": -2.5685868391173114, "loc": -0.09120336053880695, "logScale": 3.756255742114521}