{"g1": 0.9553414779166354, "g2": 14.990764090043063, "logK": 0.5835041946875554, "loc": 0.13819198623504095, "logScale": 2.000153816905403}