{"g1": 0.7489373569728731, "g2": 14.020481830552793, "logK": 0.32031055398491015, "loc": -0.05637720600501478, "logScale": 0.272084609887427}