{"g1": 0.8629382190617112, "g2": 13.20220481800944, "logK": -1.6106486145891687, "loc": 0.035668102006007105, "logScale": 2.6717692071115384}