{"g1": 0.7224697140872242, "g2": 14.749019546023494, "logK": 0.8937625956273799, "loc": -0.11920790357752256, "logScale": 3.5475013222717027}