{"g1": 0.9235129419185547, "g2": 14.952709131382997, "logK": 0.03985439649935188, "loc": 0.1063456604888535, "logScale": 2.4512314371494917}