{"g1": 0.836806594401534, "g2": 14.993935957185359, "logK": -0.07731736047238923, "loc": 0.01946155524299284, "logScale": 3.1889681687049856}