{"g1": 0.8808649299498019, "g2": 14.972379959851128, "logK": -4.354319148926054, "loc": 0.06322697870186568, "logScale": 2.43665486506514}