{"g1": 0.9514622963637076, "g2": 12.973732825461635, "logK": 0.9992249041547172, "loc": -0.11933433740558952, "logScale": -0.7712430801466975}