{"g1": 0.9938621096457599, "g2": 8.624375105016608, "logK": 0.9516554464515963, "loc": 0.0037587357542953983, "logScale": -0.7108620585330805}