{"g1": 0.623880241422368, "g2": 4.832373589197106, "logK": 0.42917303556144104, "loc": -0.04854909797048012, "logScale": -0.042654500359629255}