{"g1": 0.7732990683155607, "g2": 14.620947685138793, "logK": -0.8674114118906343, "loc": -0.0005975817084012264, "logScale": 2.7503066150963096}