{"g1": 0.9997042194741863, "g2": 6.486196991704462, "logK": 0.8190575148093558, "loc": -0.11554588829331625, "logScale": -1.0085399383531861}