{"g1": 0.8239116372475455, "g2": 12.021950001497906, "logK": 0.9914632519016575, "loc": 0.10061006928069989, "logScale": -0.274880813133198}