{"g1": 0.8949710321448315, "g2": 9.969089780048998, "logK": 0.880022541109912, "loc": -0.1253495675497757, "logScale": -0.7584751508706787}