{"g1": 0.8607266375744523, "g2": 14.923138403305124, "logK": 0.7596900156500169, "loc": -0.07783661351335837, "logScale": 0.5940051651572116}