{"g1": 0.99655000605464, "g2": 5.687334282594643, "logK": 0.9097802377545606, "loc": -0.13317933473366664, "logScale": -0.8142339789789601}