{"g1": 0.9300299296506136, "g2": 12.288528295170716, "logK": 0.9845691899350326, "loc": -0.04104277252540593, "logScale": -0.6818633648471758}