{"g1": 0.8842941641746478, "g2": 13.241709492984864, "logK": -1.4359159245442643, "loc": 0.09453984057250663, "logScale": 2.1602675737779737}