{"g1": 0.9803747185239486, "g2": 7.157424074960479, "logK": 0.9960919462119487, "loc": -0.11738828285589345, "logScale": -1.1447793377095499}