{"g1": 0.35548303089521804, "g2": 13.927488595383103, "logK": -4.53008230298934, "loc": -0.038970889836245866, "logScale": 0.21917937531110948}