{"g1": 0.9217573822373986, "g2": 13.745090359050936, "logK": 0.9763357662559253, "loc": -0.10154339102090101, "logScale": -0.8555045773700896}