{"g1": 0.8727627079752283, "g2": 13.991999368292236, "logK": -3.1123174734744534, "loc": 0.024535153879494412, "logScale": 2.1237139165887786}