{"g1": 0.7953164189944613, "g2": 14.777860771290504, "logK": -2.0522508115271063, "loc": -0.1087960398965031, "logScale": 3.0099049831637505}