{"g1": 0.9075157314855675, "g2": 11.068440296711325, "logK": 0.9875608213087471, "loc": -0.12898822471595403, "logScale": -1.2172112686651726}