{"g1": 0.47363542989751095, "g2": 6.16715683856236, "logK": -2.1886882266855157, "loc": -0.07569156612621755, "logScale": 1.775636075842164}