{"g1": 0.922417452282902, "g2": 8.703514439315843, "logK": 0.9921173340868928, "loc": 0.05021604535789537, "logScale": -0.15684199886952763}