{"g1": 0.8729636497664681, "g2": 13.769033461872988, "logK": 0.5938280137034225, "loc": -0.10813713597377514, "logScale": 0.01028469288717837}