{"g1": 0.9677030511563168, "g2": 13.438845869207862, "logK": 0.5241595983840593, "loc": -0.074784516600616, "logScale": -0.6692018216210709}