{"g1": 0.9314903515518765, "g2": 14.394015263047907, "logK": -3.1545357890282952, "loc": -0.12237135111317336, "logScale": 2.4139411051467827}