{"g1": 0.8683871908158571, "g2": 8.770147904230441, "logK": 0.8412983979042867, "loc": 0.04700695949866253, "logScale": -0.8541867605475366}