{"g1": 0.37814844451052726, "g2": 11.733544038563702, "logK": -3.0825831239330586, "loc": -0.00368549686559147, "logScale": 2.1421617940077673}