{"g1": 0.9981952507946292, "g2": 14.559908866925799, "logK": 0.995054529441181, "loc": -0.06367311157314967, "logScale": -0.5150573051375622}