{"g1": 0.7871902188159028, "g2": 14.100286701669315, "logK": -3.38132357250655, "loc": 0.11832257183226588, "logScale": 2.4776079198375376}