{"g1": 0.9176202882866391, "g2": 12.766493200821772, "logK": 0.8655572135004903, "loc": -0.1283445256616117, "logScale": -0.4905537512165163}