{"g1": 0.9339483718243373, "g2": 14.981600913849165, "logK": 0.9936507553117346, "loc": 0.1226047141461625, "logScale": 1.766069227224524}