{"g1": 0.9600674078741493, "g2": 6.5372227252161945, "logK": 0.9872165261387644, "loc": -0.11570892175088879, "logScale": -0.3974412983294271}