{"g1": 0.3174549409806914, "g2": 13.803389361118203, "logK": -3.573136337137941, "loc": -0.04363080186808345, "logScale": 2.2534344497429495}