{"g1": 0.9791646682643271, "g2": 14.632825138171404, "logK": -2.4717498279074266, "loc": 0.003048515579067072, "logScale": -3.9381844216747677}