{"g1": 0.9305786378900003, "g2": 14.973078199140895, "logK": -0.7838517628295287, "loc": -0.08744912726190851, "logScale": 2.0507564912087832}