{"g1": 0.6737041601795963, "g2": 14.999323882134185, "logK": -1.5005915951793078, "loc": -0.08286355724573327, "logScale": 3.8114916976936204}