{"g1": 0.5872502671326794, "g2": 14.520290367235663, "logK": 0.9689400324326218, "loc": 0.009087883680526456, "logScale": 3.986462284617157}