{"g1": 0.8948089587359077, "g2": 13.599345635966786, "logK": 0.8421875302932783, "loc": -0.14710284970408785, "logScale": -0.2522497375588159}