{"g1": 0.9249564233909716, "g2": 13.721672398294121, "logK": 0.7402645102680622, "loc": -0.041773754876472835, "logScale": 0.39245281415074584}