{"g1": 0.8556034715309332, "g2": 14.324210453910426, "logK": -1.123211839806528, "loc": -0.06666428373701098, "logScale": 1.9694661880635347}