{"g1": 0.9692694796705397, "g2": 11.078658527187063, "logK": 0.6915901813054536, "loc": -0.002468843061519028, "logScale": -0.9819326871844352}