{"g1": 0.947818908374714, "g2": 14.995992626565133, "logK": 0.06273946644378281, "loc": 0.0900403668056961, "logScale": 3.5192939928341564}