{"g1": 0.8059124103564935, "g2": 11.689680400354659, "logK": 0.9890532917176366, "loc": -0.08392219684997185, "logScale": -0.5401029084788611}