{"g1": 0.997770523525746, "g2": 10.534801996559148, "logK": 0.9809393100416829, "loc": -0.04645320931787564, "logScale": -0.5114043471970818}