{"g1": 0.3464691155952616, "g2": 14.710600644781124, "logK": 0.7459590609785605, "loc": 0.014188709636123445, "logScale": 3.990312191786679}