{"g1": 0.6064403074539468, "g2": 13.790176851594723, "logK": 0.7520868127233531, "loc": 0.020633304019191112, "logScale": 1.6419606362837154}