{"g1": 0.8097308508185719, "g2": 14.987422289150642, "logK": 0.8411694393989033, "loc": 0.006423505180145089, "logScale": 2.8527251337473776}