{"g1": 0.9755639006452443, "g2": 14.743827555708354, "logK": -2.7434072827561073, "loc": -0.11952951462835058, "logScale": 2.2388281674371604}