{"g1": 0.9635564823198987, "g2": 14.266078475596332, "logK": -3.460769892074512, "loc": 0.14985281212257634, "logScale": 2.848239929893098}