{"g1": 0.7300491261091747, "g2": 14.579456634595228, "logK": -1.130554693455332, "loc": 0.06286163833794825, "logScale": 2.382087103193199}