{"g1": 0.24614404459579897, "g2": 14.961667912912542, "logK": 0.9878356463441094, "loc": 0.04202995095040401, "logScale": 3.4444318013457056}