{"g1": 0.5819239417884402, "g2": 13.569291102891103, "logK": -3.873654667893831, "loc": -0.12881154698572847, "logScale": 2.33348838094404}