{"g1": 0.8736036530480493, "g2": 14.623630907224305, "logK": 0.9762694833615083, "loc": -0.13212814095426134, "logScale": 1.5346395761233222}