{"g1": 0.7213028897956627, "g2": 8.94638304994596, "logK": -3.833286312967446, "loc": 0.029677238810740553, "logScale": 0.2219771899964607}