{"g1": 0.9365202322393059, "g2": 14.963192014472625, "logK": 0.896329622041669, "loc": -0.06233685634674519, "logScale": 0.16567112196456935}