{"g1": 0.9582018812489701, "g2": 14.979981599536154, "logK": 0.7086511992000525, "loc": -0.10964051014299264, "logScale": -1.5258593807297496}