{"g1": 0.9798122580761619, "g2": 13.643197051010604, "logK": -0.5546184628799427, "loc": -0.09699798603042857, "logScale": 1.5999862003406953}