{"g1": 0.9532846145029458, "g2": 14.70707123327156, "logK": -2.201780124701355, "loc": -0.1216796241962178, "logScale": 2.8892348270627206}