{"g1": 0.8957606001522868, "g2": 8.13971176052485, "logK": 0.8564938922391296, "loc": -0.14914973927086944, "logScale": -0.6729213976189666}