{"g1": 0.9220795315826411, "g2": 8.276741633440558, "logK": 0.9841835978365798, "loc": 0.036972498592188596, "logScale": -0.9907938869095606}