{"g1": 0.7857202622298136, "g2": 14.279127316441736, "logK": 0.8489336874879547, "loc": 0.08155107582721066, "logScale": -0.33931720934543963}