{"g1": 0.9651913785854688, "g2": 14.972458270272867, "logK": -1.2888218402493234, "loc": -0.05858943629720502, "logScale": 1.825957431877105}