{"g1": 0.939071666976115, "g2": 14.948524437925318, "logK": 0.7113708061482451, "loc": 0.024234126829295294, "logScale": 0.3841764965366303}