{"g1": 0.9661741682164342, "g2": 14.999783174669645, "logK": -0.1068668999994111, "loc": -0.0780363855615546, "logScale": 2.901083855779805}