{"g1": 0.9131118682665427, "g2": 14.989430551046025, "logK": -0.38133278322655983, "loc": -0.09512803635375809, "logScale": 1.6410619609622519}