{"g1": 0.7335452294300886, "g2": 12.630360680690984, "logK": 0.7730881780154977, "loc": 0.06120652952756303, "logScale": -0.30086378802112085}