{"g1": 0.9623376113818503, "g2": 10.080667089015078, "logK": 0.8435491056818094, "loc": -0.12111684808936599, "logScale": -0.2527429203077452}