{"g1": 0.4090390833325645, "g2": 14.334505051910703, "logK": -3.7233890767870097, "loc": -0.1206636050038079, "logScale": 0.008994381035366816}