{"g1": 0.6489068244050069, "g2": 14.453198701803359, "logK": -3.4237904526293708, "loc": 0.13944303657869872, "logScale": 2.244918155923034}