{"g1": 0.8859614977794025, "g2": 14.973227360730466, "logK": 0.8967657172596621, "loc": -0.13850027863150596, "logScale": 1.5255802658063895}