{"g1": 0.9351254603569238, "g2": 14.805709013337559, "logK": -1.308845869036544, "loc": 0.07080368027204823, "logScale": 2.821728371509913}