{"g1": 0.9318100927473388, "g2": 14.192743885484026, "logK": -2.883810293034304, "loc": 0.012436474395640482, "logScale": 1.1078466160504747}