{"g1": 0.937704773048517, "g2": 13.295542347569631, "logK": 0.991042205571131, "loc": -0.11564456501904127, "logScale": -0.03171488941519662}