{"g1": 0.8970110074319384, "g2": 11.936190826155363, "logK": -4.04955444405399, "loc": -0.04814970628293208, "logScale": 2.156388862890591}