{"g1": 0.8043528256827653, "g2": 14.982899260069358, "logK": -3.5367303398309002, "loc": 0.0676482996003478, "logScale": 3.159373229988805}