{"g1": 0.9441328002283742, "g2": 14.875758979522494, "logK": 0.009068318657909025, "loc": -0.06570668257829938, "logScale": 2.250267725762553}