{"g1": 0.9006145619153806, "g2": 14.97850542458144, "logK": -3.382625950680503, "loc": -0.14010157010550048, "logScale": 3.2069622825308124}