{"g1": 0.961806123288748, "g2": 5.311753978047914, "logK": -4.061286831832961, "loc": -0.0045474269517414906, "logScale": -3.8480545148755394}