{"g1": 0.7734388593557296, "g2": 11.64812332327448, "logK": 0.6177687709214152, "loc": -0.02438236218495643, "logScale": -0.9632059555560697}