{"g1": 0.9882246294272098, "g2": 2.5041719924482235, "logK": -3.2743973848360772, "loc": 0.005305506898290289, "logScale": -3.9964456082265416}