{"g1": 0.7288766711569213, "g2": 10.881205893363472, "logK": 0.48100931629752175, "loc": 0.019405156892374126, "logScale": 1.0052002132535456}