{"g1": 0.945429680996681, "g2": 14.02228065826473, "logK": 0.6805111615925059, "loc": 0.07663577078570537, "logScale": 0.6284295956621173}