{"g1": 0.8631141386340385, "g2": 11.847117330830734, "logK": 0.8664365666900035, "loc": -0.06766575384124612, "logScale": -0.2517572050872131}