{"g1": 0.9926019354652801, "g2": 6.673668993991154, "logK": 0.8412042844383889, "loc": 0.0657749497793541, "logScale": -0.5035427352660689}