{"g1": 0.8361061823769842, "g2": 6.34629771853497, "logK": 0.9971634507724232, "loc": -0.004469617433884496, "logScale": -0.831642190776753}