{"g1": 0.8688305182370558, "g2": 14.957627077453168, "logK": 0.7958705834394089, "loc": -0.1486978463417883, "logScale": -0.7485035415085448}