{"g1": 0.704105532850125, "g2": 14.988022073691049, "logK": 0.7948330205802764, "loc": -0.00481315819836782, "logScale": 3.991135177465548}