{"g1": 0.8352371034735917, "g2": 9.233997800079857, "logK": 0.5820015612495175, "loc": 0.0823317674630656, "logScale": -0.02414826959117583}