{"g1": 0.9275552255559506, "g2": 12.041029358982465, "logK": 0.7410962451117045, "loc": -0.056604144427300274, "logScale": -0.6510987530678941}