{"g1": 0.8228823368417474, "g2": 13.211501511091612, "logK": 0.8798507242890157, "loc": 0.005054776748520595, "logScale": -0.5883132671362191}