{"g1": 0.9182655412745905, "g2": 10.249365010953575, "logK": 0.6462663673376623, "loc": -0.10685903940768535, "logScale": -0.36245017202724783}