{"g1": 0.3752580159766856, "g2": 14.912953014339628, "logK": 0.8627467245397151, "loc": 0.026820650914478245, "logScale": 3.6371802683342436}