{"g1": 0.9732902258222024, "g2": 14.046544623093949, "logK": 0.9950840313167834, "loc": -0.13985205980223026, "logScale": 1.0039902767889186}