{"g1": 0.6963798285090533, "g2": 14.654272857843969, "logK": 0.9970851129614733, "loc": -0.1308741766214767, "logScale": 3.835950397830163}