{"g1": 0.762662886914429, "g2": 4.3557120577464135, "logK": 0.995634763879902, "loc": -0.07180508586123614, "logScale": -0.8518488027081059}