{"g1": 0.9267111524580561, "g2": 14.962870315426885, "logK": -2.2651665089406365, "loc": -0.008021394760901761, "logScale": -3.965132144131956}