{"g1": 0.8440709515286761, "g2": 14.93703400322744, "logK": -3.0437988920283208, "loc": 0.10761464833088592, "logScale": 2.1208577754124294}