{"g1": 0.4935763301087934, "g2": 13.711501350071872, "logK": -2.8234672929931968, "loc": -0.028547149625532425, "logScale": 2.086898465277069}