{"g1": 0.9995756442139675, "g2": 14.525879522613888, "logK": -2.4283484539498743, "loc": 0.00405687319757073, "logScale": 2.2426174956143483}