{"g1": 0.9587418901228401, "g2": 9.707388641480957, "logK": 0.9987910924046166, "loc": -0.05517796257559842, "logScale": 0.0461464124175793}