{"g1": 0.807130989592607, "g2": 14.984486469004338, "logK": -3.7159545068751276, "loc": 0.005634688738982853, "logScale": 3.2293125411750117}