{"g1": 0.9555259885347359, "g2": 14.151458107084723, "logK": 0.38932993835900137, "loc": -0.13073734875888332, "logScale": -0.7175962411053157}