{"g1": 0.6931872961679452, "g2": 13.982399690552759, "logK": -1.7025750178729977, "loc": -0.11756685025050628, "logScale": 2.8646305784089283}