{"g1": 0.9977640059602382, "g2": 12.803341412518753, "logK": 0.9975227530963835, "loc": -0.12297817853782753, "logScale": -1.0328238887581864}