{"g1": 0.954099410496063, "g2": 12.563822628901782, "logK": 0.986595393099593, "loc": -0.021026342733676165, "logScale": -0.015440110218713832}