{"g1": 0.8130505807478117, "g2": 14.999742782225345, "logK": -0.28502244411815136, "loc": 0.029834565959543397, "logScale": 2.7278228029241616}