{"g1": 0.7061473260804889, "g2": 11.865382778060736, "logK": 0.712479294472504, "loc": -0.02036842950468469, "logScale": -0.2840077593000496}