{"g1": 0.8368701260270042, "g2": 14.975763798910767, "logK": -0.19838045969313584, "loc": -0.04029919006615209, "logScale": 3.412570915206218}