{"g1": 0.9701669633082428, "g2": 12.23039358270256, "logK": 0.9435434016505957, "loc": -0.10253566304057546, "logScale": -1.0988847077717576}