{"g1": 0.9701127658967322, "g2": 13.041732536979984, "logK": 0.6012883087049737, "loc": 0.0680588880304889, "logScale": 1.2076185103903971}