{"g1": 0.9117873599546953, "g2": 14.335930392519174, "logK": -2.859865034682571, "loc": -0.026047389576155586, "logScale": 2.9082517393053893}