{"g1": 0.8786878957482328, "g2": 14.994621844433636, "logK": 0.8664741168420231, "loc": -0.050819188936657954, "logScale": 3.67733381063215}