{"g1": 0.8040568621198718, "g2": 7.11777885799796, "logK": 0.4568194876355738, "loc": -0.016970397472302886, "logScale": -3.989245789794435}