{"g1": 0.8842995251054395, "g2": 14.47352920345457, "logK": -0.6038725689119061, "loc": -0.07684092215105097, "logScale": 1.9253491243734147}