{"g1": 0.8611550157788864, "g2": 14.95404892213424, "logK": -0.5160052811802021, "loc": -0.07580318033346145, "logScale": 3.4007411236590825}