{"g1": 0.9596150508693686, "g2": 14.943365863800064, "logK": -1.430880704096204, "loc": 0.054189414593629144, "logScale": 3.539183983705391}