{"g1": 0.8257983318230019, "g2": 11.845778020957031, "logK": 0.4351459633144348, "loc": 0.14119230140130531, "logScale": 0.37009734035248876}