{"g1": 0.986460713957261, "g2": 14.678856167692164, "logK": 0.414332757162978, "loc": 0.09857964254896334, "logScale": 1.2122361572055218}