{"g1": 0.4508002234559162, "g2": 14.997600002871916, "logK": 0.9859810529138409, "loc": -0.06403518975112041, "logScale": 3.432109920541162}