{"g1": 0.8528792314771156, "g2": 14.776847186988917, "logK": -3.3270824968563173, "loc": -0.09847459167195427, "logScale": 2.2472901144712565}