{"g1": 0.9374684487574996, "g2": 7.295417693048914, "logK": -0.25111981175654174, "loc": -0.011159995692539008, "logScale": -3.985523890871906}