{"g1": 0.9241414113193401, "g2": 14.978060938957643, "logK": -0.6411509332063234, "loc": 0.0058967265762795845, "logScale": 2.5486972868402145}