{"g1": 0.8673630255413028, "g2": 13.666522114306318, "logK": 0.8860235836454902, "loc": 0.08277983025933922, "logScale": -0.30068759032858194}