{"g1": 0.5190115426067425, "g2": 14.993884193251187, "logK": -4.5307600898770835, "loc": -0.0016220216701172477, "logScale": 3.976209118486367}