{"g1": 0.6977027005996398, "g2": 14.915912947590066, "logK": -1.4325428746434192, "loc": 0.10306588416198151, "logScale": 2.8920837800714345}