{"g1": 0.4741886416538912, "g2": 12.767358617247696, "logK": -1.8415465796506645, "loc": -0.057168700459701315, "logScale": 0.2693449485823173}