{"g1": 0.91521807164058, "g2": 7.366721657958622, "logK": 0.9914290035316755, "loc": -0.04429927577220972, "logScale": -0.7897019791690755}