{"g1": 0.8224335128444993, "g2": 14.992336326067775, "logK": 0.16383194926299383, "loc": -0.07615176001192916, "logScale": 2.335726191251037}