{"g1": 0.8086380361455916, "g2": 14.997684611111445, "logK": -1.7369429996819128, "loc": 0.10073358804824592, "logScale": 3.159160050100995}