{"g1": 0.6708971240018098, "g2": 5.9451675942415285, "logK": 0.12871063643141945, "loc": -0.08114294915559368, "logScale": -0.10800927182920111}