{"g1": 0.998534340079418, "g2": 14.03597804433995, "logK": -3.7661145821468605, "loc": 0.025718481440766543, "logScale": 2.1606453300851953}