{"g1": 0.9989394456764713, "g2": 14.587791325663133, "logK": 0.8902999162586845, "loc": 0.0877991857216977, "logScale": 2.836612246324985}