{"g1": 0.9311278025636709, "g2": 14.008508098280036, "logK": -4.086091420794778, "loc": -0.012995683191623503, "logScale": 2.171674412164735}