{"g1": 0.9621288425636922, "g2": 14.664944035567432, "logK": -1.5715874480389131, "loc": -0.002287458304271864, "logScale": 2.34195311774722}