{"g1": 0.5805698325999322, "g2": 14.260684493282143, "logK": -2.2349611829280396, "loc": -0.027861994710568674, "logScale": 2.0057940869201025}