{"g1": 0.8923296599031788, "g2": 14.80927770332715, "logK": -2.3032246968360424, "loc": -0.08885659339835128, "logScale": 3.7126948161324846}