{"g1": 0.9492053801444631, "g2": 14.977576690551315, "logK": 0.8237154199397387, "loc": 0.11085613971599642, "logScale": 2.6759091627650258}