{"g1": 0.975268360939389, "g2": 7.628293193635837, "logK": 0.990768380459862, "loc": -0.09512751450311176, "logScale": -0.9346624915294985}