{"g1": 0.9989356087964859, "g2": 3.9019875133276014, "logK": 0.9778548200630811, "loc": -0.006191830630859834, "logScale": -1.9584169002482408}