{"g1": 0.893512815042094, "g2": 14.95387176752864, "logK": -0.03664617469938697, "loc": 0.0004632683071768978, "logScale": 3.980780176110463}