{"g1": 0.5209580574296612, "g2": 14.969954162400734, "logK": 0.18592637179459182, "loc": -0.010117400038961007, "logScale": 3.5070197505014753}