{"g1": 0.9738119916509248, "g2": 14.886324656854857, "logK": 0.12771663743928696, "loc": -0.06597530912362176, "logScale": 3.483637469056411}