{"g1": 0.8068880595153171, "g2": 12.711536216943138, "logK": 0.9679258471624106, "loc": -0.056987097307447554, "logScale": 0.4467502132559986}