{"g1": 0.900897271092733, "g2": 14.398562111186193, "logK": 0.9186823097106624, "loc": -0.019442823393704227, "logScale": 0.9704474399584424}