{"g1": 0.6865308137163615, "g2": 10.120847032554234, "logK": -4.335135598609242, "loc": 0.005716631716051414, "logScale": -3.9873641035403597}