{"g1": 0.7268991808209991, "g2": 9.43137207360612, "logK": 0.8665968160087562, "loc": -0.04225243948953479, "logScale": -0.6333736126719911}