{"g1": 0.9092536587116116, "g2": 13.537922347777206, "logK": 0.5295001477398075, "loc": -0.10784553929876761, "logScale": 0.6829123173637087}