{"g1": 0.9919074192670454, "g2": 14.952981006745324, "logK": -3.715148480612322, "loc": 0.14897102916125649, "logScale": 3.8900040945442953}