{"g1": 0.9999698762504687, "g2": 5.3778415369108945, "logK": 0.15598606326728687, "loc": -0.08591448080316982, "logScale": 0.2257265812536468}