{"g1": 0.7184249850095507, "g2": 13.827956443998145, "logK": 0.15938553834586977, "loc": 0.12711174170116527, "logScale": 0.9928875481435623}