{"g1": 0.868797300041881, "g2": 14.279358229166176, "logK": -4.873062251433522, "loc": -0.08717858483755175, "logScale": 2.601392437978979}