{"g1": 0.901367687368357, "g2": 14.144489349395958, "logK": -4.171797413077233, "loc": -0.018627570281261212, "logScale": 2.8332496879220925}