{"g1": 0.8848296930120528, "g2": 13.440585854035593, "logK": 0.9924051789156176, "loc": 0.05999940624737697, "logScale": -0.5691164821442555}