{"g1": 0.7915284680289465, "g2": 12.678951793984275, "logK": -1.986781101940337, "loc": 0.01144724707660489, "logScale": 2.0334091445390112}