{"g1": 0.7711066917048081, "g2": 14.985791882721562, "logK": -3.850327996073304, "loc": 0.06779804677735951, "logScale": 2.9139987778177234}