{"g1": 0.9995735160596012, "g2": 13.85233187460474, "logK": 0.9989918542423467, "loc": 0.07282884425665014, "logScale": -0.1993583853174169}