{"g1": 0.9150679668162145, "g2": 5.3342113878208615, "logK": 0.746198010736025, "loc": -0.0640549984143737, "logScale": -0.9246216535015273}