{"g1": 0.7170979407747136, "g2": 11.007587901564147, "logK": 0.8236336179975046, "loc": 0.005048763862034218, "logScale": 0.7697698153993943}