{"g1": 0.871467870628681, "g2": 14.982678361941506, "logK": -3.544213174370354, "loc": 0.08783455913302915, "logScale": 1.7936982854120949}