{"g1": 0.6133971589692282, "g2": 14.860050419869104, "logK": -4.154242635641217, "loc": -0.02805147929839743, "logScale": 2.010373405667694}