{"g1": 0.9751527145236909, "g2": 12.303177753996586, "logK": 0.8595208145846871, "loc": -0.1155861580593241, "logScale": -0.6829889496340158}