{"g1": 0.979791074734856, "g2": 13.053976516812694, "logK": 0.42867678930912106, "loc": -0.12487376509543971, "logScale": 0.4783142971506369}