{"g1": 0.9233931382552109, "g2": 10.665432450242932, "logK": -3.883572603104057, "loc": 0.010744374954724589, "logScale": -3.265706662564602}