{"g1": 0.9947967669345255, "g2": 14.67862219239328, "logK": -1.6753863968861216, "loc": -0.02245243887997171, "logScale": 1.790805744061029}