{"g1": 0.9128089290328436, "g2": 14.977200925374653, "logK": 0.6296401913093955, "loc": -0.0932366945789415, "logScale": -0.20045908236897525}