{"g1": 0.7869913337745427, "g2": 12.383542729376435, "logK": 0.7161578453000277, "loc": 0.0955233287247495, "logScale": -0.1171244160237529}