{"g1": 0.8781957518981937, "g2": 14.972751047180019, "logK": 0.7130987769365928, "loc": -0.024278801666029713, "logScale": 2.0602700140568584}