{"g1": 0.840777442666047, "g2": 14.97200877268935, "logK": -3.8192533683783996, "loc": -0.1413288207046376, "logScale": 3.7728660990467535}