{"g1": 0.6961203650446501, "g2": 14.999869016663123, "logK": 0.9795389258286541, "loc": -0.02268748653033824, "logScale": 0.42446421550427466}