{"g1": 0.9251578838147729, "g2": 14.685170755452763, "logK": 0.9477570656398491, "loc": 0.05247329689430677, "logScale": 3.638293110998025}