{"g1": 0.5643278636278963, "g2": 14.997745285635336, "logK": -0.7121646458208812, "loc": -0.009369518582072847, "logScale": 1.8600777526501997}