{"g1": 0.7570098205776208, "g2": 9.057174339956589, "logK": 0.35857230740738233, "loc": 0.02384119616085398, "logScale": 0.15512008523487109}