{"g1": 0.969031053149334, "g2": 10.97636791351271, "logK": 0.9921157713397724, "loc": -0.11910301883962339, "logScale": -0.024935585141037164}