{"g1": 0.6033852582691404, "g2": 14.234803046026272, "logK": -1.876107950790957, "loc": -0.028206307848651718, "logScale": 1.8345845475205838}