{"g1": 0.21486548017721868, "g2": 0.5646794234155122, "logK": -0.022787175011680372, "loc": -0.13706685235235472, "logScale": 0.5374575953817202}