{"g1": 0.9732059549218396, "g2": 14.018341171444657, "logK": 0.935626279113088, "loc": -0.11037941478144384, "logScale": 0.8643200244380748}