{"g1": 0.9553557520558744, "g2": 14.753028251866454, "logK": 0.9920637952594407, "loc": 0.07521255624159101, "logScale": 0.7994827607912895}