{"g1": 0.9720288250667808, "g2": 14.959075577102952, "logK": 0.4629998110476463, "loc": 0.08316653316180456, "logScale": 1.2180771712080014}