{"g1": 0.9748949586695934, "g2": 12.090875045175789, "logK": 0.8786388344272997, "loc": 0.040465767638131964, "logScale": 0.7538752460753844}