{"g1": 0.9250315314998809, "g2": 14.843060955771234, "logK": 0.9662646481724053, "loc": 0.08707935764674722, "logScale": -0.1655379249492288}