{"g1": 0.4889644062701271, "g2": 13.972051578144884, "logK": -1.6596453382963763, "loc": -0.12795235423699258, "logScale": 1.8938729701691224}