{"g1": 0.5968399008605212, "g2": 14.979590051462147, "logK": 0.9893971144117513, "loc": -0.044305388492854925, "logScale": 3.8869382022379133}