{"g1": 0.9908584438546526, "g2": 12.430600005186381, "logK": 0.8420302762558489, "loc": -0.08690615999849083, "logScale": 1.00034690319185}