{"g1": 0.9019908739917747, "g2": 13.655895965685549, "logK": 0.9938818434783707, "loc": -0.12251295408641975, "logScale": -0.9280667974349421}