{"g1": 0.721223523709837, "g2": 14.995332918896741, "logK": -0.4767303187488041, "loc": -0.011334256164346907, "logScale": 2.8738808072050204}