{"g1": 0.87266962342051, "g2": 14.692974086960156, "logK": 0.6669130595485643, "loc": 0.07864652712660977, "logScale": 0.0899284042680913}