{"g1": 0.9357170460539932, "g2": 14.96761610430698, "logK": 0.9928056955521215, "loc": -0.028661456533104854, "logScale": -0.9062099813420795}