{"g1": 0.946761909837281, "g2": 8.642280068081641, "logK": 0.9161264814348837, "loc": 0.022745953034431526, "logScale": -0.6439986329417636}