{"g1": 0.927095174696678, "g2": 14.99348351560658, "logK": -1.442268476991628, "loc": 0.05784146505124503, "logScale": 3.1783395669795516}