{"g1": 0.9220122257321502, "g2": 12.829013169449862, "logK": 0.6983269875878555, "loc": -0.019244900207691026, "logScale": -0.7317747578784136}