{"g1": 0.9986179542639048, "g2": 13.913064222878265, "logK": 0.8028710757805857, "loc": -0.10437367284647445, "logScale": -0.14304647174853213}