{"g1": 0.900252540003511, "g2": 14.190467311152695, "logK": 0.9884227075962863, "loc": -0.02400518554870973, "logScale": -0.2788632677486024}