{"g1": 0.9061297158085454, "g2": 14.005245003495217, "logK": -0.13336966432702113, "loc": -0.07043220824961585, "logScale": 1.9460919830480932}