{"g1": 0.5987714203919214, "g2": 14.35080171135452, "logK": 0.9926274092756286, "loc": -0.06061492970320072, "logScale": 3.6308052441494683}