{"g1": 0.9871519089109254, "g2": 14.996606014997974, "logK": -0.0328995111965783, "loc": -0.10286626943826763, "logScale": 3.0295438672426607}