{"g1": 0.7799664278460544, "g2": 14.96809716055702, "logK": -4.508350877069993, "loc": 0.09899840090628716, "logScale": 2.777101101216878}