{"g1": 0.8857785236953548, "g2": 12.872661312417874, "logK": 0.857825239619362, "loc": -0.09493238571311098, "logScale": -0.40981640777511974}