{"g1": 0.8915233916336652, "g2": 9.888595688556933, "logK": 0.5513177249243546, "loc": -0.10019697856803561, "logScale": -0.5399113681899488}