{"g1": 0.9024571300240067, "g2": 12.919752241627586, "logK": -2.3208351751361, "loc": 0.006400001089950485, "logScale": -3.7362100123129376}