{"g1": 0.658747592870124, "g2": 14.658577504087901, "logK": -3.9339014019871343, "loc": 0.07836240589742653, "logScale": 2.400589967254637}