{"g1": 0.9995648098919556, "g2": 12.82447521025316, "logK": -1.198199771492169, "loc": -0.10843674919594934, "logScale": 0.995571326680019}