{"g1": 0.5923822381878693, "g2": 14.946265975808341, "logK": 0.8547312090578257, "loc": 0.04917860622881434, "logScale": 3.6999835781333994}