{"g1": 0.9258623485745269, "g2": 12.247925678623254, "logK": 0.998964889717018, "loc": -0.1086468485052446, "logScale": -0.9525935057310195}