{"g1": 0.9837567223898724, "g2": 11.711230166247676, "logK": 0.946461185942457, "loc": -0.11325403210837465, "logScale": -0.8835511594867969}