{"g1": 0.8979534374927016, "g2": 3.406208199289262, "logK": 0.7992539019362865, "loc": -0.06584617025142557, "logScale": -0.549181340449311}