{"g1": 0.8617422809030614, "g2": 14.995683453038037, "logK": 0.7545362995059568, "loc": 0.0784457773587261, "logScale": 1.186380539903773}