{"g1": 0.9106917442400067, "g2": 14.18916697566169, "logK": -1.8373599503115687, "loc": -0.07423231965382653, "logScale": 2.077213256906231}