{"g1": 0.740326402632627, "g2": 14.036685066590628, "logK": 0.1892143073787223, "loc": 0.14957061815838632, "logScale": -0.22313069060363822}