{"g1": 0.8198691163053163, "g2": 14.711696245273535, "logK": 0.41512220964149804, "loc": 0.0519336928356218, "logScale": 3.9814438925075653}