{"g1": 0.6802634114907326, "g2": 13.176909074727838, "logK": 0.8338526467412548, "loc": 0.03890052222582474, "logScale": -0.46208088343749004}