{"g1": 0.9442154333479529, "g2": 14.376685071889412, "logK": 0.8282405600453187, "loc": -0.11845852012686285, "logScale": -0.5672109949005001}