{"g1": 0.9320437209907675, "g2": 14.997248916668186, "logK": 0.520320930325432, "loc": 0.018765668326848305, "logScale": 3.087924836728225}