{"g1": 0.8853494274720329, "g2": 5.65413684041434, "logK": 0.9834964027087023, "loc": 0.12985745542976426, "logScale": -0.4784081109169753}