{"g1": 0.9133871476798366, "g2": 14.59639688765246, "logK": 0.9933303605874432, "loc": 0.04320582691789641, "logScale": -0.13692439555150043}