{"g1": 0.8034806698681222, "g2": 13.823065778922146, "logK": -0.841119498150442, "loc": -0.13543746597459677, "logScale": 2.072727316046782}