{"g1": 0.9276473053508147, "g2": 9.27887548289982, "logK": 0.7125760795563335, "loc": 0.0173143850205112, "logScale": -0.9178409743791559}