{"g1": 0.8267407342619104, "g2": 11.157081683427608, "logK": -4.232620003077222, "loc": -0.021210717167705083, "logScale": 0.1767623028695325}