{"g1": 0.9623740283859907, "g2": 13.453581529964918, "logK": 0.7551396627641556, "loc": 0.11889694292655585, "logScale": -0.6164588221370558}