{"g1": 0.8302464376038825, "g2": 14.954734136473, "logK": -0.5452044813101469, "loc": 0.06958977059302172, "logScale": 2.104291028294061}