{"g1": 0.46829746431095765, "g2": 10.279919507930547, "logK": -1.1885014121766826, "loc": -0.11573124063305226, "logScale": 1.9023672517073742}