{"g1": 0.9713074983783425, "g2": 10.02730787285516, "logK": 0.9688799957023826, "loc": 0.14660800404437063, "logScale": -0.12131291586306453}