{"g1": 0.6771444775210893, "g2": 14.500828064387798, "logK": -3.085181982190476, "loc": -0.016477547616489743, "logScale": 3.0561421660324015}