{"g1": 0.9860805283298418, "g2": 11.338622690261438, "logK": 0.9814252575049369, "loc": -0.07658952154404153, "logScale": -0.5989912387588453}