{"g1": 0.8970236465366757, "g2": 14.985021026818064, "logK": -2.7075541008561403, "loc": 0.12476460417717194, "logScale": 2.7840727381851873}