{"g1": 0.9627113834317014, "g2": 9.768015685057302, "logK": 0.8034700773241176, "loc": 0.028915510132961487, "logScale": -0.3000741216155386}