{"g1": 0.4916735750948404, "g2": 6.660219516894809, "logK": -2.554944951318414, "loc": -0.03662445164049079, "logScale": 0.11196119233256982}