{"g1": 0.9428209845750594, "g2": 14.959218935861008, "logK": 0.7634352702909499, "loc": 0.1296466232282465, "logScale": 3.997406512467284}