{"g1": 0.9200193399343555, "g2": 14.966824489475338, "logK": 0.9722392854070572, "loc": 0.13221912891366164, "logScale": 3.6027292417734955}