{"g1": 0.9988316040337296, "g2": 14.704264804689501, "logK": 0.9823126896086752, "loc": -0.11558521792945847, "logScale": -0.6887868500315415}