{"g1": 0.9154122039192079, "g2": 14.247085633062847, "logK": 0.9972643703115477, "loc": -0.027754569597548986, "logScale": 0.06214663236043952}