{"g1": 0.9976907472220361, "g2": 14.963733465283921, "logK": -2.5175454522566194, "loc": -0.0031237330669817744, "logScale": 2.2031907728292137}