{"g1": 0.9412575275773649, "g2": 14.97755399271514, "logK": 0.02643990223575987, "loc": -0.03076895798616444, "logScale": 2.4956965506698663}