{"g1": 0.7655567317771834, "g2": 13.182235342835463, "logK": 0.6892245938464479, "loc": 0.046796426484930174, "logScale": 1.1262620377783297}