{"g1": 0.9998695489937707, "g2": 7.754135465420286, "logK": 0.7985104192860911, "loc": -0.11490524934226051, "logScale": -1.6454813338353937}