{"g1": 0.9420277932324487, "g2": 14.693762112030175, "logK": 0.9821660170137008, "loc": 0.02956374344441354, "logScale": 0.02015822292826862}