{"g1": 0.9630900091664988, "g2": 14.950099815789159, "logK": -3.458506908699367, "loc": 0.06959091038460544, "logScale": 2.2591892010914734}