{"g1": 0.9261164873564567, "g2": 14.757964884473111, "logK": 0.9341891931943241, "loc": 0.10074638946055246, "logScale": 3.3159598885364217}