{"g1": 0.9998701362199361, "g2": 11.896845329900458, "logK": 0.8912047047865239, "loc": -0.10016472689706145, "logScale": -0.969334791604201}