{"g1": 0.9987373210270389, "g2": 12.198854846210626, "logK": 0.4443351166275885, "loc": 0.017577362316266203, "logScale": -0.03207743482352231}