{"g1": 0.7210015390587418, "g2": 14.514818473638753, "logK": -1.7628247853769596, "loc": -0.09237383480300501, "logScale": 2.0847398078154127}