{"g1": 0.3020113429232457, "g2": 11.996016251807934, "logK": -2.6625721473640813, "loc": 0.033539487171471684, "logScale": 0.14908006100060814}