{"g1": 0.8114193572575086, "g2": 14.995393004758176, "logK": -2.2453059169037957, "loc": -0.13924752305254814, "logScale": 3.9414579550692346}