{"g1": 0.8713262724332138, "g2": 14.666043742459083, "logK": -1.5203941144074185, "loc": -0.06289346213414643, "logScale": 3.009314043924686}