{"g1": 0.8354659891832766, "g2": 14.279953935432781, "logK": -2.2881877311937746, "loc": 0.0685315782471326, "logScale": 3.0429635813233267}