{"g1": 0.9836568084571108, "g2": 14.570591001890794, "logK": 0.1905275710181552, "loc": 0.08749621792391431, "logScale": 2.0125567295739395}