{"g1": 0.8309541078815689, "g2": 14.571276859713883, "logK": 0.301658109901211, "loc": -0.11643423049474615, "logScale": 2.2147272182887905}