{"g1": 0.7442905947265872, "g2": 12.857408436356456, "logK": 0.8833204678048266, "loc": -0.12906004114234998, "logScale": -1.0739325442456606}