{"g1": 0.9995262534007341, "g2": 14.345913690694164, "logK": -4.80220915915847, "loc": 0.1406884220534163, "logScale": 2.5873292485082113}