{"g1": 0.9461244980574759, "g2": 8.719529989347025, "logK": 0.9908184330343972, "loc": -0.11307245283110783, "logScale": -0.356978441166618}