{"g1": 0.9680068559761229, "g2": 14.916993470277273, "logK": 0.8705987987883888, "loc": 0.009564073029048808, "logScale": -0.49157768319220996}