{"g1": 0.9583946344579406, "g2": 12.200048002879397, "logK": 0.636838769217626, "loc": -0.027307117161432207, "logScale": -0.6835999731786138}