{"g1": 0.908911800981304, "g2": 14.989877922918451, "logK": 0.8906954796595827, "loc": -0.11048962303934161, "logScale": 0.02794636590882338}