{"g1": 0.808340470666278, "g2": 13.04756666562098, "logK": 0.7373251313887916, "loc": 0.035928407193021955, "logScale": -0.09110934997199387}