{"g1": 0.9976010509499837, "g2": 11.805931545150179, "logK": 0.6701099499404141, "loc": -0.14277502524151992, "logScale": 0.20854182594791434}