{"g1": 0.9500710712191992, "g2": 14.973678829819072, "logK": -3.309090605681991, "loc": 0.08023342154434751, "logScale": 1.5514419979846767}