{"g1": 0.9825690471113934, "g2": 14.973582095841065, "logK": -2.8228642774950776, "loc": -0.08452344484836603, "logScale": 2.4983728050327407}