{"g1": 0.6735431030974963, "g2": 14.978359862359907, "logK": 0.9963413661239048, "loc": 0.0022237632067157176, "logScale": 0.011489514128826355}