{"g1": 0.648418960333114, "g2": 14.989677330654608, "logK": -0.17416137780374386, "loc": -0.11661562458013032, "logScale": 1.6388378953625504}