{"g1": 0.973667160875628, "g2": 13.333876696789803, "logK": 0.8477148456602794, "loc": -0.09574489534283862, "logScale": -0.4393198056314223}