{"g1": 0.17320352830588803, "g2": 2.236330597050905, "logK": 0.9932863250461876, "loc": 0.1275549481407497, "logScale": 3.9980503504926013}