{"g1": 0.3418057788374795, "g2": 1.4130841655847803, "logK": 0.8907339991273232, "loc": -0.14977160639318202, "logScale": 0.41219654176087783}