{"g1": 0.8847764044100671, "g2": 11.989696535663269, "logK": 0.9844405164843447, "loc": -0.07649785577581447, "logScale": -0.6457053458894765}