{"g1": 0.9120926784824714, "g2": 14.998566805989208, "logK": 0.67903389474438, "loc": -0.049492151425493326, "logScale": 1.858140114542488}