{"g1": 0.9427046561127358, "g2": 14.503756271560588, "logK": -0.43339963477374976, "loc": 0.09098153046550651, "logScale": 2.5256594671403234}