{"g1": 0.9761587615414632, "g2": 13.892163525834233, "logK": -4.865639242727057, "loc": 0.09272301504111935, "logScale": 2.6052935965416695}