{"g1": 0.896681940271836, "g2": 5.332149170000198, "logK": 0.7307515986728386, "loc": 0.14025803800353304, "logScale": -0.376050130382691}