{"g1": 0.9355657400554751, "g2": 5.3143211902198875, "logK": 0.9464925238365336, "loc": 0.013118332143863036, "logScale": -0.8306228456879123}