{"g1": 0.9811916031509118, "g2": 11.02943605847187, "logK": 0.9971981741125384, "loc": -0.08836815932250204, "logScale": -0.3803993005788716}