{"g1": 0.9864125638259605, "g2": 14.959854672751957, "logK": 0.92691783322572, "loc": -0.14933848106283196, "logScale": -0.17209037843171635}