{"g1": 0.9585605434426251, "g2": 9.205436944955569, "logK": 0.7480040147702542, "loc": -0.09793897967824425, "logScale": -0.18350018046216965}