{"g1": 0.6073878252462062, "g2": 14.203550092715405, "logK": 0.8834681997557923, "loc": -0.04238748706776981, "logScale": 3.499235933330597}