{"g1": 0.9190067568320601, "g2": 11.200603230246276, "logK": 0.994177518382988, "loc": -0.14051252848273477, "logScale": -0.24196521327147957}