{"g1": 0.4709591607427247, "g2": 14.550869452825342, "logK": -0.8257307235117345, "loc": 0.021953612089943432, "logScale": 0.058452659932205}