{"g1": 0.9787509315583106, "g2": 6.805102374896705, "logK": 0.7716550679961278, "loc": -0.08868135795920663, "logScale": -0.9328734509412164}