{"g1": 0.9094924161454795, "g2": 14.75231864908028, "logK": 0.6211173182462586, "loc": 0.08230279542933752, "logScale": 0.29425343837574786}