{"g1": 0.8541116152318513, "g2": 14.093865416729653, "logK": 0.9879339588701658, "loc": -0.1434811820660296, "logScale": -1.2195095318860647}