{"g1": 0.991576620766282, "g2": 13.794943824304156, "logK": 0.9941244480226836, "loc": -0.11155801071641533, "logScale": -0.5686347585978284}