{"g1": 0.9190417815432509, "g2": 10.972210013613777, "logK": 0.7323061920020288, "loc": 0.000661130905087768, "logScale": -0.7112090246941744}