{"g1": 0.9223435613864792, "g2": 11.767937171132157, "logK": -2.3388389304971096, "loc": 0.04318995538616404, "logScale": 2.362025756274881}