{"g1": 0.8384965091437546, "g2": 14.012945637022911, "logK": 0.9885956899932149, "loc": -0.11794721005779624, "logScale": -0.7406150887788912}