{"g1": 0.9761904822449374, "g2": 11.027024426485857, "logK": 0.9978194579488143, "loc": -0.14928012999780116, "logScale": -0.9193030977483325}