{"g1": 0.7866615602238793, "g2": 11.050203846307602, "logK": 0.9585438652690402, "loc": -0.14568223221095092, "logScale": -0.2266338303959622}