{"g1": 0.9231424084056382, "g2": 4.476933865235991, "logK": 0.6824354825318547, "loc": -0.018749962922146025, "logScale": -3.4973212507697866}