{"g1": 0.5379546932615744, "g2": 14.528688023384483, "logK": 0.39731420400927103, "loc": 0.01634698846272868, "logScale": 3.998915689824792}