{"g1": 0.9849060607749502, "g2": 12.496092150533388, "logK": 0.8093044283732211, "loc": -0.023956863003765483, "logScale": -1.5313508569282834}