{"g1": 0.8026719963765132, "g2": 14.353383440352266, "logK": -1.1561017754094072, "loc": 0.0351216191247151, "logScale": 0.9474355080451787}