{"g1": 0.8539316072483464, "g2": 4.506028301059615, "logK": 0.655447886253506, "loc": -0.106129554692031, "logScale": -0.5329978671795639}