{"g1": 0.4970674546987783, "g2": 14.964231752253907, "logK": 0.9927882499166798, "loc": 0.057437911594306244, "logScale": 3.5231924104288335}