{"g1": 0.7559518190132838, "g2": 14.936571362775659, "logK": -2.5027609475771366, "loc": -0.13564820150442927, "logScale": 3.7952286635416064}