{"g1": 0.7869693092809782, "g2": 14.255195427241954, "logK": 0.1190114760159462, "loc": 0.09599534261271925, "logScale": 0.9656897877801797}