{"g1": 0.42486390591457046, "g2": 10.325300334842659, "logK": -1.354230883119904, "loc": -0.03233090640482551, "logScale": 1.917069040806429}