{"g1": 0.4100102238811964, "g2": 9.708055956905467, "logK": -1.2520775691072934, "loc": -0.11542997344651368, "logScale": 1.929230538814191}