{"g1": 0.9464224915996139, "g2": 9.94937480340759, "logK": 0.998564218562052, "loc": -0.07138438047991197, "logScale": -0.2733442866766279}