{"g1": 0.6794460860586176, "g2": 14.980851354529864, "logK": 0.911244456357061, "loc": -0.002982958227411965, "logScale": 3.298014983031898}