{"g1": 0.6372424090507877, "g2": 14.635578331402794, "logK": -3.715658488478089, "loc": -0.1133213758670594, "logScale": 2.030532661946441}