{"g1": 0.9941522633290725, "g2": 4.502428824584328, "logK": 0.9998251821998372, "loc": -0.1387921255260412, "logScale": -0.5549420277799029}