{"g1": 0.7235933788593634, "g2": 14.87348685099133, "logK": 0.4431976975882798, "loc": 0.0066262871869429505, "logScale": 3.734635900005834}