{"g1": 0.6837832903605306, "g2": 13.896553982733204, "logK": 0.6528143146319967, "loc": -0.12299724174063978, "logScale": -0.602975779575441}