{"g1": 0.8126021247803169, "g2": 14.977178419962174, "logK": 0.603171915267372, "loc": -0.014954952538583519, "logScale": 2.2187897373930214}