{"g1": 0.8506767620108329, "g2": 14.704971112442669, "logK": 0.9937685578515532, "loc": 0.11910866215306071, "logScale": -0.582591549245463}