{"g1": 0.4482806659627703, "g2": 14.970553588320197, "logK": 0.45189684989395207, "loc": 0.14380179291821343, "logScale": 3.9980828311229746}