{"g1": 0.9794421030371041, "g2": 14.998422767859223, "logK": -0.04443749266206124, "loc": -0.12485504277534236, "logScale": 1.9202809854801377}