{"g1": 0.9629714218185089, "g2": 8.126301969865622, "logK": 0.6165633633464722, "loc": -0.12774284041335682, "logScale": 0.03302280417689436}