{"g1": 0.9949211368138595, "g2": 8.028988962241618, "logK": 0.9793292057372922, "loc": -0.13183507757710797, "logScale": -0.3594493301265039}