{"g1": 0.8469403566613004, "g2": 14.99782841781946, "logK": 0.9941697000712613, "loc": -0.014323245160127833, "logScale": 3.846971274013703}