{"g1": 0.9951384336393796, "g2": 13.814167021411093, "logK": -2.6700864213532305, "loc": 0.12014207836513388, "logScale": 2.330140265832415}