{"g1": 0.911366608576629, "g2": 3.514312361935861, "logK": 0.6413795824908203, "loc": -0.008203318238061724, "logScale": -0.981851333324719}