{"g1": 0.9275856160967024, "g2": 11.5611433673537, "logK": 0.8585653266225288, "loc": -0.14966619878101534, "logScale": -0.5913419800608278}