{"g1": 0.9991450715473169, "g2": 13.272617066528305, "logK": 0.8307366126117892, "loc": -0.10048383717218487, "logScale": 0.09955721216821478}