{"g1": 0.9284925745981195, "g2": 12.423584200841042, "logK": 0.8826691614674572, "loc": -0.11218803043144546, "logScale": -1.1284906302051252}