{"g1": 0.7790252297642904, "g2": 12.694665055998716, "logK": 0.9528460487664718, "loc": -0.13053483115359146, "logScale": 0.05628982911641811}