{"g1": 0.7087392625399681, "g2": 13.589528523079874, "logK": 0.17734253432803768, "loc": 0.13087624424494088, "logScale": 0.44539899090809487}