{"g1": 0.8862947715280272, "g2": 11.877929076218766, "logK": 0.8972369267658856, "loc": -0.05731010162334423, "logScale": -0.5957116229855072}