{"g1": 0.9988010518611393, "g2": 10.161321709983397, "logK": -3.880549536280964, "loc": 0.001607550442180583, "logScale": -3.998594571990689}