{"g1": 0.9604623473011875, "g2": 12.748222993229986, "logK": 0.9821722728427279, "loc": -0.0074625301903923896, "logScale": -0.9673382876098329}