{"g1": 0.44500222256274513, "g2": 7.856708748083327, "logK": -0.45575105125487264, "loc": 0.07723280636556594, "logScale": 2.0144721547033257}