{"g1": 0.4200663415795179, "g2": 12.263178804427266, "logK": -3.7529465055476487, "loc": -0.0034182877141105406, "logScale": 2.2113294925216582}