{"g1": 0.894670776714577, "g2": 14.040398779027083, "logK": -3.596196452593713, "loc": 0.14586711501646496, "logScale": 2.132983154578307}