{"g1": 0.705859870315831, "g2": 7.12694950227325, "logK": 0.8636143267023342, "loc": -0.11760652640707524, "logScale": -1.1271524125061214}