{"g1": 0.8406359484690066, "g2": 9.813793088908039, "logK": -1.8519148952108637, "loc": -0.08269460814601415, "logScale": 0.9948151542932453}