{"g1": 0.8977682874434979, "g2": 14.476991185264268, "logK": 0.9034732888750374, "loc": -0.14397052837926408, "logScale": -0.1707221023869313}