{"g1": 0.9072126693340693, "g2": 12.63781986458936, "logK": 0.3512255980435768, "loc": -0.006596566561774403, "logScale": -1.0624249345797665}