{"g1": 0.9791129683963247, "g2": 14.483292457617031, "logK": -0.15901151240015254, "loc": -0.0718133175443573, "logScale": 1.7120303624276607}