{"g1": 0.38600558540510477, "g2": 3.3107101970338713, "logK": -1.598777973906213, "loc": 0.08640922460363734, "logScale": 0.8732573539211946}