{"g1": 0.9998842082595378, "g2": 12.839172282472145, "logK": -0.42917283461317746, "loc": -0.020878050984170768, "logScale": -3.9972734973671415}