{"g1": 0.2819298960630924, "g2": 14.348343346772674, "logK": -3.914695378068016, "loc": 0.0941776336323435, "logScale": -0.008069094709745983}