{"g1": 0.8585318134408061, "g2": 13.988878162381088, "logK": 0.9320187159793989, "loc": -0.01600437025842509, "logScale": 0.06403217874623504}