{"g1": 0.9226618176297785, "g2": 13.284839914469824, "logK": 0.7920944830866242, "loc": -0.09637057433329035, "logScale": 0.35123341590874363}