{"g1": 0.2279565501430751, "g2": 14.000799913912504, "logK": -2.2523381222277923, "loc": -0.009211861303228028, "logScale": 0.04010623147687058}