{"g1": 0.8973819981305252, "g2": 14.421689646515317, "logK": 0.8786951058176661, "loc": -0.07818885598324991, "logScale": -0.746396284351889}