{"g1": 0.8309604797146463, "g2": 13.08061309432596, "logK": 0.4893670512939487, "loc": 0.008717105484214123, "logScale": -0.30541574049490566}