{"g1": 0.5271507278816655, "g2": 10.496625788040623, "logK": -0.6815152496235315, "loc": 0.07957791522365615, "logScale": 1.7812988425941256}