{"g1": 0.9541021955882811, "g2": 14.989519232435761, "logK": 0.5367194142735163, "loc": -0.13820745314249605, "logScale": 3.8258434239613393}