{"g1": 0.8667114302004909, "g2": 14.18670126143691, "logK": 0.99541989995651, "loc": -0.07519233191806804, "logScale": -0.5087414612364051}