{"g1": 0.9691487813557175, "g2": 13.375638507168375, "logK": -2.9617520101451866, "loc": 0.0023827471170859878, "logScale": -3.9964875484654616}