{"g1": 0.911954588411271, "g2": 12.929645799201268, "logK": 0.5393884554294024, "loc": 0.00023261320115492562, "logScale": 0.07819582623749914}