{"g1": 0.9453033489758753, "g2": 13.756298538342378, "logK": 0.8837687771270099, "loc": -0.09665014573149484, "logScale": -0.050036338031349104}