{"g1": 0.9597787099243911, "g2": 14.672419166815397, "logK": -2.805633269826054, "loc": -0.04911238880412645, "logScale": 2.161974682391198}