{"g1": 0.7947673347114231, "g2": 13.941169195528484, "logK": -0.9421913424604631, "loc": 0.12830138158198406, "logScale": 2.547018729923558}