{"g1": 0.9075263415718913, "g2": 14.642425838251297, "logK": -1.320669511311214, "loc": 0.022873888095661474, "logScale": 2.1483561438482512}