{"g1": 0.9082169164738817, "g2": 14.968330419162704, "logK": 0.9232900070539126, "loc": 0.11457101007561822, "logScale": 1.6798974785967322}