{"g1": 0.7335503862043598, "g2": 14.994986196351556, "logK": -0.312573791367341, "loc": -0.10909496784582286, "logScale": 3.7987103179536272}