{"g1": 0.29100310085039816, "g2": 5.070084064845137, "logK": -3.294277899520111, "loc": -0.0001948556785265152, "logScale": -3.9976822760554525}