{"g1": 0.9760667525893933, "g2": 11.534441261630779, "logK": -4.624219199114719, "loc": 0.0003087638621354022, "logScale": -3.98753785193458}