{"g1": 0.9640163103764191, "g2": 13.750281964762056, "logK": 0.8836597036143282, "loc": -0.08190812496037832, "logScale": 0.02907001647635045}