{"g1": 0.8864721838723381, "g2": 11.60158279413442, "logK": 0.9326333724535913, "loc": 0.0624631013893171, "logScale": -0.09010045467661443}