{"g1": 0.8093809631600297, "g2": 14.719294042364012, "logK": -2.0068530211881743, "loc": -0.13908226285114733, "logScale": 2.876030526817643}