{"g1": 0.9014120589174768, "g2": 6.881243445078805, "logK": 0.9937118717510184, "loc": -0.014206090212527517, "logScale": -0.4918569339310404}