{"g1": 0.6206807133630443, "g2": 14.001838539300728, "logK": -4.759658882676457, "loc": 0.14036719494260513, "logScale": 2.2238988540995517}