{"g1": 0.9685126097745042, "g2": 14.609373885035662, "logK": -3.6258052463231376, "loc": 0.004503423899047293, "logScale": -3.9689601126868053}