{"g1": 0.6089751936393987, "g2": 10.507642555560135, "logK": -3.011882096521391, "loc": 0.10590543830220749, "logScale": 0.7030507093506912}