{"g1": 0.5196430484780306, "g2": 14.61578914301796, "logK": -3.7764257573603466, "loc": -0.12472279294127966, "logScale": 2.205262566322063}