{"g1": 0.9936149904436864, "g2": 14.967685619817752, "logK": -0.77131641356945, "loc": -0.10881054497565919, "logScale": 2.5857731344788}