{"g1": 0.9310279759900949, "g2": 10.484482426003598, "logK": 0.8654360305405802, "loc": -0.048563494142716455, "logScale": -0.31212503005321124}