{"g1": 0.8988865634611777, "g2": 13.292830796435483, "logK": 0.9908869173444946, "loc": -0.14045780020771775, "logScale": -0.6707895267148685}