{"g1": 0.7196766986110582, "g2": 14.564880247190075, "logK": 0.8886002551244632, "loc": -0.09789423282558622, "logScale": 3.9783047362292434}