{"g1": 0.8327150006120524, "g2": 11.343648396508199, "logK": 0.800635295283036, "loc": 0.003626459064523989, "logScale": 0.68776756112365}