{"g1": 0.968332418598054, "g2": 13.6377802263819, "logK": 0.995806530761268, "loc": -0.13285968678733867, "logScale": 3.8369835214658097}