{"g1": 0.9537015226938339, "g2": 13.900145224768714, "logK": 0.9899417102796201, "loc": -0.09124408000019932, "logScale": -0.38072464165211256}