{"g1": 0.9945325372037441, "g2": 8.88430349383609, "logK": 0.9777177380746322, "loc": -0.09760919541982149, "logScale": -0.5558677891966618}