{"g1": 0.9789085102098452, "g2": 14.665054785606364, "logK": 0.7714331117347925, "loc": -0.11018143422402712, "logScale": 0.5596189255031081}