{"g1": 0.8993930301615066, "g2": 12.749797255139583, "logK": 0.999252854642268, "loc": -0.019836933046606883, "logScale": -0.6876919134646758}