{"g1": 0.7896811538826359, "g2": 10.065493215648875, "logK": 0.9965001869971291, "loc": 0.10163438079126877, "logScale": -0.5969832394842687}