{"g1": 0.745809445069038, "g2": 11.332009877042783, "logK": -1.2553101391399606, "loc": -0.13928708547703716, "logScale": 0.9395259530769573}