{"g1": 0.874601489488328, "g2": 14.955752204820357, "logK": 0.5528009346859397, "loc": 0.0339888694746893, "logScale": -0.10028039880830761}