{"g1": 0.9015519367888568, "g2": 12.268244792124174, "logK": -2.447777386793834, "loc": -0.13277175163320692, "logScale": 2.0142895984982876}