{"g1": 0.9978132180902507, "g2": 14.016676427657126, "logK": -4.516380784916988, "loc": -0.014591865073589571, "logScale": 2.311445419035848}