{"g1": 0.9428237641480552, "g2": 14.893522841245229, "logK": 0.590831436509399, "loc": -0.06606410487744799, "logScale": 1.2676713369917645}