{"g1": 0.5144896371789394, "g2": 14.700468304118223, "logK": -2.865427131306056, "loc": 0.14102101232308148, "logScale": 0.7548173994010337}