{"g1": 0.9532159062654133, "g2": 14.381250166821765, "logK": -1.2905468206277284, "loc": -0.14505965407075588, "logScale": 3.658346628824393}