{"g1": 0.9226859704294273, "g2": 13.353757038115425, "logK": 0.9477690267358101, "loc": 0.0015485887778215468, "logScale": -0.48459248641351815}