{"g1": 0.9511039080518989, "g2": 13.796063817971325, "logK": 0.9971589015451254, "loc": -0.12384652280285298, "logScale": 0.8660345989986145}