{"g1": 0.9949136022822116, "g2": 9.881536098768981, "logK": 0.7818070400072515, "loc": -0.057387303570776316, "logScale": -1.0482493355136384}