{"g1": 0.9445155011485015, "g2": 14.916995973123328, "logK": 0.5736267934311892, "loc": -0.023233427258594133, "logScale": 2.0069822702488045}