{"g1": 0.9996570265696698, "g2": 5.590621835341212, "logK": 0.9829927303909854, "loc": -0.05179939260458495, "logScale": -0.627383069757699}