{"g1": 0.7694708281370924, "g2": 13.535192913140039, "logK": 0.7583334760387501, "loc": -0.11305915686017151, "logScale": -0.17416564466817908}