{"g1": 0.7779288588282516, "g2": 14.832125235468935, "logK": -0.9311968041116021, "loc": -0.1337186458425833, "logScale": 2.5934416532058773}