{"g1": 0.9464641807896297, "g2": 14.525928669074217, "logK": 0.522595046256625, "loc": 0.13915627141705567, "logScale": -0.8020764748259719}