{"g1": 0.8625996399806188, "g2": 7.206716453266449, "logK": 0.9120432701276173, "loc": -0.11273231806037803, "logScale": -0.12632750128832737}