{"g1": 0.8085645535357471, "g2": 8.648926747975121, "logK": 0.9947247085136596, "loc": -0.136972980335101, "logScale": -0.8570302315110749}