{"g1": 0.9640535251970943, "g2": 13.87037959589149, "logK": -3.3279969753492953, "loc": 0.05211146145198217, "logScale": 2.6118497655857436}