{"g1": 0.9600173898083743, "g2": 14.277959234448412, "logK": 0.7312501017032571, "loc": 0.09034401746208594, "logScale": 0.9719436897726612}