{"g1": 0.9147714687447419, "g2": 5.567407765572807, "logK": 0.9972763473118164, "loc": -0.05806989541986072, "logScale": -0.9128828504630528}