{"g1": 0.6548503884570924, "g2": 14.159406481807919, "logK": 0.9991556152633202, "loc": -0.054618906500975825, "logScale": -0.6788455534625822}