{"g1": 0.34759005742748483, "g2": 11.414380617569899, "logK": -2.677031999583609, "loc": 0.006751190885206657, "logScale": -0.21071374024100653}