{"g1": 0.9680446858834242, "g2": 14.991433966064026, "logK": -3.580813791980009, "loc": 0.09130178841109415, "logScale": 3.117356882359232}