{"g1": 0.9159653858636914, "g2": 12.65621693280233, "logK": 0.29679513553372194, "loc": -0.12385131010974665, "logScale": 0.23843365432699704}