{"g1": 0.7958813859314167, "g2": 14.337362300906394, "logK": 0.44241253611715425, "loc": -0.0893323436615036, "logScale": 0.6632825703626413}