{"g1": 0.9998439590832671, "g2": 14.633647345707686, "logK": -1.246268887650887, "loc": 0.009574585040150622, "logScale": -3.4951047162645725}