{"g1": 0.7300087185280676, "g2": 14.999223261301118, "logK": -0.15612890420834313, "loc": -0.025411370759303234, "logScale": 2.6440928031377577}