{"g1": 0.9968347968756196, "g2": 13.649610136879076, "logK": -2.2082432733967514, "loc": -0.09618041191904173, "logScale": 2.3383025440344483}