{"g1": 0.949560742194536, "g2": 11.11717501903209, "logK": 0.9103527340605521, "loc": -0.008103605550736498, "logScale": -0.42482141120262773}