{"g1": 0.57951600156169, "g2": 13.054061641215526, "logK": -2.047882710699353, "loc": -0.021356838826039684, "logScale": 1.7844528846843632}