{"g1": 0.9993093263783336, "g2": 6.918652195216624, "logK": 0.9943766468603586, "loc": -0.07659033302672805, "logScale": -0.6088299725524724}