{"g1": 0.42735132937678355, "g2": 14.960562051684342, "logK": 0.8788621824903938, "loc": -0.07538740376360295, "logScale": 3.814464064314804}