{"g1": 0.9437808636589801, "g2": 8.530329558838117, "logK": 0.770345611640419, "loc": -0.0706540008426841, "logScale": -0.5746146527521124}