{"g1": 0.9249584385813784, "g2": 9.25060157134438, "logK": 0.992680034476312, "loc": -0.015096852027233994, "logScale": 0.15630593590564912}