{"g1": 0.9974147567556038, "g2": 11.150097754940823, "logK": 0.6577236158275024, "loc": -0.07005527077923457, "logScale": -1.066706735205544}