{"g1": 0.8637713280486192, "g2": 14.229216257034954, "logK": 0.5452338827076799, "loc": 0.08161158718862233, "logScale": -0.4603951442800968}