{"g1": 0.9657421259646574, "g2": 14.98107154035536, "logK": -4.81862584111159, "loc": -0.05916531707008205, "logScale": 2.4313309290548086}