{"g1": 0.8708528688927906, "g2": 14.73145042308253, "logK": 0.7779328184986418, "loc": -0.07495690303434564, "logScale": 3.5723898413418484}