{"g1": 0.9992253382460765, "g2": 14.996670135078364, "logK": -0.24911928520397048, "loc": 0.03191995168034416, "logScale": 3.788657408437867}