{"g1": 0.9255640605189335, "g2": 14.98382412353448, "logK": -1.2880773050207026, "loc": -0.01263581115418068, "logScale": -3.982833725385541}