{"g1": 0.9126203814359316, "g2": 6.6634560159984595, "logK": 0.9508605918416628, "loc": 0.0045388295270317215, "logScale": -0.4440097883223441}