{"g1": 0.8718750758494654, "g2": 10.861452211420392, "logK": 0.9901566929486934, "loc": 0.059688870617961284, "logScale": -0.8907120406979678}