{"g1": 0.9367131189026812, "g2": 8.32106156736201, "logK": 0.9352230845303783, "loc": -0.14863822885732705, "logScale": -0.07903845945362642}