{"g1": 0.8270333636503661, "g2": 14.806161812628599, "logK": 0.7951282436431818, "loc": -0.13223759671947827, "logScale": -0.03879831575666798}