{"g1": 0.9529614043280112, "g2": 11.179416174210292, "logK": -3.728258307982519, "loc": -0.007430845357642872, "logScale": -3.7904102438824143}