{"g1": 0.9920985622558984, "g2": 14.990460620175325, "logK": -2.160224134528107, "loc": -0.11317623471757726, "logScale": 1.061771311170972}