{"g1": 0.5882974649201359, "g2": 14.409283649495205, "logK": -2.5631992883581187, "loc": -0.09537699451919776, "logScale": 2.092042912673047}