{"g1": 0.9324126376133004, "g2": 7.012465247053585, "logK": 0.9013337952634859, "loc": -0.14729921244472777, "logScale": -0.9781985177440298}