{"g1": 0.4852110961719609, "g2": 14.983203282288411, "logK": 0.7056814333949166, "loc": -0.12112001119843273, "logScale": 3.988165618562596}