{"g1": 0.9788989353079172, "g2": 14.99803097949243, "logK": 0.9666586292801034, "loc": -0.024767938563016435, "logScale": 3.943833029844281}