{"g1": 0.8793625510440841, "g2": 14.989714886751575, "logK": 0.5509045318135672, "loc": 0.08727736812904788, "logScale": 3.9101062969054747}