{"g1": 0.9978504476874737, "g2": 12.349159117955438, "logK": 0.4656756028549308, "loc": -0.03445172447565797, "logScale": -0.6209776850916862}