{"g1": 0.8849215329879913, "g2": 11.327928098230231, "logK": 0.8966521780614869, "loc": -0.12580440395768638, "logScale": -0.621867466228995}