{"g1": 0.9619569379256057, "g2": 14.973317168406913, "logK": -2.1008379331984752, "loc": -0.013323849277975218, "logScale": 1.1573340335771645}