{"g1": 0.9975910291502426, "g2": 12.255360528310666, "logK": 0.6420733051593654, "loc": -0.020875693484728536, "logScale": -0.8206180812464384}