{"g1": 0.9604556672594636, "g2": 7.8737735802240625, "logK": 0.9988482542607092, "loc": -0.07411472892944063, "logScale": -1.1660562193219652}