{"g1": 0.85566526986088, "g2": 14.27083686854003, "logK": -0.5035379787757002, "loc": 0.1494645869946543, "logScale": 2.7328286601501146}