{"g1": 0.8180630397993234, "g2": 14.698150220272655, "logK": 0.7508802595257946, "loc": -0.07423615694150486, "logScale": 2.088049373040988}