{"g1": 0.8762139108229813, "g2": 10.939037668732805, "logK": 0.996171493450897, "loc": -0.05147973338689269, "logScale": -0.9758405028496274}