{"g1": 0.9976475169690571, "g2": 13.117300842836565, "logK": 0.886153851763162, "loc": -0.05777703467491233, "logScale": -0.021587296028011682}