{"g1": 0.5902133209714984, "g2": 7.5233927451462375, "logK": -0.41307429833041853, "loc": -0.13080705372427281, "logScale": -0.09407132357979583}