{"g1": 0.5909201726198394, "g2": 9.538049356192362, "logK": -4.730269038354205, "loc": 0.02516266338714799, "logScale": 1.8000035937123964}