{"g1": 0.99888249863437, "g2": 10.746786067662182, "logK": 0.9908505535410586, "loc": -0.09126516767172357, "logScale": -0.9360001337526318}