{"g1": 0.5219889826026001, "g2": 14.959382360570064, "logK": 0.7167640170492965, "loc": -0.08092185677459478, "logScale": 3.737834673437554}