{"g1": 0.5338029103363648, "g2": 10.601936992874032, "logK": -1.1359805168354145, "loc": 0.08942182040921572, "logScale": -0.09821793605483548}