{"g1": 0.9984248891757301, "g2": 13.433710099561836, "logK": 0.5663566907101403, "loc": -0.10660807270355359, "logScale": 0.4309758338512425}