{"g1": 0.6057100157398546, "g2": 14.698827649852001, "logK": 0.991973067037797, "loc": -0.040204049861734675, "logScale": 3.38466320475834}