{"g1": 0.9141776960127908, "g2": 12.09609096617813, "logK": 0.8634151436660054, "loc": -0.13202850324154622, "logScale": -0.8575717473025664}