{"g1": 0.5287522310676637, "g2": 10.056914360566102, "logK": -2.3783594346815535, "loc": -0.14417638187016624, "logScale": 1.9060386523409742}