{"g1": 0.9480218900745322, "g2": 14.699422749966432, "logK": 0.20599274833467196, "loc": -0.027326092984911857, "logScale": 2.0683725355398197}