{"g1": 0.9142005691524971, "g2": 14.725944042654776, "logK": 0.48047383298993385, "loc": 0.01958439688853969, "logScale": 0.8887787302046537}