{"g1": 0.8189101183693771, "g2": 14.98594188018357, "logK": -0.39558684141897027, "loc": -0.13640628574944996, "logScale": 2.6363235482255414}