{"g1": 0.725498325706493, "g2": 14.98090805832834, "logK": -0.8317426967886292, "loc": 0.0973513940381417, "logScale": 3.8999081561040265}