{"g1": 0.904747402908504, "g2": 14.93905148254816, "logK": 0.9891043777494302, "loc": 0.04590315220216444, "logScale": -1.182696507118421}