{"g1": 0.7515200594802895, "g2": 14.609520426099367, "logK": -1.5016127664730092, "loc": -0.1414817454359776, "logScale": 2.727953441125283}