{"g1": 0.9853848509879208, "g2": 4.247735303198109, "logK": -2.6712798065608583, "loc": -0.005395310271819113, "logScale": -3.544735801544935}