{"g1": 0.9579098516785516, "g2": 14.943507312979694, "logK": -1.013492952495366, "loc": 0.023880405155147423, "logScale": 2.9717761572686556}