{"g1": 0.9638851255607003, "g2": 14.60668856531692, "logK": 0.9972392680286809, "loc": -0.09123118530941748, "logScale": -0.8607228485809846}