{"g1": 0.7994960546345464, "g2": 7.678235484322423, "logK": 0.9900968193387917, "loc": -0.04847501663657137, "logScale": -0.3897441545505571}