{"g1": 0.9447550343632585, "g2": 13.876336526132883, "logK": -0.9316495459434937, "loc": 0.061647890735561435, "logScale": 1.7893425817884554}