{"g1": 0.5915689321060433, "g2": 14.992324649684274, "logK": -0.7527768962125942, "loc": 0.021252693257437692, "logScale": 3.5457271017307566}