{"g1": 0.814572649498573, "g2": 6.7480324726314915, "logK": 0.9998974587274883, "loc": -0.03545339143616298, "logScale": -0.3286162759459456}