{"g1": 0.8490020268638773, "g2": 6.81984161844982, "logK": 0.9604367021273852, "loc": -0.10643230610713786, "logScale": -1.337378839196454}