{"g1": 0.23707991625313146, "g2": 13.166510746391548, "logK": -2.9885118522829948, "loc": 0.03690975186925547, "logScale": 0.5942653193662439}