{"g1": 0.6237491160407589, "g2": 14.677268128160026, "logK": -3.5061381084361636, "loc": 0.025647977724066427, "logScale": 2.9418720310158517}