{"g1": 0.9423583602333518, "g2": 11.781416366177867, "logK": 0.9963341126766014, "loc": -0.09497826243474831, "logScale": -0.3388890216521373}