{"g1": 0.7912046877998603, "g2": 14.999065329513236, "logK": 0.3600447476476427, "loc": 0.041941144186277965, "logScale": -0.5936265984742544}