{"g1": 0.7929661885543179, "g2": 14.995544725224379, "logK": -2.168317732298183, "loc": -0.14484795956391827, "logScale": 3.7425079709364204}