{"g1": 0.45295058408993627, "g2": 14.983056242727042, "logK": 0.6087099080076379, "loc": -0.12434300676866761, "logScale": 3.9897406568270326}