{"g1": 0.9468774372763891, "g2": 14.992456424391154, "logK": 0.8973699076195076, "loc": -0.06651378270962323, "logScale": 0.14927915860070212}