{"g1": 0.9169390713917862, "g2": 14.237532697108682, "logK": -2.5221869655800893, "loc": -0.010150001372986106, "logScale": 2.8183619270170825}