{"g1": 0.9778526735798905, "g2": 9.447729793800605, "logK": 0.9777602987476229, "loc": -0.13801155060778303, "logScale": -1.302535170742312}