{"g1": 0.8150846007493673, "g2": 9.837635368146568, "logK": 0.8686932306884403, "loc": 0.10306992326930395, "logScale": -1.0189910824470814}