{"g1": 0.9964954674894195, "g2": 10.056200698618987, "logK": 0.907557082762873, "loc": -0.004713396240301149, "logScale": -1.8719552492216645}