{"g1": 0.9910316847199026, "g2": 13.673763176168865, "logK": -1.0576165182026034, "loc": 0.13028835214926704, "logScale": 2.3277788217097717}