{"g1": 0.9360804214004576, "g2": 14.978633423884363, "logK": 0.8016458919122216, "loc": -0.02061541725944276, "logScale": 0.717128427736817}