{"g1": 0.7515958343447484, "g2": 10.06325769494387, "logK": 0.9980885549296059, "loc": -0.10286569680276388, "logScale": -0.33507684489332024}