{"g1": 0.46291030975307557, "g2": 14.997508824468028, "logK": -3.3381387981215256, "loc": -0.07796962840423041, "logScale": 2.014094725395517}