{"g1": 0.9280001215293572, "g2": 12.939473999873513, "logK": -2.16774846918387, "loc": -0.0011022534891192374, "logScale": -3.9929233693905646}