{"g1": 0.9913131704650413, "g2": 13.824831635476789, "logK": 0.514724407561497, "loc": -0.1380707720917879, "logScale": -0.561458626865093}