{"g1": 0.8413659304285049, "g2": 13.56203095460906, "logK": 0.7294144140047097, "loc": -0.08100079306282303, "logScale": -0.2960393344461647}