{"g1": 0.9480030815662629, "g2": 14.953812784303846, "logK": -1.343626949055423, "loc": -0.13617803411699272, "logScale": 1.9374733682511687}