{"g1": 0.9964726543501203, "g2": 14.695463830442835, "logK": -0.3536905184245678, "loc": -0.13040155160816494, "logScale": 3.975046785877504}