{"g1": 0.9825701415727132, "g2": 13.06012130791172, "logK": 0.8570357446214716, "loc": 0.005292824435125618, "logScale": -0.7004439367628538}