{"g1": 0.7494606589777963, "g2": 7.427044035977692, "logK": 0.9921248863869891, "loc": -0.02678952665548484, "logScale": -0.6402112390423189}