{"g1": 0.9942346041665306, "g2": 11.330573656033618, "logK": 0.8474023521722769, "loc": 0.03843121801434932, "logScale": -0.552503421712094}