{"g1": 0.9320583330400077, "g2": 8.868323637772448, "logK": 0.9823533907850326, "loc": 0.13601768002185483, "logScale": -0.3831209343298032}