{"g1": 0.7832942220802898, "g2": 14.999333686282968, "logK": -1.3450853657340391, "loc": 0.02338938426294698, "logScale": 2.728229810434896}