{"g1": 0.7751298411451127, "g2": 13.373311235649675, "logK": 0.9969191386880074, "loc": -0.12699399442906567, "logScale": 0.9712243768615529}