{"g1": 0.6170533081819687, "g2": 14.992630166311166, "logK": 0.7866384936391527, "loc": 0.009963318907028909, "logScale": 3.988468760956318}