{"g1": 0.9966493491305533, "g2": 12.18184280624536, "logK": 0.9997024791474256, "loc": -0.05486897143185885, "logScale": -0.8726796782034534}