{"g1": 0.9464188760600369, "g2": 8.820857653605657, "logK": 0.541227325234803, "loc": -0.12440032899982996, "logScale": -0.3238926475553343}