{"g1": 0.9426139258954164, "g2": 14.317104409707468, "logK": 0.6474385261812277, "loc": -0.018920612561971827, "logScale": -0.2117815410455851}