{"g1": 0.9989368375900707, "g2": 14.992210932736759, "logK": -1.7120428875390854, "loc": 0.02220526199570304, "logScale": 2.4420040875714557}