{"g1": 0.8879990162936624, "g2": 14.965856040844905, "logK": 0.22331862920416928, "loc": 0.0421315048685347, "logScale": 3.6284177639316995}