{"g1": 0.526985589712231, "g2": 13.692089733591674, "logK": -4.487926375946986, "loc": 0.01338729122876351, "logScale": 2.2861827453396266}