{"g1": 0.8519541826243255, "g2": 14.976357850461403, "logK": -3.6672570014925454, "loc": 0.0347888450454831, "logScale": 3.9713454459873265}