{"g1": 0.918284622858041, "g2": 10.890009304676482, "logK": 0.003371296013671976, "loc": -0.017410506484797222, "logScale": -3.7776394554713915}