{"g1": 0.6603896670574181, "g2": 8.775291780665194, "logK": 0.709997924840913, "loc": -0.1394235799643456, "logScale": 0.3579226807060534}