{"g1": 0.9494432743452483, "g2": 8.519945276207677, "logK": 0.9212902153180572, "loc": -0.10086360966843505, "logScale": -0.44981806521546575}