{"g1": 0.8838991713718753, "g2": 14.98391744708726, "logK": 0.8570545267689946, "loc": 0.04940276786256658, "logScale": -0.4887613021983148}