{"g1": 0.9765206261507147, "g2": 12.506873143294928, "logK": -1.7279775917608997, "loc": -0.009386263909809182, "logScale": -3.992737810101352}