{"g1": 0.4238109993226948, "g2": 10.624198182773153, "logK": -1.3618967079611795, "loc": -0.0701732922391901, "logScale": 2.091724116642361}