{"g1": 0.9723026679555112, "g2": 14.676193405860465, "logK": 0.9941018545171765, "loc": 0.09909941254573974, "logScale": 0.7339970348991112}