{"g1": 0.8563133820567079, "g2": 7.663508586474906, "logK": 0.9958919526057987, "loc": -0.07522000350643693, "logScale": -0.4300050251989356}