{"g1": 0.8791547097507217, "g2": 14.99679915240052, "logK": 0.9960157193158389, "loc": 0.016099162795660968, "logScale": 0.3055787492661922}