{"g1": 0.9147065975700756, "g2": 5.377072152348384, "logK": 0.5112411002549975, "loc": -0.026627444824513742, "logScale": -0.8406927635387167}