{"g1": 0.8926982598139779, "g2": 13.138934500030434, "logK": 0.829820222740405, "loc": -0.1289916295891738, "logScale": 0.6721711453844986}