{"g1": 0.9491510139592427, "g2": 14.983897941261205, "logK": -3.753943306707924, "loc": 0.09998176292642559, "logScale": 3.7106251874718135}