{"g1": 0.963143788625907, "g2": 10.55103804289508, "logK": 0.7111372204586972, "loc": 0.06949704599618246, "logScale": -0.14005295706679494}