{"g1": 0.9760934692254676, "g2": 11.423443165525223, "logK": 0.9999780705053479, "loc": -0.08986138372275666, "logScale": -0.852129495461977}