{"g1": 0.8746419029839015, "g2": 12.97152745483632, "logK": 0.9891279489541106, "loc": -0.11981701951985636, "logScale": 0.485067784973738}