{"g1": 0.8328922201092781, "g2": 14.518539415495601, "logK": 0.8045759979303512, "loc": 0.0579413499251413, "logScale": -0.32273880808088296}