{"g1": 0.9871921002386069, "g2": 14.728481815263956, "logK": 0.3173562289042852, "loc": 0.08322101835926507, "logScale": 1.7151321697423185}