{"g1": 0.9565374094659926, "g2": 14.990074933690428, "logK": 0.3999456750765531, "loc": -0.023722849260639334, "logScale": 0.6988077902148595}