{"g1": 0.8464322397762702, "g2": 6.7604753246945855, "logK": 0.8234072058608731, "loc": 0.007378167807003039, "logScale": -0.5173320046638343}