{"g1": 0.976629176590709, "g2": 5.701391944985687, "logK": 0.5691676057429955, "loc": 0.13470270793151667, "logScale": -0.5182694500232111}