{"g1": 0.9100678876226754, "g2": 12.820161318383356, "logK": 0.8584168507058034, "loc": 0.023468041186542162, "logScale": 0.16713791319868831}