{"g1": 0.692120434947966, "g2": 12.944191037735493, "logK": 0.7801200613983741, "loc": -0.05056556319334226, "logScale": -0.051836046343123665}