{"g1": 0.8380456922773923, "g2": 14.99270623966827, "logK": 0.9953728627899293, "loc": 0.01710152961044372, "logScale": 3.969687301436753}