{"g1": 0.9990310220608508, "g2": 12.848850414007645, "logK": 0.7587265086538846, "loc": 0.13763288154750639, "logScale": 0.13243373403294867}