{"g1": 0.8889020539557033, "g2": 14.977769154696993, "logK": 0.9985984848854428, "loc": 0.03788406893963343, "logScale": 3.3030405097037283}