{"g1": 0.9796768625772485, "g2": 13.565917389762092, "logK": 0.807400811473598, "loc": -0.09825863166283667, "logScale": -1.0566786064611713}