{"g1": 0.8338950488549474, "g2": 11.771625679400255, "logK": -0.5756214254767558, "loc": -0.11772700147365639, "logScale": 0.6860378253613051}