{"g1": 0.48538173445675326, "g2": 14.13886177208795, "logK": 0.945863916035093, "loc": 0.02783656936831381, "logScale": 3.189668357192991}