{"g1": 0.9790840731156658, "g2": 10.568434987143004, "logK": 0.9790684365898082, "loc": -0.09339489446139362, "logScale": -1.3439227262037012}