{"g1": 0.9980380301984938, "g2": 13.434073808623914, "logK": -3.3490590836416225, "loc": 0.035921155302836974, "logScale": 1.8130476493893375}