{"g1": 0.9575493348660289, "g2": 14.488319753913778, "logK": 0.30193027240346004, "loc": -0.05840642127748023, "logScale": 2.338579538872035}