{"g1": 0.8021695977583319, "g2": 14.653956511938565, "logK": -3.120793130832494, "loc": -0.10151604225430062, "logScale": 2.7111964352146067}