{"g1": 0.8963127789683969, "g2": 8.614879248607277, "logK": 0.7489976892785467, "loc": -0.039201398904375, "logScale": -1.249698704547481}