{"g1": 0.958227472665581, "g2": 13.597203944794447, "logK": 0.9812304714468103, "loc": -0.1458149480370528, "logScale": -0.3547727228983282}