{"g1": 0.5188965571243269, "g2": 11.866543304716435, "logK": -2.9051236621753507, "loc": -0.05091928368861006, "logScale": 2.0824382529203955}