{"g1": 0.9426571506231557, "g2": 7.6767207731242975, "logK": 0.42570407545838995, "loc": -0.03523933358871745, "logScale": -0.5033768440002861}