{"g1": 0.9994871688782768, "g2": 10.854497232125041, "logK": 0.6442560284390655, "loc": 0.05910559661134808, "logScale": -0.34148866733052885}