{"g1": 0.9995241899153559, "g2": 9.103877436727892, "logK": 0.8944465737406797, "loc": 0.03751318015548917, "logScale": -0.41647757104138633}