{"g1": 0.8895174843535405, "g2": 13.04176147919351, "logK": 0.9917616018428869, "loc": -0.08524433042513999, "logScale": -0.5081175600947366}