{"g1": 0.9369620535816042, "g2": 14.987413885686333, "logK": 0.34978384324019973, "loc": 0.002412574026264727, "logScale": -0.5876566988149746}