{"g1": 0.6174904590385837, "g2": 14.887876203452414, "logK": -3.024837780417407, "loc": 0.14672821426440255, "logScale": 2.2215300008730914}