{"g1": 0.8255070256842437, "g2": 10.887524500209105, "logK": 0.9179997673823155, "loc": 0.038726708277127236, "logScale": 0.12709304772602636}