{"g1": 0.8895311262182892, "g2": 9.227275109445975, "logK": 0.7404982167621436, "loc": -0.03622487953478261, "logScale": -0.453408692813089}