{"g1": 0.9968739717398631, "g2": 13.633301271538933, "logK": 0.9772695058994836, "loc": -0.07569319344826814, "logScale": -0.8365852715226694}