{"g1": 0.9964585021878323, "g2": 14.986685131291981, "logK": 0.6829428699186003, "loc": 0.11583158955116399, "logScale": 1.568441894792683}