{"g1": 0.9745891221751324, "g2": 10.643148249031004, "logK": 0.895450364154808, "loc": -0.07693199537780841, "logScale": -0.2570258379305249}