{"g1": 0.8494424131837778, "g2": 13.673048136404258, "logK": -1.194400416264068, "loc": -0.0217359677795797, "logScale": 0.777314209453004}