{"g1": 0.2065665333649816, "g2": 14.986198914579251, "logK": 0.8054044646079468, "loc": -0.02125365965242009, "logScale": 3.674587600218878}