{"g1": 0.8771330980126384, "g2": 9.579936877699716, "logK": 0.37376737384139525, "loc": 0.06843451807493343, "logScale": 0.12383360278685474}