{"g1": 0.8277776287175174, "g2": 14.79908370123799, "logK": -2.402642179787857, "loc": 0.02133265201313408, "logScale": 3.2181934233159146}