{"g1": 0.9680221445835381, "g2": 14.980661120136073, "logK": 0.3607114157150707, "loc": 0.02605148176357118, "logScale": 3.3503920028006102}