{"g1": 0.9032598135904233, "g2": 14.026774030483436, "logK": 0.9981870936739641, "loc": 0.10401770555060903, "logScale": 0.6025863785119225}