{"g1": 0.9839776885310609, "g2": 13.169655078758694, "logK": 0.873338547470399, "loc": -0.019483354039483956, "logScale": -0.23936277549365284}