{"g1": 0.8787517942811557, "g2": 10.735528088484502, "logK": -0.10200994412580666, "loc": -0.09936316054129993, "logScale": -0.23475959548764125}