{"g1": 0.8454192334487628, "g2": 8.915535488078381, "logK": 0.7383105435297415, "loc": -0.1184823403940439, "logScale": -0.07445124675795334}