{"g1": 0.8735850744846736, "g2": 14.308242882682931, "logK": 0.5588445206117495, "loc": -0.10323783645289564, "logScale": -0.10117733504466334}