{"g1": 0.9644182245245255, "g2": 14.58124815288823, "logK": -0.4625802042332148, "loc": -0.041733680679691784, "logScale": 2.5522162410356137}