{"g1": 0.9230562422942434, "g2": 14.972357943115272, "logK": -4.010344547586662, "loc": -0.12531423687701568, "logScale": 2.4698058468443955}