{"g1": 0.9598253617864093, "g2": 13.672793250041831, "logK": -0.1735452563991986, "loc": -0.04381030650204627, "logScale": 1.422828482217755}