{"g1": 0.7206944590779083, "g2": 14.99120316376893, "logK": 0.8251682959294044, "loc": 0.05609684309303792, "logScale": 3.7136130271421433}