{"g1": 0.9685458400319589, "g2": 8.242352713481099, "logK": 0.6028074618619728, "loc": 0.022655087669072933, "logScale": 0.3154280721306786}