{"g1": 0.4230169442665573, "g2": 12.744664927246921, "logK": -1.3597517270544246, "loc": -0.09024395473036499, "logScale": 1.9859137978297303}