{"g1": 0.8626377573060551, "g2": 14.4819746502037, "logK": 0.8413037626117784, "loc": 0.11553900157140262, "logScale": -1.0593293101047467}