{"g1": 0.9551741375096668, "g2": 14.98950506334239, "logK": 0.660909051488529, "loc": 0.10875116970833885, "logScale": -0.6550842886777182}