{"g1": 0.6665521829137642, "g2": 14.303999983409184, "logK": 0.8546575052262294, "loc": -0.12228056562145036, "logScale": 2.0580492107339703}