{"g1": 0.9307997088881993, "g2": 9.52392624614959, "logK": 0.9970933746558088, "loc": -0.0937069779753564, "logScale": -0.9060117825272258}