{"g1": 0.9489950560070748, "g2": 14.95792218786451, "logK": -4.063681994597377, "loc": -0.14205652867576396, "logScale": 3.209112636798957}