{"g1": 0.8399395898765191, "g2": 9.905024139309687, "logK": 0.9413604520834029, "loc": -0.10476370271138326, "logScale": -0.868679310917896}