{"g1": 0.8098525160225866, "g2": 12.276318298804533, "logK": -3.3677596924010413, "loc": 0.00460785447673963, "logScale": -3.998945233221889}