{"g1": 0.851730010740254, "g2": 11.09563956326269, "logK": -0.1888336540910447, "loc": 0.07357588071942461, "logScale": 0.3359007882558643}