{"g1": 0.9890682727896402, "g2": 12.359372228904128, "logK": 0.4633151625630939, "loc": -0.11544125436542971, "logScale": -0.45746698050575635}