{"g1": 0.8237051653247923, "g2": 14.109748486117182, "logK": 0.995495042296771, "loc": 0.038051214357014335, "logScale": -0.39148456742307025}