{"g1": 0.9960004838278109, "g2": 13.648300196472832, "logK": 0.8751578198680834, "loc": -0.11998825632822997, "logScale": -0.7999233255793314}