{"g1": 0.984921053423933, "g2": 14.997317511057583, "logK": -4.994003079376501, "loc": 0.07974548848120715, "logScale": 1.8155827116676138}