{"g1": 0.9815832843843324, "g2": 14.819990512128303, "logK": -0.22206246945622266, "loc": -0.015523176560363408, "logScale": 2.192035339893919}