{"g1": 0.9800646695206444, "g2": 14.700974224410853, "logK": -0.7303697572594922, "loc": -0.12478079277497815, "logScale": 2.081689903794398}