{"g1": 0.908060262006533, "g2": 8.307739572678397, "logK": 0.6205935795690299, "loc": 0.049268727676105045, "logScale": -0.7847819111393922}