{"g1": 0.9270685611426323, "g2": 9.650898320328542, "logK": 0.990041158112749, "loc": -0.03301728866755597, "logScale": -1.0197292131400402}