{"g1": 0.9998785447485702, "g2": 14.036336729374117, "logK": -2.8912790106734163, "loc": -0.07475825639827616, "logScale": 1.9751948546820564}