{"g1": 0.9879349396180122, "g2": 13.5745819786166, "logK": 0.9991258289964379, "loc": -0.02523030103340109, "logScale": -1.2509627933824574}