{"g1": 0.7286156018657839, "g2": 8.690433491580228, "logK": 0.5481911260298133, "loc": -0.06197665441541494, "logScale": 0.21980508093764783}