{"g1": 0.9847478388170335, "g2": 13.54434453857042, "logK": 0.7660407530101075, "loc": -0.09395552791617354, "logScale": 0.03643595092870891}