{"g1": 0.8225093882043585, "g2": 14.973250063399682, "logK": -4.275049163819383, "loc": 0.08267798325629874, "logScale": 3.31933459804138}