{"g1": 0.9679164903135089, "g2": 13.494048521190475, "logK": 0.6903838969156147, "loc": 0.02920435524955106, "logScale": -0.09657567837196263}