{"g1": 0.8484433775699446, "g2": 13.644910272356686, "logK": 0.770224084721896, "loc": 0.12220898143965916, "logScale": 0.47912322090887344}