{"g1": 0.8442465085564, "g2": 14.984127145789165, "logK": 0.1455619533756178, "loc": -0.14992966250630385, "logScale": 2.9765934646951946}