{"g1": 0.8265307968093715, "g2": 10.903642670498606, "logK": -4.7291851761008274, "loc": 0.06133951206183207, "logScale": 2.06632944677099}