{"g1": 0.9998140949101859, "g2": 14.977699460928017, "logK": 0.9905584298037229, "loc": -0.14904426928152575, "logScale": 1.5039010163482498}