{"g1": 0.963005095862369, "g2": 13.504437650481973, "logK": 0.8648044107205994, "loc": -0.04771907335183628, "logScale": 0.42534238461776874}