{"g1": 0.8865881437532662, "g2": 14.39555594544444, "logK": -4.321563279835835, "loc": -0.1287426660963848, "logScale": 3.0277464016005347}