{"g1": 0.8778067216388211, "g2": 5.5379909142630925, "logK": 0.8702965067790818, "loc": -0.0704706940428011, "logScale": -0.9359400788280152}