{"g1": 0.8306862272972566, "g2": 14.498415444931002, "logK": 0.5305359179778382, "loc": -0.09549838569700919, "logScale": 3.9841130772042157}