{"g1": 0.42718120646282653, "g2": 8.940524857637364, "logK": -1.886502573800693, "loc": -0.09400270182574061, "logScale": 1.8003607629902114}