{"g1": 0.9085111596142722, "g2": 13.45593673705154, "logK": 0.9833422257190145, "loc": 0.020475480837932734, "logScale": -0.1320958483365257}