{"g1": 0.8028576092017656, "g2": 14.433527026664043, "logK": 0.9067689063561277, "loc": -0.054592103625298274, "logScale": -0.7371243767678259}