{"g1": 0.9773259428892936, "g2": 9.869031472111054, "logK": 0.9960315245049367, "loc": -0.11631113399927176, "logScale": -0.4379428290969553}