{"g1": 0.9964746522768575, "g2": 12.856953206890255, "logK": 0.2709484256965772, "loc": 0.0002778497173303993, "logScale": 0.6710968228780256}