{"g1": 0.9832511026520726, "g2": 14.675574640569378, "logK": -4.193623898144282, "loc": -0.14964734203818333, "logScale": 3.123488935608701}