{"g1": 0.8733142622914142, "g2": 14.325773932166912, "logK": 0.4710220448429622, "loc": -0.12216483269184913, "logScale": 0.658745990290396}