{"g1": 0.8659024934528574, "g2": 13.962156724387869, "logK": -0.826700317584101, "loc": -0.10102855069581211, "logScale": 2.0610096560921463}