{"g1": 0.9998352661180785, "g2": 9.293360657427197, "logK": 0.9950998098871351, "loc": -0.09381307799721891, "logScale": -0.5915066794302262}