{"g1": 0.9203831451447609, "g2": 14.486966024160246, "logK": -2.732375445735914, "loc": 0.08687942579148118, "logScale": 2.3669535014837857}