{"g1": 0.9799135324526951, "g2": 14.733080430041378, "logK": 0.9890403112096727, "loc": -0.10362268225529458, "logScale": -0.23148746973215428}