{"g1": 0.8794981940057436, "g2": 13.954162519974513, "logK": 0.8061255383481197, "loc": -0.07248716342033903, "logScale": -0.617460632282284}