{"g1": 0.9447507472582813, "g2": 11.16580659227608, "logK": -3.5622941359086737, "loc": -0.06063537578034231, "logScale": 1.0187086975396489}