{"g1": 0.8344315279430115, "g2": 14.98492820883994, "logK": -2.0310763478700506, "loc": 0.06100634366222661, "logScale": 2.942383353028129}