{"g1": 0.9731970536283886, "g2": 14.936507735332391, "logK": 0.9303408767837056, "loc": -0.07088247732955401, "logScale": 3.6639662189164297}