{"g1": 0.855565466733705, "g2": 8.811297376427383, "logK": 0.5157936691311498, "loc": 0.12362872010096355, "logScale": 0.03910065702285759}