{"g1": 0.9978402603886377, "g2": 14.687275226963353, "logK": 0.9199554653523585, "loc": -0.03844049928816498, "logScale": 0.47041301333901964}