{"g1": 0.8433717547062524, "g2": 10.538112124473763, "logK": 0.9716679360967253, "loc": -0.015815341658580354, "logScale": 0.8773758377784753}