{"g1": 0.7829570975647837, "g2": 13.056872659190367, "logK": -2.3711233524933006, "loc": 0.12069142428918156, "logScale": 1.917380615661577}