{"g1": 0.7564805388147184, "g2": 14.498705913617828, "logK": 0.0269024885149578, "loc": 0.10847454206098381, "logScale": 2.5450563432482753}