{"g1": 0.9859074298521222, "g2": 14.854248154961638, "logK": -2.7285054693361346, "loc": -0.10283925702511829, "logScale": 2.2131163552121005}