{"g1": 0.9993529397664407, "g2": 7.494412113658084, "logK": -3.6171720382214008, "loc": 0.0017079855829459922, "logScale": -3.989025077042263}