{"g1": 0.9951128635754373, "g2": 13.888411290623818, "logK": 0.9980319365870651, "loc": -0.14986528722351325, "logScale": -0.5869094791317195}