{"g1": 0.9713296877687816, "g2": 12.166220313312417, "logK": 0.996344657904867, "loc": 0.11573894871121242, "logScale": -1.0207204944869082}