{"g1": 0.9205759275834948, "g2": 1.5011194835377923, "logK": 0.10758410666326235, "loc": -0.017993033071842336, "logScale": -3.6720475370927907}