{"g1": 0.9860730698162639, "g2": 14.288704389855633, "logK": -2.5415081930624366, "loc": 0.050595390963463716, "logScale": 2.174384162031926}