{"g1": 0.9748396862764152, "g2": 13.104323484064453, "logK": 0.9952815968338313, "loc": -0.09720982153972199, "logScale": 0.021521826409771808}