{"g1": 0.9823183095902132, "g2": 14.23426183583852, "logK": -1.1760901682016587, "loc": 0.003708430567021387, "logScale": 2.617579914506423}