{"g1": 0.6411503984251754, "g2": 9.592284730011638, "logK": -2.971764686083965, "loc": -0.11496652070660068, "logScale": 1.9300809794635314}