{"g1": 0.5908507572176603, "g2": 14.941112756243871, "logK": -2.42308829728033, "loc": -0.007142737146604753, "logScale": 3.709453493836342}