{"g1": 0.9997009427908461, "g2": 12.92663004582133, "logK": 0.061065212006483405, "loc": 0.13682849760717206, "logScale": 0.05636197705137935}