{"g1": 0.9002553557870812, "g2": 14.964886231478761, "logK": -1.3225427215348167, "loc": 0.010070326384627458, "logScale": 2.8931762744840492}