{"g1": 0.9309165115944689, "g2": 11.697876839109352, "logK": 0.8578654220511691, "loc": -0.13585487056659581, "logScale": -0.6279615246421332}