{"g1": 0.9727038003522079, "g2": 14.652851149526125, "logK": -0.9768987066555259, "loc": -0.04090919259589374, "logScale": 2.424059677194847}