{"g1": 0.9036658083408239, "g2": 14.53972807598685, "logK": 0.9976076499765985, "loc": -0.1152331632833329, "logScale": -0.08030041011950931}