{"g1": 0.998494938582429, "g2": 14.739772643407075, "logK": 0.7565629137399855, "loc": -0.08208147535210528, "logScale": 0.21287965104112816}