{"g1": 0.37427497265385945, "g2": 14.998953007936112, "logK": 0.4779387076639656, "loc": 0.10010728413837995, "logScale": 3.6679584634071105}