{"g1": 0.9280235696742802, "g2": 14.983305479871854, "logK": 0.6580039067728296, "loc": -0.06560766901998177, "logScale": 3.3015602739355674}