{"g1": 0.9467471844936366, "g2": 8.996938386706082, "logK": 0.9558458407824189, "loc": -0.13299274033662986, "logScale": -0.6921204857762073}