{"g1": 0.9414301359020496, "g2": 9.995880846453753, "logK": -3.861831657960301, "loc": 0.1353934143293801, "logScale": 0.23457009563271525}