{"g1": 0.1983401999236036, "g2": 8.775927160930989, "logK": -3.1487683894917007, "loc": 0.08369594855220572, "logScale": 0.024476341137095}