{"g1": 0.6913592409649292, "g2": 14.54497950705542, "logK": -2.3774486194267137, "loc": 0.021404684367470513, "logScale": 1.9996627557698117}