{"g1": 0.9497100229276845, "g2": 14.076327068136166, "logK": 0.8831000550001095, "loc": -0.003810210667152994, "logScale": 3.8429432097158727}