{"g1": 0.49741679303022057, "g2": 14.997691787723156, "logK": 0.6837965099822415, "loc": -0.011468176241437082, "logScale": 3.843572076091448}