{"g1": 0.876497172371048, "g2": 12.466443180895338, "logK": -2.5146806274419147, "loc": -0.09833385772965568, "logScale": 0.9910820976586204}