{"g1": 0.9974924028990563, "g2": 14.376703032344988, "logK": 0.39559824264092525, "loc": -0.08218559832630289, "logScale": 1.3236960641699387}