{"g1": 0.9605988382133874, "g2": 14.171774147130828, "logK": 0.7336893249675973, "loc": -0.050597016764899555, "logScale": 0.19612529511961607}