{"g1": 0.933067364881505, "g2": 11.202942904243343, "logK": -4.998432740815405, "loc": 0.004305714165171099, "logScale": -3.9646919681895403}