{"g1": 0.9399585880476984, "g2": 14.998031193884415, "logK": -1.1728204830843265, "loc": -0.060493282847494334, "logScale": 3.213384991773221}