{"g1": 0.8953160462800078, "g2": 14.420722955820697, "logK": 0.7451213142519133, "loc": -0.11450098967054341, "logScale": 0.008002818821445976}