{"g1": 0.9273730937244706, "g2": 13.811273834566187, "logK": 0.8867286823786333, "loc": -0.13423927387830176, "logScale": 1.0699464086547388}