{"g1": 0.6975602476922029, "g2": 10.43083136960283, "logK": -0.12416468469686914, "loc": 0.10494971073930257, "logScale": 0.3499981858006336}