{"g1": 0.7513686853172694, "g2": 14.979177003259228, "logK": 0.27819227378908956, "loc": -0.024638911002825004, "logScale": 3.0587175507977635}