{"g1": 0.9731877823221841, "g2": 13.010284258960047, "logK": 0.7618251653252885, "loc": -0.10124401677122927, "logScale": -0.4830485585847418}