{"g1": 0.8489510628413834, "g2": 13.860629921239147, "logK": 0.9991854113156182, "loc": 0.04200990139397918, "logScale": 1.008910394232488}