{"g1": 0.7990502425460491, "g2": 14.682547822039462, "logK": 0.8228940944578824, "loc": 0.09751894079411724, "logScale": -0.6270737523989574}