{"g1": 0.6016858401686696, "g2": 6.569909277288053, "logK": -4.236877701137321, "loc": 0.018100365678797005, "logScale": 0.25350250623388665}