{"g1": 0.999331273156432, "g2": 14.974484823717614, "logK": -0.176873042214452, "loc": 0.04994662745411739, "logScale": 2.2971367840966033}