{"g1": 0.9866078984262815, "g2": 14.74564129706994, "logK": -1.4621267038590746, "loc": -0.11180558234842237, "logScale": 2.230373359493211}