{"g1": 0.9579333059376449, "g2": 11.254192538542473, "logK": 0.7491447508066712, "loc": -0.04235485966984677, "logScale": -0.883363461732585}