{"g1": 0.8028736787346612, "g2": 14.449305698063826, "logK": 0.8519226609429904, "loc": -0.07822034505365863, "logScale": -0.9484792790731409}