{"g1": 0.28272062400022174, "g2": 14.978792753447589, "logK": 0.7613699275443052, "loc": -0.08078286824700057, "logScale": 3.997312062415881}