{"g1": 0.9356651946744685, "g2": 14.789780166855559, "logK": -4.625816002897168, "loc": -0.14398405800136804, "logScale": 3.154817761580749}