{"g1": 0.9425966735449305, "g2": 14.872590879115284, "logK": -0.3314696513861356, "loc": -0.024679319028968277, "logScale": 1.8344580268223813}