{"g1": 0.9027415493575212, "g2": 14.548015372205903, "logK": 0.9897715115617643, "loc": 0.06991387886414976, "logScale": 1.3579612119666822}