{"g1": 0.9139393006019066, "g2": 14.694554602520759, "logK": 0.13641801763153305, "loc": 0.10476640966294418, "logScale": 2.6286871575793658}