{"g1": 0.9829240504090009, "g2": 13.678385645097814, "logK": -4.574154657803524, "loc": 0.09438001435359344, "logScale": 1.81553476335659}