{"g1": 0.9204970775322819, "g2": 14.227578439018146, "logK": 0.6578564440177868, "loc": 0.07804003668836142, "logScale": 0.9342663171373184}