{"g1": 0.7682149687630468, "g2": 14.757167852082048, "logK": 0.36267120524361274, "loc": -0.004755598444272341, "logScale": 3.5836053672185675}