{"g1": 0.873599980566521, "g2": 14.968243912476938, "logK": 0.7468455375789658, "loc": 0.05175721240365273, "logScale": -0.5154944335456144}