{"g1": 0.8919412811478639, "g2": 10.497575654300778, "logK": 0.7313912146493848, "loc": 0.0506312487626953, "logScale": 0.3642541863136466}