{"g1": 0.9991212477183201, "g2": 11.056461285767096, "logK": 0.9962275154902918, "loc": -0.08998886807953076, "logScale": -0.8872861450645039}