{"g1": 0.9472857082663129, "g2": 13.748174095868505, "logK": 0.9720563973933641, "loc": 0.05148868958049664, "logScale": -0.13268680237065422}