{"g1": 0.9791020834488506, "g2": 9.277358550737553, "logK": 0.9868689400593678, "loc": -0.12341657530260731, "logScale": -0.8050008401474569}