{"g1": 0.6685069471183822, "g2": 14.5958400902704, "logK": -3.7470766759135965, "loc": 0.11846485230818257, "logScale": 2.2904947903455017}