{"g1": 0.992946161780944, "g2": 13.842431515078527, "logK": -4.073857103197152, "loc": -0.0946083371829194, "logScale": 2.250645863888925}