{"g1": 0.9320409801978145, "g2": 14.839114460772134, "logK": 0.9827316616705957, "loc": -0.06850700180328059, "logScale": 1.0619787620333283}