{"g1": 0.9513651579247548, "g2": 7.908407981873356, "logK": -0.7325326570350543, "loc": -0.00360322078919164, "logScale": -3.595850765559905}