{"g1": 0.5872381169407546, "g2": 11.01087862043894, "logK": -0.9109656006806285, "loc": -0.07117268236967292, "logScale": 1.9856625366765277}