{"g1": 0.9324017320021666, "g2": 14.94670306963254, "logK": -0.6302676447100564, "loc": -0.12284361299307706, "logScale": 1.7075202762680741}