{"g1": 0.5149954288474399, "g2": 7.985176832074113, "logK": -1.285802117938538, "loc": -0.047407693166626415, "logScale": 0.06541444222501136}