{"g1": 0.8859544384295718, "g2": 12.635227493334122, "logK": 0.8670534416868266, "loc": -0.14948837421345523, "logScale": -0.6105956990688602}