{"g1": 0.885656330120029, "g2": 14.863503945801908, "logK": 0.31516884879299145, "loc": 0.03567746213247259, "logScale": 3.877989653613348}