{"g1": 0.9450292484128625, "g2": 14.67192408381539, "logK": -3.374157416369859, "loc": 0.07336113504933159, "logScale": 0.9228837262907758}