{"g1": 0.3541635639365283, "g2": 14.895935851483905, "logK": 0.7774937508391755, "loc": -0.00019783630936781246, "logScale": 3.995266260397034}