{"g1": 0.8347859276990237, "g2": 10.312175105114935, "logK": 0.9978721221117117, "loc": 0.062274368954921264, "logScale": -0.8482950151524166}