{"g1": 0.9840912114052915, "g2": 14.249077286261686, "logK": -2.6690861549265246, "loc": 0.02724546832083522, "logScale": 1.2683822834683842}