{"g1": 0.8834129274447237, "g2": 12.916651357777587, "logK": -3.144874868260381, "loc": -0.09310189407698219, "logScale": 0.3201585908346247}