{"g1": 0.48171444178049, "g2": 14.47682857182266, "logK": 0.8751635034692854, "loc": 0.07345434258015769, "logScale": 3.710873331427772}