{"g1": 0.7331062670764215, "g2": 0.531588257886872, "logK": -4.498070305735144, "loc": 0.06322081499862364, "logScale": 1.7970585300437434}