{"g1": 0.16223809057161645, "g2": 2.2690959402303594, "logK": -2.962685063057072, "loc": -0.010266414514854126, "logScale": 2.5309504064564132}