{"g1": 0.13632817309257184, "g2": 11.216688155800211, "logK": -1.6210500856296555, "loc": 0.12252819378649538, "logScale": 2.139046533337979}