{"g1": 0.4611018960756244, "g2": 3.738261800376142, "logK": -2.8000791704327876, "loc": -0.001578449780587134, "logScale": -3.993437863453698}