{"g1": 0.025251084012066632, "g2": 8.153660863347936, "logK": -0.9142918437444258, "loc": -0.10000883432781352, "logScale": 0.7414743574534146}