{"g1": 0.8820883834044777, "g2": 11.863012332650356, "logK": -4.724900508711355, "loc": 0.14165539229501886, "logScale": 3.3662196729807286}