{"g1": 0.17034938913770803, "g2": 7.986989526622625, "logK": -1.941477986366993, "loc": -0.014094006687577583, "logScale": 2.4627310275013405}