{"g1": 0.07147383900093753, "g2": 2.991618362149876, "logK": -2.800737016492582, "loc": -0.10972444223546444, "logScale": 1.6686700668470567}