{"g1": 0.11220435691504502, "g2": 9.561904824047478, "logK": 0.13639441537606883, "loc": 0.134657742222255, "logScale": 0.8474614254408521}