{"g1": 0.6737762769527814, "g2": 1.1691881815543779, "logK": -3.8583142029774966, "loc": 0.000433862720713149, "logScale": -3.9815396400145695}