{"g1": 0.20137546492374137, "g2": 8.196364310083288, "logK": -3.3538426057694446, "loc": 0.044165636737565836, "logScale": 2.332973064787868}