{"g1": 0.11121514627426494, "g2": 3.9064116365305583, "logK": -2.670368488647148, "loc": 0.060039081286740126, "logScale": 2.0149969673690546}