{"g1": 0.15664774179218402, "g2": 8.207534326856313, "logK": -0.9094989648276004, "loc": 0.12820724515144846, "logScale": 2.1570492734651516}