{"g1": 0.7112830407308788, "g2": 4.713007343065283, "logK": -4.304923924062693, "loc": -0.00254868601929214, "logScale": -3.9945301881577993}