{"g1": 0.38719581159534605, "g2": 14.21073581814619, "logK": -0.9301346588381606, "loc": 0.07465949696695595, "logScale": 3.077769191938401}