{"g1": 0.31189702716045253, "g2": 12.287290311878085, "logK": -0.7067404751844307, "loc": 0.09849200351536543, "logScale": 3.107116723708332}