{"g1": 0.1942980139590667, "g2": 9.449670753463772, "logK": -0.9750445035555817, "loc": 0.047831422171377244, "logScale": 2.502124254757226}