{"g1": 0.2763164051365896, "g2": 4.278543063243879, "logK": -3.308400409006955, "loc": 0.1395994846287083, "logScale": 1.890152017658353}