{"g1": 0.22545899630280483, "g2": 5.753782580072278, "logK": -3.062529336030599, "loc": 0.10679703645153998, "logScale": 2.669337207232756}