{"g1": 0.030397584334744567, "g2": 7.241237456834969, "logK": -3.5639226265388286, "loc": -0.12366200414231744, "logScale": 0.9442876619502064}