{"g1": 0.09912763722432971, "g2": 3.8877321850698348, "logK": -0.608139510204177, "loc": 0.04931277625785765, "logScale": 1.8811744382359388}