{"g1": 0.040580724069633964, "g2": 11.439946810992694, "logK": -1.9880434795276836, "loc": 0.01751172145274314, "logScale": 1.782974851282117}