{"g1": 0.08835271642659095, "g2": 4.680994285479453, "logK": -2.4925775587636014, "loc": -0.05235338106351488, "logScale": 1.9800134093213941}