{"g1": 0.25543647411453446, "g2": 9.941418326662264, "logK": -2.3504968488671363, "loc": 0.14902195881950286, "logScale": 2.427594611490516}