{"g1": 0.1338189062296768, "g2": 5.0311419078236135, "logK": -4.581238572723687, "loc": -0.14127713235467945, "logScale": 2.3319483707373334}