{"g1": 0.17230534469917153, "g2": 6.7529144905809035, "logK": -4.546937537780327, "loc": -0.13478640459442082, "logScale": 2.455725145600662}