{"g1": 0.6425614817080186, "g2": 7.972733422424511, "logK": -4.4181631088696705, "loc": -0.004419016496456332, "logScale": -3.998097180020235}