{"g1": 0.2557508035357799, "g2": 6.954688560486958, "logK": -3.5102411755323106, "loc": 0.0904221658198488, "logScale": 3.26286431636361}