{"g1": 0.25716352070360726, "g2": 13.691150070646636, "logK": -0.5526342832450291, "loc": -0.027167920086973038, "logScale": 1.5297948611069154}