{"g1": 0.6875244487957628, "g2": 1.5558942272561267, "logK": -3.8208422612034982, "loc": 0.021613465752934737, "logScale": 2.074558432108142}