{"g1": 0.0793340492236533, "g2": 8.96069644026719, "logK": -3.910751691109807, "loc": -0.0231727595590487, "logScale": 2.1049993210656135}