{"g1": 0.9686469847236533, "g2": 1.0080468983785904, "logK": -4.360874358825786, "loc": 0.14980174452899728, "logScale": 2.218183001093669}