{"g1": 0.3975585998244098, "g2": 11.733723970489534, "logK": -4.133618690940445, "loc": -0.020836016481219573, "logScale": 2.4809389206779273}