{"g1": 0.16953080696105324, "g2": 5.01622049136647, "logK": -2.4332832488192953, "loc": 0.011000324798374424, "logScale": 2.0744774812406277}