{"g1": 0.07316753909808098, "g2": 3.9959198441692663, "logK": -0.6686687416715937, "loc": 0.12211858538844786, "logScale": 0.5869551116486859}