{"g1": 0.1227727336183055, "g2": 5.77370433675849, "logK": -1.466927475830417, "loc": -0.03947202000374658, "logScale": 2.170871180925902}