{"g1": 0.15014113841219606, "g2": 11.922035140076982, "logK": -2.258697551200914, "loc": 0.08472184657193069, "logScale": 1.8035650560965708}