{"g1": 0.21730772815630964, "g2": 14.946817002503918, "logK": -0.08433347017107395, "loc": 0.10490184965457514, "logScale": 2.130426856372959}