{"g1": 0.11111154501720083, "g2": 11.425879661780584, "logK": -3.2950837174088603, "loc": -0.021623508585859146, "logScale": 2.316525493420333}