{"g1": 0.061504408035145425, "g2": 1.2232382335379706, "logK": -0.8535614820232253, "loc": -0.10659458843927659, "logScale": 1.4203994433121443}