{"g1": 0.29372800077561473, "g2": 14.582735109717188, "logK": -2.6775038113044114, "loc": -0.12468918321483237, "logScale": 3.361539807223467}