{"g1": 0.05452011492683146, "g2": 4.777951343022576, "logK": -1.7223252251028833, "loc": -0.0011784678794058735, "logScale": -3.991048289977902}