{"g1": 0.43470269848882515, "g2": 10.403659587703437, "logK": -1.5936333753256078, "loc": 0.0025608406622013163, "logScale": -3.986520291556689}