{"g1": 0.16126419768913203, "g2": 3.3627648774114576, "logK": -3.1210053197042544, "loc": -0.045480287282396434, "logScale": 3.01019029651195}