{"g1": 0.7704981633612505, "g2": 11.323153701995686, "logK": -2.999740338943074, "loc": 0.0010133040175099375, "logScale": -3.9987154763783397}