{"g1": 0.19951672325344785, "g2": 14.970939846398899, "logK": -1.7674669944301298, "loc": 0.06533699497317001, "logScale": 1.725745122206892}