{"g1": 0.22245399720559805, "g2": 2.2972814084118203, "logK": -2.4557765326880827, "loc": 0.09136675664144989, "logScale": 2.151424916302861}