{"g1": 0.039615771796399565, "g2": 2.8336193660245357, "logK": -1.1278913699139286, "loc": -0.021351716447112895, "logScale": 0.5088238259541031}