{"g1": 0.06543237051825604, "g2": 1.8416828494769215, "logK": -0.9269266102120848, "loc": -0.06336977746213458, "logScale": 1.9979475085811007}