{"g1": 0.42936514903926515, "g2": 1.0561291936984478, "logK": -3.126933663549887, "loc": -0.14824845380111767, "logScale": 2.5077775526941934}