{"g1": 0.21538449865496725, "g2": 4.092109745781923, "logK": -1.3392929466602883, "loc": 0.11679644558711108, "logScale": 2.3923388012263107}