{"g1": 0.17637201100013206, "g2": 14.835729891107839, "logK": -3.4175354172295793, "loc": 0.02113514948522075, "logScale": 0.899235180239527}