{"g1": 0.20133837565382956, "g2": 12.119161535518327, "logK": -1.6557934091163735, "loc": 0.030111551137526192, "logScale": 2.8969740561048067}