{"g1": 0.09912725818039159, "g2": 12.338745247139386, "logK": -4.305272468265207, "loc": -0.06184984631318336, "logScale": 2.276381426850073}