{"g1": 0.09054342956548497, "g2": 6.982086315515906, "logK": -1.063803197611267, "loc": 0.0604178182727387, "logScale": 1.682189428788441}