{"g1": 0.10832609788677669, "g2": 5.934952260559191, "logK": -4.544377324652584, "loc": 0.13109150627872182, "logScale": 2.2734669318302343}