{"g1": 0.42404465730500546, "g2": 2.017382065258067, "logK": -4.3741274416681755, "loc": 0.009377403401841206, "logScale": 2.500377541074132}