{"g1": 0.05620788922831335, "g2": 6.791747923107523, "logK": -3.2800866307414873, "loc": 0.06388880878951382, "logScale": 0.8432130189022643}