{"g1": 0.15571720978595713, "g2": 5.387499427152729, "logK": -4.465044165717609, "loc": 0.001600775597056521, "logScale": 2.338003892672062}