{"g1": 0.07448346422145433, "g2": 11.200343405441048, "logK": -3.8573954682327507, "loc": 0.14233712184510083, "logScale": 1.561595427724429}