{"g1": 0.18502060696586528, "g2": 14.081056169286239, "logK": -3.590316943075285, "loc": 0.022709565421393324, "logScale": 2.290866697103767}