{"g1": 0.09007582727287018, "g2": 0.8505125223689185, "logK": -0.6314411070225414, "loc": 0.09581793012320548, "logScale": 1.0814561376240412}