{"g1": 0.26871844476656287, "g2": 6.948404017786433, "logK": -3.6081439640183044, "loc": -0.023434263942917817, "logScale": 2.462590693740287}