{"g1": 0.08416553100390313, "g2": 3.3501711725047056, "logK": -1.918753353812913, "loc": -0.008791811449441925, "logScale": 1.5566370080066347}