{"g1": 0.1885854275022121, "g2": 10.864805389459004, "logK": -3.450305633754389, "loc": -0.02910692967743253, "logScale": 3.2422288496522302}