{"g1": 0.6785889333380803, "g2": 13.555849519986452, "logK": -3.358187409951761, "loc": -0.005626260654814519, "logScale": -3.9943602880496805}