{"g1": 0.1198738674427092, "g2": 1.885776539372904, "logK": -3.476036962590495, "loc": 0.0035225582594417258, "logScale": 2.189137188429269}