{"g1": 0.13381261870410177, "g2": 6.960244090292715, "logK": -1.5847233552995696, "loc": 0.11910027472364283, "logScale": 2.2529918901545853}