{"g1": 0.29433317947600424, "g2": 5.562326264732657, "logK": -2.8515881459499353, "loc": 0.09304485349526462, "logScale": 2.58551488595839}