{"g1": 0.1334417247759141, "g2": 9.79953226630549, "logK": -4.496745073578443, "loc": -0.04540177686479709, "logScale": 2.347551694380435}