{"g1": 0.24161300966884336, "g2": 13.471169056170648, "logK": -1.433395943427466, "loc": 0.060900198469320904, "logScale": 2.234595275047609}