{"g1": 0.1086779932468791, "g2": 11.969969926363467, "logK": -2.735718004309882, "loc": -0.09079899370554367, "logScale": 2.2586873620991965}