{"g1": 0.24439077525282626, "g2": 10.388502897780668, "logK": -2.4112858807470805, "loc": -0.054480419615470226, "logScale": 2.2700009547521796}