{"g1": 0.3207105345565009, "g2": 11.769647797360133, "logK": -3.125774654924456, "loc": 0.0647027233720021, "logScale": 2.7304744651500474}