{"g1": 0.37519754237159264, "g2": 10.446752737994814, "logK": -1.4756745519294168, "loc": -0.017301511806214753, "logScale": 2.3430948254082233}