{"g1": 0.9574903504669765, "g2": 0.30508271120236785, "logK": -3.3328035755665373, "loc": -0.10812314470105776, "logScale": 1.513678134419276}