{"g1": 0.09436830268013469, "g2": 2.950197580775513, "logK": -0.22496815332416276, "loc": 0.11709953643854179, "logScale": 0.7940225257986014}