{"g1": 0.13201708077008695, "g2": 9.847589689896735, "logK": -2.373600421780149, "loc": -0.1410423899491095, "logScale": 2.662809785860314}