{"g1": 0.12265308030725068, "g2": 4.5763856669405065, "logK": -4.5557231814481645, "loc": 0.10995511234878647, "logScale": 2.2792614227781094}