{"g1": 0.3555658106260788, "g2": 11.375938442864344, "logK": -1.7154613265431196, "loc": 0.11674388310947001, "logScale": 2.2883093515376793}