{"g1": 0.1061781475900314, "g2": 6.559010697870745, "logK": -1.3735930104357899, "loc": 0.10364920218989208, "logScale": 2.0896733450920792}