{"g1": 0.0958813182948822, "g2": 0.40362543147908614, "logK": -0.8553246768326054, "loc": 0.12263890181137159, "logScale": 0.5125389251396713}