{"g1": 0.16907754570103922, "g2": 8.18745557244284, "logK": -1.0666484058807364, "loc": -0.016898852899663586, "logScale": 2.29349104600552}