{"g1": 0.040989361899906436, "g2": 10.191025464531018, "logK": -3.5127497762096196, "loc": -0.09470161494676906, "logScale": 0.9572720222709987}