{"g1": 0.26165312893165366, "g2": 13.072322874123763, "logK": -4.380669083714448, "loc": -0.07899352917526668, "logScale": 2.436774474184262}