{"g1": 0.21828950199908015, "g2": 6.465430571921576, "logK": -2.978125936474361, "loc": 0.02682905237581014, "logScale": 2.449027417998783}