{"g1": 0.06665393676637975, "g2": 6.641295121604388, "logK": -2.6087420418713654, "loc": -0.12488039945611876, "logScale": 2.013995391573901}