{"g1": 0.07668472377311306, "g2": 11.499155043626736, "logK": -2.7055662688389086, "loc": 0.03368600756841262, "logScale": 2.0252020350506994}