{"g1": 0.3779172807358022, "g2": 8.218911114948234, "logK": -2.332502172464661, "loc": -0.08967535208116663, "logScale": 2.8259670792081484}