{"g1": 0.9987357155135537, "g2": 0.4198052313273044, "logK": -4.133665786438854, "loc": 0.057792331569338946, "logScale": 2.16723339162048}