{"g1": 0.08042531240652473, "g2": 10.146006421737512, "logK": -0.8140152571304566, "loc": -0.05387563455347237, "logScale": 1.2539357511057105}