{"g1": 0.4530388423467823, "g2": 6.438658465865963, "logK": -0.6541506756822033, "loc": -0.002652449485116039, "logScale": 2.8234589621189037}