{"g1": 0.09424230987653372, "g2": 8.15373085428944, "logK": -2.3505278243443035, "loc": 0.06589810820049294, "logScale": 1.199907157115155}