{"g1": 0.15957539195946058, "g2": 9.22251339155067, "logK": -2.1329243837434886, "loc": -0.1327937838569649, "logScale": 2.236673883195697}