{"g1": 0.24426458181030888, "g2": 13.643817081625922, "logK": -2.3949370831615537, "loc": -0.03894121226647422, "logScale": 2.825520315507087}