{"g1": 0.12005377549938462, "g2": 4.466382866915389, "logK": -3.4022464719171226, "loc": -0.0066947090548534205, "logScale": 2.5250048812674555}