{"g1": 0.03743847878298692, "g2": 7.644350938147837, "logK": -1.2793576250321348, "loc": 0.011831726402780749, "logScale": 1.2811849123593806}