{"g1": 0.09929851799138194, "g2": 3.131754748431793, "logK": -1.9532050333599396, "loc": -0.05578518690098554, "logScale": 2.230862626466044}