{"g1": 0.32140052232817873, "g2": 11.137054336390253, "logK": -2.908076690253714, "loc": 0.01692333252645324, "logScale": 2.707246128143271}