{"g1": 0.3856425926915874, "g2": 5.323140954041518, "logK": -2.1118720064165597, "loc": -0.005374616731759568, "logScale": -3.9807539818599067}