{"g1": 0.7675331296636627, "g2": 0.626319290255887, "logK": -1.0265026829684551, "loc": 0.059476051721914634, "logScale": 1.8647785529417316}