{"g1": 0.398381473872223, "g2": 1.3179253099416508, "logK": -3.9262934510905367, "loc": 0.00851531513257183, "logScale": 1.9732599196918463}