{"g1": 0.22385234833892667, "g2": 7.630512573198907, "logK": -2.5197419443267974, "loc": 0.09069985287434898, "logScale": 2.690355937573745}