{"g1": 0.06539304618890818, "g2": 9.770150029907175, "logK": -3.939677914543231, "loc": -0.03593085386524171, "logScale": 1.422293061827694}