{"g1": 0.10445317010334944, "g2": 13.149039193786997, "logK": -1.265369004412508, "loc": -0.050355734549605895, "logScale": 1.1678972381113897}