{"g1": 0.1388073702679616, "g2": 3.475383017346383, "logK": -1.606795661476339, "loc": -0.02614113001814382, "logScale": 3.6136601506075414}