{"g1": 0.4533271161344263, "g2": 10.516243914181564, "logK": -1.7597760595693437, "loc": -0.11958790453944187, "logScale": 2.1544555843517124}