{"g1": 0.17132382659126746, "g2": 3.211620777613893, "logK": -4.149211766132274, "loc": 0.06858370288819218, "logScale": 2.0987496980572726}