{"g1": 0.25155897206643274, "g2": 10.00971851649471, "logK": -0.3953328141613257, "loc": 0.07297316430538636, "logScale": 2.630662941066942}