{"g1": 0.19700950401048423, "g2": 13.424839715281701, "logK": -2.494250052244234, "loc": 0.10125953312419375, "logScale": 2.7202423861355314}