{"g1": 0.1684538225059649, "g2": 0.9017371304330934, "logK": -1.0604727192939607, "loc": 0.12519957119448946, "logScale": 1.8970222572018713}