{"g1": 0.06295668541269937, "g2": 4.442163222685811, "logK": 0.21787724913354015, "loc": -0.0168280957784532, "logScale": 0.37118486082737756}