{"g1": 0.08158431903265136, "g2": 13.428101970200629, "logK": -2.9909782875286415, "loc": 0.034523243284778155, "logScale": 2.1371881652556404}