{"g1": 0.6519448603401043, "g2": 0.8489944369622962, "logK": -2.769173704473312, "loc": 0.08685229098054728, "logScale": 1.7991898514430626}