{"g1": 0.14278830078447874, "g2": 12.158550612052935, "logK": -1.9847236114696893, "loc": -0.11513801084422826, "logScale": 2.3805129468085644}