{"g1": 0.7070399593212068, "g2": 9.27515293724678, "logK": -4.810644461542218, "loc": 0.005174346070842918, "logScale": -3.9967809166760166}