{"g1": 0.11005525918853482, "g2": 1.678997725775507, "logK": -2.6893184842591786, "loc": 0.11125280219308928, "logScale": 1.0875583427682154}