{"g1": 0.1024840012718931, "g2": 8.228441205410256, "logK": -2.856689528813304, "loc": -0.0660976712128647, "logScale": 2.3246039971859696}