{"g1": 0.047566629995221696, "g2": 14.550632352574754, "logK": -1.0196479982609592, "loc": -0.0707005369864036, "logScale": 1.6987540318403795}