{"g1": 0.10858644195593548, "g2": 8.666823941798109, "logK": -0.9201003444731564, "loc": -0.0563105205652429, "logScale": 1.563940154175404}