{"g1": 0.2747832665051266, "g2": 10.606461446154505, "logK": -4.653736470341102, "loc": 0.04693236074348259, "logScale": 2.703661940342024}