{"g1": 0.06436786926416477, "g2": 2.9372559073493685, "logK": -0.4509609454033983, "loc": 0.019866579132825926, "logScale": 0.5028624943802399}