{"g1": 0.09546817130740792, "g2": 4.811978848861173, "logK": -3.5390976264035205, "loc": 0.0003129365793978628, "logScale": 2.0686534368635106}