{"g1": 0.3204952503822729, "g2": 10.36468614776814, "logK": -2.7008241745065327, "loc": -0.017857769260293425, "logScale": 3.2319694907533334}