{"g1": 0.7281922167736166, "g2": 1.4460622307190993, "logK": -4.106546601409697, "loc": 0.06188699628051951, "logScale": 2.3026906813793833}