{"g1": 0.22212520274665482, "g2": 13.505003625619363, "logK": -3.9390047081177935, "loc": 0.015303833176957791, "logScale": 2.580642539017224}