{"g1": 0.15806198814837996, "g2": 4.645827487499696, "logK": -3.4763246878376055, "loc": -0.13180105295844388, "logScale": 2.471506648503654}