{"g1": 0.2727772369070494, "g2": 11.57967725353123, "logK": -2.1652417406633617, "loc": -0.04991601586539858, "logScale": 2.6580973156521464}