{"g1": 0.04018066544259109, "g2": 7.095608536057348, "logK": -1.0728931648871722, "loc": -0.10101558604683816, "logScale": 1.5223872233836884}