{"g1": 0.3447873533445214, "g2": 2.48261620474354, "logK": -3.8823491733802107, "loc": 0.07526765940244005, "logScale": 2.4809717528412825}