{"g1": 0.0593427719004266, "g2": 13.232155234685077, "logK": -3.3634826674453215, "loc": 0.133932063970366, "logScale": 1.3208899673363872}