{"g1": 0.08159547265311783, "g2": 10.829616236878225, "logK": -0.6194448511650449, "loc": -0.10788371362434653, "logScale": 0.8370696809707654}