{"g1": 0.19285694420276928, "g2": 11.15142318877141, "logK": -0.6186951030704737, "loc": 0.1068582562932348, "logScale": 2.1512454050308367}