{"g1": 0.25483513133898406, "g2": 12.33406395656067, "logK": -0.8621986948265196, "loc": 0.08921444063050868, "logScale": 2.0058477069019567}