{"g1": 0.07664614175364108, "g2": 1.8170960427118332, "logK": -1.285883313258188, "loc": -0.08829712377696312, "logScale": 1.62047356879097}