{"g1": 0.16986761090122748, "g2": 13.938381704162872, "logK": -2.178984533945881, "loc": -0.0077861669505212006, "logScale": 2.3718165073988358}