{"g1": 0.11497420617877273, "g2": 2.439331376451068, "logK": -0.3926488219324211, "loc": -0.08185981831503958, "logScale": 0.5631278703630365}