{"g1": 0.3451830147058676, "g2": 14.797770861690756, "logK": -1.4895909509123846, "loc": 0.1203644734606862, "logScale": 3.279204000535223}