{"g1": 0.1354876833289815, "g2": 2.064598392165423, "logK": -0.781154974005486, "loc": -0.11458758316899598, "logScale": 2.0424376448195827}