{"g1": 0.0927986518299677, "g2": 12.342232523884697, "logK": -3.948373338621079, "loc": -0.05762258867841098, "logScale": 2.1628683174621033}