{"g1": 0.6737488926419973, "g2": 0.19327311758619004, "logK": -1.8890966280359809, "loc": 0.014461053541026864, "logScale": 1.2977833845715578}