{"g1": 0.1756787010878658, "g2": 14.430896284714146, "logK": -2.5628111527003092, "loc": -0.14712235437253654, "logScale": 2.216164373976645}