{"g1": 0.08373864993361411, "g2": 4.2102316040058, "logK": -3.201639020762828, "loc": 0.10087479336270971, "logScale": 1.3873777692188334}