{"g1": 0.24592036475182943, "g2": 0.9872213753247997, "logK": -3.654938405650163, "loc": -0.005591030226168305, "logScale": -3.985025152066555}