{"g1": 0.8146603268320156, "g2": 0.9655473543989829, "logK": -2.4542712658206676, "loc": -0.0075631284734941125, "logScale": -3.9921978508508986}