{"g1": 0.133974592319703, "g2": 6.322405691418597, "logK": -4.262093171433086, "loc": -0.015257335329849806, "logScale": 2.5574378043030985}