{"g1": 0.09502229007707295, "g2": 13.360141450474375, "logK": -3.0562450491836053, "loc": -0.06428043281124632, "logScale": 2.1537887715720867}