{"g1": 0.06237982991275968, "g2": 0.978449122660102, "logK": -3.4839449082553884, "loc": -0.086035600321271, "logScale": 2.0358109962194066}