{"g1": 0.6039916472794602, "g2": 14.926322327704197, "logK": -3.8970445399332143, "loc": -0.12144756347788885, "logScale": 2.5852693001979774}