{"g1": 0.1842804404830087, "g2": 14.641641598852743, "logK": -1.4947959106269337, "loc": -0.09536842258994682, "logScale": 3.3762993273996544}