{"g1": 0.08141501054803113, "g2": 4.302273279228571, "logK": -2.550436828665422, "loc": 0.029562060030263123, "logScale": 1.3222900992295434}