{"g1": 0.06779339022752723, "g2": 8.535838201968577, "logK": -3.1208013883445007, "loc": -0.10576971563353103, "logScale": 1.2699921547488988}