{"g1": 0.34294404288656477, "g2": 8.710645497675447, "logK": -3.0282576521061144, "loc": 0.04078554619156315, "logScale": 3.345074048346907}