{"g1": 0.07804812324355219, "g2": 14.615809743168741, "logK": -2.0486796008355075, "loc": 0.02574292024436803, "logScale": 1.5226921292753346}