{"g1": 0.20570184245233686, "g2": 13.780838860025057, "logK": -2.2589370591372466, "loc": -0.01321828451899082, "logScale": 2.37843645194426}