{"g1": 0.5122592794934167, "g2": 14.14356620273654, "logK": -0.3285345609073519, "loc": -0.08079592478260522, "logScale": 3.0409434065794647}