{"g1": 0.1942609986830464, "g2": 1.3911742576593482, "logK": -3.958152955170144, "loc": 0.08782290796305074, "logScale": 2.3356909906710497}