{"g1": 0.2159128276226273, "g2": 4.17570767014201, "logK": -4.690964564695267, "loc": -0.09247136934708623, "logScale": 2.2453585637470277}