{"g1": 0.04646908799717982, "g2": 7.575353437876101, "logK": -4.182166800856717, "loc": -0.1322819557391435, "logScale": 1.4081203400758648}