{"g1": 0.16738922792580946, "g2": 13.67635600945016, "logK": -2.5857746695756605, "loc": -0.052965436687655514, "logScale": 2.7849471237273495}