{"g1": 0.6393150399981324, "g2": 14.172637237385128, "logK": -2.3195504545603507, "loc": 0.06219461310635264, "logScale": 3.315041443596379}