{"g1": 0.5688178239618298, "g2": 1.6842278048976889, "logK": -1.342234644919588, "loc": -0.0019522804844847152, "logScale": -3.9968751005559895}