{"g1": 0.9143069323088666, "g2": 0.8126500274329069, "logK": -1.483707406656621, "loc": 0.005066529525626487, "logScale": 1.9442067592922232}