{"g1": 0.125987382340385, "g2": 2.0242069279018744, "logK": -1.908574380595791, "loc": 0.09707233492537556, "logScale": 2.0819877663141044}