{"g1": 0.15043394684042827, "g2": 3.094510248746908, "logK": -3.345879584226183, "loc": -0.12041647589200319, "logScale": 2.071939779651866}