{"g1": 0.09315181564259167, "g2": 8.1022270046628, "logK": -3.7416254255938113, "loc": 0.06170473281099873, "logScale": 2.22996823602639}