{"g1": 0.08453279064174923, "g2": 12.111707873519123, "logK": -2.0586601444045147, "loc": 0.1042496812209043, "logScale": 2.5500032864003126}