{"g1": 0.12196086680892625, "g2": 13.228313082337007, "logK": -4.669260236413385, "loc": 0.10598198538587507, "logScale": 1.0800486040762731}