{"g1": 0.21599543186113446, "g2": 14.632637651661847, "logK": -3.7729210025686886, "loc": -0.09171581342406493, "logScale": 2.2277888848577256}