{"g1": 0.10577934908970889, "g2": 10.317235645053364, "logK": -1.2531290364388332, "loc": -0.12844813114886053, "logScale": 2.3448019072374895}