{"g1": 0.04072267376894669, "g2": 5.543692242111065, "logK": -0.9382610093816153, "loc": 0.128134887666481, "logScale": 1.514738964591471}