{"g1": 0.020096007147732367, "g2": 5.182646986850927, "logK": -1.0268439293870506, "loc": -0.03420040758185433, "logScale": 1.046557203113112}