{"g1": 0.10750361789153551, "g2": 5.279094084979271, "logK": -1.3687498832615352, "loc": 0.09420080889506502, "logScale": 1.911351393310645}