{"g1": 0.08444637643967984, "g2": 8.327715463968751, "logK": -3.2152842056252293, "loc": 0.10698148888318616, "logScale": 2.3139342635108506}