{"g1": 0.20176302633195464, "g2": 14.953819375914101, "logK": -3.2841560147844193, "loc": -0.08357615521765052, "logScale": 2.5754666544746474}