{"g1": 0.09377723010461211, "g2": 14.436220531190491, "logK": -3.4464532762388536, "loc": -0.05866371676496144, "logScale": 2.477755777159625}