{"g1": 0.10805025122817857, "g2": 7.492771291859313, "logK": -2.67926692442816, "loc": 0.013009824982420606, "logScale": 2.417168908495583}