{"g1": 0.3061938123863984, "g2": 2.204501960327724, "logK": -3.002170474990079, "loc": 0.0737471225110723, "logScale": 2.477326916153363}