{"g1": 0.39837364088378113, "g2": 13.800944155615266, "logK": -4.661852914751524, "loc": -0.06514082160513242, "logScale": 2.658615041980477}