{"g1": 0.09284495507461213, "g2": 10.103965446731042, "logK": -1.147245837741696, "loc": 0.11002635021061959, "logScale": 1.5119675984949317}