{"g1": 0.08978451155374778, "g2": 0.45535860019451, "logK": -2.700510808825101, "loc": 0.015000932116180254, "logScale": 1.1723591274467347}