{"g1": 0.3688232934196717, "g2": 13.13769161744975, "logK": -3.3114070933432687, "loc": 0.00027747881780627176, "logScale": -3.950528725572078}