{"g1": 0.47613668721150737, "g2": 13.18571562615884, "logK": -3.5676045954661424, "loc": 0.06601099264236852, "logScale": 3.308471686725996}