{"g1": 0.14648461819003006, "g2": 7.244266881668777, "logK": -2.3919008518338267, "loc": 0.018704857590784246, "logScale": 1.5767322074699448}