{"g1": 0.14380529540506073, "g2": 1.0335567534725891, "logK": -1.9807248522748244, "loc": -0.12164336035846442, "logScale": 2.237597487363106}