{"g1": 0.10317408104563378, "g2": 12.4329347242422, "logK": -4.837706592487804, "loc": -0.04078288826804049, "logScale": 2.2739952806424784}