{"g1": 0.11417758017833154, "g2": 13.549094525069878, "logK": -1.9638089612458098, "loc": -0.11178904760672789, "logScale": 2.1222659210087795}