{"g1": 0.15859747049383133, "g2": 6.801892774315081, "logK": -1.0410893371828593, "loc": -0.14975595355362858, "logScale": 2.231616744030223}