{"g1": 0.2323926912732411, "g2": 13.57110829021037, "logK": -2.0996922178344772, "loc": 0.0639001570433633, "logScale": 2.5790363371690157}