{"g1": 0.7810904977238364, "g2": 0.5913520280172111, "logK": -2.8087893060321156, "loc": 0.12125139632099977, "logScale": 1.9653246931149058}