{"g1": 0.09951711388874773, "g2": 13.642807128926572, "logK": -1.9108517483521092, "loc": 0.0385323175699234, "logScale": 2.0727464279302827}