{"g1": 0.1196015613395961, "g2": 6.222714324865245, "logK": -2.1733931995614544, "loc": -0.11401476491642415, "logScale": 2.4285598819080247}