{"g1": 0.5281256007543054, "g2": 13.466183302183424, "logK": -2.427783046615861, "loc": 0.0587703774469046, "logScale": 3.4452011450998064}