{"g1": 0.3416406964289207, "g2": 1.4733550382550353, "logK": -4.950807183893937, "loc": 0.026037859293994874, "logScale": 2.3822804978918843}