{"g1": 0.12220248527020888, "g2": 2.9928011344440755, "logK": -0.7097507901167, "loc": 0.11517760813099462, "logScale": 2.0912741400138213}