{"g1": 0.29495637496254246, "g2": 11.946455274322592, "logK": -1.7120555233557315, "loc": -0.06898580899415965, "logScale": 2.5187251839800298}