{"g1": 0.2322491370111754, "g2": 14.682232458751445, "logK": -1.3449294522383344, "loc": -0.056885019268674376, "logScale": 1.9086188950779208}