{"g1": 0.5447416022828784, "g2": 13.879052326123535, "logK": -0.34858403432668, "loc": 0.02082655363606331, "logScale": 2.376173891138483}