{"g1": 0.6070586578802921, "g2": 6.1824442580898005, "logK": -2.0263666152731976, "loc": -0.007871438627545845, "logScale": -3.987208028137089}