{"g1": 0.04995522848559235, "g2": 1.3275918083042282, "logK": -0.8514740881244224, "loc": 0.06223212801863749, "logScale": 0.6891237931570259}