{"g1": 0.11356651777343324, "g2": 5.97751951973315, "logK": -3.610008821278619, "loc": -0.029966855944809592, "logScale": 2.5548207546853803}