{"g1": 0.3449895302682491, "g2": 12.919749339502948, "logK": -3.725334373466252, "loc": -0.03976462532214225, "logScale": 2.359556920566877}