{"g1": 0.0615539586741534, "g2": 13.64615682952037, "logK": -0.4125278324837502, "loc": -0.10528885533698003, "logScale": 0.9435305022770144}