{"g1": 0.2554441397361954, "g2": 7.7764527188372305, "logK": -2.2219515580401095, "loc": 0.003349807570859278, "logScale": -3.8442037039850474}