{"g1": 0.043912864048775764, "g2": 7.946430422181671, "logK": -0.19166173166817924, "loc": -0.013521247908495378, "logScale": 0.5411555568089086}