{"g1": 0.1153148391647616, "g2": 6.2341665032598375, "logK": -4.465646261171394, "loc": 0.11827939360258623, "logScale": 2.337587394617727}