{"g1": 0.13128312183539953, "g2": 3.961254459618109, "logK": -1.55466332532299, "loc": 0.026602078107781653, "logScale": 2.3540198619387644}