{"g1": 0.154202479026367, "g2": 13.72857785113231, "logK": -2.934862831819934, "loc": 0.11444693297944962, "logScale": 2.1530583008547053}