{"g1": 0.03967674355583724, "g2": 11.169355971125523, "logK": -1.106145280593094, "loc": -0.07859250776653581, "logScale": 1.23797640155116}