{"g1": 0.06062754278953869, "g2": 6.361364509974441, "logK": -3.164569772790067, "loc": 0.14593829500741579, "logScale": 2.1555895165316614}