{"g1": 0.08667118001857488, "g2": 9.268958998452707, "logK": 0.05951405050833092, "loc": -0.045062627800189055, "logScale": 0.4798744776979863}