{"g1": 0.13544808323216864, "g2": 8.8837540489947, "logK": -1.572344398213264, "loc": -0.022237556869760686, "logScale": 1.063544247481273}