{"g1": 0.12493236324733224, "g2": 12.798803463403598, "logK": -1.5276030028380543, "loc": 0.14106786152689405, "logScale": 2.323713492046797}