{"g1": 0.9018899239835934, "g2": 8.891964218364887, "logK": -4.047072833249874, "loc": 0.0018446200406468391, "logScale": -3.99808449126322}