{"g1": 0.3226569613647569, "g2": 2.4198646073085897, "logK": -4.9943907291421095, "loc": -0.13472877270714248, "logScale": 2.3266158541757296}