{"g1": 0.2500886227450667, "g2": 10.539847591576446, "logK": -1.9543814173245795, "loc": -0.10047293693713656, "logScale": 3.095788893031298}