{"g1": 0.3765635209612184, "g2": 10.694368155493311, "logK": -4.851670860964946, "loc": -0.0028226455995279173, "logScale": 1.8986746752599515}