{"g1": 0.14477781918228882, "g2": 9.384426916650513, "logK": -2.5625266140168437, "loc": -0.08156093415575454, "logScale": 0.8538811963875357}