{"g1": 0.33728378353022076, "g2": 12.74307746313584, "logK": -1.6297690370938467, "loc": 0.06412075704890843, "logScale": 3.1486569362997145}