{"g1": 0.6845748301167518, "g2": 1.3425211547867857, "logK": -1.3979435777834464, "loc": 0.13377226469761594, "logScale": 2.3173402093233735}