{"g1": 0.3396671403228771, "g2": 13.893155832449253, "logK": -3.9258985580707293, "loc": 0.06174210519930066, "logScale": 3.1759848679053926}