{"g1": 0.33448498426837087, "g2": 0.08986429846618882, "logK": -4.997372913175727, "loc": 0.009740573425253406, "logScale": -3.996555969258835}