{"g1": 0.46737697876345385, "g2": 14.995732398217926, "logK": -4.428070586506847, "loc": -0.00922868390445733, "logScale": 3.3677001453362574}