{"g1": 0.034757918308325184, "g2": 0.9419146289530618, "logK": -2.461375908343438, "loc": 0.09855561875627322, "logScale": 0.5429801485965551}