{"g1": 0.08932742581467827, "g2": 6.536283069612855, "logK": -4.117636684321107, "loc": -0.0010653227150948519, "logScale": 2.366466937684374}