{"g1": 0.1417271318650818, "g2": 13.956504454438889, "logK": -3.545118556568399, "loc": 3.564034012898745e-05, "logScale": -3.997401806935837}