{"g1": 0.19408744696862854, "g2": 13.993821256377128, "logK": -2.7271663394995436, "loc": 0.013589650639495604, "logScale": 2.1561308740538845}