{"g1": 0.6833802483722993, "g2": 14.954998053903937, "logK": -3.1691322858187103, "loc": -0.10178524781117303, "logScale": 3.264182566733153}