{"g1": 0.3080228854079593, "g2": 14.997412291639908, "logK": -0.9807956099283104, "loc": -0.037773452652607356, "logScale": 3.2176973244290275}