{"g1": 0.0859136443881262, "g2": 14.023953483422428, "logK": -2.864492870599719, "loc": -0.12635295543218633, "logScale": 2.258879778635136}