{"g1": 0.04895114700106226, "g2": 12.351856778866077, "logK": -1.547750454228665, "loc": 0.08639545898103729, "logScale": 1.4959294392929607}