{"g1": 0.08593670957422622, "g2": 10.664895065598834, "logK": -4.0526104642959035, "loc": 0.06977705496718363, "logScale": 2.4067281853644427}