{"g1": 0.20575090187979797, "g2": 5.824460957964938, "logK": -1.307993743816221, "loc": 0.053154758837209326, "logScale": 2.3375544911636954}