{"g1": 0.06837358440026062, "g2": 5.062188625641277, "logK": -0.006327553795539065, "loc": 0.07288685797825928, "logScale": 1.0897422526851805}