{"g1": 0.19901807035705615, "g2": 9.333578355293096, "logK": -1.6988513456456271, "loc": 0.05120142760609629, "logScale": 2.1990227470551336}