{"g1": 0.34429618655031247, "g2": 14.715667803798635, "logK": -1.4152236679490677, "loc": -0.04758209223047176, "logScale": 3.362425241539102}