{"g1": 0.14083214051889625, "g2": 9.224912463624959, "logK": -1.7166817553296618, "loc": -0.05161055451070381, "logScale": 1.5823734655775288}