{"g1": 0.19918511124460023, "g2": 10.208484588485119, "logK": -3.977044593521389, "loc": 0.10227304693733606, "logScale": 2.630828639907226}