{"g1": 0.099388432595791, "g2": 4.608786923195128, "logK": -1.2963318169550384, "loc": 0.07271912218713776, "logScale": 2.2296924483161145}