{"g1": 0.12863232614402612, "g2": 12.929545713533646, "logK": -4.208999594906311, "loc": 0.0738218673087685, "logScale": 2.5130536570521067}