{"g1": 0.21960686593363965, "g2": 10.595062882645419, "logK": 0.8664274144063705, "loc": -0.1489383213996704, "logScale": 1.1481592191677417}