{"g1": 0.15177606965838694, "g2": 6.991477396980436, "logK": -1.623272255390558, "loc": 0.06469610696658444, "logScale": 2.781594133313693}