{"g1": 0.13052396396359894, "g2": 12.4303231333559, "logK": -3.0403068404897655, "loc": 0.03160292242364561, "logScale": 2.292000978033839}