{"g1": 0.030350327877089203, "g2": 2.3177836178073212, "logK": -2.6139770692388264, "loc": -0.008016101179182613, "logScale": -3.978956774550625}