{"g1": 0.31116932177465767, "g2": 14.862646723227625, "logK": -1.645097200350323, "loc": -0.0963405741588902, "logScale": 2.2175121778343048}