{"g1": 0.23530920800760716, "g2": 13.28184105635516, "logK": -2.84721845734599, "loc": -0.1274136034359022, "logScale": 2.6120789015578163}