{"g1": 0.055390445805587184, "g2": 2.397252266955046, "logK": -2.1932330648140494, "loc": 0.05763707475328346, "logScale": 2.1900186687946754}