{"g1": 0.8387773180704032, "g2": 4.4641313977972175, "logK": -2.446910637885179, "loc": -0.004276836694749538, "logScale": -3.9975394462831217}