{"g1": 0.3710912086787807, "g2": 8.419849076245542, "logK": -3.367947406296193, "loc": -0.08873189236678035, "logScale": 3.1777220598448395}