{"g1": 0.11222598179005945, "g2": 8.095401342006088, "logK": -3.683542793977619, "loc": -0.1484346721518963, "logScale": 1.5113692870941793}