{"g1": 0.18846745746555, "g2": 8.864210054554798, "logK": -4.284910302131039, "loc": -0.04398958019954542, "logScale": 2.5544399655642644}