{"g1": 0.23769503699028466, "g2": 14.098467963773432, "logK": -1.215836442039233, "loc": -0.08911146418651437, "logScale": 2.2161988430083186}