{"g1": 0.38026968912809594, "g2": 14.9543665897726, "logK": -2.3215176526158645, "loc": -0.009803168526268193, "logScale": 3.5789866106916213}