{"g1": 0.06954010513366314, "g2": 11.30595203851211, "logK": -4.755818301053907, "loc": 0.09288393016837034, "logScale": 1.2277407919966596}