{"g1": 0.19595984916604933, "g2": 7.273741943041847, "logK": -2.337653874596155, "loc": -0.014358350643515202, "logScale": 2.59184620553903}