{"g1": 0.09714278780377017, "g2": 12.62802035443201, "logK": -1.0314566912271745, "loc": 0.12187160516842, "logScale": 1.619032290633746}