{"g1": 0.08059959853632444, "g2": 3.805787182107872, "logK": -1.724482290916612, "loc": 0.014291327737909944, "logScale": 2.31363170740976}