{"g1": 0.09849024004767794, "g2": 13.321111925708859, "logK": -1.3136474139896328, "loc": -0.0005154280982515944, "logScale": 1.2974872529514139}