{"g1": 0.08704526822568519, "g2": 7.3556839791934285, "logK": -2.849756639227631, "loc": 0.058815872401139085, "logScale": 2.2715625682056526}