{"g1": 0.2014834410663584, "g2": 5.90801096715019, "logK": -0.20683061834402727, "loc": 0.0040127561481656665, "logScale": 2.134987844721619}