{"g1": 0.23320012528913053, "g2": 11.491186618095373, "logK": -4.356980676008303, "loc": 0.038114797485816726, "logScale": 2.2790070670131306}