{"g1": 0.19581820653636137, "g2": 4.802024964788103, "logK": -1.6811152373729827, "loc": -0.0003590728128796232, "logScale": 2.565661345750057}