{"g1": 0.608880449755129, "g2": 0.44150478198341286, "logK": -3.0545102208993145, "loc": -0.0321533336266077, "logScale": 2.0323199507433314}