{"g1": 0.18652074798956672, "g2": 1.8425104282931093, "logK": -2.5367234568081387, "loc": -0.031716284410047174, "logScale": 2.0461407559287057}