{"g1": 0.393827845287017, "g2": 12.985530441544036, "logK": -1.427724107350822, "loc": -0.007867534376045085, "logScale": -3.992594401638787}