{"g1": 0.6337332769101062, "g2": 14.988789080577368, "logK": -2.1531176183722462, "loc": -0.13621833805438321, "logScale": 3.3621142588394495}