{"g1": 0.06933826530781621, "g2": 8.764103006499266, "logK": -0.9439013344546944, "loc": -0.096068034559239, "logScale": 1.5022833436875629}