{"g1": 0.06861782400718794, "g2": 2.2001397782846617, "logK": -2.771450191085649, "loc": -0.08972609515949777, "logScale": 0.8453369844087109}