{"g1": 0.33048085060691346, "g2": 11.038202278060272, "logK": -0.7544614900620497, "loc": -0.04954940192056174, "logScale": 2.2052029902892367}