{"g1": 0.12174172752288435, "g2": 5.7000267613117614, "logK": -2.061339970501687, "loc": 0.11056852625354543, "logScale": 2.353877441087483}