{"g1": 0.4685719857483744, "g2": 14.988217892316284, "logK": -3.4928990677802934, "loc": 0.044711836365153745, "logScale": 3.444059579824475}