{"g1": 0.06878522651766, "g2": 6.975200298852162, "logK": 0.3862654082479211, "loc": 0.1496508839331179, "logScale": 0.2423687813573555}