{"g1": 0.05940332880958216, "g2": 9.49864002901899, "logK": -4.299115486730037, "loc": -0.009234297447052744, "logScale": 1.6757240416368933}