{"g1": 0.6323351073412913, "g2": 0.8251760245285489, "logK": -1.528150773730176, "loc": -0.07328575428340672, "logScale": 1.988351399079355}