{"g1": 0.08910539102613954, "g2": 14.997799316614426, "logK": -3.652818881814777, "loc": 0.064459157020764, "logScale": 1.4325246052119565}