{"g1": 0.3112313290058759, "g2": 13.907097335702732, "logK": -2.735640204363102, "loc": 0.030046537232917666, "logScale": 3.312840524977812}