{"g1": 0.05224757142420751, "g2": 5.306502055924905, "logK": -0.9502309884164591, "loc": 0.1029420027826815, "logScale": 0.6274690569688544}