{"g1": 0.05232214117420088, "g2": 3.068679171206594, "logK": -2.023441506045033, "loc": -0.0370665785420269, "logScale": 1.6767481946484302}