{"g1": 0.05085331008464872, "g2": 8.413441796608893, "logK": -3.3225196712299194, "loc": -0.024184827194799224, "logScale": 1.9268078452286193}