{"g1": 0.09528566629438956, "g2": 7.633003799434464, "logK": -4.291372059648027, "loc": 0.08897165075470109, "logScale": 2.1095434128012864}