{"g1": 0.07480213238070044, "g2": 10.536973144685991, "logK": -0.9215325867916606, "loc": 0.12767775854678973, "logScale": 1.6050599203202123}