{"g1": 0.17261051110739145, "g2": 5.76321371831479, "logK": -1.6394020202872686, "loc": 0.018514314891028394, "logScale": 1.6439941963960154}