{"g1": 0.1116068573352206, "g2": 6.581419342126386, "logK": -2.8120773177541345, "loc": -0.018032889575901278, "logScale": 0.9343431965080864}