{"g1": 0.04526526490019322, "g2": 6.222985946670124, "logK": -3.754248488542528, "loc": -0.07888400986118407, "logScale": 0.8572633332307116}