{"g1": 0.14232409175157673, "g2": 8.420859230559241, "logK": -2.0994260638466753, "loc": -0.10486770055234518, "logScale": 2.982941506512573}