{"g1": 0.09856261340454373, "g2": 8.132244950300676, "logK": -2.7661161156221516, "loc": -0.029174409410346637, "logScale": 2.4581350810453824}