{"g1": 0.3158364636052259, "g2": 14.956528699899241, "logK": -2.1642205424096184, "loc": 0.12058134835512424, "logScale": 2.31537295200134}