{"g1": 0.06726472160483121, "g2": 8.859443281998924, "logK": -1.8484396056512737, "loc": -0.12349998331409187, "logScale": 1.5009572212651856}