{"g1": 0.23970580081419646, "g2": 13.188409184405579, "logK": -2.004420220127207, "loc": 0.016265573585617366, "logScale": 2.3206531015798633}