{"g1": 0.4302215719886712, "g2": 2.02734901757338, "logK": -1.3072240487869018, "loc": -0.09231340803146318, "logScale": 2.4347477511648052}