{"g1": 0.10240823017518634, "g2": 10.215862228164502, "logK": -2.3896649943827173, "loc": -0.01624395889744898, "logScale": 1.3910199193328365}