{"g1": 0.10082049725836013, "g2": 7.4255138911039795, "logK": -4.519483615888915, "loc": 0.059856356520075045, "logScale": 1.8281039466702467}