{"g1": 0.357261293287771, "g2": 12.1769974412548, "logK": -3.8631233569829235, "loc": -0.07886780634338814, "logScale": 2.72536575451741}