{"g1": 0.12024434230732495, "g2": 9.147430664281273, "logK": -2.3933915998493283, "loc": -0.1183559768736063, "logScale": 1.7523073350533815}