{"g1": 0.26437271862102646, "g2": 10.483793576509385, "logK": -3.418410317976016, "loc": -0.01987382130140812, "logScale": 3.4083876699829894}