{"g1": 0.7452190282707057, "g2": 0.8687830762965858, "logK": -2.1037770470860395, "loc": -0.010918877076111094, "logScale": -3.9940095533158133}