{"g1": 0.5888596032504867, "g2": 1.4191241339473821, "logK": -3.130803807939758, "loc": 0.0788197238431062, "logScale": 2.428973876424049}