{"g1": 0.16061413657484097, "g2": 5.123770859328532, "logK": -1.7160627768681542, "loc": 0.021935271017105552, "logScale": 2.226525915963907}