{"g1": 0.15031323784411801, "g2": 6.248316103372693, "logK": -2.313523471428147, "loc": -0.011045503873546152, "logScale": 2.255213156986004}