{"g1": 0.10408678689799286, "g2": 9.753021094672754, "logK": -1.4481947034987153, "loc": -0.0005722760279752992, "logScale": 0.7610557942797173}