{"g1": 0.1969429476526285, "g2": 9.229375886496966, "logK": -2.0845439116154405, "loc": -0.09419742555451156, "logScale": 1.502818975326168}