{"g1": 0.5413142108686615, "g2": 1.629793263733302, "logK": -2.007912042675814, "loc": 0.057842684459233074, "logScale": 2.219368638009489}