{"g1": 0.09805570260063018, "g2": 9.478581078693988, "logK": -1.263380400915743, "loc": 0.04042313340703335, "logScale": 1.9888956635243866}