{"g1": 0.08896175668724411, "g2": 8.925723697179087, "logK": -1.4463065503582877, "loc": -0.07077847005790242, "logScale": 0.9913226051151114}