{"g1": 0.3404518760674532, "g2": 2.189461220291858, "logK": -3.071589162404975, "loc": 0.04412277037461805, "logScale": 2.6679391468550127}