{"g1": 0.20957120526642928, "g2": 2.245867161342269, "logK": -0.8286604235926065, "loc": 0.08133638521115868, "logScale": 2.1548491753052352}