{"g1": 0.1964147343589804, "g2": 8.350162224605885, "logK": -3.153048361964734, "loc": -0.08878063818060888, "logScale": 2.281519904737442}