{"g1": 0.24897556661541745, "g2": 10.990184900024135, "logK": -3.788837902826627, "loc": -0.12305839567815055, "logScale": 2.6767428216491735}