{"g1": 0.09155448111589258, "g2": 4.215265873826684, "logK": -3.483394726789835, "loc": -0.13170968712715464, "logScale": 1.3015674867535827}