{"g1": 0.07257340913210175, "g2": 4.379789162379809, "logK": -4.744466249096177, "loc": -0.11026107739634469, "logScale": 1.6972044114899587}