{"g1": 0.04861324742296957, "g2": 6.560592092202549, "logK": -4.093733927306102, "loc": -0.10848578718700091, "logScale": 1.1073543763661489}