{"g1": 0.10201301003665647, "g2": 9.638399694994943, "logK": -2.842743320833107, "loc": -0.1138205705427007, "logScale": 2.3493116624960777}