{"g1": 0.17975388298422584, "g2": 1.8699235172539286, "logK": -0.75832312932691, "loc": 0.08510667966489169, "logScale": 2.10075336542604}