{"g1": 0.046198229447072414, "g2": 13.268045831764011, "logK": -4.816588568622224, "loc": -0.1497434745757083, "logScale": 1.7118439111565698}