{"g1": 0.05664640519017472, "g2": 7.39387705780517, "logK": -1.261763354748213, "loc": 0.011618426096548128, "logScale": 1.4608335861997135}