{"g1": 0.993767419772705, "g2": 1.3937137593524942, "logK": -0.622594502117261, "loc": 0.1326403916061973, "logScale": 2.1481026221190858}