{"g1": 0.5086299151042939, "g2": 9.109028963795302, "logK": -0.17109086585847844, "loc": -0.10724996520480239, "logScale": 2.054262046568108}