{"g1": 0.167050909795602, "g2": 8.481753286306603, "logK": -3.7660628190822956, "loc": -0.10150854502736431, "logScale": 2.5376879306298945}