{"g1": 0.11777940739896162, "g2": 14.705699223505222, "logK": -2.6840500050891425, "loc": -0.013595048641853541, "logScale": -3.9861826062836854}