{"g1": 0.2512429036982551, "g2": 8.767093824789468, "logK": -1.3648196653233235, "loc": 0.038820875123101936, "logScale": 2.328186056041641}