{"g1": 0.33442451377826177, "g2": 12.422179157982665, "logK": -4.253973836891859, "loc": -0.14976968438701996, "logScale": 2.8182142516704607}