{"g1": 0.11666521329525482, "g2": 3.4247805731911867, "logK": -3.522720498056376, "loc": 0.03643937423946529, "logScale": 2.2435507909005543}