{"g1": 0.11405101410853141, "g2": 9.618948933667003, "logK": -1.742935537697058, "loc": 0.005180154805764059, "logScale": 1.558642945915973}