{"g1": 0.06481446534962898, "g2": 8.58333432371057, "logK": -4.0049018220616155, "loc": 0.05010390214257531, "logScale": 1.7369281731599437}