{"g1": 0.3784811212961581, "g2": 11.205285967030045, "logK": -1.3641595782601088, "loc": 0.021407803119323533, "logScale": 2.4334060097445764}