{"g1": 0.8490508015093275, "g2": 0.21468686682378468, "logK": -1.1141031889214583, "loc": -0.00961927386612478, "logScale": 0.9346017983855256}