{"g1": 0.2514988980232054, "g2": 9.704381332029278, "logK": -0.9542940713620959, "loc": -0.10188494566008242, "logScale": 1.9657950612124402}