{"g1": 0.05165435466148892, "g2": 13.909471656896754, "logK": -1.5417693166341622, "loc": 0.10738150221320003, "logScale": 1.2822463346552995}