{"g1": 0.23119359366609304, "g2": 4.569756236488683, "logK": -4.808037961424027, "loc": 0.010937253325783271, "logScale": 2.687829110599264}