{"g1": 0.24338541802482255, "g2": 2.4955079527747355, "logK": -4.995942833202264, "loc": 0.016354286073033575, "logScale": 2.222898390650603}