{"g1": 0.10948507569219594, "g2": 2.1928423164584645, "logK": -2.725095924262524, "loc": 0.09392284788524528, "logScale": 1.50538559952491}