{"g1": 0.21157564030117024, "g2": 10.806474701434357, "logK": -4.030253586647918, "loc": 0.03314621879725547, "logScale": 2.151848483000399}