{"g1": 0.23474302221666649, "g2": 8.260509492804918, "logK": -2.0476845162226667, "loc": -0.11252605518685645, "logScale": 2.852097923065346}