{"g1": 0.08932489088284735, "g2": 4.672792778490126, "logK": -0.47476132631453766, "loc": 0.06955177977945978, "logScale": 1.7273038287967517}