{"g1": 0.14365615832123754, "g2": 9.71530126728075, "logK": -2.852362177545447, "loc": -0.042786595950346076, "logScale": 2.2576619018499695}