{"g1": 0.09962346656029808, "g2": 7.9965283273268355, "logK": -4.433888282655603, "loc": 0.08525175723393952, "logScale": 2.534648201177824}