{"g1": 0.5085978708833736, "g2": 7.7619011940117195, "logK": -1.784854841065534, "loc": -0.006412735221104146, "logScale": -3.998828947484506}