{"g1": 0.14947839795220208, "g2": 13.840438166988845, "logK": -3.023549658155561, "loc": -0.10070923385494546, "logScale": 2.3350274055466427}