{"g1": 0.09760203571124255, "g2": 14.35223307973304, "logK": -3.472341780264479, "loc": -0.08184687408542349, "logScale": 1.441929673792087}