{"g1": 0.14138436801892007, "g2": 1.2449367971823455, "logK": -3.9605094301357395, "loc": 0.1020410206335378, "logScale": 1.5881633176099912}