{"g1": 0.05986240586746372, "g2": 6.796711918733058, "logK": -2.441803029330976, "loc": 0.009879588854553513, "logScale": 1.8522190891673058}