{"g1": 0.1613138079161486, "g2": 13.880334440018258, "logK": 0.4587958326985351, "loc": -0.13746478314519278, "logScale": 1.62030263157804}