{"g1": 0.14946628894562516, "g2": 4.080350430847456, "logK": -3.6316511957237574, "loc": -0.005017361516916095, "logScale": 2.256944225848219}