{"g1": 0.216331627584357, "g2": 14.727348618969371, "logK": -0.46585549029774587, "loc": -0.10438945979346098, "logScale": 1.8277848703504767}