{"g1": 0.09292145010807923, "g2": 7.91006417236969, "logK": 0.01413664102178927, "loc": -0.09454700358541523, "logScale": 1.6437076323416995}