{"g1": 0.4314190959666519, "g2": 0.3612900882177359, "logK": -3.491063799836543, "loc": -0.006864586226958636, "logScale": -3.973303644958445}