{"g1": 0.25634653547592096, "g2": 9.144051820990926, "logK": -0.7520848448631783, "loc": 0.026442880499526214, "logScale": 2.3641126914365973}