{"g1": 0.12899635202352017, "g2": 9.787938068760141, "logK": -3.24789598497395, "loc": 0.049756605880910076, "logScale": 2.433219736961438}