{"g1": 0.806877949230372, "g2": 1.7108284295203626, "logK": -2.70876706042245, "loc": 0.00453327648282266, "logScale": 2.4651724250232787}