{"g1": 0.1909635050203219, "g2": 1.7819252961884593, "logK": -0.3833788364100702, "loc": 0.07576385078572347, "logScale": 2.1473701701089456}