{"g1": 0.05486579794971345, "g2": 7.769467030476618, "logK": -0.6327273072043827, "loc": -0.07696065714840572, "logScale": 0.843289132803617}