{"g1": 0.11169631371047659, "g2": 10.111673800150728, "logK": -3.1167667690609564, "loc": 0.007840828922133863, "logScale": 2.5808932426257174}