{"g1": 0.6571185745917901, "g2": 14.58318548133171, "logK": -0.7565047331985784, "loc": 0.08763351788871346, "logScale": 2.379268474577164}