{"g1": 0.21767774525401523, "g2": 7.7031748436054786, "logK": -1.5721181864085993, "loc": -0.028210823021835526, "logScale": 2.249262213947662}