{"g1": 0.1187231444078338, "g2": 2.2044474028815584, "logK": -3.6119014826126565, "loc": 0.03489534768743088, "logScale": 2.127496831590984}