{"g1": 0.3250387191526587, "g2": 12.892190494120651, "logK": -0.41155640001085, "loc": -0.040644453586839734, "logScale": 2.065021068474248}