{"g1": 0.443694670632327, "g2": 6.112201509352676, "logK": -3.2378683805297688, "loc": 0.0030099050450039674, "logScale": -3.977177892524916}