{"g1": 0.3375944604905219, "g2": 10.683112313069477, "logK": -3.546843288503699, "loc": -0.1450174954973212, "logScale": 2.645285474399416}