{"g1": 0.08193720723335324, "g2": 3.0092394358796826, "logK": -0.5148926326883368, "loc": 0.017534317463473233, "logScale": 1.5964895367065963}