{"g1": 0.17337845867198512, "g2": 11.322711490110553, "logK": -3.100225354501823, "loc": 0.06398522701929989, "logScale": 2.189051644645172}