{"g1": 0.30795014104447604, "g2": 13.982876652200826, "logK": -2.98095190503126, "loc": -0.12445183498107709, "logScale": 3.2141016196254144}