{"g1": 0.1466493916467152, "g2": 12.592802768797155, "logK": -1.0925887244123538, "loc": -0.04369375632058272, "logScale": 2.62046606208142}