{"g1": 0.18552579189733656, "g2": 0.9956405681444083, "logK": -2.9116565176034115, "loc": -0.0648822955621214, "logScale": 1.1460023939100337}