{"g1": 0.36048996606856076, "g2": 0.7457443692527215, "logK": -0.744166768246407, "loc": 0.0055971597841645085, "logScale": -3.9799471458971842}