{"g1": 0.8344138162848811, "g2": 1.9374205088445802, "logK": -2.4451399392393354, "loc": -0.09309137506377929, "logScale": 2.3359281943118018}