{"g1": 0.06930446682492791, "g2": 3.3102393409446944, "logK": -3.6020069670437844, "loc": -0.04165774087287971, "logScale": 1.369873654928134}