{"g1": 0.25228437241877655, "g2": 11.857266473127448, "logK": -1.513833508623491, "loc": -0.02716703860563885, "logScale": 2.6519059471546282}