{"g1": 0.016341978573227823, "g2": 10.334563692845434, "logK": -2.4891067987375965, "loc": -0.0072470366087626055, "logScale": -3.987502917101981}