{"g1": 0.7011684060844343, "g2": 10.371029022493886, "logK": -3.9785799574330287, "loc": 0.000789800485969313, "logScale": -3.9869726032211688}