{"g1": 0.17680428058709297, "g2": 3.6250167587267983, "logK": -4.172844280581679, "loc": -0.14989198518148691, "logScale": 2.4237668374844086}