{"g1": 0.05552450484875477, "g2": 6.771154931527175, "logK": -3.7678810953358246, "loc": 0.08689613353247222, "logScale": 1.0373506938016814}