{"g1": 0.4010496366014955, "g2": 0.8891539099233137, "logK": -1.4278141971822687, "loc": 0.0905347135599291, "logScale": 2.116315256171233}