{"g1": 0.6930188078749091, "g2": 0.43659352364945786, "logK": -3.2974468817506484, "loc": -0.026264933365587786, "logScale": 1.032127407494794}