{"g1": 0.17979836763096735, "g2": 6.768740142613373, "logK": -2.97020798783372, "loc": 0.09505171485112929, "logScale": 2.3596509255657065}