{"g1": 0.04725567164667552, "g2": 9.373354556918684, "logK": -3.02208837857013, "loc": -0.07348630587779961, "logScale": 1.0656615074843352}