{"g1": 0.1741913650592286, "g2": 8.679012436891988, "logK": -0.02876220925032276, "loc": -0.14243796390350014, "logScale": 2.046049079450715}