{"g1": 0.18484154333084613, "g2": 14.634177430207151, "logK": -3.863983119208522, "loc": 0.03705850972611899, "logScale": 2.8022509522789427}