{"g1": 0.03201571985357082, "g2": 4.642979557823344, "logK": -4.029556552548134, "loc": -0.129684325410564, "logScale": 1.0112468389690248}