{"g1": 0.2872862403664537, "g2": 2.1860163451627006, "logK": -3.7463340390709554, "loc": -0.11509542648511165, "logScale": 2.434130042637605}