{"g1": 0.0553062931897515, "g2": 12.498324964646498, "logK": -1.3716782973047008, "loc": -0.02415949635735839, "logScale": 0.9204622363375201}