{"g1": 0.24742936283008554, "g2": 14.400054454868481, "logK": 0.08467317008776257, "loc": 0.10935743523538008, "logScale": 1.9922515120112407}