{"g1": 0.11064777307083082, "g2": 14.553526750830493, "logK": -2.069531435450889, "loc": 0.09295128127746236, "logScale": 1.470324822686497}