{"g1": 0.4492206014848299, "g2": 13.476752644049506, "logK": -4.283787755964267, "loc": -0.10457924420334568, "logScale": 3.2789966167199185}