{"g1": 0.29088790702235384, "g2": 2.1012678883162743, "logK": -4.242844304396822, "loc": -0.037008354364659365, "logScale": 2.14401625183863}