{"g1": 0.23489034808252696, "g2": 8.720375763798037, "logK": -2.0973345793948273, "loc": 0.051405360554096086, "logScale": 2.2674306055483067}