{"g1": 0.22253625992054857, "g2": 7.723628035540998, "logK": -3.359123346918394, "loc": -0.015230338354180903, "logScale": 2.303006972808402}