{"g1": 0.10368102495037626, "g2": 5.8403685524516575, "logK": -1.4708977398442595, "loc": 0.05696054146306575, "logScale": 2.268535597430249}