{"g1": 0.1438897036432925, "g2": 12.085212162602323, "logK": -4.623875110568461, "loc": -0.00951863981204076, "logScale": 1.5591881363471072}