{"g1": 0.08025309628422495, "g2": 6.753320155927121, "logK": -2.8744039976509583, "loc": 0.03020102743491021, "logScale": 1.598879209963901}