{"g1": 0.0535662300567295, "g2": 10.793469364397039, "logK": -1.6452200808203299, "loc": -0.09660362209438503, "logScale": 1.98373220896856}