{"g1": 0.16105847605132542, "g2": 10.382644881874551, "logK": -3.8641385634304126, "loc": -0.0669127158997199, "logScale": 2.2106056443619284}