{"g1": 0.8056931371029109, "g2": 6.853926135721666, "logK": -2.512667771110793, "loc": 0.0019425625421920709, "logScale": -3.9812163880300675}