{"g1": 0.36684186681613856, "g2": 10.569223566203211, "logK": -4.297592541054759, "loc": -0.06688854295951734, "logScale": 2.7106751386288797}