{"g1": 0.22857701807061853, "g2": 14.997448834090225, "logK": -0.8099001968080197, "loc": -0.14887296191453406, "logScale": 2.939694797215118}