{"g1": 0.20401746721215272, "g2": 2.8321344345106008, "logK": -4.173227284537589, "loc": 0.11641585596012236, "logScale": 2.523072682147668}