{"g1": 0.372685495332857, "g2": 14.772392722562047, "logK": -1.0502094850777248, "loc": -0.009244336293461646, "logScale": 2.4147395407951167}