{"g1": 0.045730807552577156, "g2": 8.863147036284847, "logK": -0.6876448239581914, "loc": 0.09232024153694222, "logScale": 0.6345519512087495}