{"g1": 0.3490393405180131, "g2": 14.467119881940503, "logK": -1.2683653669332582, "loc": 0.08930408514791977, "logScale": 3.2696360179678496}