{"g1": 0.37267928537126793, "g2": 1.7390285073609535, "logK": -2.0453677509453314, "loc": 0.14554198872193796, "logScale": 2.475621204498539}