{"g1": 0.04165924209426836, "g2": 11.890305812720165, "logK": -1.4105878861242034, "loc": -0.056068708112816355, "logScale": 0.7699326618925697}