{"g1": 0.31815544360459475, "g2": 12.963437139906848, "logK": -1.5101436208995653, "loc": 0.00019238315484144172, "logScale": -3.995864326564663}