{"g1": 0.08442818861408947, "g2": 6.822395487199277, "logK": -2.4712867865770503, "loc": 0.023557475574810305, "logScale": 1.911227423841778}