{"g1": 0.44396372054298966, "g2": 1.3098331831853771, "logK": -0.1817112469901795, "loc": -0.006617144131133266, "logScale": -3.980667536499398}