{"g1": 0.26839060794348313, "g2": 8.259308252925043, "logK": -1.5879956159300026, "loc": 0.012581759122194405, "logScale": 2.1359208976697435}