{"g1": 0.0986469015089031, "g2": 8.643894389804416, "logK": -2.9338921347586693, "loc": -0.14985021744095423, "logScale": 1.9289771543721683}