{"g1": 0.1486078400659028, "g2": 2.725184811909697, "logK": -4.115067053653199, "loc": 0.09721936243016394, "logScale": 2.432841085487867}