{"g1": 0.3186427240190691, "g2": 5.602636652746047, "logK": -4.1577687562681565, "loc": 0.023917339132968764, "logScale": 2.4421054395427158}