{"g1": 0.13501997572131882, "g2": 9.10312135031199, "logK": -2.423147406305596, "loc": -0.09514206137154897, "logScale": 2.5673742146793095}