{"g1": 0.22534082185709545, "g2": 13.850300145760055, "logK": -1.4973133647179133, "loc": -0.06495875583938966, "logScale": 2.50200734776464}