{"g1": 0.08874270376391538, "g2": 8.429553143344306, "logK": -1.6962075880513612, "loc": 0.007067006577951007, "logScale": 2.2014825898557584}