{"g1": 0.074510987495011, "g2": 13.178574883125297, "logK": -4.51499049586064, "loc": -0.0069601219730102415, "logScale": 1.2071274068626778}