{"g1": 0.1209720232171201, "g2": 9.492336862835598, "logK": -1.2803707900999857, "loc": -0.0662898968077176, "logScale": 2.301208060029298}