{"g1": 0.46127386841113865, "g2": 0.20160189691709782, "logK": -0.5177249053899139, "loc": 0.014786466613446275, "logScale": 1.3951754089725918}