{"g1": 0.6070451661853183, "g2": 0.5674303402283647, "logK": -3.300799362748036, "loc": -0.09829817900141469, "logScale": 1.9196077989751978}