{"g1": 0.07079219586239965, "g2": 3.669897880901874, "logK": -2.7933750834078404, "loc": 0.10685489945420706, "logScale": 2.158136749179092}