{"g1": 0.1516264379200252, "g2": 9.66977537433377, "logK": -3.0707592907781978, "loc": -0.05143826556104819, "logScale": 2.5289595751463834}