{"g1": 0.0965332507573809, "g2": 10.425215543831186, "logK": -1.4901728194587047, "loc": 0.14919817016790068, "logScale": 1.8098873769279546}