{"g1": 0.12787195896736236, "g2": 4.020218880813882, "logK": -1.9725789400960005, "loc": 0.14975449329993404, "logScale": 1.676734354525271}