{"g1": 0.21618760923831343, "g2": 6.852636519094452, "logK": -0.9263494918550434, "loc": 0.05652758318396666, "logScale": 2.2764388625309784}