{"g1": 0.5037946250059451, "g2": 11.744852468709338, "logK": -3.251009879853318, "loc": -0.06160217064203868, "logScale": 2.817337395942677}