{"g1": 0.28761863411774513, "g2": 13.650453558635038, "logK": -2.246350609993178, "loc": -0.05738398849578593, "logScale": 3.127362471826231}