{"g1": 0.1636130158498721, "g2": 11.733118191937432, "logK": -0.8514375588188916, "loc": 0.009448202330871572, "logScale": 2.381596763007526}