{"g1": 0.4170427337147049, "g2": 14.800033089698921, "logK": -4.17084908039771, "loc": 0.04546838461326903, "logScale": 2.7813224264710885}