{"g1": 0.23431001460179962, "g2": 11.170310248125631, "logK": -3.043639022517217, "loc": 0.032069713549971124, "logScale": 2.023614689368261}