{"g1": 0.1018406354789609, "g2": 10.849949740489954, "logK": -4.723217693529398, "loc": 0.1123561521913225, "logScale": 1.9389213312056424}