{"g1": 0.4645346770265741, "g2": 6.151210371339064, "logK": -3.3002495546606485, "loc": 0.12252122901161461, "logScale": 2.725789435247824}