{"g1": 0.05661795336549958, "g2": 0.6817146631806894, "logK": -4.5002544706150545, "loc": -0.14187124318348224, "logScale": 0.6616025613008629}