{"g1": 0.18091128838504036, "g2": 12.700432363854544, "logK": -1.8539520829707912, "loc": 0.10092266810960007, "logScale": 2.1233743920784574}