{"g1": 0.9142494638368424, "g2": 0.7668049197185693, "logK": -2.4973143640377016, "loc": -0.13796190700629693, "logScale": 2.1675670674614413}