{"g1": 0.4240023332258403, "g2": 14.332764790563862, "logK": -2.5738306248164196, "loc": 0.002322993005431847, "logScale": 3.432274787351015}