{"g1": 0.2785530961015439, "g2": 11.915786659491006, "logK": -2.815106861391456, "loc": -0.06553946912625075, "logScale": 2.1646553585987878}