{"g1": 0.2899329631218601, "g2": 13.30235830848006, "logK": -1.8555372616763455, "loc": 0.12428998892368574, "logScale": 3.3424949659052263}