{"g1": 0.4223091458918613, "g2": 12.458741349614133, "logK": -2.8777643334292087, "loc": -0.0954387045429537, "logScale": 3.245420490571503}