{"g1": 0.3433037784971087, "g2": 0.9511062107757315, "logK": -1.8261611252139485, "loc": 0.08251882163998332, "logScale": 0.8909628959848856}