{"g1": 0.3414016444290211, "g2": 11.078726756311067, "logK": -2.2173778356154212, "loc": 0.11980123122186702, "logScale": 2.284624801945626}