{"g1": 0.1520350534528051, "g2": 2.7990184425450892, "logK": -3.297875403339779, "loc": -0.14404010670904577, "logScale": 2.2496310623058573}