{"g1": 0.3957037795594, "g2": 11.854437726951419, "logK": -3.0501345155532413, "loc": -0.13615530680674667, "logScale": 2.374281015538095}