{"g1": 0.17323055460588382, "g2": 12.636617103552089, "logK": -4.147875501386071, "loc": 0.0806737819501251, "logScale": 2.5264322940443074}