{"g1": 0.03963483561575526, "g2": 9.457205209743302, "logK": -2.211525687264176, "loc": 0.05383340329012034, "logScale": 0.9120380588983706}