{"g1": 0.8807969941840149, "g2": 6.440227149922057, "logK": -3.5614342081274004, "loc": 0.0027284160449404468, "logScale": -3.984995596248913}