{"g1": 0.13770863222465995, "g2": 1.101578608942907, "logK": -2.5136907729111058, "loc": -0.04204082382144249, "logScale": 1.5081478187337565}