{"g1": 0.5536722468197472, "g2": 14.394556202250875, "logK": -2.9103226993341575, "loc": -0.003451983699660999, "logScale": -3.9790703273513}