{"g1": 0.17570777511617955, "g2": 0.7361152564490203, "logK": -3.7227254544326533, "loc": 0.06192362014883286, "logScale": 1.8267764467184195}