{"g1": 0.18162898903178143, "g2": 8.608385356691777, "logK": -4.751957901680123, "loc": 0.09843202643673844, "logScale": 2.720123311143102}