{"g1": 0.08111813383729735, "g2": 1.4784388852757553, "logK": -2.986031870216829, "loc": 0.1321857797471231, "logScale": 1.007328314215854}