{"g1": 0.1212993223709067, "g2": 8.242952868403124, "logK": -1.4216848423047939, "loc": -0.08190032963733483, "logScale": 2.825927710464784}