{"g1": 0.16644675630645128, "g2": 12.54948177762014, "logK": -4.672918310259573, "loc": -0.0628462524813025, "logScale": 2.025094473421298}