{"g1": 0.13380868729635342, "g2": 4.807423259604782, "logK": -3.897682156423317, "loc": -0.12641756921695307, "logScale": 2.0866608163878526}