{"g1": 0.2442438997690952, "g2": 9.685767706576708, "logK": -3.3468488088261323, "loc": -0.0964179138105553, "logScale": 2.3381618617898736}