{"g1": 0.06502621408192771, "g2": 13.467370570678021, "logK": -1.356523344337166, "loc": -0.080547523455357, "logScale": 2.3242007519342316}