{"g1": 0.23015793896186293, "g2": 14.973282898995489, "logK": -3.7682255024925286, "loc": 0.05519675970788318, "logScale": 3.3204830540141135}