{"g1": 0.12078761989395348, "g2": 8.057790512557245, "logK": -4.577844347432823, "loc": 0.07894884230677085, "logScale": 2.2347970361151157}