{"g1": 0.09776461696708208, "g2": 5.616179803023308, "logK": -3.1943493545021333, "loc": -0.10018083510573368, "logScale": 1.984906052889584}