{"g1": 0.20657664079048346, "g2": 11.599322301621472, "logK": -2.695028650371559, "loc": -0.10243525959631777, "logScale": 2.1576104059492645}