{"g1": 0.2023079138872777, "g2": 2.8556762194781227, "logK": -2.102290238648391, "loc": -0.032037681202721824, "logScale": 2.3030931391550715}