{"g1": 0.20551186607441999, "g2": 1.829258294993017, "logK": -0.6321518259039267, "loc": -0.011121061326724024, "logScale": 2.293044989743831}