{"g1": 0.07561491802436593, "g2": 6.984965672140667, "logK": -3.223983105546008, "loc": 0.11542008549002755, "logScale": 1.5885493516145237}