{"g1": 0.025659541948898537, "g2": 14.966664338268565, "logK": -2.6704432940907687, "loc": -0.11272744059720052, "logScale": 1.1239108633279027}