{"g1": 0.3342129953201579, "g2": 9.158105630137825, "logK": -1.36030590150384, "loc": -0.014021539832417593, "logScale": 3.2388301016292163}