{"g1": 0.22121459676117944, "g2": 6.08067334414416, "logK": -4.969925304301703, "loc": 0.04072865896928251, "logScale": 1.607967779523185}