{"g1": 0.46213590628358303, "g2": 7.106459796725665, "logK": -2.4709812156103803, "loc": 0.0009335646037052013, "logScale": -3.9447059204568022}