{"g1": 0.04443492432105717, "g2": 4.295609206137241, "logK": -1.9716991436476352, "loc": -0.0499201788295557, "logScale": 1.281479443450766}