{"g1": 0.7386483418199216, "g2": 3.8888734838334966, "logK": -4.579942169962065, "loc": 0.0048641617698169624, "logScale": -3.9928580242418135}