{"g1": 0.042113716680690694, "g2": 4.3719008134442054, "logK": -0.8669291417735391, "loc": -0.0018150929051110008, "logScale": 1.31336184404203}