{"g1": 0.25650977119877766, "g2": 11.183745190587391, "logK": -2.677141125921505, "loc": -0.032882562519560884, "logScale": 3.2680652847434626}