{"g1": 0.18930603761140163, "g2": 8.231215186292372, "logK": -3.6679534359246757, "loc": 0.05587161275244591, "logScale": 2.2725142761168518}