{"g1": 0.06987254058230745, "g2": 1.9279132830904806, "logK": -3.7996131192032956, "loc": 0.05552859530255175, "logScale": 2.176723310857887}