{"g1": 0.09510529289863696, "g2": 8.924366415510356, "logK": -1.0643877585681036, "loc": 0.010242472403283312, "logScale": 1.431333432406697}