{"g1": 0.35450207504040504, "g2": 14.974359009370179, "logK": -2.2994155548276023, "loc": 0.007415031073864254, "logScale": 2.656724086464866}