{"g1": 0.05365890687547828, "g2": 8.029777697904045, "logK": -2.8861199256911974, "loc": -0.09675146876404797, "logScale": 1.4708259660625869}