{"g1": 0.09442904083473493, "g2": 7.560197428121031, "logK": -3.907581291342085, "loc": -0.07763913378694898, "logScale": 2.5243074347912104}