{"g1": 0.14398492273116892, "g2": 4.23855342120015, "logK": -4.108712464416327, "loc": 0.14143538114156917, "logScale": 2.182531000548375}