{"g1": 0.1665819188675256, "g2": 11.781217088517003, "logK": -3.650212842786839, "loc": -0.042042685772555696, "logScale": 2.4302680128310854}