{"g1": 0.4954320335476883, "g2": 14.978477248389101, "logK": -4.326347010284961, "loc": -0.1336516104111961, "logScale": 2.902956167518718}