{"g1": 0.22710904004654814, "g2": 3.8954068986841843, "logK": -0.6358742486186266, "loc": 0.10287071209401288, "logScale": 2.239582488992703}