{"g1": 0.09126278826940934, "g2": 12.485625288111624, "logK": -1.7212994916616355, "loc": -0.12453799148541012, "logScale": 1.0846228920893628}