{"g1": 0.14708438155657352, "g2": 12.782773252763578, "logK": -1.9013063764864429, "loc": 0.1420830495955917, "logScale": 1.8297248289355592}