{"g1": 0.11116323577130462, "g2": 4.665134252317246, "logK": -4.034490619236077, "loc": -0.07483116026743118, "logScale": 2.492155754350695}