{"g1": 0.12006347276935725, "g2": 4.604812910489639, "logK": -2.2310226151600108, "loc": 0.14965601482652816, "logScale": 2.2418255258395368}