{"g1": 0.8128875034408817, "g2": 7.46211595765873, "logK": -2.5489270155005217, "loc": -0.005923299148179405, "logScale": -3.9814049128727285}