{"g1": 0.09220728793397687, "g2": 7.17781412397464, "logK": -3.5300880954413025, "loc": 0.09436006126478795, "logScale": 1.7745394938802237}