{"g1": 0.08280905456741385, "g2": 11.341688969775165, "logK": -2.051951521487137, "loc": 0.09936707325813562, "logScale": 1.9315327267415432}