{"g1": 0.05087355026001815, "g2": 9.014559550220174, "logK": -2.1472271878801967, "loc": 0.12843935661059225, "logScale": 1.9026945493230556}