{"g1": 0.2742024958883597, "g2": 12.880457259339162, "logK": -1.9292962647658058, "loc": 0.02324548306128925, "logScale": 3.0892750918485987}