{"g1": 0.6369261412658357, "g2": 0.23614050590714603, "logK": -3.5975850063058172, "loc": 0.017129771447515464, "logScale": 1.4679459799487447}