{"g1": 0.204937593833264, "g2": 10.146752607508997, "logK": -4.648326791897916, "loc": 0.09808266942473262, "logScale": 2.602934203742918}