{"g1": 0.05512819735628586, "g2": 8.29076247234351, "logK": -0.6438805118653413, "loc": 0.07897013426474556, "logScale": 1.2320485149354035}