{"g1": 0.20254284240038425, "g2": 8.857111340039827, "logK": -1.9539865476401017, "loc": -0.06060623605167721, "logScale": 2.0519906653219837}