{"g1": 0.36422558406225064, "g2": 9.10869925661071, "logK": -1.4565265942649759, "loc": 0.05676453884964517, "logScale": 2.852187691619625}