{"g1": 0.10662551654810518, "g2": 6.240259333300164, "logK": -4.511350874304224, "loc": -0.13074609753788188, "logScale": 2.1594309021728306}