{"g1": 0.059717687320197416, "g2": 7.623838720574847, "logK": -0.8090359876185031, "loc": -0.0543905053457501, "logScale": 0.8148924889735234}