{"g1": 0.6220418380217098, "g2": 5.936675236306115, "logK": -1.9589584143522656, "loc": 0.05556679537694116, "logScale": 2.850937274680033}