{"g1": 0.31050648353321564, "g2": 7.178074999017073, "logK": -4.9564112858096365, "loc": -0.021574774358536754, "logScale": 2.7238903936660344}