{"g1": 0.04818431687495193, "g2": 8.169121441378675, "logK": -2.9573939440768386, "loc": -0.08398451462104344, "logScale": 1.0326731067153276}