{"g1": 0.19414590927561753, "g2": 1.6007191735583506, "logK": -1.7782950614805995, "loc": -0.08273141760058075, "logScale": 2.087115339817568}