{"g1": 0.7282109226944428, "g2": 6.358098869448885, "logK": -1.483914478165619, "loc": -0.0050899105689468805, "logScale": -3.981253327862655}