{"g1": 0.17793488953389444, "g2": 6.636791987347324, "logK": -2.451205344658156, "loc": 0.06853179030039087, "logScale": 2.1696991305563484}