{"g1": 0.2868209080653632, "g2": 8.112229867488129, "logK": -2.01987417320681, "loc": -0.03673232117559349, "logScale": 3.2824706223043423}