{"g1": 0.05252680813603028, "g2": 5.702199910200991, "logK": -1.8719842259785755, "loc": 0.0009299869328102117, "logScale": 1.4059855696838854}