{"g1": 0.17033076911804365, "g2": 13.320604251148557, "logK": -1.736901166101577, "loc": 0.023301612498724325, "logScale": 2.0682527384296527}