{"g1": 0.17424048430093217, "g2": 10.872292544211223, "logK": -1.1051624243844413, "loc": -0.1468590762624896, "logScale": 1.856194821739447}