{"g1": 0.109896370692012, "g2": 4.62003567900979, "logK": -3.660589304839991, "loc": 0.0947802545328053, "logScale": 2.236436497600189}