{"g1": 0.14814445299478038, "g2": 10.324757384508644, "logK": -0.8441388715525094, "loc": 0.061553295072989525, "logScale": 2.1486739792211105}