{"g1": 0.274903545567712, "g2": 12.523581757089207, "logK": -3.027258152922582, "loc": 0.08560322826210376, "logScale": 2.6299413211250466}