{"g1": 0.11831686255395296, "g2": 8.950553570864583, "logK": -4.367728826053924, "loc": -0.08634165207286726, "logScale": 2.412783911267996}