{"g1": 0.14386640705661166, "g2": 3.7076502529242523, "logK": -2.9239752485638943, "loc": -0.12888211090851598, "logScale": 2.625954608969991}