{"g1": 0.41400900166216825, "g2": 7.877891017364606, "logK": -3.701048690806462, "loc": -0.00010550687695896899, "logScale": -3.966978832771004}