{"g1": 0.23232620200275875, "g2": 8.347898048576845, "logK": -0.6875147550646672, "loc": 0.06787445397571697, "logScale": 2.686863480656561}