{"g1": 0.10352719875711988, "g2": 2.81038458725617, "logK": -1.9269958244452543, "loc": -0.09036411871938542, "logScale": 2.0968078966921144}