{"g1": 0.1362541045571738, "g2": 14.75714165629882, "logK": -4.8097272179764445, "loc": 0.0691049207839134, "logScale": 1.9781616956223598}