{"g1": 0.09771338303413064, "g2": 4.168176720831277, "logK": -3.2948998206194666, "loc": 0.0783853650949223, "logScale": 1.1081037986535118}