{"g1": 0.0591229325947785, "g2": 8.409049931615776, "logK": -1.9641999520467976, "loc": 0.09617611659489228, "logScale": 1.400266703487432}