{"g1": 0.1151658205962669, "g2": 10.210213855147822, "logK": -1.9710697324470972, "loc": -0.1193800553261288, "logScale": 2.155892385735572}