{"g1": 0.1271573948998686, "g2": 3.5925119141068094, "logK": -1.1284849851407723, "loc": -0.06825156711903106, "logScale": 2.17897666338542}