{"g1": 0.817411120585003, "g2": 14.995287033197183, "logK": -1.009333353423099, "loc": -0.14991604482227056, "logScale": 3.5254323410629795}