{"g1": 0.3573277772803507, "g2": 14.911775054445027, "logK": -1.248223520139123, "loc": -0.053136556294955964, "logScale": 3.2769141721842705}