{"g1": 0.07351135667707372, "g2": 3.434102895377241, "logK": -1.3641960130124433, "loc": -0.08768350255032838, "logScale": 2.0026763192824304}