{"g1": 0.14700872227089792, "g2": 12.90743806611707, "logK": -1.5826889657004193, "loc": -0.10598775669135202, "logScale": 2.2502561049210166}