{"g1": 0.11920377576819745, "g2": 10.053622597978546, "logK": -1.9588074930520532, "loc": 0.056074612638332716, "logScale": 2.4142261878072566}