{"g1": 0.12656819781944534, "g2": 3.8801244274471927, "logK": -2.15002316683103, "loc": -0.11246263163925586, "logScale": 2.141065259082453}