{"g1": 0.22211153273673434, "g2": 14.052724445064435, "logK": -2.683041170205234, "loc": -0.0378042003460865, "logScale": 2.595065615142515}