{"g1": 0.18072748867167715, "g2": 12.773836581047073, "logK": -2.4838190570934424, "loc": 0.13828128780537033, "logScale": 1.6239311857467973}