{"g1": 0.2376249847743316, "g2": 3.220038810521514, "logK": -4.259710689916907, "loc": -0.10628654412039903, "logScale": 1.39841556953011}