{"g1": 0.35057529679819194, "g2": 6.686422163997585, "logK": -4.297550864835112, "loc": -0.0005709154590769275, "logScale": 2.706963176628021}