{"g1": 0.15925197635329752, "g2": 8.401930926880315, "logK": -2.6498271330361356, "loc": -0.008451411904752335, "logScale": 2.1278588811505306}