{"g1": 0.0801521535792882, "g2": 0.6595834921012189, "logK": -0.7751165614212036, "loc": 0.1086786578779558, "logScale": 0.3278958855324937}