{"g1": 0.08852118000836577, "g2": 13.68956284540352, "logK": -2.808380909151955, "loc": -0.08282913179903394, "logScale": 1.187930506944522}