{"g1": 0.39553351666206993, "g2": 14.98106542746774, "logK": -1.4127491246824122, "loc": -0.024890317157631594, "logScale": 3.130147662074868}