{"g1": 0.1912377561003244, "g2": 9.46735104362787, "logK": -2.5272496837499903, "loc": 0.0442815442595015, "logScale": 2.9178467170323725}