{"g1": 0.4379646065986198, "g2": 14.506122716724581, "logK": -4.573457278902032, "loc": -0.10709174998343024, "logScale": 3.3016242489683005}