{"g1": 0.1801930525546823, "g2": 5.802071072287734, "logK": -2.197088385473066, "loc": -0.002573360733846397, "logScale": 2.052025426546663}