{"g1": 0.11463070929118602, "g2": 2.8172779090525024, "logK": -2.0626113926337153, "loc": -0.14794222574076085, "logScale": 2.0413462202414765}