{"g1": 0.07747851295340581, "g2": 2.63515929340352, "logK": -4.33886758193635, "loc": 0.053677807832850824, "logScale": 1.5141189427086503}