{"g1": 0.07213371361416676, "g2": 11.232319203266018, "logK": -1.9451456200377732, "loc": 0.0312853155745485, "logScale": 2.377630100891163}