{"g1": 0.030611567862164638, "g2": 8.16583139999756, "logK": -4.343661323329689, "loc": 0.05202862736144252, "logScale": 1.3495063182746219}