{"g1": 0.21528933767926028, "g2": 3.3089729125955323, "logK": -4.317622389342446, "loc": 0.004001723195586081, "logScale": 2.197359890066472}