{"g1": 0.14787411545425222, "g2": 10.494757117531083, "logK": -2.9588086930000057, "loc": -0.0004863847592692327, "logScale": -3.971434425065384}