{"g1": 0.14572549240518573, "g2": 3.1966932589115844, "logK": -0.6354944450793409, "loc": -0.13637133950176064, "logScale": 2.286016091342675}