{"g1": 0.08854380161598081, "g2": 4.276329379315387, "logK": -0.6762846020899125, "loc": -0.14992000920337198, "logScale": 2.277930952577479}