{"g1": 0.09896182452194324, "g2": 10.722211182326657, "logK": -3.5960045521678596, "loc": 0.023123677522666187, "logScale": 1.8915423003024672}