{"g1": 0.13836400813282873, "g2": 2.487083007703455, "logK": -2.5991704028546425, "loc": 0.1427672994357966, "logScale": 2.205139926372143}