{"g1": 0.09964238241812254, "g2": 2.854233546724706, "logK": -0.67183889704555, "loc": 0.052619113674760055, "logScale": 1.7202798245300261}