{"g1": 0.22009372414933442, "g2": 13.864245143046814, "logK": -0.9607452031973872, "loc": -0.037157661983335935, "logScale": 2.6011690375645395}