{"g1": 0.2520547414415195, "g2": 7.8135760150234566, "logK": -3.200815378228954, "loc": -0.0046884711426852, "logScale": -3.9731994653808265}