{"g1": 0.24816440220856023, "g2": 11.938845043316057, "logK": -4.85756103575526, "loc": -0.12322333698883167, "logScale": 2.111359278452061}