{"g1": 0.05147688613533596, "g2": 3.000463409790574, "logK": -2.1132921439767327, "loc": -0.07604211310385052, "logScale": 1.2053123784864725}