{"g1": 0.19505795609507962, "g2": 0.7137343983525994, "logK": -2.9866122191619286, "loc": 0.007706416545474671, "logScale": 1.9155988130935138}