{"g1": 0.9312852477171065, "g2": 14.098541826992088, "logK": -1.3920873833118268, "loc": -0.002991423371442795, "logScale": -3.9832812799721737}