{"g1": 0.6899038622988243, "g2": 13.34958573159522, "logK": -1.7372998806442723, "loc": -0.0028963633786509074, "logScale": -3.967818862263578}