{"g1": 0.9141723904471573, "g2": 4.084445814473964, "logK": -2.3922641936605293, "loc": -0.0023851815022861555, "logScale": -3.9862237871158728}