{"g1": 0.11758268244390435, "g2": 8.259273588301912, "logK": -1.2283355488069931, "loc": 0.03105565325368581, "logScale": 2.1547686387952103}