{"g1": 0.2789976385629954, "g2": 11.442683509724095, "logK": -1.8583768407238224, "loc": -0.0069747844918768625, "logScale": -3.9916004585740947}