{"g1": 0.08363083944568256, "g2": 13.810771168027403, "logK": -1.187866565935297, "loc": 0.03420942483979211, "logScale": 1.372101483933367}