{"g1": 0.0467272241653237, "g2": 1.4957299660398324, "logK": -0.4895375097792472, "loc": 0.124314443721288, "logScale": 1.3876413236742153}