{"g1": 0.7545097491209256, "g2": 0.5116969320265458, "logK": -2.8158959580643055, "loc": -0.09556648871450785, "logScale": 2.0078559552666313}