{"g1": 0.6139398769057247, "g2": 6.135991271414355, "logK": -3.600516047166315, "loc": -0.0060861171435082, "logScale": -3.9811582833362276}