{"g1": 0.26129814280380675, "g2": 11.123139006401642, "logK": -3.928586475638503, "loc": 0.09474781560758175, "logScale": 2.3786789173149954}