{"g1": 0.22980533286052035, "g2": 9.801149044305904, "logK": -2.113291865807773, "loc": -0.14969209773981695, "logScale": 2.274073577148085}