{"g1": 0.8723459884520606, "g2": 0.07875644277589888, "logK": -3.3789304825444595, "loc": 6.305976881576872e-05, "logScale": -3.985011263876357}