{"g1": 0.06541947484922034, "g2": 12.709232658343108, "logK": -0.5735026878773097, "loc": 0.03319124738554782, "logScale": 1.2470747991426347}