{"g1": 0.03920974415371879, "g2": 8.48498179767166, "logK": -0.9787969219156858, "loc": -0.08188886750882765, "logScale": 2.2508508758977332}