{"g1": 0.01786900630753402, "g2": 14.980359200880399, "logK": -2.569818105901798, "loc": 0.0019945054509488205, "logScale": 0.5120270649403915}