{"g1": 0.24910975729706455, "g2": 9.747610921926466, "logK": -2.887885092378796, "loc": 0.05217672699515731, "logScale": 3.5236058200931004}