{"g1": 0.21031769705622044, "g2": 7.731422053101858, "logK": -2.0942900570162477, "loc": 0.12097144978482119, "logScale": 2.6461857567536717}