{"g1": 0.17792065000582846, "g2": 8.402574728455303, "logK": -4.382732142316183, "loc": 0.049307477364741836, "logScale": 2.2711571984875407}