{"g1": 0.198113000459292, "g2": 13.323969856206462, "logK": -4.9603797862309404, "loc": -0.012955680580549167, "logScale": 2.215789727434514}