{"g1": 0.06508450564672885, "g2": 2.075782920587731, "logK": -0.4983251848095762, "loc": -0.09647151786701477, "logScale": 2.05660068109491}