{"g1": 0.1065877189104558, "g2": 3.218645674392592, "logK": -1.1517480968232119, "loc": -0.02516232169039613, "logScale": 2.0676528968304226}