{"g1": 0.051232575649935046, "g2": 2.5676460377921697, "logK": -3.8670717096522154, "loc": 0.09244109134203507, "logScale": 1.6906809582280702}