{"g1": 0.038392030949502776, "g2": 3.391423524304048, "logK": -3.0493283747228634, "loc": -0.13998835855480732, "logScale": 1.1530844433152352}