{"g1": 0.24091997958059408, "g2": 1.8743310402816018, "logK": -3.244207004938075, "loc": -0.0002559237643432466, "logScale": -3.9886789855404743}