{"g1": 0.19877843151450142, "g2": 13.11674726241776, "logK": -1.4325994477323831, "loc": 0.040943046300834965, "logScale": 2.263734799758778}