{"g1": 0.31006813636554054, "g2": 7.26487276848272, "logK": -2.9974664987058497, "loc": -0.03618608026351386, "logScale": 3.3154241219554477}