{"g1": 0.07935678851610398, "g2": 12.5737951415948, "logK": -1.5365097416861935, "loc": 0.14559955210033218, "logScale": 0.6717043430154159}