{"g1": 0.052957253042098154, "g2": 2.0178995796469708, "logK": -1.6737781356689463, "loc": 0.11652070755256706, "logScale": 1.430039805855788}