{"g1": 0.17922201185302497, "g2": 10.882267004693192, "logK": -2.541753147010602, "loc": -0.07856302307699146, "logScale": 2.5339451157991264}