{"g1": 0.10815878625020169, "g2": 14.88554941564116, "logK": -2.1865212807500587, "loc": -0.14848118749591335, "logScale": 1.5080135560911954}