{"g1": 0.887601700732525, "g2": 1.4716860101022562, "logK": -1.3547472899459414, "loc": -0.05403373050042498, "logScale": 2.42915945029799}