{"g1": 0.09092493067387242, "g2": 6.88816634854706, "logK": 0.6306653994201322, "loc": -0.08180784030532422, "logScale": 0.3848187608063237}