{"g1": 0.045014482763760216, "g2": 14.74872595078131, "logK": -3.9902225636281248, "loc": -0.05440779690393955, "logScale": 0.7969385337865595}