{"g1": 0.5039239230682868, "g2": 14.382892309883037, "logK": -1.863323487141721, "loc": 0.03084335453520759, "logScale": 3.2994298094956083}