{"g1": 0.5209493589029267, "g2": 3.197004489824252, "logK": -2.609018746366082, "loc": 0.0015867859046532658, "logScale": -3.95915402032531}