{"g1": 0.0800112909416349, "g2": 14.500022653199157, "logK": -4.0852112202745055, "loc": -0.09172934072840415, "logScale": 2.1081616631438993}