{"g1": 0.46668466935012815, "g2": 6.130303679853997, "logK": -4.577064559906173, "loc": 0.10360190775306255, "logScale": 2.819824943844536}