{"g1": 0.18842276551332623, "g2": 3.7319261007332414, "logK": -1.3768440732970681, "loc": -0.00553325750351819, "logScale": -3.99874118506948}