{"g1": 0.02588078483117119, "g2": 2.494519849471686, "logK": -0.7677707936773062, "loc": 0.07132985280068184, "logScale": 0.8164517304851715}