{"g1": 0.10721190690291921, "g2": 6.487919455774105, "logK": -2.2022992755201267, "loc": -0.00980249231597595, "logScale": 2.392977855511058}