{"g1": 0.04317328481682503, "g2": 6.641351631539448, "logK": -3.8531692424496535, "loc": 0.04910424871979234, "logScale": 1.047475080318474}