{"g1": 0.11340949138802084, "g2": 11.974117813752418, "logK": -3.177312609692211, "loc": -0.04115354438231274, "logScale": 2.5209593956144363}