{"g1": 0.1504758352553503, "g2": 8.341767396897973, "logK": -2.231100086646723, "loc": -0.09851791118394654, "logScale": 2.4706236236146366}