{"g1": 0.3843231351895762, "g2": 2.0139284816533376, "logK": -1.9693760265293474, "loc": -0.09847385842101179, "logScale": 2.1346604480967515}