{"g1": 0.05814980855524389, "g2": 14.486688295280619, "logK": -1.6034767534518983, "loc": -0.11242837169814747, "logScale": 1.602663901546603}