{"g1": 0.14598358968508657, "g2": 9.809101207111869, "logK": -2.910903829467147, "loc": 0.10437762617726075, "logScale": 2.4890604615006793}