{"g1": 0.6364039190900145, "g2": 13.291776863149567, "logK": -3.8444311724924924, "loc": -0.006118985271127745, "logScale": -3.99389315786403}