{"g1": 0.5750860027978126, "g2": 10.645468814823909, "logK": -3.2814604775041527, "loc": 0.00413820229429589, "logScale": -3.9959296961597603}