{"g1": 0.06596957147650487, "g2": 9.57384207067511, "logK": -3.2267740089371553, "loc": -0.12945841087608098, "logScale": 0.8045062854466821}