{"g1": 0.12161294007909662, "g2": 6.2165245087958425, "logK": -4.074636800890749, "loc": 0.041762026280549217, "logScale": 2.3861622817009636}