{"g1": 0.2792287580527484, "g2": 12.64684405181788, "logK": -2.883268733335004, "loc": -0.027430921301038594, "logScale": 2.248951207949197}