{"g1": 0.39190572364924187, "g2": 9.708947753701246, "logK": -3.9462190525151177, "loc": -0.04240047211459234, "logScale": 2.3849101802628456}