{"g1": 0.3256070179936206, "g2": 11.5570946197487, "logK": -4.0910242731335655, "loc": 0.04924044750901469, "logScale": 3.308795392818197}