{"g1": 0.17681057630378066, "g2": 0.7853780526073848, "logK": -3.9445915367173168, "loc": -0.11477598778016336, "logScale": 1.315998650912321}