{"g1": 0.08809732469195021, "g2": 6.732458652829337, "logK": -2.1462741043995743, "loc": -0.07604361959960093, "logScale": 1.0809027780649614}