{"g1": 0.1845032247004585, "g2": 10.569382255486696, "logK": -2.0333857883440634, "loc": -0.0159088781277151, "logScale": 2.257480753192}