{"g1": 0.1241185599824974, "g2": 4.653495552005952, "logK": -2.3047092021887345, "loc": -0.06092329521095094, "logScale": 1.4938165412393847}