{"g1": 0.35453027693686434, "g2": 8.092504810875274, "logK": 0.03846425969430545, "loc": 0.020911568510230502, "logScale": 0.5690561489885644}