{"g1": 0.35390151638269707, "g2": 14.674834881659736, "logK": -4.4718811998574175, "loc": 0.09073890155408602, "logScale": 3.2589412308753483}