{"g1": 0.16071331079381307, "g2": 11.508449437113407, "logK": -4.0555846139670795, "loc": -0.015798100432088548, "logScale": 2.322812306051924}