{"g1": 0.2098325244268659, "g2": 2.748547955464333, "logK": -4.552803349950521, "loc": -0.10814108883878078, "logScale": 2.2172359341615886}