{"g1": 0.1307594190819367, "g2": 9.159583169423422, "logK": -4.036003317850933, "loc": -0.04887602635613178, "logScale": 2.1942571525699868}