{"g1": 0.16215100508549696, "g2": 9.143022679846641, "logK": -3.8779113100215334, "loc": 0.0511105896097763, "logScale": 1.9576181945880469}