{"g1": 0.3970246253503036, "g2": 0.6562220551151173, "logK": -2.224275194690894, "loc": -0.03517910832284882, "logScale": 1.7042962365604717}