{"g1": 0.1607351041042975, "g2": 7.434778380454708, "logK": -4.707673711075355, "loc": -0.010939691375162673, "logScale": 1.3711670538422376}