{"g1": 0.9017302195608481, "g2": 14.985255522968608, "logK": -4.539033188931397, "loc": 0.0012496284776455837, "logScale": -3.996219157128045}