{"g1": 0.22148950603766, "g2": 5.766782826341846, "logK": -0.2528310045877441, "loc": 0.08750975273106615, "logScale": 1.8305877581440826}