{"g1": 0.939585335604305, "g2": 13.823732784611654, "logK": -2.3952116341406136, "loc": -0.002601684450005401, "logScale": -3.940209695524858}