{"g1": 0.19201759456853296, "g2": 14.644561112667823, "logK": -4.693953336842778, "loc": -0.034396443063738735, "logScale": 2.1682258142003934}