{"g1": 0.669578624730913, "g2": 0.010263040475319896, "logK": -4.788570253688402, "loc": -0.005190169932208657, "logScale": -3.9810638270212366}