{"g1": 0.15631586279113674, "g2": 14.469883687459525, "logK": -0.7018930105951167, "loc": -0.07504828972617336, "logScale": 2.276941572813993}