{"g1": 0.21040338638734601, "g2": 14.58374830592268, "logK": -1.818646681339788, "loc": 0.09546649681635855, "logScale": 2.473994930146495}