{"g1": 0.3633350227761219, "g2": 7.334851068041532, "logK": -3.2542468489364476, "loc": -0.12621640207964357, "logScale": 2.665804592258934}