{"g1": 0.061483133787696126, "g2": 0.7881609453512051, "logK": -1.6201997404166402, "loc": 0.10101744321845527, "logScale": 0.9429778026730492}