{"g1": 0.210158676525241, "g2": 11.396870401850911, "logK": -4.869208119225217, "loc": -0.0027853948851497548, "logScale": -3.9924738019930026}