{"g1": 0.11572365054961781, "g2": 11.765018860889601, "logK": -0.3906578835136174, "loc": 0.0040582731608390585, "logScale": 2.0142829406971816}