{"g1": 0.1876687362073745, "g2": 14.609251045424534, "logK": -1.5035258667757785, "loc": 0.08382608499701143, "logScale": 2.1149601378710283}