{"g1": 0.19441027220443963, "g2": 13.330682129914234, "logK": -3.759581162611873, "loc": -0.05281635318997993, "logScale": 2.4005478371577778}