{"g1": 0.3236477713293625, "g2": 14.969947778061943, "logK": -1.7395325223659142, "loc": 0.0207838964047368, "logScale": 2.6252571727500538}