{"g1": 0.2894268686802667, "g2": 10.154909665640105, "logK": -2.136979675614682, "loc": 0.0808755282586022, "logScale": 2.383960939456405}