{"g1": 0.08811900395509327, "g2": 12.20833365751855, "logK": -2.534362046525494, "loc": 0.06086847244105981, "logScale": 2.2121139503106417}