{"g1": 0.07515602865938552, "g2": 8.354930325352532, "logK": -2.443287419429451, "loc": -0.05320608828061919, "logScale": 0.9568522035494178}