{"g1": 0.17164270218923766, "g2": 10.220136662784483, "logK": -0.5596704198174313, "loc": -0.1488198591687775, "logScale": 2.1613041096519767}