{"g1": 0.14150795987238327, "g2": 8.609096291509172, "logK": -1.1828802470140234, "loc": -0.11551837447310258, "logScale": 1.055936506910225}