{"g1": 0.2797684255802348, "g2": 13.705277319624978, "logK": -2.655969874119892, "loc": -0.09415433129462068, "logScale": 3.211836822041321}