{"g1": 0.16638657334371956, "g2": 6.859954543746867, "logK": -2.6573485340391763, "loc": 0.0005251374461642949, "logScale": 3.1145598229750115}