{"g1": 0.16189779531455348, "g2": 9.825863074348959, "logK": -1.1861071436442103, "loc": -0.13120821340165492, "logScale": 2.0196954051324747}