{"g1": 0.07404986469729505, "g2": 13.498291893773068, "logK": -2.3203588735241487, "loc": 0.02788262459854487, "logScale": 2.1204345526834927}