{"g1": 0.3070013537767781, "g2": 8.912783561467457, "logK": -0.5536328687717686, "loc": -0.09662205800388562, "logScale": 1.711199887954487}