{"g1": 0.25177281716376015, "g2": 13.105858968385606, "logK": -1.2980801949989058, "loc": -0.09014069059567632, "logScale": 1.8301512094423114}