{"g1": 0.38576416117848805, "g2": 8.071018753235867, "logK": -4.61923114746065, "loc": 0.05580848277128436, "logScale": 3.2127050018612646}