{"g1": 0.12046408333259236, "g2": 3.7449970142833555, "logK": -4.249792735289903, "loc": 0.0728019609464816, "logScale": 2.3977755642525707}