{"g1": 0.09360084023468704, "g2": 4.511575110989309, "logK": -1.8268342671667988, "loc": -0.06823805779892236, "logScale": 2.32950489087307}