{"g1": 0.13876052355362334, "g2": 12.114841337340374, "logK": -4.474007959609816, "loc": 0.10082870374669425, "logScale": 2.39110259941463}