{"g1": 0.9962312177613738, "g2": 4.669343980462895, "logK": -4.083517349152023, "loc": 0.0035919759366769824, "logScale": -3.999763696022594}