{"g1": 0.14721974992398437, "g2": 4.817506260440915, "logK": -4.642380336162776, "loc": 0.06053590892476325, "logScale": 2.2046346484754937}