{"g1": 0.41819272235754107, "g2": 1.1402060826959126, "logK": -4.029111223371533, "loc": 0.06428583900142425, "logScale": 2.268737315955789}