{"g1": 0.7186720605612864, "g2": 6.399527119050047, "logK": -4.248841782804154, "loc": -0.0016369841759439055, "logScale": -3.9805089525089805}