{"g1": 0.3035741760882178, "g2": 0.847301327589466, "logK": -3.0659267023886345, "loc": 0.05715335958694324, "logScale": 2.089236921470206}