{"g1": 0.035605946066964045, "g2": 4.9141424596436485, "logK": -4.997905082213918, "loc": 0.04093616113418318, "logScale": 1.2445315330727162}