{"g1": 0.18849454452426176, "g2": 14.65782212753706, "logK": -4.1039507803401545, "loc": 0.08068656558485851, "logScale": 2.371639180485592}