{"g1": 0.08660464400787815, "g2": 14.22122255138917, "logK": -3.3134371206984534, "loc": -0.08189083269690517, "logScale": 2.409779984208414}