{"g1": 0.10074091698784285, "g2": 4.3946100884360755, "logK": -3.04678522904912, "loc": -0.1272414829416202, "logScale": 2.172672639858606}