{"g1": 0.14089444346583502, "g2": 13.372605924405557, "logK": -3.2452177951656047, "loc": 0.05836647374605979, "logScale": 2.159868212484782}