{"g1": 0.10608708321535856, "g2": 0.45108250679075734, "logK": -2.2759403209819236, "loc": -0.08384507140667258, "logScale": 1.8997383115669686}