{"g1": 0.16124617795122725, "g2": 13.860290862545497, "logK": 0.15794839803731053, "loc": 0.09357433978987323, "logScale": 1.4131889123176549}