{"g1": 0.061584136183258975, "g2": 6.662646724176432, "logK": -4.680532236951902, "loc": 0.07891270660283178, "logScale": 2.195159006334481}