{"g1": 0.05111506180869895, "g2": 4.992996480728202, "logK": -3.1611526487771533, "loc": 0.032921842657626904, "logScale": 1.533887337904702}