{"g1": 0.749316909818649, "g2": 2.8630888178017044, "logK": -3.9712318942220506, "loc": 0.06399082018279065, "logScale": 2.6295143585622975}