{"g1": 0.07852690502303702, "g2": 9.969660894923981, "logK": -2.2298750474261957, "loc": 0.09898665331999855, "logScale": 1.2895851278099948}