{"g1": 0.12797154242216935, "g2": 1.2820330855458146, "logK": -4.2282951651788085, "loc": 0.0732570744949714, "logScale": 2.320263988242165}