{"g1": 0.054128401898177636, "g2": 3.040678179233345, "logK": -4.287911223593458, "loc": -0.08098339944620384, "logScale": 1.2189543358853108}