{"g1": 0.15026147636120743, "g2": 5.183530166594138, "logK": -1.3199470308223675, "loc": -0.02425846901357695, "logScale": 2.469797309595723}