{"g1": 0.04723780144600348, "g2": 7.967977871709635, "logK": -1.2776470816032148, "loc": 0.010289631078473041, "logScale": 1.2579140937358737}