{"g1": 0.0370516739668445, "g2": 10.00809301990569, "logK": -1.908707498842906, "loc": 0.0632421641158957, "logScale": 2.0315024663543046}