{"g1": 0.6647331366683807, "g2": 12.735993212163358, "logK": -1.3595321952695332, "loc": -0.010576717747282626, "logScale": -3.9628568252813827}