{"g1": 0.10437657540092803, "g2": 14.410957330634325, "logK": -4.353582381892654, "loc": -0.06021415574219091, "logScale": 1.0416890252534126}