{"g1": 0.19646343213532397, "g2": 1.8444314276898222, "logK": -3.9709619254817277, "loc": 0.07542188284664414, "logScale": 2.191396832837095}