{"g1": 0.05266046262319096, "g2": 10.743082209789181, "logK": -3.995179596402974, "loc": -0.06046305024429772, "logScale": 0.951923791140443}