{"g1": 0.1474153112084337, "g2": 1.1696619180904246, "logK": -1.4533343106698617, "loc": -0.08307306941410837, "logScale": 2.0939711410003126}