{"g1": 0.28933318558357174, "g2": 2.5711969252930595, "logK": -3.7924574117926277, "loc": -0.03949090710960307, "logScale": 2.2460256543506576}