{"g1": 0.16184815349197357, "g2": 1.0182352867304485, "logK": -2.588031895273999, "loc": 0.09582565771748168, "logScale": 2.095399330996609}