{"g1": 0.12730211073414757, "g2": 13.16518033523613, "logK": -4.989871260482733, "loc": -0.0526960420092601, "logScale": 2.467351370359596}