{"g1": 0.21294040994974692, "g2": 13.782891020253757, "logK": -2.8259718738980055, "loc": -0.05839298088473362, "logScale": 2.622713678291613}