{"g1": 0.2165457068175175, "g2": 8.726487349812661, "logK": -3.8647948741538887, "loc": 0.1280505614397823, "logScale": 1.2951049926878622}