{"g1": 0.8784081924491867, "g2": 0.18801364040238377, "logK": -1.107296539991654, "loc": -0.001030696801838947, "logScale": -3.903660690850904}