{"g1": 0.04152268890652259, "g2": 3.6638692672143134, "logK": -2.068738229635339, "loc": 0.09667446837104542, "logScale": 1.447460313339409}