{"g1": 0.42527675873230497, "g2": 5.321288832376626, "logK": -4.233914037384735, "loc": -0.004551841222421906, "logScale": -3.9895958856689826}