{"g1": 0.14157040772105006, "g2": 4.2168703327878845, "logK": -3.7417198087039667, "loc": -0.12740414251475918, "logScale": 2.1512265349471793}