{"g1": 0.05936033461372963, "g2": 5.481840921818591, "logK": -1.3937494547455334, "loc": -0.08492032971460492, "logScale": 1.117169815027156}