{"g1": 0.2528688687651306, "g2": 1.300193814564183, "logK": -2.667688318974131, "loc": 0.10734278405896884, "logScale": 2.2997340350916797}