{"g1": 0.14023461100773132, "g2": 10.615350228347333, "logK": -2.9247630009213976, "loc": 0.07738296675993758, "logScale": 2.243097928310989}