{"g1": 0.0412534581901506, "g2": 5.698312959806353, "logK": -3.0222450094497537, "loc": -0.03614504909387717, "logScale": 1.6987118291010037}