{"g1": 0.09222471636198162, "g2": 4.89195619003116, "logK": -4.396106494845355, "loc": -0.011204155569221603, "logScale": 2.0417237701834794}