{"g1": 0.3337434588285434, "g2": 13.004748096885574, "logK": -0.463588827570209, "loc": -0.035382829141543275, "logScale": 2.716615900694733}