{"g1": 0.1427840686085644, "g2": 0.7602799245465384, "logK": -2.604644277459721, "loc": 0.11895572499472529, "logScale": 0.93763972215469}