{"g1": 0.2772469468152047, "g2": 8.802757675290009, "logK": -4.212735466565029, "loc": 0.11669891336650762, "logScale": 2.703120838442449}