{"g1": 0.22623335035069905, "g2": 13.19261636995737, "logK": -0.035601844181842646, "loc": -0.14759489519362254, "logScale": 2.12094009454609}