{"g1": 0.04639901174687115, "g2": 5.401111883863389, "logK": -2.823749234508785, "loc": -0.06526369586461879, "logScale": 0.8057405695162819}