{"g1": 0.23356045298013858, "g2": 11.036556884917013, "logK": 0.9786846515003124, "loc": -0.08439484147973196, "logScale": 0.8240176533656969}