{"g1": 0.10464920735172197, "g2": 4.679088395610427, "logK": -3.2584274291658377, "loc": -0.025280587786245527, "logScale": 1.7641672726213533}