{"g1": 0.04032171871649322, "g2": 2.3936041288374077, "logK": -3.134427613039981, "loc": 0.058816468386040176, "logScale": 1.0505128328496909}