{"g1": 0.17745751570622476, "g2": 10.76088458920085, "logK": -1.4301277490193458, "loc": -0.010303266354655814, "logScale": 2.101150846139658}