{"g1": 0.26157784271580437, "g2": 8.67943699645426, "logK": -3.611446662350665, "loc": 0.10436949797317088, "logScale": 2.3698178607819442}