{"g1": 0.23833521655228074, "g2": 9.04800137998877, "logK": -2.203558140546936, "loc": -0.005773902283722626, "logScale": 2.647053176291897}