{"g1": 0.7220065654332131, "g2": 4.274111536742665, "logK": -4.321191052262353, "loc": -0.006746699079056659, "logScale": -3.9906424249163774}