{"g1": 0.15617071879333605, "g2": 3.674196975529463, "logK": -1.152776115296596, "loc": -0.12051190146178295, "logScale": 2.399730730481035}