{"g1": 0.6611551923669513, "g2": 10.06811023371994, "logK": -2.928282478447853, "loc": -0.005393804905273784, "logScale": -3.9921155791998726}