{"g1": 0.2992074936553663, "g2": 2.4614043416435654, "logK": -3.22969453268362, "loc": 0.10082035792899005, "logScale": 2.5501963262791456}