{"g1": 0.14891011397841955, "g2": 7.6338959808915945, "logK": -1.0348319136690307, "loc": -0.03498174997241328, "logScale": 1.7064254702241528}