{"g1": 0.309077293442628, "g2": 5.193674445937077, "logK": -3.40597386812947, "loc": -0.04271344002445297, "logScale": 2.6724644398506596}