{"g1": 0.14688324907862166, "g2": 6.633418437141696, "logK": -4.012508986795457, "loc": -0.1478925023893363, "logScale": 2.127848795015793}