{"g1": 0.034619181252410064, "g2": 10.53251443382576, "logK": -0.05219269692539852, "loc": -0.1140063540191859, "logScale": 0.8233557802011284}