{"g1": 0.6532912560279142, "g2": 4.679323850770145, "logK": -4.211478026411636, "loc": -0.000453278183876929, "logScale": -3.963210632303762}