{"g1": 0.9551301969147136, "g2": 11.264061773103768, "logK": -1.9117349357824531, "loc": -0.0030708466788594803, "logScale": -3.9900096377737326}