{"g1": 0.09624467951402266, "g2": 14.711287052947288, "logK": -2.881270413074199, "loc": -0.14267689762930352, "logScale": 1.4938340079197663}