{"g1": 0.05573769015285583, "g2": 11.53155894538485, "logK": -4.747952820054186, "loc": -0.11698196197638538, "logScale": 0.7448854913658904}