{"g1": 0.1111919931256477, "g2": 7.974447535195926, "logK": -3.3884168502103, "loc": -0.045477734927989254, "logScale": 2.467554175174211}