{"g1": 0.07285668416641058, "g2": 10.260501453061082, "logK": -1.07989154415715, "loc": -0.0012016526633850666, "logScale": 1.9241952985167687}