{"g1": 0.08331844969802588, "g2": 11.009251995895516, "logK": -3.995774680001558, "loc": 0.007703111597181896, "logScale": 1.1991781957874963}