{"g1": 0.22199594395974903, "g2": 12.820443294264486, "logK": -4.513235697939357, "loc": 0.09025491801469691, "logScale": 2.420357475131414}