{"g1": 0.130513736139033, "g2": 3.862662769126322, "logK": -1.6661945411620538, "loc": -0.0909196964541212, "logScale": 2.240582352013454}