{"g1": 0.14118527723878715, "g2": 13.942702587159863, "logK": -0.8881218031493585, "loc": 0.016245378227096208, "logScale": 2.1319345279071995}