{"g1": 0.3810088181637724, "g2": 12.048250052185974, "logK": -4.329418033794398, "loc": 0.14821157835462542, "logScale": 3.3166548101126594}