{"g1": 0.04875353923774301, "g2": 2.5782724103440353, "logK": -2.217989963681857, "loc": -0.004693378929329133, "logScale": 1.407139971651767}