{"g1": 0.1594113443695535, "g2": 13.580714221105104, "logK": -1.4515552911616574, "loc": -0.03218624767746238, "logScale": 1.884256032667875}