{"g1": 0.09264278383872876, "g2": 2.3764846615100295, "logK": -3.376521338157949, "loc": 0.056493168868347945, "logScale": 0.9146416229541459}