{"g1": 0.09172817408232305, "g2": 2.306669968192815, "logK": -1.4972988967713723, "loc": 0.010825398828021617, "logScale": 1.6020484127817711}