{"g1": 0.7452031894137146, "g2": 1.41204962683978, "logK": -3.396737942205198, "loc": 0.05450225154922328, "logScale": 2.4892839904570714}