{"g1": 0.10118104018500719, "g2": 4.837349298172129, "logK": -3.7433109622550633, "loc": 0.06688613059681556, "logScale": 1.3484581409202996}