{"g1": 0.5016674350653378, "g2": 3.658306770285222, "logK": -4.308159452572603, "loc": 0.0072990462262294276, "logScale": -3.9830825297508428}