{"g1": 0.32417433974899934, "g2": 14.188512294228309, "logK": -3.806110783817535, "loc": 0.04868925607474481, "logScale": 3.3815781061526504}