{"g1": 0.18900419451605563, "g2": 11.583516304280279, "logK": -1.2399995287712533, "loc": -0.12600004471298032, "logScale": 2.1029262354429745}