{"g1": 0.5053769802741236, "g2": 12.998909844522414, "logK": -1.9875981360852317, "loc": -0.013528385581324787, "logScale": 2.3473406794011673}