{"g1": 0.08411256316716939, "g2": 3.7461669112060125, "logK": -2.0777964255638603, "loc": 0.13213354988037265, "logScale": 2.271985227117654}