{"g1": 0.3416737633888572, "g2": 10.600880139540866, "logK": -2.286024992995494, "loc": 0.06232841795117845, "logScale": 2.6163839210750512}