{"g1": 0.17291797814614246, "g2": 1.6646970607064713, "logK": -2.7499154891803466, "loc": 0.024946236203891806, "logScale": 1.9429533062555924}