{"g1": 0.09514633545742246, "g2": 12.885168870494656, "logK": -0.34098567933611135, "loc": -0.0686131074002787, "logScale": 2.0842818234973355}