{"g1": 0.31823210506913824, "g2": 4.663639899575562, "logK": -2.647117360618737, "loc": 0.06604919505755737, "logScale": 2.8652199437059647}