{"g1": 0.27517010751249643, "g2": 10.229915932746252, "logK": -3.978797208022123, "loc": 0.10418835646181657, "logScale": 2.621492101066842}