{"g1": 0.09879996420458872, "g2": 8.062350783007448, "logK": -3.8579899877822283, "loc": -0.09872623704863226, "logScale": 1.7401524714672338}