{"g1": 0.19288216216321027, "g2": 9.712023897742164, "logK": -4.085121373297043, "loc": 0.009990784632714942, "logScale": 2.320586226371587}