{"g1": 0.061080284570506585, "g2": 8.283933157258668, "logK": -4.7584191631184645, "loc": 0.07102386262068809, "logScale": 0.9236854383881401}