{"g1": 0.09695181401233825, "g2": 4.052848873593531, "logK": -3.5985821306476273, "loc": -0.05023423973957589, "logScale": 2.360232595102595}