{"g1": 0.2809633045962322, "g2": 13.047381220708473, "logK": -0.8412511105273958, "loc": -0.14944952883245818, "logScale": 2.6570571627559403}