{"g1": 0.15104736149276254, "g2": 8.979592508469448, "logK": -4.143972252581926, "loc": 0.13000912467619236, "logScale": 2.47539553540891}