{"g1": 0.1621765816489687, "g2": 9.816713990170655, "logK": -1.9396074386770927, "loc": -0.005662645053528106, "logScale": 2.1401420104705013}