{"g1": 0.4290640406456181, "g2": 14.992429329691811, "logK": -0.7189159275333065, "loc": -0.07004811643227672, "logScale": 3.047279095910064}