{"g1": 0.102960292038965, "g2": 2.4944022352638386, "logK": -1.7650718159630014, "loc": -0.04125335069259799, "logScale": 1.5904729317024202}