{"g1": 0.13677036434932757, "g2": 6.404303383426121, "logK": -4.0824053487487495, "loc": -0.10991003902970617, "logScale": 2.2910939804551482}