{"g1": 0.10826212613599347, "g2": 4.769800393948644, "logK": -1.0909204212841126, "loc": 0.09463868260265183, "logScale": 2.3293290477912203}