{"g1": 0.5503115515883337, "g2": 3.3523274438919946, "logK": -4.951618433962971, "loc": -0.04273421302991502, "logScale": 2.5874835601776693}