{"g1": 0.11538071419741791, "g2": 4.478078085964043, "logK": -2.4753524394582884, "loc": -0.03162963611156061, "logScale": 2.0879886986735725}