{"g1": 0.32409651790731314, "g2": 0.06727385959432913, "logK": -2.0795853323750757, "loc": -0.006912416237917461, "logScale": -3.9932188106889415}