{"g1": 0.17131089343519046, "g2": 3.067187560167731, "logK": -0.9619674547460508, "loc": -0.11258926577117465, "logScale": 2.3651169698584003}