{"g1": 0.1839446423159107, "g2": 10.188269511763831, "logK": -4.983835530543992, "loc": 0.004698178291584479, "logScale": -3.975214162269374}