{"g1": 0.05631692706228364, "g2": 13.97931176723336, "logK": -4.4891861443072765, "loc": -0.11734268960100341, "logScale": 0.9614677513802966}