{"g1": 0.19323057649313563, "g2": 12.676290670192035, "logK": -1.927964965197012, "loc": -0.027270412492272703, "logScale": 2.0975801133491965}