{"g1": 0.49257442844391186, "g2": 12.454719446385436, "logK": -1.4137229080656109, "loc": -0.07707575392682571, "logScale": 1.9270662687424376}