{"g1": 0.06774880431585352, "g2": 7.6225482226391, "logK": -1.8069939602392302, "loc": -0.14927196020451614, "logScale": 1.6250508824442118}