{"g1": 0.09046988141468047, "g2": 2.0383180016557816, "logK": -2.7408825251049582, "loc": -0.040369272420950855, "logScale": 2.2745333687467797}