{"g1": 0.12231133795606668, "g2": 3.5087760731940576, "logK": -1.5020562587155848, "loc": 0.04145133958731293, "logScale": 2.246442757751724}