{"g1": 0.1073542961234907, "g2": 11.745395735234037, "logK": -1.4020605472314673, "loc": -0.066229545565195, "logScale": 2.3050775705369966}