{"g1": 0.2084362734096718, "g2": 14.79981970481351, "logK": -3.474843295239749, "loc": -0.01877602343795229, "logScale": 2.1809144140045977}