{"g1": 0.13026083452331377, "g2": 4.588362018384591, "logK": -1.3635440094284836, "loc": 0.05646470197459093, "logScale": 2.416942007076515}