{"g1": 0.0656054281528498, "g2": 12.295140249606641, "logK": -2.139859910188054, "loc": 0.05392934188414618, "logScale": 1.5900949111913438}