{"g1": 0.11745197296556795, "g2": 8.609440774858506, "logK": -1.9004993331012043, "loc": 0.1233684744706019, "logScale": 2.0078323933432727}