{"g1": 0.10292254464018522, "g2": 6.771825331708634, "logK": -2.128753782468465, "loc": -0.004585091290377339, "logScale": 1.9657628944190775}