{"g1": 0.1323390260238025, "g2": 2.9009809528133585, "logK": -2.464865762523444, "loc": 0.06792263770892576, "logScale": 2.3536309938761457}