{"g1": 0.2410851742245161, "g2": 6.25629761460427, "logK": -0.41247208290681103, "loc": -0.02499259073885599, "logScale": 2.377527437911291}