{"g1": 0.37930822648865664, "g2": 10.817032723877496, "logK": -2.451467666544199, "loc": -0.03224881836313882, "logScale": 3.3172941961161437}