{"g1": 0.15235880141296973, "g2": 3.908171241032325, "logK": -3.1441166708518065, "loc": -0.09048604978597785, "logScale": 2.8475667178025272}