{"g1": 0.07571304036261019, "g2": 7.842935616843005, "logK": -1.4821569690955805, "loc": -0.015619239283748976, "logScale": 1.9909490539567543}