{"g1": 0.12442923177463203, "g2": 13.894084880061286, "logK": -2.8073401123669406, "loc": -0.03688592705415549, "logScale": 1.541266653696534}