{"g1": 0.5416807248487253, "g2": 11.054936002919773, "logK": -3.5922439405650706, "loc": -0.0026188799821998746, "logScale": -3.9549300225620674}