{"g1": 0.23549531201939983, "g2": 14.44956464342584, "logK": -3.3946366533061543, "loc": 0.10484648477873211, "logScale": 2.253302164899281}