{"g1": 0.20902331647680708, "g2": 9.25115137938816, "logK": -2.202395515191387, "loc": -0.10673774947137034, "logScale": 2.3104797542461113}