{"g1": 0.29229600422609536, "g2": 9.931838643073872, "logK": -3.599109621632559, "loc": 0.07558958514073438, "logScale": 3.5758380695059317}