{"g1": 0.4121111515095671, "g2": 4.210636077508981, "logK": 0.8303163281722448, "loc": -0.05427130806274788, "logScale": 1.5184680440683553}