{"g1": 0.035156675907116075, "g2": 0.9263190359533864, "logK": -4.74042625734664, "loc": 0.10368182132531853, "logScale": 1.468746936130661}