{"g1": 0.10228682985405316, "g2": 12.443839756629554, "logK": -2.3894117568236855, "loc": -0.025181993444358765, "logScale": 2.440711900159634}