{"g1": 0.187412637400999, "g2": 6.801938080961882, "logK": -2.7407955223862186, "loc": 0.05052826851350511, "logScale": 2.2515545597319124}