{"g1": 0.05380279677413857, "g2": 10.843819510528826, "logK": -3.9631280643885374, "loc": 0.0064819939700904855, "logScale": 0.8453365345354642}