{"g1": 0.37681046968264753, "g2": 8.680416347037632, "logK": -1.9253005693828185, "loc": 0.101144514193402, "logScale": 2.798306220829096}