{"g1": 0.056265138668022074, "g2": 11.955479606558765, "logK": -0.8828627050693931, "loc": -0.11129259702795136, "logScale": 1.4240871331936074}