{"g1": 0.3549047360805987, "g2": 1.10331240063164, "logK": -2.7053737467578785, "loc": -0.042537848546008616, "logScale": 2.0912375990805767}