{"g1": 0.5310375591227536, "g2": 14.707098152921464, "logK": -2.7161001737999206, "loc": -0.12192784318837745, "logScale": 2.573460827914213}