{"g1": 0.11926485738655285, "g2": 3.9584413224484187, "logK": -1.572569476988892, "loc": 0.10030111010800072, "logScale": 2.164433793244045}