{"g1": 0.08292243560474158, "g2": 13.05974242217874, "logK": -1.7329711127076626, "loc": -0.05883241425386428, "logScale": 1.422892170205463}