{"g1": 0.23406780270705088, "g2": 5.388599527956217, "logK": -4.665620002865076, "loc": 0.1109843597967445, "logScale": 2.588560159120313}