{"g1": 0.23588136778209903, "g2": 4.948039113201285, "logK": -1.1862503835923657, "loc": -0.11240620724641319, "logScale": 2.331936590745892}