{"g1": 0.25729459132177673, "g2": 12.277317346663402, "logK": -4.022089746565978, "loc": -0.06381906976980993, "logScale": 2.8091355185318414}