{"g1": 0.3412257146607661, "g2": 8.359270957758122, "logK": -0.8614016658781467, "loc": 0.0616183859086825, "logScale": 2.4870635080240278}