{"g1": 0.4260749107774836, "g2": 1.1386960907054742, "logK": -2.0257413161845275, "loc": 0.05123619616877091, "logScale": 2.33963560236238}