{"g1": 0.3038680643255186, "g2": 12.952341874872769, "logK": -4.4867213508423704, "loc": -0.03276352222759337, "logScale": 3.2025692886887285}