{"g1": 0.5187463805603838, "g2": 14.486524196648226, "logK": -4.696249404564597, "loc": 0.10647682761755119, "logScale": 3.402057497545624}