{"g1": 0.6001864937047191, "g2": 1.4795449821168, "logK": -4.510648682091439, "loc": 0.0736416231404885, "logScale": 1.765559448605562}