{"g1": 0.2008323086189899, "g2": 7.00258772110453, "logK": -0.7788337180674235, "loc": -0.1315463694041478, "logScale": 2.613635759104463}