{"g1": 0.2798333985338791, "g2": 5.166027208540855, "logK": -0.5879969614424235, "loc": 0.11869750386040533, "logScale": 1.8505269801755726}