{"g1": 0.0968530247734152, "g2": 2.35316814452794, "logK": -2.9332974633742848, "loc": 0.0804767740976329, "logScale": 2.395898507957295}