{"g1": 0.16295705836868807, "g2": 7.037361135637453, "logK": -0.6998502359942149, "loc": 0.1491498878313716, "logScale": 2.0702430646415597}