{"g1": 0.06739734005538417, "g2": 8.050616522337933, "logK": -0.8189803510680325, "loc": 0.025397711106718526, "logScale": 1.5703630685003898}