{"g1": 0.08155337273718312, "g2": 5.212382265266187, "logK": -1.5910999021179557, "loc": -0.04362575416276129, "logScale": 2.311153709212365}