{"g1": 0.0973844850062772, "g2": 5.568578604226494, "logK": -2.0751900398852916, "loc": -0.11911808192482473, "logScale": 1.0810113719055747}