{"g1": 0.016627542749315716, "g2": 1.7351354527045064, "logK": -1.4056346629338488, "loc": -0.1288824688392391, "logScale": 0.8195158435201645}