{"g1": 0.6786952244721414, "g2": 0.3676945347566835, "logK": -2.2171093900114243, "loc": -0.005650057720980817, "logScale": 1.3866111317166712}