{"g1": 0.13072667109884817, "g2": 13.590301683104045, "logK": -1.4056558095321563, "loc": 0.09073398775509713, "logScale": 2.4344482731857195}