{"g1": 0.08955277073369439, "g2": 3.844144618530013, "logK": -3.417725904777522, "loc": 0.12926072607192318, "logScale": 2.370058768715259}