{"g1": 0.8695546487385862, "g2": 0.6354010626491182, "logK": -2.5388609412152667, "loc": 0.14592315077154513, "logScale": 2.228011136127889}