{"g1": 0.3210110389354591, "g2": 12.211064743902572, "logK": -1.305127956450326, "loc": 0.09438284219884845, "logScale": 2.409600818957762}