{"g1": 0.6344905466573725, "g2": 4.265714906924437, "logK": -2.2143273191933663, "loc": -0.00040497197066110754, "logScale": -3.995339703884618}