{"g1": 0.20833427936937532, "g2": 14.99222281694534, "logK": -0.45006033322081707, "loc": -0.06407080164223229, "logScale": 2.225167187675096}