{"g1": 0.14553238066699542, "g2": 10.88506143167235, "logK": -1.517059435944954, "loc": -0.08670861942973881, "logScale": 2.2261495407287404}