{"g1": 0.14721668317748296, "g2": 11.708799218467334, "logK": -4.006788263186902, "loc": -0.1110720187283296, "logScale": 2.3000659955265066}