{"g1": 0.1093316838722011, "g2": 3.376607492725631, "logK": -4.784709772907242, "loc": -0.11107899923960102, "logScale": 2.153637638409329}