{"g1": 0.6844163939900685, "g2": 13.545236587393086, "logK": -1.2307555883740866, "loc": -0.0092831557439486, "logScale": -3.9983010920047164}