{"g1": 0.38947171677466297, "g2": 9.58717071584607, "logK": -3.3578801596594188, "loc": -0.033993643327145766, "logScale": 2.579909006325963}