{"g1": 0.08928012026504313, "g2": 8.321689415311237, "logK": -2.996593956041025, "loc": -0.12948270635223608, "logScale": 1.0602605854485279}