{"g1": 0.25045954507445956, "g2": 13.06975975346927, "logK": -3.885395783601759, "loc": 0.11556308034841664, "logScale": 2.525327384883277}