{"g1": 0.06123370862771795, "g2": 12.65762462745027, "logK": -3.051214524961532, "loc": -0.020737243236571425, "logScale": 1.3130580263525633}