{"g1": 0.16171289860828492, "g2": 4.337693369603576, "logK": -1.184057199710514, "loc": -0.14157511830473565, "logScale": 2.356729448038922}