{"g1": 0.8382286031180897, "g2": 13.906738031805443, "logK": -0.7951687965185732, "loc": -0.008744346758310338, "logScale": -3.980202841851422}