{"g1": 0.14766804989728943, "g2": 3.4862990982253868, "logK": -0.6595519600002268, "loc": 0.021130909372091174, "logScale": 2.1809890920204964}