{"g1": 0.15146652455049098, "g2": 4.45970850333051, "logK": -2.862866024793062, "loc": 0.023977090037692477, "logScale": 2.257062093850339}