{"g1": 0.10186030749744787, "g2": 13.032484096419347, "logK": -1.250811966359623, "loc": 0.09517671149399035, "logScale": 2.4026576462471074}