{"g1": 0.18661627712902043, "g2": 12.692898050920332, "logK": -4.389823658575039, "loc": 0.12538763846420534, "logScale": 2.4997684435059693}