{"g1": 0.18769105523588256, "g2": 11.743412691805428, "logK": -3.1732117922833, "loc": 0.1498362592745811, "logScale": 2.180364433045082}