{"g1": 0.07689198662904158, "g2": 9.068428733056914, "logK": -2.5543670596031234, "loc": -0.06393777694863148, "logScale": 2.5981575397154537}