{"g1": 0.05228751946835282, "g2": 7.160858872097585, "logK": -3.4834640098408576, "loc": 0.08973818284764669, "logScale": 1.5674953634515132}