{"g1": 0.07370734520359706, "g2": 11.965345332428429, "logK": 0.5056205082653223, "loc": 0.08378019843629517, "logScale": 0.5515327884804577}