{"g1": 0.1432976551027293, "g2": 14.997768833692835, "logK": -1.6876464082919673, "loc": 0.10250133116015882, "logScale": 2.623318409656974}