{"g1": 0.41499198630684875, "g2": 13.73042338324296, "logK": -0.499503413337135, "loc": 0.1393420743364305, "logScale": 2.350658588158231}