{"g1": 0.3204583911543053, "g2": 4.678483574450621, "logK": -1.4203902584846706, "loc": -0.06566361530776213, "logScale": 2.061412179328129}