{"g1": 0.3708690469968008, "g2": 2.6123878063766695, "logK": -3.175651490574421, "loc": 0.07484599725290349, "logScale": 2.083620631417275}