{"g1": 0.22587158421608047, "g2": 1.893415143706093, "logK": -3.9133634990141934, "loc": 0.08739365353720331, "logScale": 2.6859250589656725}