{"g1": 0.07566195005071108, "g2": 7.007839904478691, "logK": -2.0644478877446097, "loc": -0.09585071890440347, "logScale": 1.3416943638372483}