{"g1": 0.178632612936666, "g2": 2.912578746997295, "logK": -3.2009757091600477, "loc": -0.09192199950819332, "logScale": 1.4267056816608843}