{"g1": 0.06005861948252794, "g2": 3.6502401472478607, "logK": -1.5005423798314639, "loc": 0.055905807910778545, "logScale": 2.0747860781416834}