{"g1": 0.08303308343259214, "g2": 1.3777848669707256, "logK": -0.9311767453325548, "loc": -0.02954211987879297, "logScale": 1.2653450770678694}