{"g1": 0.09262933872861301, "g2": 14.923018337603711, "logK": -2.760121774303788, "loc": 0.034771483013358515, "logScale": 1.102936190935171}