{"g1": 0.9464957211443795, "g2": 6.560438255706908, "logK": -2.3190048295872683, "loc": -0.001476153088034499, "logScale": -3.9890916126938096}