{"g1": 0.12843785842856353, "g2": 6.239492206473984, "logK": -2.1407028233831924, "loc": 0.06408706672240469, "logScale": 1.587231176755585}