{"g1": 0.058356865489900184, "g2": 1.7247018955757976, "logK": -2.975469959678807, "loc": 0.023088397814676573, "logScale": 2.3633652047570117}