{"g1": 0.06081541290758852, "g2": 7.689199790180952, "logK": -3.967911982221758, "loc": -0.1107419253124324, "logScale": 0.9085258403950962}