{"g1": 0.20698860078932532, "g2": 11.074700081742058, "logK": -0.42683657538573994, "loc": -0.05243323071136896, "logScale": 1.9143273680819761}