{"g1": 0.08243130808816765, "g2": 7.648471117869861, "logK": -2.410023390510518, "loc": 0.10341050204465685, "logScale": 1.360838775177834}