{"g1": 0.19013924238393004, "g2": 14.880637411923722, "logK": -0.6195023835144009, "loc": -0.013330631608007194, "logScale": -3.980268366047725}