{"g1": 0.7528362403058332, "g2": 0.7632143065508503, "logK": -0.7470985578589798, "loc": -0.08022351483057978, "logScale": 1.9764927393510823}