{"g1": 0.13517206032924706, "g2": 12.277621697377285, "logK": -3.702547193954696, "loc": 0.0030971030527401503, "logScale": -3.9890871277094955}