{"g1": 0.06843538487246573, "g2": 2.4911360451257885, "logK": -2.6853928102736946, "loc": 0.046819432162376974, "logScale": 1.5193301798859247}