{"g1": 0.2811048063036423, "g2": 0.6144981490506911, "logK": -1.4766497470513897, "loc": 0.14652169009117139, "logScale": 2.3095732069360952}