{"g1": 0.36871777696941654, "g2": 6.417692096134505, "logK": -2.8804770821853753, "loc": -0.05258963869909679, "logScale": 2.6703165181673993}