{"g1": 0.043593265810977624, "g2": 4.456831497190139, "logK": -3.471560272093832, "loc": 0.06402235243811756, "logScale": 0.9519888516961801}