{"g1": 0.018154999429568382, "g2": 12.955228144421653, "logK": -0.997844530991873, "loc": 0.11145498430810503, "logScale": 0.36428818284549075}