{"g1": 0.09861918671009029, "g2": 10.091709235592031, "logK": -2.578117083954433, "loc": 0.10731897740755944, "logScale": 2.2164112400920915}