{"g1": 0.2834521501622309, "g2": 5.618578942339358, "logK": -3.0355050548636853, "loc": 0.0632012279616216, "logScale": 2.768606320418078}