{"g1": 0.08816829492165898, "g2": 13.603262404089229, "logK": -4.431321730043995, "loc": -0.04416221632411812, "logScale": 2.286521523583258}