{"g1": 0.1504967938059481, "g2": 4.22372040312754, "logK": -1.4894977129069218, "loc": -0.0015708463412597296, "logScale": 2.3395738106848296}