{"g1": 0.1468908131009011, "g2": 9.256805123656084, "logK": -3.0536211900564134, "loc": -0.09429714935122796, "logScale": 2.5199057260464186}