{"g1": 0.13731377139951195, "g2": 5.628126434584614, "logK": -0.4073169689182724, "loc": -0.0059699162317506105, "logScale": 1.971540450626458}