{"g1": 0.9025100286536529, "g2": 0.27305785316662223, "logK": -2.348120796295851, "loc": -0.0605247645325734, "logScale": 1.3690105631164828}