{"g1": 0.4148073612286642, "g2": 12.746993182343186, "logK": -2.8250743393666458, "loc": 0.013708242936939747, "logScale": 3.065491485132253}