{"g1": 0.18794179325489274, "g2": 0.9122211583738871, "logK": -0.557654841662464, "loc": 0.07158690635617378, "logScale": 1.593320034985938}