{"g1": 0.34175285147415246, "g2": 7.979832324224738, "logK": -1.3775098587738916, "loc": 0.07467968097561213, "logScale": 2.7028533579498504}