{"g1": 0.17188815093006538, "g2": 11.047675027964146, "logK": -3.703986380924877, "loc": -0.13797845034762543, "logScale": 1.6419231153343121}