{"g1": 0.14331997504835436, "g2": 13.371686024474114, "logK": -2.9976139841171223, "loc": 0.0853675302935254, "logScale": 3.3825603455579643}