{"g1": 0.1401424554150359, "g2": 2.409091344035782, "logK": -4.020194471421504, "loc": 0.044810533956108026, "logScale": 2.2799769399495005}