{"g1": 0.1480312181105944, "g2": 13.569079029535144, "logK": -2.416243598640726, "loc": 0.14811534565557066, "logScale": 2.2228700635968726}