{"g1": 0.5483720803019653, "g2": 13.764212922628582, "logK": -4.4121853070652834, "loc": -0.006974988162188479, "logScale": -3.9938241711975584}