{"g1": 0.08446989239595992, "g2": 2.719425118094325, "logK": -4.964207543945271, "loc": 0.0723759991534851, "logScale": 2.562887835830652}