{"g1": 0.12146889390165717, "g2": 12.746811148724822, "logK": -2.6446539072291655, "loc": 0.07989708117942118, "logScale": 1.6095528771591494}