{"g1": 0.05987325602616607, "g2": 14.846467105915956, "logK": -3.457234330427902, "loc": -0.08482341743014954, "logScale": 1.7705456371601453}