{"g1": 0.2449424345556891, "g2": 10.687115125432621, "logK": -1.2216390939060278, "loc": -0.013259976257145742, "logScale": -3.999988216550502}