{"g1": 0.19104121838389676, "g2": 14.275037858279056, "logK": -2.8931099808118246, "loc": 0.04451827284107371, "logScale": 3.146273242334607}