{"g1": 0.11309110969608471, "g2": 6.388536040199607, "logK": -2.2346126869328136, "loc": 0.06714114866099474, "logScale": 1.6649263271601848}