{"g1": 0.11018935745423737, "g2": 3.460637624026384, "logK": -2.1236245068902813, "loc": -0.06943486485128224, "logScale": 1.3415375878896871}