{"g1": 0.132837989914591, "g2": 3.86136487604518, "logK": -1.4891397629488035, "loc": -0.03117518001586137, "logScale": 2.247956400682481}