{"g1": 0.10345331402633356, "g2": 2.5875544803774275, "logK": -3.4909531679209254, "loc": -0.1204779998022047, "logScale": 1.9590154603130912}