{"g1": 0.11682937748388186, "g2": 1.5784684885914853, "logK": -1.8088173042533935, "loc": -0.015377109282657456, "logScale": 1.3736088412556597}