{"g1": 0.10127296342391497, "g2": 11.668965910748803, "logK": -2.216495557799784, "loc": 0.022030583016037428, "logScale": 2.241443353847441}