{"g1": 0.7669384525037944, "g2": 14.27967219740558, "logK": -3.1659003169882944, "loc": 0.06643916453281559, "logScale": 3.3932046382122043}