{"g1": 0.12937791115635994, "g2": 2.7359537947528323, "logK": -4.749360446749096, "loc": -0.016745085349358542, "logScale": 2.1288019179332873}