{"g1": 0.1452573718430577, "g2": 11.771787216152754, "logK": -2.6327208820085826, "loc": -0.07490872184892357, "logScale": 2.365508144091604}