{"g1": 0.22690484365709224, "g2": 7.624484196098233, "logK": -1.872981873210778, "loc": 0.029361037123087803, "logScale": 2.304288474171727}