{"g1": 0.1648121339512904, "g2": 12.841902206410168, "logK": -3.2419088094273163, "loc": -0.030754994218482802, "logScale": 2.1566694042731664}