{"g1": 0.22578995056848006, "g2": 9.36837193547884, "logK": -1.778872573737824, "loc": -0.0031782666341377656, "logScale": 2.6414958942926763}