{"g1": 0.9738999214282387, "g2": 12.575179336475824, "logK": 0.5230246314655713, "loc": -0.024456844864419347, "logScale": -3.995232315730947}