{"g1": 0.999663544198627, "g2": 9.03603147015666, "logK": -2.173086953872637, "loc": 0.004190905944866699, "logScale": -3.042202075405308}