{"g1": 0.9693449056533268, "g2": 2.159340804784982, "logK": -4.529308282382023, "loc": -0.0005796754586509878, "logScale": -3.564968931469892}