{"g1": 0.5450618427361079, "g2": 11.517867266551436, "logK": -4.840696473225892, "loc": 0.012812264163004534, "logScale": -3.993940876024992}