{"g1": 0.8782136360907413, "g2": 12.3135186553084, "logK": -0.5279143124119232, "loc": -0.012188759689213758, "logScale": -3.9793399358665007}