{"g1": 0.005819587441761476, "g2": 7.031126721601291, "logK": -1.9515005820295233, "loc": 0.10527053694308892, "logScale": 1.0165048692800056}