{"g1": 0.19361415108467747, "g2": 0.045575038374479515, "logK": 0.5714362537736126, "loc": -0.12281291220980406, "logScale": 0.6226029952896418}