{"g1": 0.039150361209093404, "g2": 11.26396133163114, "logK": 0.5142063437912643, "loc": -0.04468263285811764, "logScale": 0.3306391567391447}