{"g1": 0.0024227805068986197, "g2": 5.661435330011241, "logK": 0.826434993236799, "loc": 0.10419204548765572, "logScale": 0.3719333363256532}