{"g1": 0.02258781693074654, "g2": 1.2358391321785689, "logK": 0.2851918401283825, "loc": -0.11433678087423851, "logScale": 1.01105380110566}