{"g1": 0.0025877241849622096, "g2": 13.042546669205244, "logK": -4.883386853519056, "loc": -0.08208623298284463, "logScale": 1.2683849777193232}