{"g1": 0.03772540159163161, "g2": 14.165223942307916, "logK": -4.999322627955195, "loc": 0.020539622379614153, "logScale": 1.2579629527759355}