{"g1": 0.8565234683658038, "g2": 0.015981600809164664, "logK": -3.6603169593317086, "loc": -0.08136954874563175, "logScale": 1.4340590166701306}