{"g1": 0.11857308648962524, "g2": 4.536502365752135, "logK": 0.43491780420086107, "loc": 0.13667555844579557, "logScale": 0.32609640862743083}