{"g1": 0.42486904235153244, "g2": 1.4673725106817601, "logK": -1.1480482358094581, "loc": 0.0008334793003769107, "logScale": -3.9880026164316664}