{"g1": 0.13532545172868773, "g2": 0.020866052271130364, "logK": 0.5744324637401578, "loc": -0.06848771962635339, "logScale": 0.6866324435980736}