{"g1": 0.051586199517784426, "g2": 1.6421544235711927, "logK": -0.019554643806016347, "loc": 0.07792978653344584, "logScale": 1.3073369094270104}