{"g1": 0.6960044358331254, "g2": 0.09613644901232486, "logK": 0.6454875148234994, "loc": 0.1047232945143559, "logScale": 0.7501081381622347}