{"g1": 0.0034703094891473524, "g2": 14.577179098877526, "logK": -2.667601096386361, "loc": 0.0440363887916385, "logScale": 0.9941551720613507}