{"g1": 0.205900882989766, "g2": 7.616884651668568, "logK": 0.826483747046181, "loc": -0.0808442929128201, "logScale": -1.8056854683395676}