{"g1": 0.5715965687790585, "g2": 3.2212311327885335, "logK": 0.798093186456698, "loc": -0.12351773880111752, "logScale": -0.26913186820043467}