{"g1": 0.10013944341696948, "g2": 3.013957602055164, "logK": 0.25680528209615394, "loc": -0.08442599287815765, "logScale": -0.8738927663775818}