{"g1": 0.3141996381285211, "g2": 10.193980591814565, "logK": -0.46268320288597264, "loc": 0.09148622062457462, "logScale": -0.49118502726576346}