{"g1": 0.347835013567058, "g2": 10.345214607015299, "logK": -0.4298880387577788, "loc": -0.03832527598580088, "logScale": -1.9042013063418555}