{"g1": 0.19347997935154454, "g2": 5.93277904288892, "logK": -0.023797281694352135, "loc": -0.0635064720623943, "logScale": -2.1525395189433945}