{"g1": 0.6128798160302372, "g2": 0.459772865632552, "logK": 0.8805111323447516, "loc": -0.0782388991718195, "logScale": -1.8678762926434924}