{"g1": 0.21128796598246163, "g2": 5.541370773815899, "logK": 0.7066847801393303, "loc": -0.14540290944580728, "logScale": -1.1755571985789448}