{"g1": 0.7357756763688903, "g2": 2.654924979986192, "logK": 0.6617932375270501, "loc": 0.013590907628569793, "logScale": -0.766416968697569}