{"g1": 0.41310226880968093, "g2": 1.489120428066677, "logK": -3.106792644044445, "loc": -0.06103733599621196, "logScale": -1.7603847968731638}