{"g1": 0.5689691880484493, "g2": 3.054860899384032, "logK": 0.7431476176577994, "loc": 0.07837985878931003, "logScale": -0.11685920963015639}