{"g1": 0.8449392347662623, "g2": 1.4857196451368124, "logK": 0.6185151284208004, "loc": -0.13109183006098418, "logScale": -0.13138344735258417}