{"g1": 0.7719294512365956, "g2": 2.6896270672054894, "logK": 0.9947403940296818, "loc": 0.026833061027503054, "logScale": -0.5760054315442027}