{"g1": 0.9050061134290238, "g2": 1.6780090418729063, "logK": -4.992764752730253, "loc": 0.07342859216285956, "logScale": 0.780178571587637}