{"g1": 0.19747610918575675, "g2": 10.375864425404048, "logK": 0.7978475748363253, "loc": 0.08217027860942908, "logScale": -1.0534293251413773}