{"g1": 0.36888459393376105, "g2": 3.219921544627587, "logK": -2.0993731580954313, "loc": 0.06623348054173739, "logScale": -1.908844910608483}