{"g1": 0.21434964335669143, "g2": 14.55384664134758, "logK": -0.6226527284873096, "loc": -0.012886944253967123, "logScale": -1.977454163960303}