{"g1": 0.29147606654309793, "g2": 14.31950911967582, "logK": -0.6102034443584232, "loc": -0.04865647000559871, "logScale": -1.921356013952096}