{"g1": 0.6975344613229941, "g2": 3.5044698256541285, "logK": 0.7753814623840691, "loc": -0.016218572879540982, "logScale": -0.10110002404608043}