{"g1": 0.673310584092679, "g2": 1.0648423529996212, "logK": 0.583752467403593, "loc": -0.03994558545326395, "logScale": -0.2557153721781351}