{"g1": 0.3205444411975147, "g2": 10.132526926835101, "logK": 0.8432191645827762, "loc": -0.07378175374330767, "logScale": -1.336553386024792}