{"g1": 0.41452511242568496, "g2": 1.229832152371316, "logK": -0.7661860887217773, "loc": 0.013864106594367896, "logScale": -1.9510883907985082}