{"g1": 0.5263584079334399, "g2": 1.3594518395232877, "logK": 0.6874339775567799, "loc": 0.08895846228666181, "logScale": -0.7647758369144158}