{"g1": 0.42405304125385596, "g2": 12.681423732753082, "logK": 0.8466923037791914, "loc": 0.016515462573020608, "logScale": 0.04064475095525388}