{"g1": 0.16671827522446056, "g2": 4.781871031019301, "logK": -4.869625808107128, "loc": -0.07036291227583202, "logScale": -1.9389556955685259}