{"g1": 0.7481603480991647, "g2": 1.1994539857167328, "logK": 0.350694939639163, "loc": 0.09828737011642114, "logScale": -0.22837696729943113}