{"g1": 0.2490547174218082, "g2": 14.99843998534674, "logK": -0.3912909594575784, "loc": -0.05988372773368968, "logScale": -2.055563531638641}