{"g1": 0.23256984098770986, "g2": 9.715481631534402, "logK": -3.3651950880683543, "loc": 0.056147107982703094, "logScale": -1.7358992256301626}