{"g1": 0.5662527862821065, "g2": 2.143274996730577, "logK": 0.5106117188402707, "loc": 0.03952435955651481, "logScale": 0.2159071786385566}