{"g1": 0.5409773437519092, "g2": 13.160949882645221, "logK": 0.7253489993354865, "loc": 0.015375630025431679, "logScale": -0.15742088917889302}