{"g1": 0.457797897101743, "g2": 2.8225657032251465, "logK": 0.25365779115696174, "loc": -0.02800399804032099, "logScale": -0.9580255530409952}