{"g1": 0.542516446924332, "g2": 5.5237433281954536, "logK": 0.7598399697489258, "loc": 0.10341348890834215, "logScale": 0.1030285472923893}