{"g1": 0.18873335245303283, "g2": 3.3764574713958693, "logK": 0.4488466411380987, "loc": -0.10041205535430703, "logScale": -0.9388657049865431}