{"g1": 0.25118916219224297, "g2": 5.676503283313412, "logK": -3.053473029773116, "loc": -0.07277958459598897, "logScale": -2.0066480034304925}