{"g1": 0.9558389984687539, "g2": 2.2357758041135276, "logK": 0.19891218575635916, "loc": -0.14498431085773322, "logScale": -0.14015285484488316}