{"g1": 0.5330520094687199, "g2": 3.1982220988499845, "logK": -1.1638760863727866, "loc": -0.08361930062858648, "logScale": -1.861565954101641}