{"g1": 0.7657089424550515, "g2": 2.0056751710000995, "logK": 0.3041309052844857, "loc": 0.036887361400466306, "logScale": -0.004188910682424329}