{"g1": 0.8472784523878631, "g2": 0.02618570107347719, "logK": 0.725490699305934, "loc": 0.0489378876473205, "logScale": -1.4042363064257373}