{"g1": 0.739421736509799, "g2": 1.1800786339801226, "logK": 0.602118867207835, "loc": 0.10812074770277078, "logScale": -0.7861731489263336}