{"g1": 0.41467393301876154, "g2": 8.97723027153494, "logK": -2.936625325772563, "loc": -0.03840999057111977, "logScale": -0.0533514899446445}