{"g1": 0.24357371311584491, "g2": 0.18260955776815813, "logK": -2.685002627173089, "loc": 0.14642055275417165, "logScale": -0.59752514726973}