{"g1": 0.39553630005802304, "g2": 7.7490948196605, "logK": 0.38097514324192, "loc": -0.038186030253999456, "logScale": 0.41683405356273195}