{"g1": 0.41554136429021904, "g2": 2.318026204664296, "logK": -0.7189771302910883, "loc": 0.006955750598491546, "logScale": -1.8770653268519473}