{"g1": 0.7863015288393556, "g2": 3.0449053178949237, "logK": 0.2673400891947779, "loc": 0.08862044158482242, "logScale": -0.38666699346313804}