{"g1": 0.11856248749918147, "g2": 8.614737746076031, "logK": 0.33834354587286913, "loc": -0.04799731381315563, "logScale": -0.9613019719911751}