{"g1": 0.9276406714470278, "g2": 3.156327534596608, "logK": 0.39201823421644494, "loc": 0.045719593754297835, "logScale": -0.5153475721889141}