{"g1": 0.48230435571062086, "g2": 4.699864367523743, "logK": -0.7600406324360214, "loc": -0.09727127657393225, "logScale": -1.8213043550043675}