{"g1": 0.4141907193590714, "g2": 11.035217456236348, "logK": 0.8298098029637363, "loc": 0.08888178993296245, "logScale": -1.801340124716077}