{"g1": 0.14451056278797045, "g2": 13.791458247884252, "logK": 0.8251080622030129, "loc": -0.05681244335757918, "logScale": -1.2067166219984018}