{"g1": 0.5120787703568084, "g2": 10.863002174473904, "logK": -0.40718833358072026, "loc": -0.08575487799967584, "logScale": -1.9086847429932103}