{"g1": 0.3187897228912018, "g2": 11.992494778180255, "logK": -1.086756199220267, "loc": -0.1389966853670585, "logScale": -1.8433477720289437}