{"g1": 0.40338659723413295, "g2": 7.056328109223734, "logK": -0.7027120232583208, "loc": -0.02132065509272031, "logScale": -1.9772792551635106}