{"g1": 0.8399580958547034, "g2": 2.9624557722113565, "logK": 0.6936365047238671, "loc": -0.11251687870348709, "logScale": 0.06377843727698485}