{"g1": 0.17789014470143305, "g2": 12.83329946524959, "logK": 0.7752734460038677, "loc": 0.09741838458939467, "logScale": -1.4474780487482153}