{"g1": 0.26367431849898115, "g2": 13.16534703501323, "logK": 0.6654879863530772, "loc": 0.11655667312660821, "logScale": -1.072084627025634}