{"g1": 0.5731781771679335, "g2": 4.903705705631938, "logK": 0.07967916732711178, "loc": -0.045625024162975175, "logScale": -0.003311437210325341}