{"g1": 0.04264015106168727, "g2": 4.585052564037298, "logK": 0.4200047349444457, "loc": -0.11201150936464102, "logScale": -1.47297349259834}