{"g1": 0.5279013642534253, "g2": 6.927996166925764, "logK": 0.39379366505608954, "loc": -0.05130735359419283, "logScale": -0.13954841801179485}