{"g1": 0.6535645638218283, "g2": 6.478911410014989, "logK": 0.9891713426544131, "loc": 0.022481959695661972, "logScale": -0.06039626238532464}