{"g1": 0.8064941993335468, "g2": 0.061144397183509724, "logK": -1.5244620146900987, "loc": -0.0495994724325309, "logScale": 0.010399785247568738}