{"g1": 0.014450815747433926, "g2": 10.380835113627818, "logK": -0.04869269503808926, "loc": -0.03083213713719371, "logScale": -0.4308816780898871}