{"g1": 0.06245347072651737, "g2": 11.7219702368674, "logK": 0.3554742859393314, "loc": -0.019830009918934702, "logScale": -0.6433416768842594}