{"g1": 0.08002207056183322, "g2": 12.020734376702462, "logK": 0.3939051326196618, "loc": -0.05472949909343566, "logScale": -0.7663936778989522}