{"g1": 0.9413177036910156, "g2": 6.225045804241365, "logK": 0.8498328094243226, "loc": 0.004724362527255374, "logScale": -3.368444810942503}