{"g1": 0.99757798422174, "g2": 12.885645866290623, "logK": 0.8566240246326009, "loc": -0.02832003783718801, "logScale": -2.9309620149709534}