{"g1": 0.8947549224352476, "g2": 8.402560023278765, "logK": 0.14860809523881896, "loc": -0.024819292768648, "logScale": -2.684438473163084}