{"g1": 0.9819700679651803, "g2": 11.121774566227474, "logK": -4.3463511677736895, "loc": -0.011477666488841923, "logScale": -1.76516606561389}