{"g1": 0.8452590838623386, "g2": 3.7782299923472595, "logK": -3.3857676269872776, "loc": 0.00014811976864929563, "logScale": -2.2300687927836806}