{"g1": 0.08671532475989191, "g2": 13.373536808242601, "logK": -1.6316080249554288, "loc": -0.002793588030988951, "logScale": -3.9977565777678126}