{"g1": 0.24366455350842792, "g2": 5.908588158168113, "logK": 0.9817622229688789, "loc": -0.04273439065096492, "logScale": -3.858736191315934}