{"g1": 0.9976942455852735, "g2": 13.555754124029008, "logK": -2.9807156812565956, "loc": -0.011272897100657509, "logScale": -3.996731298621864}