{"g1": 0.2416885745810503, "g2": 0.3937784302164437, "logK": 0.6478695618590316, "loc": -0.029721988987240943, "logScale": -2.638635042962314}