{"g1": 0.06464142058867228, "g2": 6.738775174880954, "logK": -4.882558613238312, "loc": 0.0034149684278112526, "logScale": -3.995921746775832}