{"g1": 0.43196308811199646, "g2": 8.484699643062612, "logK": 0.5044314993190153, "loc": -0.025834691362252468, "logScale": -3.9989504804896217}