{"g1": 0.04840808179635112, "g2": 14.650196209415098, "logK": 0.5748211013239594, "loc": -0.10208673331206394, "logScale": 0.4808997298888116}