{"g1": 0.41503564511526303, "g2": 13.988167933717893, "logK": 0.821808293949031, "loc": -0.05410129928559073, "logScale": 2.3486081468028615}