{"g1": 0.05637139624591603, "g2": 9.343976284566756, "logK": 0.29905421549769284, "loc": -0.03509381308200693, "logScale": -2.442608867667673}