{"g1": 0.9932423158546424, "g2": 3.5855168141516693, "logK": -3.2396614032527005, "loc": 0.008763194972135992, "logScale": -3.994727887625455}