{"g1": 0.9325537545689053, "g2": 9.371902680379904, "logK": -3.9445915553698336, "loc": -0.003212204837770248, "logScale": -3.992276295848193}