{"g1": 0.205430558986044, "g2": 2.608937466241353, "logK": 0.8165070568354738, "loc": -0.0098196692224872, "logScale": -3.6761832598649002}