{"g1": 0.9403021056856937, "g2": 8.91530125698836, "logK": -4.302517937428529, "loc": -0.009454968795667585, "logScale": -3.992854743691072}