{"g1": 0.9462151257820629, "g2": 1.02260770479429, "logK": -2.5186683571314576, "loc": 0.07803899387977649, "logScale": 2.377868788462269}