{"g1": 0.2277601776395973, "g2": 6.240154996977539, "logK": -4.911816630727887, "loc": 0.006259901065991832, "logScale": -3.9895903547089184}