{"g1": 0.34297253190305554, "g2": 0.6001592122952086, "logK": -3.9717301042615336, "loc": -0.0007010869863729556, "logScale": -3.985182852561102}