{"g1": 0.6464696258181665, "g2": 6.443893324540783, "logK": -4.73281192040529, "loc": -0.001712625690296299, "logScale": -3.9954585424194193}