{"g1": 0.4002293317693939, "g2": 10.49146566310474, "logK": 0.7137490685880536, "loc": -0.028280167403639832, "logScale": 2.590108539093293}