{"g1": 0.29844892266923406, "g2": 4.758785563459256, "logK": -4.541321795264677, "loc": -0.006582742912337037, "logScale": -3.993506356505283}