{"g1": 0.29583177494094126, "g2": 9.5488812359086, "logK": -4.422048150582866, "loc": -0.005745887034226627, "logScale": -2.6173602881919127}