{"g1": 0.4808566976128109, "g2": 10.67427245819342, "logK": -2.1326283227051235, "loc": 0.0008286617218399416, "logScale": -3.79418171644678}