{"g1": 0.21913424695235736, "g2": 3.296989526682074, "logK": -1.8869268512354296, "loc": -0.008126682030202777, "logScale": -3.9945915988649006}