{"g1": 0.9991295145211756, "g2": 14.291310505332522, "logK": 0.8205993094126294, "loc": -0.019145502749467223, "logScale": 3.5872242211409335}