{"g1": 0.3473519926850954, "g2": 5.7747751502862545, "logK": 0.992720031524994, "loc": 0.018070797940720612, "logScale": 3.9950339754522766}