{"g1": 0.8054106641871484, "g2": 4.546278972863233, "logK": -1.2396433894760128, "loc": -0.005050724141394203, "logScale": -3.977301651349487}