{"g1": 0.3447613233711102, "g2": 10.544604686910523, "logK": 0.8837932639094099, "loc": -0.009619328212741874, "logScale": -3.9715321526710836}