{"g1": 0.07391899932087695, "g2": 12.594027389912158, "logK": 0.22772558308109137, "loc": -0.01900185290164472, "logScale": -1.567533776156312}