{"g1": 0.5712090670635639, "g2": 7.3631342739150965, "logK": -4.355654081540879, "loc": 0.0004696825078434894, "logScale": -3.989780302727782}