{"g1": 0.7538684845988626, "g2": 11.17018671546753, "logK": -3.789825599805943, "loc": -0.009607109522603116, "logScale": -3.991349566748038}