{"g1": 0.08290211432473904, "g2": 6.886360313159063, "logK": -4.5338201638463, "loc": 0.005015535608173147, "logScale": -3.9958645644386364}