{"g1": 0.13209890157069876, "g2": 7.246865710262756, "logK": -3.2826696384547644, "loc": -0.008894108918403254, "logScale": -3.966806543394178}