{"g1": 0.2408948973379966, "g2": 0.48007420786868815, "logK": 0.7898961774851276, "loc": -0.007189915934309794, "logScale": -1.5559362945991069}