{"g1": 0.2962523632368371, "g2": 3.1469336072847818, "logK": -0.06359051535873805, "loc": -0.016357034926634456, "logScale": -3.9906773932876347}