{"g1": 0.21941436276535042, "g2": 14.906422878530599, "logK": 0.46013647225664356, "loc": -0.00022632101416351913, "logScale": 3.998240662636269}