{"g1": 0.430092378261681, "g2": 10.710205553656714, "logK": 0.6564413438660918, "loc": 0.04929907845224889, "logScale": 2.2205692687460887}