{"g1": 0.96868809097936, "g2": 10.896940378841894, "logK": -3.49656940567404, "loc": 0.001781306582870023, "logScale": -3.969323356705009}