{"g1": 0.32895618201878474, "g2": 11.017187057158417, "logK": -4.39489664161111, "loc": 0.0006658363434859961, "logScale": -3.998305530314483}