{"g1": 0.8508168023276063, "g2": 1.1563659877993473, "logK": -3.903755524617276, "loc": 0.00020735127110162697, "logScale": -3.9821126510536216}