{"g1": 0.46182326615056674, "g2": 3.7907544190616234, "logK": -3.273229784254209, "loc": -0.0004003583926165651, "logScale": -3.999269483115318}