{"g1": 0.603929557533541, "g2": 9.86186613930091, "logK": -3.548010809938446, "loc": -0.0013219797467958552, "logScale": -3.9923319527015906}