{"g1": 0.5303550726170025, "g2": 0.3470491209047405, "logK": -3.5475725228853467, "loc": 0.002738817720529214, "logScale": -3.9871355543501448}