{"g1": 0.9303410248779445, "g2": 14.237248039169524, "logK": -1.2101361188593742, "loc": 0.004022135519044123, "logScale": -3.9979608614544704}