{"g1": 0.37270075470466685, "g2": 8.41205333534988, "logK": -3.5154755428657274, "loc": -0.09474319690840016, "logScale": 2.414728654520752}