{"g1": 0.10833223832437032, "g2": 9.58536241440983, "logK": -3.122281487671481, "loc": 0.004410687766672939, "logScale": -3.872499150710653}