{"g1": 0.6954090719836418, "g2": 10.108529720317007, "logK": -2.342047993426137, "loc": -0.010580285180346271, "logScale": -3.98466392543856}