{"g1": 0.1136254864738293, "g2": 2.0160030196390495, "logK": -2.26337976708319, "loc": 0.024232322141200087, "logScale": 0.20311748349995082}