{"g1": 0.5141399872871427, "g2": 12.281437181898035, "logK": 0.9391345444874493, "loc": -0.020281345654883536, "logScale": -3.7817952114415494}