{"g1": 0.6266204673911122, "g2": 11.348362493227192, "logK": -3.794041457201697, "loc": -0.0027629449351718304, "logScale": -3.9983442052418527}