{"g1": 0.003564712564392964, "g2": 9.38344473047463, "logK": 0.27996872504015613, "loc": -0.003210919670904009, "logScale": 0.6982798972120594}