{"g1": 0.26804914616582093, "g2": 0.6965224513955901, "logK": 0.981000122665167, "loc": -0.13579139069875004, "logScale": 0.14759037598166846}