{"g1": 0.1290406992230794, "g2": 9.978511390810919, "logK": -2.3641552728812982, "loc": 0.0052850868140514595, "logScale": -3.2068932527854095}