{"g1": 0.2516045876713372, "g2": 10.873995550791973, "logK": -2.4353813306028664, "loc": 0.0002679851870109051, "logScale": -3.997661111341162}