{"g1": 0.466093908527356, "g2": 4.58861572760746, "logK": 0.6403698702197245, "loc": -0.024300328758999446, "logScale": -3.3613972145239224}