{"g1": 0.9993726595938561, "g2": 13.437494180689924, "logK": -4.534455419765305, "loc": 0.008487219310248642, "logScale": -3.9840435885479835}