{"g1": 0.9788698509387771, "g2": 9.915032055742444, "logK": -2.812839993552555, "loc": -0.000681361429363329, "logScale": -3.9996395104899345}