{"g1": 0.5948879210291264, "g2": 14.355119401822664, "logK": 0.2923203768583571, "loc": 0.004974266894196291, "logScale": 3.9904784445038644}