{"g1": 0.2705810824993661, "g2": 0.9679619194748565, "logK": 0.7357329772961116, "loc": 0.07922033564971018, "logScale": 0.021640451274034134}