{"g1": 0.038442056436434724, "g2": 1.4218074485415562, "logK": 0.9837401410895872, "loc": -0.06670716270703814, "logScale": -1.1949568618974258}