{"g1": 0.22683375575450285, "g2": 5.365933813329554, "logK": -3.4665080602565954, "loc": -0.003362421088311135, "logScale": -3.9878910123716875}