{"g1": 0.9094158250491511, "g2": 11.645025752071783, "logK": -2.627888233223272, "loc": -0.008249599701750347, "logScale": -3.7125922930501667}