{"g1": 0.20516566208457465, "g2": 6.54230918252073, "logK": 0.9178004326876957, "loc": -0.022473304274026072, "logScale": -3.9922788792027264}