{"g1": 0.8181152659833062, "g2": 13.475691464712753, "logK": 0.4560330725286588, "loc": 0.1246143696594068, "logScale": 2.699155709738636}