{"g1": 0.3334099549821554, "g2": 6.083396477835357, "logK": 0.9830035896012363, "loc": -0.018630101411547705, "logScale": -3.8770521769020054}