{"g1": 0.8291216999469005, "g2": 12.375170462084238, "logK": 0.5577657730977652, "loc": -0.0391585141195194, "logScale": 2.651601344479225}