{"g1": 0.48071251104628915, "g2": 0.2183199899325361, "logK": 0.8695387568644177, "loc": 9.300539718668649e-05, "logScale": -1.6068016368650262}