{"g1": 0.5025629767380015, "g2": 4.143386462587127, "logK": -2.776647407418075, "loc": 0.004137738881548961, "logScale": -3.9038010761009425}