{"g1": 0.6009266214485163, "g2": 3.7445165795841016, "logK": 0.4958128512256891, "loc": -0.03554544183054088, "logScale": 1.127871435862575}