{"g1": 0.28232472425578947, "g2": 0.006474559842941652, "logK": -2.2420354587066913, "loc": 0.0003940372608362292, "logScale": -3.987483639654901}