{"g1": 0.8234585337121614, "g2": 4.903363570837296, "logK": -1.3561153840036706, "loc": -0.010438828247009813, "logScale": -3.9603321935737377}