{"g1": 0.3415956554759621, "g2": 13.98565529074554, "logK": -4.990448614627405, "loc": -0.14918233088149788, "logScale": 2.989836126344036}