{"g1": 0.6340251449606273, "g2": 6.847407810118986, "logK": -1.6113448644317694, "loc": 0.003930392394312789, "logScale": -3.978824326438937}