{"g1": 0.12038953213364847, "g2": 3.2965060086209164, "logK": 0.3920001842422801, "loc": -0.009671748193672256, "logScale": -3.790198319857523}