{"g1": 0.40355990500866334, "g2": 6.038285917074656, "logK": -3.2521727099405133, "loc": -0.001260942428118585, "logScale": -3.9886884680393595}