{"g1": 0.9752632109811026, "g2": 9.065855485071161, "logK": -1.8155677452599086, "loc": -0.002204438434989065, "logScale": -3.8629368133095494}