{"g1": 0.5040001069460496, "g2": 14.283667243874744, "logK": 0.9882098729096352, "loc": -0.09304608608937182, "logScale": 2.1665261160800755}