{"g1": 0.4354784999630811, "g2": 12.229335367058905, "logK": 0.6408824643036085, "loc": 0.10307809183070803, "logScale": 0.03657878866348252}