{"g1": 0.3429063904085299, "g2": 8.31199968384459, "logK": 0.998675149017179, "loc": -0.006493950162722341, "logScale": -1.4467228407428385}