{"g1": 0.7010987959888995, "g2": 14.829557766123832, "logK": 0.28413872541626495, "loc": 0.07262768519730817, "logScale": 3.4926371116189205}