{"g1": 0.6684325153677095, "g2": 0.8056834136653221, "logK": 0.7703348610810151, "loc": 0.038789569800302626, "logScale": 0.16743769480684056}