{"g1": 0.041584250915544116, "g2": 13.77062894563078, "logK": -0.4731921708839801, "loc": -0.02675212768963711, "logScale": -3.252015554752943}