{"g1": 0.0019335394865661673, "g2": 11.207490915190704, "logK": 0.984366388729855, "loc": -0.044091494622749985, "logScale": -2.2394865520875302}