{"g1": 0.03916183374197289, "g2": 12.709375439156123, "logK": -3.8890228665887934, "loc": 0.009920057001906376, "logScale": -3.949075868815256}