{"g1": 0.6470113200601803, "g2": 14.999112279853774, "logK": 0.7981002585856374, "loc": 0.11779522237358488, "logScale": 2.8681889034643477}