{"g1": 0.9565691683823158, "g2": 1.3206164627538275, "logK": -0.020257484057743858, "loc": -0.023954917122046875, "logScale": 1.3821258534191758}