{"g1": 0.595794617344243, "g2": 9.078228550009626, "logK": -3.2926843581180814, "loc": -0.004442851525566203, "logScale": -3.9887663647185367}