{"g1": 0.38936133543634593, "g2": 1.0158270510347078, "logK": -1.339396146328711, "loc": -0.008670309944235252, "logScale": -3.9883209539478184}