{"g1": 0.09620809161306443, "g2": 14.90671909373603, "logK": -1.8936012313531543, "loc": 0.0013814596210539767, "logScale": -3.9968418567483024}