{"g1": 0.6479183684840626, "g2": 9.973645480079659, "logK": -4.095218872190864, "loc": -0.006085017125741506, "logScale": -3.976034186587067}