{"g1": 0.5684007224131631, "g2": 0.45467891225224155, "logK": -4.754091516914225, "loc": -0.00957211587101096, "logScale": 1.8758465754884615}