{"g1": 0.3718416195968269, "g2": 2.3886987290469075, "logK": 0.9987992931238715, "loc": -0.029009251656041214, "logScale": -3.7064022129519136}