{"g1": 0.46226051010682806, "g2": 12.931043073730994, "logK": -2.706414969787999, "loc": -0.001022608152429029, "logScale": -3.975452898683097}