{"g1": 0.5668424825034716, "g2": 11.97872011710461, "logK": 0.9903761899475328, "loc": 0.0055536352788589025, "logScale": 1.4676158883400163}