{"g1": 0.7241607047940063, "g2": 12.75772582891486, "logK": 0.8367502868195491, "loc": -0.019123812631895838, "logScale": -3.838937470658527}