{"g1": 0.24020518723394493, "g2": 3.1790899945580944, "logK": 0.20518918681238674, "loc": -0.08211167360180095, "logScale": -1.8570110725501603}