{"g1": 0.5383337234728787, "g2": 2.137651231773009, "logK": -0.7761543949902487, "loc": -0.01173633608404165, "logScale": -3.9998214506044336}