{"g1": 0.386604122250086, "g2": 0.20916843654191108, "logK": 0.7020789974153776, "loc": -0.08047042959843607, "logScale": -0.9555671552733992}