{"g1": 0.8179654475907543, "g2": 12.719586070492458, "logK": -4.0328266256806025, "loc": 0.0004948101225635947, "logScale": -3.9727421918258092}