{"g1": 0.853557297761494, "g2": 9.675565413860646, "logK": -2.1752687476911055, "loc": 0.00436138733837893, "logScale": -3.995237958042626}