{"g1": 0.999355515715593, "g2": 13.932711289977313, "logK": -4.484947335742149, "loc": -0.0053526396320636264, "logScale": -3.62489045097378}