{"g1": 0.4188787028770151, "g2": 14.908201860386296, "logK": -4.70190933605577, "loc": 0.08194740654302149, "logScale": 3.2898363290290846}