{"g1": 0.22299980764077504, "g2": 14.56232747827238, "logK": -4.969488036686723, "loc": 0.0007932237741401851, "logScale": -3.742901388987543}