{"g1": 0.866204000946175, "g2": 10.61018661339214, "logK": -4.150840707547859, "loc": 0.0010219806294383387, "logScale": -3.9981624909141886}