{"g1": 0.4805084179962108, "g2": 14.454200005049987, "logK": 0.26934209887405913, "loc": -0.1111707554782039, "logScale": 2.464605255687725}