{"g1": 0.9335749413828398, "g2": 8.508679758196292, "logK": -3.415888938273744, "loc": 0.012905296317958727, "logScale": -3.982677104070876}