{"g1": 0.11388512080095047, "g2": 5.179452931042395, "logK": -3.88581225239354, "loc": 0.010517798161697425, "logScale": -3.939961750723547}