{"g1": 0.9715174203274815, "g2": 10.317839153890791, "logK": -0.9869762051299594, "loc": -0.004163989334067775, "logScale": -3.982030578823354}