{"g1": 0.002868649381078961, "g2": 6.037767255590632, "logK": -2.4482235492734987, "loc": -0.025192191075125766, "logScale": -3.127168079060414}