{"g1": 0.3095315627611924, "g2": 2.7549121513360486, "logK": -0.4431005316719314, "loc": -0.011426088036919971, "logScale": -3.978183691776693}