{"g1": 0.17563527931742084, "g2": 6.774887978221473, "logK": -3.112197292747707, "loc": 0.006742412045232432, "logScale": -1.326773743670915}