{"g1": 0.21825717571579253, "g2": 14.930160647788773, "logK": 0.9756144908330685, "loc": -0.1043924601881203, "logScale": -2.412378132544493}