{"g1": 0.6494399634460836, "g2": 14.756841395734211, "logK": 0.3207151899408699, "loc": 0.037716200154542884, "logScale": 3.0586019032795657}