{"g1": 0.8759567953604975, "g2": 9.553215883612388, "logK": -4.877337974005255, "loc": -0.00547751991349365, "logScale": -3.9862332354846943}