{"g1": 0.8099159936989805, "g2": 11.208830004185863, "logK": -3.473301985244412, "loc": -0.005655861842263385, "logScale": -3.9549363509221864}