{"g1": 0.29301347328226685, "g2": 11.695961136023381, "logK": -3.7002878774831007, "loc": -0.008720104342517666, "logScale": -2.6122294889923774}