{"g1": 0.9677347763679165, "g2": 0.04541822083447222, "logK": -4.746939531764842, "loc": 0.00493115202645902, "logScale": -3.9906058381500453}