{"g1": 0.538656266910741, "g2": 1.0578646182485876, "logK": -1.225004270784523, "loc": -0.00042603568642626734, "logScale": -3.990528661025177}