{"g1": 0.35663121670626785, "g2": 12.723294157502375, "logK": -1.4045294821914367, "loc": -0.001003892942136049, "logScale": -3.999847260677655}