{"g1": 0.787444084614958, "g2": 2.3491167622015974, "logK": -1.7291236726595423, "loc": -0.0014158679847576126, "logScale": -3.9963710869881917}