{"g1": 0.7814567218396277, "g2": 7.615498982520757, "logK": -2.4193412304195308, "loc": -0.0010907416149277364, "logScale": -3.986841625773182}