{"g1": 0.9764522834945562, "g2": 11.151332513756538, "logK": -1.1898619867192066, "loc": -0.007992339106723244, "logScale": -3.994107656855235}