{"g1": 0.08461312928164673, "g2": 11.661216397652899, "logK": -0.813011837150849, "loc": 0.009063656491570607, "logScale": -0.991533717361677}