{"g1": 0.4743179068234095, "g2": 11.486836674600537, "logK": -2.3133388239363826, "loc": -0.003759718855140457, "logScale": -3.988677169473632}