{"g1": 0.9650572084874386, "g2": 0.27994078315104093, "logK": 0.07999958170559873, "loc": 0.008712063880083488, "logScale": -2.7250430855456527}