{"g1": 0.2633323074519127, "g2": 10.033686894354624, "logK": -1.7109605184975152, "loc": 0.007477002299252607, "logScale": -3.9740935358517406}