{"g1": 0.13431757573273326, "g2": 8.666700061425297, "logK": -3.701461816376423, "loc": -0.0029754184388804785, "logScale": -3.996379670379335}