{"g1": 0.3329259757996388, "g2": 0.646214237272138, "logK": 0.45919066313918, "loc": -0.08408691488499176, "logScale": -2.024099887395209}