{"g1": 0.40113349140125654, "g2": 6.435926570672365, "logK": 0.5366573901496798, "loc": -0.08266856216411408, "logScale": 0.5742895035011832}