{"g1": 0.5760516010968266, "g2": 0.05273073989383281, "logK": -3.2075382468183316, "loc": -0.027523666556054538, "logScale": 1.6296137329567184}