{"g1": 0.45200839164454554, "g2": 13.948511301736678, "logK": 0.39438189282379943, "loc": -0.03232844684305851, "logScale": 2.590522683111345}