{"g1": 0.9850276965884169, "g2": 14.354916981028655, "logK": -0.7039892340629447, "loc": -0.018596185335767804, "logScale": -3.640006186012699}