{"g1": 0.976450206858174, "g2": 12.89228732845486, "logK": -4.629935786731551, "loc": -0.008140804267574941, "logScale": -3.9733864632917197}