{"g1": 0.6457848684136633, "g2": 10.55568240702965, "logK": -2.5750366805435867, "loc": -0.0027596121772461095, "logScale": -3.988788205116172}