{"g1": 0.35582623502825855, "g2": 12.742913086949828, "logK": 0.7271454031753422, "loc": -0.0032353955732586648, "logScale": 1.8993472999380738}