{"g1": 0.33186663881620204, "g2": 6.385282354082909, "logK": 0.4720529717001124, "loc": -0.1230722531388341, "logScale": -0.9770627514199712}