{"g1": 0.6253402620685575, "g2": 0.9028708455565746, "logK": -3.4057812879982174, "loc": 0.004946794265029917, "logScale": -3.9946503618690743}