{"g1": 0.888741257076487, "g2": 12.582174437040928, "logK": 0.8905203349320672, "loc": -0.0856632470533493, "logScale": 2.186264154159217}