{"g1": 0.5333208565360164, "g2": 14.596079343465927, "logK": 0.6095841699552493, "loc": 0.10061458751651078, "logScale": 1.9682427254860415}