{"g1": 0.2994238166667098, "g2": 8.652008510583368, "logK": -0.25100468003841314, "loc": -0.013773149312157805, "logScale": -3.200378538722164}