{"g1": 0.9765961810696316, "g2": 5.492726033734431, "logK": -4.03330219800318, "loc": -0.007898496213201364, "logScale": -3.890376489457752}