{"g1": 0.3760076007788038, "g2": 10.293530710895954, "logK": 0.7074951477508027, "loc": -0.018596340502595062, "logScale": -3.4316714130913377}