{"g1": 0.5058478633435813, "g2": 14.999043122493736, "logK": -3.9392162586344366, "loc": 0.13594377698450463, "logScale": 3.410277632593067}