{"g1": 0.0272957688451205, "g2": 12.717526213042998, "logK": 0.9894678494107605, "loc": 0.06311367235610901, "logScale": -0.37672825614010463}