{"g1": 0.11826987755723568, "g2": 6.9038584132829435, "logK": 0.9074688066523141, "loc": -0.14860807127403927, "logScale": -0.8451790981530857}