{"g1": 0.5156877265429782, "g2": 2.54573699249576, "logK": -4.876334375191337, "loc": -0.003353506159070351, "logScale": -3.9897188530959022}