{"g1": 0.2899507503141429, "g2": 14.54581179369139, "logK": -2.2581437375605025, "loc": -0.008465509798500762, "logScale": -3.9231914329247113}