{"g1": 0.47490969050640763, "g2": 0.02056106287154491, "logK": -3.3213033086833867, "loc": -0.0004919166327169563, "logScale": -3.9988066639097544}