{"g1": 0.8870837231517211, "g2": 7.324118373001159, "logK": -1.6030254139262134, "loc": -0.00418795482254547, "logScale": -3.9970457798892647}