{"g1": 0.33167855284699405, "g2": 13.387481759442073, "logK": 0.7695863434686443, "loc": -0.14934080832460048, "logScale": -1.4832755489655411}