{"g1": 0.018333685166838948, "g2": 4.4688110603883295, "logK": 0.14273799260546127, "loc": -0.010671435171977522, "logScale": -3.6990045855590012}