{"g1": 0.07590077849446225, "g2": 8.151084062076883, "logK": -1.736796829276794, "loc": -0.001911454428951331, "logScale": -3.998771064216134}