{"g1": 0.2951489291135775, "g2": 5.970882593472384, "logK": -3.2012479436713823, "loc": -0.002051487771717803, "logScale": -3.987675666948712}