{"g1": 0.34053022165891084, "g2": 4.317359023765703, "logK": 0.3731358059253072, "loc": -0.00746522289726171, "logScale": -3.995694175169766}