{"g1": 0.13079398687316002, "g2": 8.566069993918612, "logK": -3.9919517887412748, "loc": -0.00022375092826917853, "logScale": -3.9975169554774093}