{"g1": 0.3633335013060086, "g2": 10.403802565099483, "logK": -4.728985253836825, "loc": -0.005174581085134238, "logScale": -3.999079268967559}