{"g1": 0.5781302667660652, "g2": 3.9147793771823753, "logK": 0.7018613189237917, "loc": -0.023317267516539696, "logScale": -3.9005605954194325}