{"g1": 0.34697628015370646, "g2": 4.488886840015342, "logK": 0.7743622473722558, "loc": -0.0923391412649958, "logScale": -0.7378121222579517}