{"g1": 0.8125825552859177, "g2": 10.156661389734964, "logK": -1.9804371783895292, "loc": -0.0005551567762205039, "logScale": -3.9995536580268776}