{"g1": 0.642315392360443, "g2": 14.440901224047266, "logK": 0.7609650352463483, "loc": 0.09585631297556144, "logScale": 2.5418236862062287}