{"g1": 0.733442319255435, "g2": 14.536598528930236, "logK": -3.221733338676952, "loc": -0.004283675279131217, "logScale": -3.995127143972012}