{"g1": 0.8489905277360785, "g2": 10.865261959282883, "logK": -4.355747049804944, "loc": -0.005315727995646578, "logScale": -3.981120934133351}