{"g1": 0.7343035819224897, "g2": 14.68094075112636, "logK": 0.9332331934595179, "loc": -0.029423044035156682, "logScale": 3.9547879001118966}