{"g1": 0.7582216212467079, "g2": 14.941475762075461, "logK": 0.9291709961990118, "loc": -0.12126104135173149, "logScale": 2.098334436409205}