{"g1": 0.3877280743336384, "g2": 0.18273613331299776, "logK": -3.3417356564610565, "loc": -0.0036567970292671944, "logScale": -3.9834018218443434}