{"g1": 0.6724127205205249, "g2": 3.0742778098245, "logK": -1.3093490792590576, "loc": 0.005133924112352074, "logScale": -3.977384757546916}