{"g1": 0.8980883583457151, "g2": 0.02113405063696404, "logK": -4.175859077232908, "loc": 0.005985445422919872, "logScale": -3.9911577197280805}