{"g1": 0.38968470843268255, "g2": 0.0015948433569527576, "logK": -1.9177541120098005, "loc": 0.027685229353241275, "logScale": 3.147192625352693}