{"g1": 0.7965645020450137, "g2": 7.893616452695751, "logK": -1.8628143200779015, "loc": -0.0023350655011406714, "logScale": -3.94347946636857}