{"g1": 0.25775134664785504, "g2": 10.514642696235676, "logK": 0.014999239776556372, "loc": -0.01591201654837219, "logScale": -1.1668832066092345}