{"g1": 0.8029557580162847, "g2": 14.709345237731219, "logK": -2.0262242266644, "loc": 0.004366257196231425, "logScale": -3.968244871430646}