{"g1": 0.4131149789266243, "g2": 6.699277009094431, "logK": -1.6123848205021347, "loc": -0.0030983762443612273, "logScale": -3.9689756770571383}