{"g1": 0.16095008892790696, "g2": 10.148119168277633, "logK": -2.0578747371292105, "loc": -0.0037939906745612186, "logScale": -3.945614833022127}