{"g1": 0.15649351304686604, "g2": 4.472358256160216, "logK": 0.4277842659273198, "loc": -0.018604430207713712, "logScale": -3.4665859379760775}