{"g1": 0.49694934928553713, "g2": 14.698982109034118, "logK": 0.835822902827108, "loc": 0.045158496794645446, "logScale": 2.714912206612604}