{"g1": 0.23036710976584948, "g2": 13.310616423093778, "logK": 0.6913692869515988, "loc": -0.0008679807464069995, "logScale": -3.9992191789706535}