{"g1": 0.33666122172893814, "g2": 3.089539884430202, "logK": -1.7661173352726953, "loc": -0.001970620842816684, "logScale": -3.975876630500837}