{"g1": 0.346776168315664, "g2": 2.3790437125440107, "logK": -1.5009525035659173, "loc": -0.011738617359678433, "logScale": -3.990191745574052}