{"g1": 0.8247642264017403, "g2": 12.765957239736071, "logK": 0.8985601006543167, "loc": -0.02750476411021684, "logScale": -3.898832468783084}