{"g1": 0.2740179668183909, "g2": 7.313042516353294, "logK": -1.001674117994797, "loc": -0.014639490042712026, "logScale": -3.987939312288413}