{"g1": 0.4053517214206024, "g2": 12.314318546179214, "logK": 0.7301563179196464, "loc": 0.019968087997144807, "logScale": 1.1246870572257228}