{"g1": 0.7669482331373134, "g2": 10.890975124503006, "logK": -0.6111677018963055, "loc": 0.10630191589801691, "logScale": 3.9913118283359434}