{"g1": 0.11046918006106912, "g2": 1.8817986996433373, "logK": -4.113344153537773, "loc": -0.008608380266836108, "logScale": -3.999619925705117}