{"g1": 0.4996400898649179, "g2": 14.889212786836886, "logK": -4.512190356126532, "loc": 0.0009566157299133148, "logScale": -3.993313611964853}