{"g1": 0.8448638107585141, "g2": 11.4449181795316, "logK": 0.8997320367009085, "loc": 0.1493437193173004, "logScale": 2.0899513984285027}