{"g1": 0.30531080847972014, "g2": 6.525712279858366, "logK": -1.9045940817477711, "loc": -0.012063421817268338, "logScale": -3.9894730197014403}