{"g1": 0.19402390712462217, "g2": 6.71541007824125, "logK": 0.317386145600068, "loc": -0.04007713506411856, "logScale": -3.000260090272102}