{"g1": 0.7100703727095445, "g2": 14.723850424144985, "logK": -2.4872889493107193, "loc": 0.003134744689730089, "logScale": -3.9993045905321836}