{"g1": 0.6977881637139377, "g2": 1.95193764938695, "logK": -2.250310403525546, "loc": -0.004754191348959309, "logScale": -3.957940455884184}