{"g1": 0.0786835482553879, "g2": 12.633872128149756, "logK": -3.2055543239678954, "loc": 0.001354711990003243, "logScale": -3.990775650943321}