{"g1": 0.11749435602963798, "g2": 5.640675226444261, "logK": -2.597353899895597, "loc": 0.005872663304632678, "logScale": -3.79943443093188}