{"g1": 0.7755792323528367, "g2": 5.4733501840842385, "logK": -4.331738573696953, "loc": -0.003493455646253117, "logScale": -3.963294109228329}