{"g1": 0.9991413229524202, "g2": 14.991818288068988, "logK": 0.39066439331178626, "loc": -0.01660716208411599, "logScale": -3.8497123073377666}