{"g1": 0.11595088207206858, "g2": 2.375992461501782, "logK": -3.848193982248163, "loc": 0.006441913710460859, "logScale": -3.990638900579872}