{"g1": 0.9995402543941796, "g2": 0.6594527626113208, "logK": 0.327877470719681, "loc": 0.12448747460672041, "logScale": 0.3746030643999241}