{"g1": 0.20788203239698821, "g2": 4.305201748093214, "logK": 0.3105511498221817, "loc": -0.013282874579711428, "logScale": -3.5680153574552214}