{"g1": 0.979607012565471, "g2": 14.37880084692998, "logK": 0.9894659932517246, "loc": -0.0761680862360388, "logScale": 3.338535976524372}