{"g1": 0.22041739316927275, "g2": 5.680385722518332, "logK": -3.2148830948723583, "loc": -0.017145760806816984, "logScale": -3.407702711138646}