{"g1": 0.939587073259029, "g2": 14.965943079588548, "logK": 0.7471891095110296, "loc": 0.04321396419898128, "logScale": 3.9584508404169245}