{"g1": 0.6201814811761677, "g2": 11.752784146342837, "logK": 0.5998057438505446, "loc": 0.060869518258833986, "logScale": 3.973043058811329}