{"g1": 0.8630480028860418, "g2": 8.848497587096709, "logK": -2.403351338339451, "loc": -0.011591449048526528, "logScale": -3.9637390145684432}