{"g1": 0.6129160745194996, "g2": 3.137821875786174, "logK": 0.9013198887913874, "loc": -0.017820279551449644, "logScale": -3.641898172565008}