{"g1": 0.9475871177460593, "g2": 14.837301652262722, "logK": -2.5120136873992185, "loc": 0.0008721013517805519, "logScale": -3.998961347748562}