{"g1": 0.5423517708688199, "g2": 7.818903878309359, "logK": -4.679692706430613, "loc": -0.0014187907952996513, "logScale": -3.985686573921598}