{"g1": 0.364521219870818, "g2": 5.283868367958275, "logK": -4.376722227113864, "loc": 0.002238685218161191, "logScale": -3.971337112041218}