{"g1": 0.03852843141520951, "g2": 11.305790091410861, "logK": 0.10033487792070961, "loc": -0.13703193659425925, "logScale": 2.0450899058728123}