{"g1": 0.9833778092347119, "g2": 9.670581580206186, "logK": -2.193530288234804, "loc": -0.008922857966515978, "logScale": -3.8804179507076246}