{"g1": 0.9737425520023764, "g2": 4.523482818370516, "logK": -1.2481407169769798, "loc": -0.004649497323550359, "logScale": -3.9167232718844587}