{"g1": 0.6162295381169152, "g2": 3.9695445824187603, "logK": 0.5216377498348472, "loc": 0.08972376699656527, "logScale": 0.3401496403098687}