{"g1": 0.1187267281097115, "g2": 0.3387560121929354, "logK": 0.13600958195630405, "loc": -0.1499926711595049, "logScale": 1.178965638157169}