{"g1": 0.9604880323440411, "g2": 14.986821188589534, "logK": -3.3327354855210714, "loc": 0.11565897165496841, "logScale": 3.757733641951809}