{"g1": 0.41201615783428164, "g2": 0.026725583652435603, "logK": -4.446476154709433, "loc": -0.001304659925609538, "logScale": -3.9690616115954738}