{"g1": 0.6601106602749047, "g2": 9.173906630822565, "logK": -2.4253416869495013, "loc": 0.0014781187750106083, "logScale": -3.997986144483064}