{"g1": 0.7063322780191625, "g2": 7.696007373073374, "logK": -1.994011373538159, "loc": 0.0061653063929868815, "logScale": -3.997646738383995}