{"g1": 0.7322037273210991, "g2": 5.73688382886057, "logK": -2.464178459749353, "loc": 0.0014827005787451854, "logScale": -3.9884669038979346}