{"g1": 0.2914062329519016, "g2": 11.399196773460826, "logK": -0.014155363179449099, "loc": 0.10994344190339897, "logScale": 1.472722237043552}