{"g1": 0.7413408639455088, "g2": 13.842031921029205, "logK": 0.9987332658083816, "loc": -0.04008815156547308, "logScale": -2.8707125578231754}