{"g1": 0.0751276187104431, "g2": 2.0992778129052683, "logK": -0.9990046431621545, "loc": -0.0047384301360695906, "logScale": -3.973833085927996}