{"g1": 0.6244200770969746, "g2": 14.881530215017666, "logK": -4.982781088102172, "loc": -0.0117908052651454, "logScale": -3.8699854924589787}