{"g1": 0.34382130449195203, "g2": 14.39448878970963, "logK": -4.378450637746213, "loc": 0.001155972674952978, "logScale": -3.9866757737099627}