{"g1": 0.9550684393945068, "g2": 11.138255084412865, "logK": -3.3741553138511504, "loc": 0.002468620434517621, "logScale": -3.993985873266594}