{"g1": 0.2340599508059607, "g2": 1.7298769349643672, "logK": -1.3012817423799912, "loc": 0.0038812555592346205, "logScale": -3.2090750692042835}