{"g1": 0.5075818082199728, "g2": 14.509650300787989, "logK": 0.6335056065744333, "loc": 0.036113691927465406, "logScale": 2.7165142962436706}