{"g1": 0.4781941779801394, "g2": 11.779986035598146, "logK": 0.6624267784461559, "loc": -0.0008142576041798521, "logScale": -3.9976530858001853}