{"g1": 0.8723454140187463, "g2": 12.766797436766314, "logK": -3.5089534401351843, "loc": -0.006834703437992841, "logScale": -3.9472724458240718}