{"g1": 0.27879102770063674, "g2": 5.67913224522598, "logK": -3.9841959628574593, "loc": -0.0045744515435027396, "logScale": -3.7307620829020394}