{"g1": 0.14099573740755822, "g2": 14.999634184122762, "logK": 0.6853247683330015, "loc": -0.13548035971192934, "logScale": -1.1830888461489413}