{"g1": 0.9997162673683896, "g2": 11.611095445758632, "logK": -4.18738111236223, "loc": -0.01290616132348307, "logScale": -3.597369138410391}