{"g1": 0.313103796846142, "g2": 14.107710441542155, "logK": 0.3441072279553167, "loc": 0.022270683761610052, "logScale": 3.808839403355196}