{"g1": 0.5073519631388418, "g2": 7.250598770506446, "logK": 0.2245760167087596, "loc": -0.0545586039128683, "logScale": -1.6011559680818317}