{"g1": 0.17490225120832545, "g2": 9.554853583128821, "logK": -2.6836407951697048, "loc": -0.014593235098911209, "logScale": 0.8178232279327335}