{"g1": 0.11928386154482735, "g2": 2.766693490650142, "logK": 0.9923096079786408, "loc": -0.059579806182670794, "logScale": 0.037958053054580915}