{"g1": 0.1051367493652666, "g2": 13.802315136275741, "logK": -2.196919589890625, "loc": -0.006186677866283116, "logScale": -3.8465849475303844}