{"g1": 0.005467372212974608, "g2": 7.239416134702206, "logK": -0.9934789517553149, "loc": 0.11317219143950438, "logScale": -0.3905249838853086}