{"g1": 0.061897400605923025, "g2": 11.134898780277744, "logK": -2.284039483808305, "loc": -0.0011340407139567652, "logScale": -3.9919435785268633}