{"g1": 0.9818813007746773, "g2": 10.601178718559407, "logK": -4.538688560785985, "loc": 0.002907864761550075, "logScale": -3.885981761588027}