{"g1": 0.3256833253272551, "g2": 4.034626830493534, "logK": -4.3083721958517405, "loc": 0.0018646083622179113, "logScale": -3.9941432837276305}