{"g1": 0.5737287724259075, "g2": 1.0265322750274999, "logK": -3.7250431706679774, "loc": -0.004532495376535602, "logScale": -3.766884031938376}