{"g1": 0.7037882200378949, "g2": 12.750962124658995, "logK": -2.713029089691124, "loc": 0.0037843923006550774, "logScale": -3.991293745178827}