{"g1": 0.832706631993067, "g2": 0.043455927283383336, "logK": -0.08995926690841563, "loc": -0.0015414047988676783, "logScale": 2.0461865167550317}