{"g1": 0.7345279822512853, "g2": 8.434381982349134, "logK": -0.36947282850888374, "loc": -0.006645220131684556, "logScale": -3.9978336666302896}