{"g1": 0.9365435197775513, "g2": 14.983209549516417, "logK": 0.5305101846355735, "loc": 0.14797521317610793, "logScale": 2.6577039858977507}