{"g1": 0.2701445840904848, "g2": 5.4039454561924085, "logK": 0.9908111860160359, "loc": 0.0016240450480299318, "logScale": -1.1904408303595244}