{"g1": 0.5069931585582299, "g2": 8.870943109922731, "logK": 0.19062305234245835, "loc": -0.027621050386862522, "logScale": -2.8457433227818068}