{"g1": 0.0679638911764884, "g2": 7.545422428232178, "logK": 0.5139861154814032, "loc": -0.03752719980006915, "logScale": -3.4040976265943614}