{"g1": 0.9781630668251238, "g2": 14.137298651578483, "logK": -4.218238318658759, "loc": -0.007914709592403556, "logScale": -3.995628699842954}