{"g1": 0.4081231697707345, "g2": 14.803865337969642, "logK": 0.8894332410750261, "loc": 0.0811404580277151, "logScale": 3.999751479651516}