{"g1": 0.13271316494320778, "g2": 5.179865728390964, "logK": -3.683173217392752, "loc": 0.0010756277181092379, "logScale": -3.9926809074116916}