{"g1": 0.6054699941893543, "g2": 8.6540389538734, "logK": 0.42412583440771146, "loc": -0.010948594101633513, "logScale": -3.8840443041981967}