{"g1": 0.24624207164271408, "g2": 6.62457295807736, "logK": -2.472526429140001, "loc": -0.021424131821285216, "logScale": -2.117169138831727}