{"g1": 0.7895047628419835, "g2": 14.989831083067408, "logK": 0.9916563514370776, "loc": 0.03250354736776846, "logScale": 2.628811250486756}