{"g1": 0.9566197722185135, "g2": 13.238455585371167, "logK": -2.065194558296488, "loc": -0.009561897256147471, "logScale": -3.9986485855423854}