{"g1": 0.3048545457274969, "g2": 2.002970578766685, "logK": -2.0210195676779037, "loc": 0.0030305666524358624, "logScale": -3.8415296685683202}