{"g1": 0.7013172195223427, "g2": 0.29441702957883975, "logK": 0.8161239511755807, "loc": -0.062221383956852484, "logScale": -2.3977445773426087}