{"g1": 0.8426752290865348, "g2": 6.009903860277625, "logK": -1.970063804024527, "loc": -0.0019802147809695877, "logScale": -3.9751134508757184}