{"g1": 0.9992712334012256, "g2": 7.1148091810841, "logK": -4.200822139020787, "loc": -0.003934742350023789, "logScale": -3.999168642196582}