{"g1": 0.24391242569453042, "g2": 7.3133119466689465, "logK": -4.595649088478047, "loc": 0.002605097085864417, "logScale": -3.0283120955738663}