{"g1": 0.633619739397179, "g2": 2.6002936363902736, "logK": 0.49834963575125024, "loc": -0.054138871257748925, "logScale": -0.148814087283606}