{"g1": 0.13589965267140836, "g2": 8.37770698533157, "logK": -4.082089996451025, "loc": 0.0015401454298518934, "logScale": -3.995162329701199}