{"g1": 0.3866643623917511, "g2": 3.544891164952494, "logK": -1.9143129342011638, "loc": 0.0054990272220161, "logScale": -3.9940295980656364}