{"g1": 0.6243360304208039, "g2": 3.0156039581881355, "logK": 0.8962478643918783, "loc": -0.06453766905500684, "logScale": -0.44542420866415405}