{"g1": 0.34618214009264825, "g2": 7.63064708877487, "logK": -0.7028902396081333, "loc": -0.0032150652001533917, "logScale": -3.980662397307277}