{"g1": 0.4648485522311714, "g2": 0.9499601354558163, "logK": -0.6787835582243071, "loc": -0.06413476371857539, "logScale": 0.8477814126056639}