{"g1": 0.012252646772616761, "g2": 6.240316625984969, "logK": -3.8299662596900177, "loc": -0.04066386014517718, "logScale": 0.9322279702458788}