{"g1": 0.273953142610857, "g2": 2.9859017728533295, "logK": -1.8549222213844367, "loc": -0.009008637437072801, "logScale": -3.991447604771971}