{"g1": 0.3416703503274678, "g2": 14.392374755221446, "logK": -3.5379446565863435, "loc": 0.06400910287127273, "logScale": -0.1586808192831654}