{"g1": 0.02117778979445896, "g2": 0.01401712016279033, "logK": -0.17139445187929914, "loc": -0.13624004742420567, "logScale": 1.4575206837447534}