{"g1": 0.3164199277303021, "g2": 3.7891518074079267, "logK": 0.6329972634642607, "loc": -0.0067040268631439436, "logScale": -3.9699526875094917}