{"g1": 0.42253229717999313, "g2": 12.433769572343751, "logK": -1.598701935052433, "loc": -0.1277670936660521, "logScale": 2.7305636257378563}