{"g1": 0.9954816488570134, "g2": 8.78505832910773, "logK": -1.5845233835504382, "loc": 0.003487363761273365, "logScale": -3.8891500892718205}