{"g1": 0.005168140969061763, "g2": 0.12602339378353267, "logK": -0.11748246873602863, "loc": -0.08691371335289115, "logScale": 3.463311080840944}