{"g1": 0.07129209418609771, "g2": 10.238753871325319, "logK": 0.37588716275192324, "loc": 0.005524497340814897, "logScale": -0.9745404958980054}