{"g1": 0.09590458942846888, "g2": 1.0845960729412107, "logK": 0.9993078211033894, "loc": 0.1364219035878664, "logScale": 0.4667458161411364}