{"g1": 0.4072109151266432, "g2": 14.344343134855087, "logK": -2.127505666645639, "loc": -0.0035407730367879036, "logScale": -3.9614445751004155}