{"g1": 0.3878823968036266, "g2": 6.637987313285455, "logK": -4.989906939110818, "loc": -0.01421389264733244, "logScale": -3.9980956628393796}