{"g1": 0.1654654927751579, "g2": 8.927197744777907, "logK": -3.8191375637982743, "loc": 0.0009409138100455565, "logScale": -3.9807061662294982}