{"g1": 0.03191941014912458, "g2": 9.547036826295216, "logK": -3.988224755349906, "loc": -0.03565815773542424, "logScale": 0.8921401030637085}