{"g1": 0.5870141225736063, "g2": 11.429141935986536, "logK": -2.565213451381605, "loc": -0.005929651173302642, "logScale": -3.9980160345822746}