{"g1": 0.8841709928884061, "g2": 11.495571615494017, "logK": -4.406458513103293, "loc": 0.0032874666905408825, "logScale": -3.9988165623856853}