{"g1": 0.2785991898519611, "g2": 7.321628815461739, "logK": -0.7685316373790297, "loc": -0.000706992434525374, "logScale": -3.9903429012781557}