{"g1": 0.8440818503866578, "g2": 3.6621790214577308, "logK": -3.5797947691261878, "loc": 0.0063469363799112215, "logScale": -3.997801742681814}