{"g1": 0.7040136746219982, "g2": 11.374235782684153, "logK": -1.2801221028687935, "loc": -0.01183392417793051, "logScale": -3.981919410017216}