{"g1": 0.7607441206725147, "g2": 14.992483611685413, "logK": 0.3953005644617241, "loc": -0.1497693073328246, "logScale": 3.30473106211063}