{"g1": 0.06001771027801946, "g2": 2.514064961852924, "logK": 0.8884126861155912, "loc": -0.014078697158880622, "logScale": -3.9425602435356883}