{"g1": 0.005542598690489675, "g2": 5.749638772462429, "logK": -2.4108054016715044, "loc": -0.003669444371309379, "logScale": -3.9768750403407833}