{"g1": 0.03990011886146566, "g2": 11.07509038012798, "logK": 0.6428091294125609, "loc": 0.13298181554772165, "logScale": -0.31076224940673214}