{"g1": 0.2008477668464922, "g2": 1.690433369350853, "logK": -2.8136560142327176, "loc": 0.01183178238128314, "logScale": -3.6011478924436306}