{"g1": 0.5981886169834049, "g2": 1.6564473163019144, "logK": -2.4793991249933613, "loc": -0.00709131639871099, "logScale": -3.9805132144201147}