{"g1": 0.6851445266013789, "g2": 10.76520534643492, "logK": -2.482209990549303, "loc": -0.01533346242712906, "logScale": -3.9874241000642394}