{"g1": 0.04149253715185856, "g2": 12.50315455037747, "logK": 0.7111460289231365, "loc": 0.009772893798606075, "logScale": -1.4774681281893383}