{"g1": 0.5092094233673423, "g2": 11.623178741677155, "logK": -1.3974377275636083, "loc": -0.004544098568215197, "logScale": -3.9890332034023954}