{"g1": 0.9037446446229085, "g2": 14.21988031497245, "logK": -4.829352136971752, "loc": 0.00880397918251385, "logScale": -3.985334700027145}