{"g1": 0.01866796649734148, "g2": 3.10217240047173, "logK": -3.1887901055445136, "loc": 0.0433992460512341, "logScale": -1.1827037091449282}