{"g1": 0.3854085886772407, "g2": 1.270596873908823, "logK": -1.5859098859417187, "loc": -0.002571460439884656, "logScale": -3.9990607759576946}