{"g1": 0.4905140486810043, "g2": 9.96993575685112, "logK": -3.557636054288881, "loc": -0.0058154332822919754, "logScale": -3.992543063554903}