{"g1": 0.4834062351128069, "g2": 11.466825675112794, "logK": -0.2598611680906333, "loc": -0.06212223891546, "logScale": 3.991605545444664}