{"g1": 0.11096279283418983, "g2": 8.015936499885013, "logK": -2.598988549699655, "loc": -0.011051610068095359, "logScale": -3.6772161664958185}