{"g1": 0.2102709057329111, "g2": 13.651305223660229, "logK": 0.6975737080818475, "loc": 0.04295305610135704, "logScale": 3.8483586054709975}