{"g1": 0.529787016228532, "g2": 10.026672944753098, "logK": -3.600520268221858, "loc": 0.0033664993253222503, "logScale": -3.9942692643458253}