{"g1": 0.5879549977213192, "g2": 3.2720355495382547, "logK": -4.399912925369128, "loc": 0.0003021952230070476, "logScale": -3.9807924088133}