{"g1": 0.340296048334942, "g2": 12.985074687626565, "logK": -4.70391606156679, "loc": 0.0042085288186839796, "logScale": -3.995487417812348}