{"g1": 0.09870874086042286, "g2": 5.9886264939132605, "logK": -4.98483832128975, "loc": 0.008199170503191465, "logScale": -3.96716048993087}