{"g1": 0.08968191245285424, "g2": 2.970614647989464, "logK": -0.05743656407880704, "loc": -0.0018730150026252355, "logScale": -2.416955948132275}