{"g1": 0.642077261523901, "g2": 0.0035678354218360298, "logK": -1.716892061545952, "loc": -0.01289582825067764, "logScale": -3.349812824799139}