{"g1": 0.2853674537902553, "g2": 8.380914624765175, "logK": -3.5829416744879703, "loc": -0.00018045120530979335, "logScale": -3.9638614631447706}