{"g1": 0.5404388033625631, "g2": 14.911844783702314, "logK": 0.9222717724969398, "loc": -0.08087222511783015, "logScale": 2.2621025778688866}