{"g1": 0.1432157091854656, "g2": 3.385957005517792, "logK": -4.3386973464382335, "loc": 0.004859696421776964, "logScale": -3.9282135304564627}