{"g1": 0.4076102490368103, "g2": 0.96369404550566, "logK": -0.9897077595471306, "loc": -0.013002575445362118, "logScale": -3.994401346775139}