{"g1": 0.21753614511177655, "g2": 14.940919904579353, "logK": 0.6998884589009104, "loc": -0.025896715107653435, "logScale": -3.836918094768242}