{"g1": 0.4157145017899135, "g2": 5.925121571329817, "logK": -0.47400136409765514, "loc": -0.011496736563056761, "logScale": -3.9618084355992664}