{"g1": 0.056432496677047084, "g2": 4.4991729296554155, "logK": -0.5105943704792424, "loc": -0.07546856666773344, "logScale": -0.3350057376335277}