{"g1": 0.7050936665171461, "g2": 8.548320451955025, "logK": -0.54222142603727, "loc": -0.000767813817514177, "logScale": -3.994504801596472}