{"g1": 0.3376439032456534, "g2": 13.26683073980799, "logK": 0.761602551590322, "loc": -0.06017981726574531, "logScale": -3.2357661912614377}