{"g1": 0.23164617218958605, "g2": 1.424764092023029, "logK": -2.3650192698259165, "loc": 0.002777088310524177, "logScale": -3.9994473707984945}