{"g1": 0.9378800138873115, "g2": 8.160469349930551, "logK": 0.37710992977751, "loc": -0.03848975721179183, "logScale": -3.9748210001950897}