{"g1": 0.8915822523307513, "g2": 10.933822644937731, "logK": -1.3068852529214678, "loc": -0.0030197626911900657, "logScale": -3.995392324579617}