{"g1": 0.302702060374492, "g2": 5.397067512109312, "logK": -1.6205381516137856, "loc": -0.0018720163632680367, "logScale": -3.9931715982134155}