{"g1": 0.5117981897688323, "g2": 14.977413375778152, "logK": 0.650427898358708, "loc": 0.004125135164092856, "logScale": 2.4035724864770405}