{"g1": 0.8524735657938021, "g2": 3.157632579673118, "logK": -1.7324903348189968, "loc": -0.0023601166314389695, "logScale": -3.9764548027202298}