{"g1": 0.0817749075112352, "g2": 11.883825578954378, "logK": -0.28155656772908355, "loc": -0.0642059529480272, "logScale": -0.25523205520867276}