{"g1": 0.7559993138040129, "g2": 10.7691403207495, "logK": -0.6198852620217709, "loc": -0.005562353201881382, "logScale": -3.961437103811811}