{"g1": 0.8463305971201891, "g2": 13.35318485798036, "logK": -3.836544011518976, "loc": -0.004841761163219091, "logScale": -3.9887109515150954}