{"g1": 0.8160404555801457, "g2": 9.396398202171612, "logK": -1.4289435038226315, "loc": -0.005264619273989191, "logScale": -3.9848859462799266}