{"g1": 0.2586631838179399, "g2": 11.76671392903113, "logK": -1.8857985487048563, "loc": -0.005364221949045247, "logScale": -3.9906482690900953}