{"g1": 0.272010816791986, "g2": 12.6146074578504, "logK": -4.422380860592069, "loc": -0.005047588422270657, "logScale": -3.8869679164125333}