{"g1": 0.2755465059360197, "g2": 14.999122008952428, "logK": -0.021174151789265405, "loc": -0.08037884695936706, "logScale": 3.991669117963731}