{"g1": 0.1338288714854204, "g2": 3.508857523580916, "logK": -4.858231157750825, "loc": -0.01835608144161518, "logScale": -3.134975327415734}