{"g1": 0.7942059721532759, "g2": 7.308997780198359, "logK": -1.4824006938584404, "loc": -0.0036220772566705898, "logScale": -3.9506047206189954}