{"g1": 0.7068173816656531, "g2": 8.415029399567125, "logK": 0.5388466561291054, "loc": 0.006043959702922812, "logScale": 1.8223817688217856}