{"g1": 0.8275218105384625, "g2": 5.158953443914274, "logK": -3.239260810898814, "loc": -0.0011763470254741518, "logScale": -3.9994908602116603}