{"g1": 0.17329545203489294, "g2": 0.049373996199440384, "logK": 0.6760506766329554, "loc": -0.0697559665806238, "logScale": 0.8687797760309045}