{"g1": 0.6632265468255722, "g2": 11.505190542739241, "logK": -0.08964567117818628, "loc": -0.042399232046647396, "logScale": 2.9512861276927542}