{"g1": 0.05740228817704773, "g2": 5.035156507249379, "logK": -3.3927747207949537, "loc": 0.0016087487993419287, "logScale": -3.8139752060108543}