{"g1": 0.1892259587018075, "g2": 5.3465211866754405, "logK": -0.11107457839007984, "loc": -0.01949071344439598, "logScale": -3.662849894981098}