{"g1": 0.7985614831147226, "g2": 0.05074119585179787, "logK": -1.3032543681064896, "loc": -0.016646056385726377, "logScale": 3.5538493380583223}