{"g1": 0.9910402225969132, "g2": 9.455351918637458, "logK": -2.8669096518176604, "loc": 0.0026494819050654358, "logScale": -3.859084616256534}