{"g1": 0.9849673015268121, "g2": 14.612161828176214, "logK": -4.625779126932106, "loc": 0.003941275979669317, "logScale": -3.485706758007009}