{"g1": 0.7451216462961581, "g2": 5.36242931688513, "logK": -3.792365630487311, "loc": 0.004594703914329484, "logScale": -3.8601915425916418}