{"g1": 0.6590500296456006, "g2": 3.93782055889211, "logK": -2.1904288909397294, "loc": 0.004957916238577942, "logScale": -3.957394768766921}