{"g1": 0.008123185701369606, "g2": 0.9667810415357851, "logK": -1.5570447536760634, "loc": 0.03689222138142562, "logScale": 0.43486668574803145}