{"g1": 0.8102301420004987, "g2": 14.66683205984027, "logK": 0.12756418400011954, "loc": -0.03904860417728526, "logScale": 3.7276728079161034}