{"g1": 0.09564426180346916, "g2": 1.7831718498689118, "logK": 0.9831433723736942, "loc": -0.08327490683068647, "logScale": -1.2322263551475194}