{"g1": 0.04563543680890729, "g2": 1.0676525425008525, "logK": 0.9252200125284415, "loc": -0.10141419755546233, "logScale": -1.620230373326406}