{"g1": 0.20410027185971846, "g2": 0.3146847228197735, "logK": -0.4844324599777926, "loc": -0.01621808948518793, "logScale": -3.9995740233365953}