{"g1": 0.6771506397548878, "g2": 7.63365204807941, "logK": -1.1164063747093647, "loc": -0.007865249597473275, "logScale": -3.905972295924783}