{"g1": 0.5447644488418827, "g2": 7.744220003994971, "logK": -1.946190309476365, "loc": 0.00269455615797062, "logScale": -3.9914360699825138}