{"g1": 0.7683731846626336, "g2": 8.352518478709282, "logK": -2.7267478809937877, "loc": -0.004656337691640628, "logScale": -3.9962373144218075}