{"g1": 0.44478917132705603, "g2": 8.517663002890604, "logK": -4.998314440183092, "loc": -0.0055968170811001115, "logScale": -3.995191354671169}