{"g1": 0.9672693566564347, "g2": 10.479470774301237, "logK": 0.9939811446747244, "loc": -0.027063114477390012, "logScale": -3.9524136893508954}