{"g1": 0.28804932057499383, "g2": 3.8331332932676454, "logK": 0.5769585413417961, "loc": -0.08454341901685244, "logScale": -1.631921875112993}