{"g1": 0.7204870566042593, "g2": 8.454917481516876, "logK": -4.825098494988825, "loc": 0.0006414590991118164, "logScale": -3.9960483961813136}