{"g1": 0.671336424883976, "g2": 12.73784416495522, "logK": 0.999036127834451, "loc": -0.010254487986021132, "logScale": 1.3772297719991293}