{"g1": 0.3963050347044576, "g2": 0.005961841488966757, "logK": -3.115934564890819, "loc": 0.03260138938269913, "logScale": 3.074297500589604}