{"g1": 0.3927214214191145, "g2": 7.630763832599465, "logK": 0.9982298633460136, "loc": 0.014853726946982275, "logScale": -1.6648897404397804}