{"g1": 0.00594662662106289, "g2": 6.892173671211808, "logK": -3.432062725831723, "loc": -0.019940497782945037, "logScale": -2.0234591648785587}