{"g1": 0.1641495538498125, "g2": 1.335464494039, "logK": -4.591350515314104, "loc": -0.008463187787052715, "logScale": -3.2471949903923787}