{"g1": 0.5819028862973654, "g2": 8.508739130322601, "logK": 0.9201685079786883, "loc": -0.06793800279098464, "logScale": -0.10025377319602322}