{"g1": 0.9333982932838243, "g2": 0.9822971989334855, "logK": -2.7664036913122114, "loc": -0.0003130434549386274, "logScale": -3.9757636406811256}