{"g1": 0.543677208877331, "g2": 6.695172803666662, "logK": -0.9809021439966712, "loc": 0.0020221661631914176, "logScale": -3.9891482587170275}