{"g1": 0.36672245109001816, "g2": 6.136192562223904, "logK": -4.211547760162669, "loc": 0.005873237132066017, "logScale": -3.998450723546287}