{"g1": 0.9311052577688714, "g2": 0.3700061793594046, "logK": -1.3737318422106781, "loc": -0.14902082456014804, "logScale": 1.721803248307327}