{"g1": 0.34166072269007064, "g2": 4.811592186748711, "logK": -2.0207131852176694, "loc": 0.022643060997508173, "logScale": -3.973061518664614}