{"g1": 0.9609665091398215, "g2": 2.7686205576339815, "logK": -1.861529840978745, "loc": -0.0006284585123347355, "logScale": -3.9988497058164385}