{"g1": 0.9997116838622782, "g2": 10.977560246571665, "logK": -0.022151727214247324, "loc": -0.007763452505095005, "logScale": -3.991849482832361}