{"g1": 0.5905109047909417, "g2": 14.837438394270517, "logK": 0.3154860502483869, "loc": -0.13141463507447088, "logScale": 3.7047829181045104}