{"g1": 0.6870933961618765, "g2": 3.301169191022748, "logK": 0.8312301408219105, "loc": 0.028548969264144325, "logScale": 0.17876038880394485}