{"g1": 0.35300158178272895, "g2": 2.7535629817064438, "logK": 0.271272900448344, "loc": -6.0992390558557014e-05, "logScale": -3.9968764079673362}