{"g1": 0.06088422383820198, "g2": 14.018118420371898, "logK": -2.9803338295258732, "loc": 0.002014353100673697, "logScale": -3.9985990315759246}