{"g1": 0.4757114521774185, "g2": 9.024371945819066, "logK": 0.8644885810248966, "loc": -0.04153829346077487, "logScale": -2.1995988971012532}