{"g1": 0.21955606358337626, "g2": 8.061550139717419, "logK": -4.404597938210666, "loc": -0.0036730691033745044, "logScale": -3.283712267000146}