{"g1": 0.2065519730782583, "g2": 0.6992610865073379, "logK": 0.4856024802978707, "loc": 0.05083460270953806, "logScale": 0.2959711000709424}