{"g1": 0.5226772602262446, "g2": 6.3369053407837574, "logK": -4.537121417225405, "loc": -0.003559154672880928, "logScale": -3.9974514265879866}