{"g1": 0.4971820613636669, "g2": 0.42655116085294453, "logK": -2.3781067149137596, "loc": 0.13086022960247726, "logScale": 3.9983810995378644}