{"g1": 0.8439612309704492, "g2": 12.145230493498488, "logK": 0.9899086908472173, "loc": 0.052002368917141696, "logScale": 1.7476288765602994}