{"g1": 0.2867629557633183, "g2": 10.574103471800269, "logK": 0.8479310931363496, "loc": -0.06158889416318104, "logScale": -3.737586136710524}