{"g1": 0.019655828412746504, "g2": 1.3190040851727602, "logK": -0.843825989313982, "loc": -0.017867934223454215, "logScale": -0.5942748394495879}