{"g1": 0.9417106797204509, "g2": 11.20830193381023, "logK": -4.805667337918472, "loc": -0.0010237820080564765, "logScale": -3.873663908760796}