{"g1": 0.3132186162181872, "g2": 8.390746427610878, "logK": 0.9693201802254159, "loc": -0.09993452820680512, "logScale": -0.9724295092713329}