{"g1": 0.9931327864473303, "g2": 2.8511902124888295, "logK": -3.2439294803987098, "loc": 0.006886043663905907, "logScale": -3.893561554658967}