{"g1": 0.880044078844902, "g2": 3.1330303956983268, "logK": 0.7970841957059437, "loc": 0.04666345764637065, "logScale": 1.0823920306510855}