{"g1": 0.028040710774834388, "g2": 8.8786580136574, "logK": -0.21209557507240606, "loc": -0.03146510418140755, "logScale": -3.4821173100782437}