{"g1": 0.6982463865251679, "g2": 7.454369140550304, "logK": -1.1331856017562887, "loc": -0.006445510265242953, "logScale": -3.9940906198272526}