{"g1": 0.4170669231045111, "g2": 5.092070373339547, "logK": -0.9056658901309924, "loc": -0.0049205430535854975, "logScale": -3.9745216251610804}