{"g1": 0.6509456643804168, "g2": 4.017648442032316, "logK": -2.5922089111271966, "loc": -0.006723120852607132, "logScale": -3.9514815306293953}