{"g1": 0.27845517843410567, "g2": 6.603155458021887, "logK": -3.5196617777367325, "loc": -0.0026037856514278864, "logScale": -3.9966643364101913}