{"g1": 0.57330989358736, "g2": 9.455321911704244, "logK": -3.4597823805486474, "loc": -0.005857277362771503, "logScale": -3.9840963473606896}