{"g1": 0.1321692515481882, "g2": 2.4586375295897387, "logK": 0.06323576624204763, "loc": -0.13462814672584672, "logScale": -0.4531076105374638}