{"g1": 0.31135751194668876, "g2": 2.4567076218710584, "logK": -0.4561609613406845, "loc": 0.015994950719733045, "logScale": 0.7160279257867286}