{"g1": 0.6904944935731818, "g2": 14.580857608808547, "logK": 0.8386733285463001, "loc": 0.03862441335651187, "logScale": 0.45688872498387734}