{"g1": 0.1964713855456658, "g2": 2.5464312199767427, "logK": 0.9994603833071365, "loc": 0.086283037379339, "logScale": 0.24902708424684095}