{"g1": 0.7448391086035803, "g2": 11.761324171622617, "logK": -1.6727661247718546, "loc": 0.002561106178265402, "logScale": -3.9892388814371946}