{"g1": 0.2251360394773843, "g2": 4.90846708469395, "logK": -3.303754149347923, "loc": -0.06446131627297731, "logScale": -1.1821082997064918}