{"g1": 0.5778079182842768, "g2": 14.602619104356927, "logK": -3.807388741555752, "loc": 0.1052607960455312, "logScale": 0.06178837521821068}