{"g1": 0.02840836311052032, "g2": 10.142404045514406, "logK": -1.3267443437966242, "loc": -0.011445751279941237, "logScale": -3.9983176931492714}