{"g1": 0.5477313717046617, "g2": 2.0027216584988126, "logK": 0.8207945654031102, "loc": -0.02050140175410789, "logScale": -3.8047040127100384}