{"g1": 0.7546348132827879, "g2": 14.97742638032852, "logK": -3.5189539636438547, "loc": -0.0033326732536017706, "logScale": -3.9992673472624576}