{"g1": 0.632314620537867, "g2": 2.4939055751464725, "logK": 0.9987863029931968, "loc": 0.05345894927927804, "logScale": 0.5308877698215049}