{"g1": 0.6368531514976548, "g2": 14.247255751762117, "logK": -3.010967358990908, "loc": 0.004356834947577265, "logScale": -3.9940634900732293}