{"g1": 0.07783467738874561, "g2": 1.4777966983483575, "logK": -3.449683950872898, "loc": 0.008103242238875772, "logScale": -3.381931289418381}