{"g1": 0.13794745033937966, "g2": 1.7578681756722228, "logK": -4.6473393729082515, "loc": 0.0037134949335522107, "logScale": -3.994139616711688}