{"g1": 0.2705687965215378, "g2": 5.683321726657376, "logK": -1.7509401791973258, "loc": 0.001723656172282607, "logScale": -3.9930487246702953}