{"g1": 0.9399217107293218, "g2": 0.8486937554675937, "logK": -2.4559725396251646, "loc": 0.0005445226048400691, "logScale": -3.995697471170352}