{"g1": 0.4799303189811539, "g2": 10.147772732232784, "logK": -1.824942155250504, "loc": -0.0034911317811774, "logScale": -3.955731049266453}