{"g1": 0.39392974243819107, "g2": 8.10673034435925, "logK": 0.8825194735401666, "loc": -0.05424141787550689, "logScale": -1.0957171758316087}