{"g1": 0.18460212309086782, "g2": 12.46795990768829, "logK": -1.3017418704416557, "loc": -0.009684434829144014, "logScale": -3.9648831609041055}