{"g1": 0.7822837002274527, "g2": 13.393279002336818, "logK": -1.3933774261590202, "loc": -0.005178274035921274, "logScale": -3.992224418578966}