{"g1": 0.4122969318200125, "g2": 6.07270338095045, "logK": -4.983358960068164, "loc": -0.13526335448375748, "logScale": 1.6643410595415304}