{"g1": 0.9341068978717347, "g2": 14.58318423529025, "logK": 0.7570420757447314, "loc": 0.01014944583485742, "logScale": 2.375399119001995}