{"g1": 0.8725710837811821, "g2": 12.707958009978839, "logK": 0.2591757705303758, "loc": 0.04180537861192744, "logScale": 2.79513356023839}