{"g1": 0.7131720543661979, "g2": 14.771651631358917, "logK": 0.38687530328807096, "loc": -0.0705489852964739, "logScale": 3.668990431674147}