{"g1": 0.7469020467409435, "g2": 14.99216486178031, "logK": -2.68729202137212, "loc": -0.07453648299070989, "logScale": 3.999410456533856}