{"g1": 0.2793951867547093, "g2": 0.05506318686847855, "logK": -0.6232896019077141, "loc": -0.011738052869470605, "logScale": -3.9941864647952436}