{"g1": 0.33029414909298566, "g2": 10.956683471701705, "logK": 0.32911472368849903, "loc": -0.06929737787321501, "logScale": -1.004638365882076}