{"g1": 0.6142601652665702, "g2": 13.759772261840325, "logK": -2.8231571586332147, "loc": -0.0044844495320738205, "logScale": -3.9819799879994684}