{"g1": 0.6095670986776864, "g2": 8.719424495780409, "logK": -1.6918303569514221, "loc": 0.001844972319550088, "logScale": -3.9896833780069816}