{"g1": 0.0393867964368584, "g2": 13.578408851429398, "logK": 0.736513848805209, "loc": -0.05647000034436959, "logScale": 0.34677265989349093}