{"g1": 0.6789894536557, "g2": 14.958797252615122, "logK": -0.9658370126537928, "loc": -0.001975070314089901, "logScale": -3.790651219201627}