{"g1": 0.4625102172835874, "g2": 12.321968341389796, "logK": 0.9426313883963573, "loc": 0.07061553811343156, "logScale": 3.987344565854016}