{"g1": 0.9470072945544736, "g2": 12.657473411073296, "logK": -2.514931378499048, "loc": 0.0006780197709462873, "logScale": -3.999307358880927}