{"g1": 0.9965805982377407, "g2": 9.388358083975309, "logK": -4.340927932287066, "loc": -0.0012926307919294104, "logScale": -3.9533127647673774}