{"g1": 0.011489256780732121, "g2": 3.5198402935503514, "logK": 0.9779099940831405, "loc": -0.07761643471647814, "logScale": -3.109280579698134}