{"g1": 0.056512672553771015, "g2": 12.971899426296961, "logK": -3.2298831525472647, "loc": 0.004805376153002871, "logScale": -3.9733694197731144}