{"g1": 0.26003189567962076, "g2": 0.5917749160316452, "logK": 0.22126247407421445, "loc": 0.0030880001124790543, "logScale": -2.2801567337927877}