{"g1": 0.9003813461191851, "g2": 13.215067638547131, "logK": -3.585720694104386, "loc": 0.013875213670963296, "logScale": -3.98130233140678}