{"g1": 0.42796266189382376, "g2": 4.822282173073002, "logK": -1.4182719585054262, "loc": -0.003830586067552825, "logScale": -3.988010239948695}