{"g1": 0.32434696141710273, "g2": 10.31252596929875, "logK": -4.057959618228497, "loc": -0.004549907483639259, "logScale": -3.955171900440881}