{"g1": 0.3665338973272919, "g2": 8.934066564084869, "logK": -0.2552185860984732, "loc": -0.008730938674809102, "logScale": -3.65227976592986}