{"g1": 0.16555629573912403, "g2": 11.245319687537966, "logK": -1.4632860906738359, "loc": -0.0031366280235931646, "logScale": -3.9947369251462432}