{"g1": 0.4864091830405929, "g2": 11.68063958805288, "logK": -3.6056532324596837, "loc": -0.006496758535004404, "logScale": -3.995355069254635}