{"g1": 0.8333952535948532, "g2": 10.863889506737591, "logK": -2.833925147610718, "loc": 0.0024085735544129364, "logScale": -3.9515926667312398}