{"g1": 0.6218877864122137, "g2": 14.483310520181043, "logK": 0.9132825931840212, "loc": 0.0950346316470557, "logScale": 3.980822960701804}