{"g1": 0.25514496388462915, "g2": 8.174206137669644, "logK": -1.8543704434093873, "loc": -0.008933761088303325, "logScale": -3.984168607139083}