{"g1": 0.10739946787299873, "g2": 9.70805300143375, "logK": -1.2981124852761137, "loc": -0.01347283396304886, "logScale": -3.9830979515661764}