{"g1": 0.6904952240460024, "g2": 1.1696470010494306, "logK": 0.9929282851208089, "loc": -0.0857144477385764, "logScale": -1.362655309123279}