{"g1": 0.5438167476590297, "g2": 0.08959652727372558, "logK": -3.7774129018537983, "loc": 0.00457272671288054, "logScale": -3.999801734606309}