{"g1": 0.46756737969733053, "g2": 12.278638362152325, "logK": -0.25375562555868314, "loc": -0.021605839594267248, "logScale": -3.6794766301085984}