{"g1": 0.21899563320828672, "g2": 0.8672912036314546, "logK": 0.8530775390499781, "loc": -0.06700187420046343, "logScale": -1.512066677700255}