{"g1": 0.8860972995601913, "g2": 6.5210513358688225, "logK": -0.6009659843032001, "loc": -0.015628423134872747, "logScale": -3.999518817757444}