{"g1": 0.7753624275624545, "g2": 7.050002609824385, "logK": -4.359073199312571, "loc": -0.002692235042159775, "logScale": -3.9972519636568724}