{"g1": 0.12801322604132065, "g2": 9.316929550683586, "logK": -4.526779093269817, "loc": 0.0035598212193384262, "logScale": -3.866139062587389}