{"g1": 0.6400153849659769, "g2": 1.7435098543108751, "logK": -1.5208059217589647, "loc": -0.006401754195642785, "logScale": -3.9952211546593466}