{"g1": 0.4795630244101615, "g2": 11.686539204233446, "logK": 0.978336417236831, "loc": 0.0926372908682321, "logScale": -1.6566094930341082}