{"g1": 0.7438574779201136, "g2": 12.643041527683584, "logK": -1.7531784076295809, "loc": -0.0002379362824832755, "logScale": -3.9973161594720352}