{"g1": 0.657206231050015, "g2": 9.415078035999091, "logK": -2.3430345122922924, "loc": 0.0009412546058087357, "logScale": -3.869702406965167}