{"g1": 0.9076069731775351, "g2": 10.48962568439796, "logK": -0.0846908076205056, "loc": -0.007575387261723426, "logScale": -3.9548414601873065}