{"g1": 0.5409769119144161, "g2": 14.920579560571603, "logK": 0.6664148012374056, "loc": -0.04255462519119307, "logScale": 3.7277887318155796}