{"g1": 0.6694223497408958, "g2": 0.2700245862555084, "logK": -0.6471625649686278, "loc": 0.11171602773201304, "logScale": -0.8158658711203781}