{"g1": 0.810917165326296, "g2": 10.59084853780034, "logK": -1.2912956223363166, "loc": 0.00924510219810749, "logScale": 3.5170144488712993}