{"g1": 0.4228625887276952, "g2": 7.565227243587309, "logK": -4.9643962628572815, "loc": -0.0013356893827255164, "logScale": -3.999840217200812}