{"g1": 0.7978468414708388, "g2": 5.872950186014706, "logK": -2.7916579815057614, "loc": 0.0026275219971847313, "logScale": -3.984751468818509}