{"g1": 0.017055082955811846, "g2": 14.16247439542981, "logK": 0.39268168568193046, "loc": -0.0003564119418704888, "logScale": -3.8994565091088527}