{"g1": 0.9752574981398167, "g2": 14.902226321312163, "logK": 0.9910415619407981, "loc": 0.03948559003006883, "logScale": 3.0216833135846675}