{"g1": 0.8407898832380326, "g2": 7.814579184462521, "logK": 0.9857143469476246, "loc": -0.08228343636985698, "logScale": 3.9882710665927767}