{"g1": 0.6144907472589386, "g2": 14.958478030693335, "logK": 0.46011214822806673, "loc": 0.14191626469834714, "logScale": 3.596553933822362}