{"g1": 0.9578730825825316, "g2": 11.98319517692664, "logK": -3.843691065796634, "loc": 0.002508302348367708, "logScale": -3.987082335190817}