{"g1": 0.8867512543547766, "g2": 0.58560639189544, "logK": -1.8737446132082938, "loc": 0.0029176276080244996, "logScale": -3.9915471517543244}