{"g1": 0.4221388276545018, "g2": 13.345267447124881, "logK": 0.5151341168732737, "loc": -0.004973968212860999, "logScale": -3.562642772113903}