{"g1": 0.7291406085974, "g2": 2.503454593134477, "logK": -3.3010107906288617, "loc": -0.004851752743740747, "logScale": -3.9957474972608287}