{"g1": 0.4832071243008057, "g2": 4.265793224228893, "logK": 0.7175617214277912, "loc": -0.13172000766261574, "logScale": -1.3889554404627855}