{"g1": 0.9175160283046109, "g2": 0.3394257004536597, "logK": 0.5774086196128507, "loc": 0.079724917507084, "logScale": 0.9201859310693619}