{"g1": 0.7218639539185869, "g2": 12.093063818831803, "logK": -3.522752845383157, "loc": -0.00099743649127923, "logScale": -3.999641279369802}