{"g1": 0.9549172455450435, "g2": 3.8658481835456144, "logK": -1.5875701847980392, "loc": -0.00240510951216002, "logScale": -3.9925662590646867}