{"g1": 0.037710181013103874, "g2": 6.271384998654673, "logK": 0.5328729070594707, "loc": -0.04579351731271196, "logScale": -3.291117518347589}