{"g1": 0.5878299374723809, "g2": 14.718866630262193, "logK": 0.8646080086568513, "loc": 0.11962343816406196, "logScale": 2.3916826599002023}