{"g1": 0.5975878687953187, "g2": 1.1641801800525444, "logK": 0.6835909439617522, "loc": -0.037952180969359664, "logScale": -3.6339957420692865}