{"g1": 0.47679190142530425, "g2": 10.526668304442865, "logK": -4.4820530247660635, "loc": -0.007467433987111985, "logScale": -3.9882722774491333}