{"g1": 0.7284919953090978, "g2": 0.8919048535731827, "logK": -0.926110413273448, "loc": -0.01216360419839011, "logScale": -3.967550637023872}