{"g1": 0.22747982696760605, "g2": 11.672193290610513, "logK": -0.6684875036787764, "loc": -0.01516674953429429, "logScale": -3.9824276147826407}