{"g1": 0.38548885273607447, "g2": 6.493845816380572, "logK": 0.9951099258874345, "loc": -0.05636266860374349, "logScale": 0.19926612592048898}