{"g1": 0.7081965334675813, "g2": 14.888091961915558, "logK": -1.1588009874435365, "loc": -0.0076302396156898745, "logScale": -3.8522506602751525}