{"g1": 0.544360647029307, "g2": 3.4854331382549213, "logK": -4.171094436672947, "loc": 0.0003101292786766609, "logScale": -3.9414240835785126}