{"g1": 0.1635563922377869, "g2": 1.1193489320662176, "logK": 0.8189215247979358, "loc": 0.10677514606476883, "logScale": -0.5450350526601764}