{"g1": 0.8158709541123788, "g2": 12.672745129817283, "logK": 0.8909200664013157, "loc": 0.10243847350728794, "logScale": 3.9814444815268684}