{"g1": 0.07939086332495522, "g2": 9.593293716276627, "logK": 0.1015606524273977, "loc": -0.034703464339966406, "logScale": -0.8302984730516665}