{"g1": 0.04479238595623295, "g2": 4.475824560946955, "logK": 0.5277043180324543, "loc": -0.03194331171978823, "logScale": -1.25004829708132}