{"g1": 0.2530453829817331, "g2": 9.447907913240467, "logK": -1.2523017195761388, "loc": 0.006683252642606618, "logScale": -2.9552194996651133}