{"g1": 0.7789265818133869, "g2": 0.5201696481892832, "logK": 0.6544067815103394, "loc": 0.10030673607531815, "logScale": 0.3271725149539294}