{"g1": 0.23891025852032505, "g2": 8.394156451569454, "logK": -2.058346514985875, "loc": 0.005130933819553903, "logScale": -3.961755529564333}