{"g1": 0.9784832530171343, "g2": 9.326290910830082, "logK": 0.9979459150007128, "loc": -0.05203173022735846, "logScale": -0.451561983983936}