{"g1": 0.3951883254902036, "g2": 7.173899053703734, "logK": -3.212669733972108, "loc": 0.0036005130489632185, "logScale": -3.8026932292089324}