{"g1": 0.29838568750404393, "g2": 4.451061714255882, "logK": -4.905553659457276, "loc": 0.0074776245267830395, "logScale": -3.986431252899321}