{"g1": 0.22095843446672492, "g2": 10.195255670462197, "logK": -0.9786273700022095, "loc": -0.0005859964977094692, "logScale": -3.9982902625240606}