{"g1": 0.5177903208770304, "g2": 12.202083487482334, "logK": -4.576635533604454, "loc": 0.009709601381306526, "logScale": -3.991376378845896}