{"g1": 0.5531552484761328, "g2": 7.38664454910203, "logK": -1.3650806506887503, "loc": -0.008899842177619416, "logScale": -3.989369447363326}