{"g1": 0.3552067271350231, "g2": 0.49700758555397506, "logK": -3.432059204259541, "loc": 0.004558429790225279, "logScale": -3.976107327835996}