{"g1": 0.5519906402039934, "g2": 13.565179824344485, "logK": -2.9830169526456096, "loc": -0.0009055464634362062, "logScale": -3.7611741756860533}