{"g1": 0.6142406856641256, "g2": 12.374377360078753, "logK": 0.9905347265568187, "loc": 0.01929410996054399, "logScale": 1.383984832329178}