{"g1": 0.1608396678514083, "g2": 0.01637004036486718, "logK": 0.7610294669446854, "loc": -0.05865037341374592, "logScale": 2.2312200439013914}