{"g1": 0.38787402650518554, "g2": 12.539664809761561, "logK": 0.43347120154617036, "loc": -0.06105957320172033, "logScale": -1.218553750966079}