{"g1": 0.8540665492250689, "g2": 4.361974206648524, "logK": 0.64631184460556, "loc": 0.008803019298499588, "logScale": 0.5060773273280706}