{"g1": 0.3996015181000471, "g2": 14.026098677103391, "logK": 0.9938100543585163, "loc": 0.12713387776819945, "logScale": 3.8748279002442163}