{"g1": 0.49809780340528964, "g2": 14.391535745433096, "logK": -0.06785174833261554, "loc": -0.1070159247573, "logScale": 3.205360531100532}