{"g1": 0.06634860995770099, "g2": 14.333349660200914, "logK": 0.6213439107325076, "loc": -0.04274088503269417, "logScale": -3.539154686446402}