{"g1": 0.05517995067516257, "g2": 7.294876661834693, "logK": -2.8900749252997953, "loc": -0.003681930939569405, "logScale": -3.9871933232989543}