{"g1": 0.26591433323852803, "g2": 6.448664195572531, "logK": -0.403805137192885, "loc": -0.0012394928788755418, "logScale": -3.4208568151655188}