{"g1": 0.05599782673119744, "g2": 14.177864958439233, "logK": -4.398113963723459, "loc": 0.01695776744988172, "logScale": -2.4747515287417556}