{"g1": 0.10347158848779289, "g2": 6.864601102088284, "logK": -3.927662453496546, "loc": 0.008541737566377843, "logScale": -3.97455567043211}