{"g1": 0.5164111590761962, "g2": 7.704979507262043, "logK": 0.45670853595562755, "loc": -0.008732446709753289, "logScale": 1.1611629057852197}