{"g1": 0.29833857899839444, "g2": 14.895451487162921, "logK": -0.13746462369326462, "loc": 0.1497185649392677, "logScale": 1.9074778895972413}