{"g1": 0.49409191340374603, "g2": 7.999790590187415, "logK": -0.7426958614086959, "loc": -0.009510339469888157, "logScale": -3.997950404572288}