{"g1": 0.6943741913316843, "g2": 3.6945168354637037, "logK": 0.7299236525660295, "loc": -0.06079358880255588, "logScale": 0.4594780542881325}