{"g1": 0.0011610991210898106, "g2": 10.65899522616604, "logK": -1.5493892824122066, "loc": -0.029098811733424334, "logScale": -3.1599263663554717}