{"g1": 0.13581562961507487, "g2": 2.929282310126831, "logK": 0.07876743408906756, "loc": -0.010177543983794097, "logScale": -3.7323221798713706}