{"g1": 0.12602692439963253, "g2": 0.3108173507677148, "logK": -0.3543446675885915, "loc": -0.054545288334535674, "logScale": 1.2156482636863344}