{"g1": 0.5784667086958318, "g2": 1.5237501901530353, "logK": 0.9975364837426687, "loc": -0.10974071632365755, "logScale": -0.4243525884459943}