{"g1": 0.8714299567114914, "g2": 14.82574401152284, "logK": -4.470156587799577, "loc": 0.004397860080139173, "logScale": -3.983265046789888}