{"g1": 0.43923316534528095, "g2": 9.461208799250095, "logK": -3.8804781177967107, "loc": 0.0027328302998891607, "logScale": -3.979121848625901}