{"g1": 0.706302146505901, "g2": 8.130235697317007, "logK": -1.2614184846185368, "loc": -0.006646018273957004, "logScale": -3.9616864121962494}