{"g1": 0.37942571189448837, "g2": 6.510684745110855, "logK": 0.4233946450688868, "loc": -0.02703640903171079, "logScale": -1.4165150329299}