{"g1": 0.21637740799302407, "g2": 2.015905797046913, "logK": -3.3747957883409088, "loc": 0.009496167960612652, "logScale": -3.103343051548336}