{"g1": 0.23356081594316194, "g2": 12.154565424762437, "logK": 0.8477460110212439, "loc": 0.07728578728879137, "logScale": 0.8179225964632271}