{"g1": 0.07487801713173897, "g2": 0.3765812319730427, "logK": 0.9791945734182201, "loc": 0.09360377842896202, "logScale": 3.6342993182361103}