{"g1": 0.9799278235234538, "g2": 7.895026976448057, "logK": -2.350138131076139, "loc": -0.010442374338565583, "logScale": -3.812695235555302}