{"g1": 0.8672887929441975, "g2": 14.981951431978867, "logK": -1.278442259662665, "loc": -0.0033515954960260767, "logScale": -3.9896934991834967}