{"g1": 0.43328945319455303, "g2": 5.036319788339798, "logK": -2.314127853522133, "loc": -0.0011217722625313745, "logScale": -3.9870765538036173}