{"g1": 0.3682783079128633, "g2": 14.720098838477695, "logK": -1.58164603653649, "loc": -0.016619969605779324, "logScale": -3.364487703089037}