{"g1": 0.050638082467097084, "g2": 2.9379234202353226, "logK": -4.756148198594338, "loc": 0.0012300231114067918, "logScale": -3.9794399359570654}