{"g1": 0.5109870430507897, "g2": 11.710827769911365, "logK": -3.667476040410281, "loc": -0.005167913716415087, "logScale": -3.7478370943116137}