{"g1": 0.6835151963587103, "g2": 11.713003061597162, "logK": -1.3239684986538611, "loc": -0.0037038383125629374, "logScale": -3.9870578556286778}