{"g1": 0.5506051982937434, "g2": 10.552546237135934, "logK": -4.745871130000963, "loc": 0.000304707054083796, "logScale": -3.9950214864788083}