{"g1": 0.6469921067129699, "g2": 5.613335993384684, "logK": 0.8918179112836493, "loc": -0.11822934663647257, "logScale": 0.46540472794067744}