{"g1": 0.43957057637740504, "g2": 4.14236113010101, "logK": 0.997820649411258, "loc": -0.026925806874700083, "logScale": -0.20689189544615674}