{"g1": 0.3547079069597263, "g2": 10.115195133701416, "logK": 0.7186025819711179, "loc": 0.11177730871774208, "logScale": 0.7915378772467306}