{"g1": 0.030851354251174603, "g2": 1.5726195141184816, "logK": -4.709360064457964, "loc": -0.13463436260186856, "logScale": 0.10008036504941929}