{"g1": 0.9836288783042025, "g2": 14.217599539061784, "logK": -1.8404307519729763, "loc": -0.0016054625219665448, "logScale": -3.8290788599080425}