{"g1": 0.12364070950670561, "g2": 5.313717496365308, "logK": 0.919734765455066, "loc": -0.13901200878369785, "logScale": -0.18549863499656383}