{"g1": 0.10799862995705656, "g2": 12.73258705179482, "logK": -2.045252142413388, "loc": -0.002934371239930101, "logScale": -3.9809210410909563}