{"g1": 0.780635654022397, "g2": 8.134051951209734, "logK": 0.6955880810515738, "loc": -0.01014380423313069, "logScale": -3.9848797667870937}