{"g1": 0.3202901219237064, "g2": 8.520549239166577, "logK": -1.9590427264689452, "loc": 0.005840492838740551, "logScale": -3.9863310594759174}