{"g1": 0.7320280225583506, "g2": 11.392602851327524, "logK": -0.7152298923776532, "loc": -0.015980270382070273, "logScale": -3.9786691196240103}