{"g1": 0.02094600511430142, "g2": 9.810230585874555, "logK": -4.868286974484938, "loc": 0.024445824281847668, "logScale": -0.0027438830033539863}