{"g1": 0.14102868466506233, "g2": 12.694592750117252, "logK": -3.6006886814480312, "loc": -0.0033091721875685006, "logScale": -3.999638900860817}