{"g1": 0.9634401625353162, "g2": 14.996827520427091, "logK": -4.799773932346061, "loc": 0.06742444151237295, "logScale": 3.5743235213101245}