{"g1": 0.4248869421532067, "g2": 7.600340234794208, "logK": -3.8996056281840152, "loc": 0.00035729650730500617, "logScale": -3.980494680031971}