{"g1": 0.09564542736535417, "g2": 7.878772345642173, "logK": 0.3863022130807167, "loc": -0.02172711045330921, "logScale": -3.5075894047852576}