{"g1": 0.7471901436237306, "g2": 12.038993951993046, "logK": 0.12490982694159403, "loc": 0.06507433619633529, "logScale": 3.621515029782337}