{"g1": 0.34909503788736157, "g2": 9.545729798031765, "logK": -1.9224760547335649, "loc": -0.003878055922513692, "logScale": -3.997160516976356}