{"g1": 0.09907985034514127, "g2": 0.17297619458813704, "logK": -4.802120149038122, "loc": 0.0016370239056229482, "logScale": -3.966181501804742}