{"g1": 0.6584882131175855, "g2": 5.060355234703301, "logK": -2.8969768222725394, "loc": -0.0013002482388651702, "logScale": -3.96778261990946}