{"g1": 0.012588776615858221, "g2": 2.6299784239395105, "logK": -2.814986243476901, "loc": -0.0015269281541035859, "logScale": -3.998036178958848}