{"g1": 0.3986965376323838, "g2": 3.0651125637198895, "logK": 0.6272705151353808, "loc": -0.0002586944211538239, "logScale": -3.2169861943714118}