{"g1": 0.4803824022893806, "g2": 3.1056198308572, "logK": 0.5591287662548886, "loc": 0.05064499601667961, "logScale": 0.549248381214914}