{"g1": 0.7304162975453982, "g2": 6.904106836912177, "logK": -2.4980290103567846, "loc": 0.002690914064930191, "logScale": -3.9913469040661522}