{"g1": 0.22310278695628527, "g2": 14.98866500907837, "logK": 0.8474777329352645, "loc": -0.09824648822265362, "logScale": 3.3250212090122133}