{"g1": 0.475328031503661, "g2": 14.956619456321672, "logK": 0.47031386152754273, "loc": 0.13466480498698183, "logScale": 3.62618985723567}