{"g1": 0.44226083739288663, "g2": 11.157978256764876, "logK": -1.3022558991587623, "loc": -0.007310220928298018, "logScale": -3.992874334602863}