{"g1": 0.7683720913050351, "g2": 10.176170278640909, "logK": -2.8104620758301575, "loc": -0.005130523893690052, "logScale": -3.995210428260572}