{"g1": 0.9367834543688137, "g2": 14.615017189531988, "logK": -0.48513222152408675, "loc": 0.14059926483190854, "logScale": 3.996279719816556}