{"g1": 0.02160352909161925, "g2": 8.497965298026944, "logK": 0.5297236667703982, "loc": -0.06761285370001005, "logScale": -0.7360556373127622}