{"g1": 0.2601969019993299, "g2": 12.70532719172521, "logK": -3.3621674611603023, "loc": -0.005368192599871372, "logScale": -3.5152837228088543}