{"g1": 0.8098502259658555, "g2": 3.226619764006884, "logK": -1.8034882060891153, "loc": 0.002270758517930894, "logScale": -3.9989733309056628}