{"g1": 0.6901113765642646, "g2": 3.989203703551811, "logK": -0.8194446324746962, "loc": 0.0020007384022680715, "logScale": -3.9909072711900633}