{"g1": 0.007908910282000692, "g2": 14.075591759401703, "logK": -1.2515022360897414, "loc": 0.0004445346977960153, "logScale": -3.9982758433565015}