{"g1": 0.8208098825301328, "g2": 4.823886087847958, "logK": -1.6308826999358375, "loc": -0.003245174194905602, "logScale": -3.987639401333789}