{"g1": 0.003683740832493232, "g2": 12.821539722270174, "logK": -2.936006259278037, "loc": -0.00695565062784837, "logScale": -3.9961992982328898}