{"g1": 0.21786667074635613, "g2": 8.492642045554593, "logK": -4.082725337386251, "loc": -0.0021493070939482216, "logScale": -3.9756596024954725}