{"g1": 0.05687936242398959, "g2": 0.47647955943130227, "logK": -2.002068825280909, "loc": -0.010546160982960438, "logScale": -3.7632676414381705}