{"g1": 0.2706054574739364, "g2": 13.212207418059633, "logK": -2.686526904097587, "loc": 0.005925596919154759, "logScale": -3.9946734790847924}