{"g1": 0.5696366587787101, "g2": 0.6388097891285441, "logK": 0.6299147217726127, "loc": 0.009293377098243981, "logScale": 0.7347251157857317}