{"g1": 0.2633607663903439, "g2": 0.09918572760381139, "logK": -2.6607704512675756, "loc": -0.0034495537131984553, "logScale": -3.993593862843347}