{"g1": 0.3607500845896242, "g2": 13.875978752736644, "logK": 0.6894892015808012, "loc": 0.0029310233063698093, "logScale": 2.2507897419520106}