{"g1": 0.7535048599914094, "g2": 14.282921899050754, "logK": 0.6498166086282101, "loc": -0.07449573625544408, "logScale": 1.742082351577703}