{"g1": 0.0732787035462444, "g2": 10.882891861620092, "logK": -1.5303718337083518, "loc": -0.010011604282480508, "logScale": -3.8520389612403387}