{"g1": 0.0806040994189768, "g2": 12.185515561787367, "logK": 0.6459637186378572, "loc": -0.10127538765924174, "logScale": 1.1390316191658638}