{"g1": 0.2976309047063135, "g2": 0.6125923724774687, "logK": -4.739522778384917, "loc": -0.0838718864935268, "logScale": 0.9656311330208249}