{"g1": 0.2596839129314315, "g2": 1.4866352590321261, "logK": -3.245325936973786, "loc": -0.0066997384200987034, "logScale": -3.9988697928404897}