{"g1": 0.23482179740441256, "g2": 3.3954297420384156, "logK": -4.385455392710149, "loc": 0.07864254130468319, "logScale": 1.2438900619047633}