{"g1": 0.6334783852257082, "g2": 12.87367529242289, "logK": -0.7490969803774432, "loc": 0.0017256542821950226, "logScale": -3.996551930598838}