{"g1": 0.12531028634084582, "g2": 1.6534521345442834, "logK": 0.9977011352163321, "loc": -0.006475081283606031, "logScale": -3.665805443069614}