{"g1": 0.2684880215614043, "g2": 9.103650626173309, "logK": -1.5500299291143578, "loc": 0.0050894383352868625, "logScale": -2.3376277531175633}