{"g1": 0.2026247707411608, "g2": 8.056857130740637, "logK": -0.934168996957567, "loc": -0.003809640188030271, "logScale": -3.9975658689895073}