{"g1": 0.40078827548644247, "g2": 14.671174774656976, "logK": 0.16802166837774096, "loc": 0.06240096509119912, "logScale": 3.4355026656220806}