{"g1": 0.4568434769705119, "g2": 10.659573233677111, "logK": -2.348985176557668, "loc": 0.06971133619383635, "logScale": 3.0827363931435836}