{"g1": 0.047467590885076225, "g2": 5.985795832113512, "logK": -1.4393777401209946, "loc": -0.009254007213744574, "logScale": -2.813242557843676}