{"g1": 0.046317392965414386, "g2": 3.747883717954044, "logK": 0.5621035884088961, "loc": -0.09279569100407475, "logScale": -2.647950295490251}