{"g1": 0.28094793923874206, "g2": 3.0530999138640147, "logK": 0.9949118919367187, "loc": 0.0007844924911154932, "logScale": -1.751635205055559}