{"g1": 0.6658964464837216, "g2": 0.2842915399323882, "logK": -3.3912425717707575, "loc": -0.003639829688539725, "logScale": -3.9960114805255857}