{"g1": 0.623301119728698, "g2": 14.671030811761591, "logK": -3.950817929503102, "loc": 0.010371029685921893, "logScale": -3.6432094902482364}