{"g1": 0.08095894040793833, "g2": 7.930357664399654, "logK": -4.197236069616084, "loc": 0.12035331203453623, "logScale": -0.6225656361066887}