{"g1": 0.9555250742481766, "g2": 13.661369970136706, "logK": -3.6957937925591855, "loc": -0.006638920262472875, "logScale": -3.971876089324415}