{"g1": 0.6342871837249687, "g2": 11.06260008360061, "logK": -0.6841523366347408, "loc": 0.003238986478282163, "logScale": -3.989590795534219}