{"g1": 0.3715516084978024, "g2": 0.004263119472073862, "logK": -0.9785658840668062, "loc": 0.0983211243344223, "logScale": 1.8232006289049725}