{"g1": 0.9871501831401314, "g2": 8.41919682394352, "logK": 0.9907313238719105, "loc": 0.13338290924698476, "logScale": 2.2261976049728758}