{"g1": 0.8833155415720764, "g2": 1.9640911120806923, "logK": 0.9167551060650346, "loc": -0.040735034556702986, "logScale": -0.6931010491654079}