{"g1": 0.44541921921681993, "g2": 12.097218882914675, "logK": -4.5901166784505865, "loc": -0.002692840667362963, "logScale": -3.992859162815098}