{"g1": 0.3398917258317897, "g2": 8.406299715723991, "logK": -4.326769919129376, "loc": -0.0004933427939814231, "logScale": -3.893246140377878}