{"g1": 0.08546430772033517, "g2": 13.071732721267232, "logK": -4.485370608471462, "loc": 0.0022593602131747263, "logScale": -3.9987760018206946}