{"g1": 0.07118586694892767, "g2": 13.784708229356081, "logK": -0.35764534152420313, "loc": -0.040945140914316766, "logScale": -2.5604618246429602}