{"g1": 0.3956203348675328, "g2": 10.957140824964938, "logK": -4.184583683697976, "loc": -0.0011981451304618248, "logScale": -3.9885327875136536}