{"g1": 0.28191661523981215, "g2": 4.939135907481166, "logK": -3.945053197034116, "loc": 0.00024304128132129899, "logScale": -3.271482316630661}