{"g1": 0.7614914371362349, "g2": 13.386246709905276, "logK": -4.272309226405091, "loc": -0.0009281822401936207, "logScale": -3.9934416567302793}