{"g1": 0.04120385697953993, "g2": 14.782817516134548, "logK": 0.9777190527003038, "loc": 0.043890969467644696, "logScale": -1.5431941305953973}