{"g1": 0.7049371268017309, "g2": 6.99242863434212, "logK": -3.2488206122486156, "loc": 0.00425887422546482, "logScale": -3.9977420087517794}