{"g1": 0.6253053824137149, "g2": 13.310992096316646, "logK": -1.807095567086758, "loc": -0.0048036951786167995, "logScale": -3.996043547931984}