{"g1": 0.5898773801710511, "g2": 14.196231173154066, "logK": 0.11331455957172454, "loc": 0.1426320245011376, "logScale": 3.310541959898501}