{"g1": 0.9758518864651156, "g2": 6.987179435288304, "logK": -3.52920366233321, "loc": -0.01026404008127587, "logScale": -3.995660035067867}