{"g1": 0.8935217999688784, "g2": 14.947963538367935, "logK": -3.3298622437000738, "loc": -0.11853437137440159, "logScale": 3.546117622087093}