{"g1": 0.9986691980745103, "g2": 4.705012004415565, "logK": -3.1378191709037617, "loc": -0.010911017591292475, "logScale": -3.8170060168437754}