{"g1": 0.39800720285746477, "g2": 3.236918935961069, "logK": -1.477013959706982, "loc": -0.0017073459717315584, "logScale": -3.8712245306331603}