{"g1": 0.5717063828112638, "g2": 0.399256660398003, "logK": 0.8731657484106075, "loc": -0.07324471426357884, "logScale": -1.7339876514673027}