{"g1": 0.027648173519793068, "g2": 12.541897320086566, "logK": -2.179985570966466, "loc": -0.005598212679568792, "logScale": -3.7180164096019657}