{"g1": 0.5541703765422926, "g2": 14.40124306297331, "logK": 0.9098267806584364, "loc": -0.13204651590245525, "logScale": 1.462959908577858}