{"g1": 0.12503359864433886, "g2": 1.2307081509928566, "logK": 0.6946024358724552, "loc": -0.017529942378500425, "logScale": -2.1154692304723386}