{"g1": 0.06958275679339608, "g2": 0.5166576888681105, "logK": 0.9859682896369204, "loc": -0.06306020314940214, "logScale": -2.199444503944181}