{"g1": 0.8500634175549966, "g2": 14.994400605324408, "logK": 0.7009287639401071, "loc": -0.12785584924569254, "logScale": 2.3121411705070885}