{"g1": 0.5053052722533516, "g2": 7.033261885554971, "logK": 0.9875916729797463, "loc": -0.11312042705574468, "logScale": 0.6059572992876577}