{"g1": 0.6739514758238021, "g2": 14.98867862098102, "logK": 0.42522143168889837, "loc": 0.04752321769672261, "logScale": 3.688451658249881}