{"g1": 0.8409115007979182, "g2": 14.885838618152672, "logK": -0.0033611296693997206, "loc": -0.13929490933950375, "logScale": 3.988444608186713}