{"g1": 0.6233706422447722, "g2": 12.523887680596216, "logK": -2.601635940809026, "loc": 0.005584869556877321, "logScale": -3.990900113393117}