{"g1": 0.23264476837068884, "g2": 2.0798462932168933, "logK": 0.7898923729940691, "loc": -0.07348895239943015, "logScale": -2.5731289510354025}