{"g1": 0.17551016646789508, "g2": 13.039635712601076, "logK": 0.9992838504037075, "loc": -0.14052307958826654, "logScale": -1.065957028250636}