{"g1": 0.2736635572453781, "g2": 4.441811675158927, "logK": 0.8373908544750572, "loc": -0.07556537182099188, "logScale": -0.98930454762668}