{"g1": 0.23752703203575143, "g2": 6.489236380629943, "logK": 0.7288336263744559, "loc": -0.024404330445189314, "logScale": -3.6236260400453295}