{"g1": 0.4378638582221591, "g2": 6.601083526953185, "logK": 0.41402060308003674, "loc": -0.023686413632680835, "logScale": -2.436026560967827}