{"g1": 0.5027103524273439, "g2": 14.36604949596336, "logK": 0.23735661592131674, "loc": -0.0016861758645963058, "logScale": 1.4372547304674148}