{"g1": 0.5722898919391316, "g2": 5.521809318031388, "logK": -0.5612482358852549, "loc": -0.008964398888962359, "logScale": -3.9824052289183274}