{"g1": 0.7269941235538642, "g2": 7.823971215333184, "logK": -2.886341484568106, "loc": -0.009621133115353987, "logScale": -3.832775244997268}