{"g1": 0.7008734111468653, "g2": 1.594491106944886, "logK": -1.2582532394213828, "loc": -0.008070189458992579, "logScale": -3.993347024661811}