{"g1": 0.5414012753515179, "g2": 14.906725015985476, "logK": 0.7429608781346411, "loc": -0.09877316671789621, "logScale": 1.4823017959098543}