{"g1": 0.6620881811075634, "g2": 10.29885452921047, "logK": -4.819702379009861, "loc": -0.007065359653661039, "logScale": -3.887688389092694}