{"g1": 0.9975848093698708, "g2": 14.3234423032628, "logK": -4.995083965930317, "loc": 3.4922978814997535e-05, "logScale": -3.6818524692360906}