{"g1": 0.48624156325208645, "g2": 0.840004292138885, "logK": 0.9953104884496717, "loc": 0.1148115468350223, "logScale": 0.4521402938083708}