{"g1": 0.27222640936711073, "g2": 7.186078653056979, "logK": -2.2523003450063497, "loc": 0.003935169792342604, "logScale": -3.894126866329515}