{"g1": 0.18517521517309765, "g2": 0.015147573097865012, "logK": 0.45953559143798045, "loc": 0.14906459012203807, "logScale": 3.316104303294311}