{"g1": 0.003154513859102615, "g2": 7.555358056964565, "logK": -2.4124203347171878, "loc": -0.0032850478518887194, "logScale": -3.9980299473675025}