{"g1": 0.9994496061049583, "g2": 3.2606506737863716, "logK": -2.3254518647966393, "loc": 0.0010162172611281692, "logScale": -3.997813509599961}