{"g1": 0.3650710287039761, "g2": 14.959380497674228, "logK": 0.7541334380370219, "loc": -0.03967073256557796, "logScale": 3.330962535004476}