{"g1": 0.7007538955629831, "g2": 6.732774242201413, "logK": -2.894031436701865, "loc": -0.001459504151553187, "logScale": -3.9719106529654096}