{"g1": 0.7053735870351397, "g2": 4.305702129864853, "logK": -0.6346319924416963, "loc": -0.004997329762632657, "logScale": -3.989471926570784}