{"g1": 0.9964955187408592, "g2": 7.583385452075329, "logK": -2.7873387119305564, "loc": -0.0019183380226867552, "logScale": -3.983158463111345}