{"g1": 0.5185827055317367, "g2": 8.980562183937202, "logK": -0.7791867781090214, "loc": -0.011405511535960679, "logScale": -3.8075739024904682}