{"g1": 0.16625372964253093, "g2": 6.3541203805791575, "logK": -3.279739387372928, "loc": 0.0024312679727620653, "logScale": -3.9891548888212722}