{"g1": 0.6522596341219314, "g2": 1.1608714071808885, "logK": -0.49196917989555566, "loc": -0.015314332021018598, "logScale": -3.9847715594464477}