{"g1": 0.07111011551914269, "g2": 0.03294857629480796, "logK": -1.2583074772780969, "loc": -0.03147744581383735, "logScale": -1.6890267643833325}