{"g1": 0.05107771717313725, "g2": 6.0283335308681645, "logK": -4.280147625066515, "loc": -0.0018097440298659728, "logScale": -3.991436650622064}