{"g1": 0.10520979451246398, "g2": 10.164186647366218, "logK": -2.9316785245176353, "loc": 0.0028610676393153837, "logScale": -3.995753575605362}