{"g1": 0.8380417485118586, "g2": 3.7536479340801536, "logK": -1.5690724950843729, "loc": -0.008707845220812362, "logScale": -3.9991923923200137}