{"g1": 0.5281769970062321, "g2": 11.903611086166421, "logK": -4.951653748531629, "loc": -0.0027955424335601954, "logScale": -3.9996182652606653}