{"g1": 0.9336958235089177, "g2": 14.993606318316242, "logK": -4.858143817612447, "loc": -0.03169707616288356, "logScale": 3.9077815189332274}