{"g1": 0.6378925060061131, "g2": 13.813990260614576, "logK": -3.145254027223086, "loc": -0.003848910501859931, "logScale": -3.83174879067}