{"g1": 0.09602387582717567, "g2": 6.501165275557623, "logK": 0.8942289906230725, "loc": -0.011055668586025, "logScale": -3.971902515943505}