{"g1": 0.6426499285420678, "g2": 14.947738539634283, "logK": -0.4317379507658534, "loc": 0.04135987779659932, "logScale": 3.3129003364718645}