{"g1": 0.36755550547996685, "g2": 10.0782858566021, "logK": -3.9774485702046136, "loc": -0.00457875088225234, "logScale": -3.9775272039614507}