{"g1": 0.5105012123373466, "g2": 14.679579152347465, "logK": 0.8145366587665105, "loc": -0.14082856892342271, "logScale": 3.181587338228855}