{"g1": 0.055599439903657476, "g2": 6.994991350099817, "logK": 0.9934084753519737, "loc": 0.039879963315027814, "logScale": 1.1190338809877076}