{"g1": 0.9998670596876372, "g2": 10.165705804464078, "logK": -1.694671318084048, "loc": -0.008970091120761891, "logScale": -3.9994866957366173}