{"g1": 0.4256624142908708, "g2": 2.511782976422947, "logK": 0.630834642685755, "loc": -0.008167587374522927, "logScale": -0.8276151962772851}