{"g1": 0.3365600703063888, "g2": 13.399803082195243, "logK": -2.119535335204355, "loc": 0.001636412105991556, "logScale": -3.9648806345416565}