{"g1": 0.9167878449092866, "g2": 10.074419434456386, "logK": -4.146996466793895, "loc": -0.0045807065816069375, "logScale": -3.9692924747600054}