{"g1": 0.35058366532953694, "g2": 2.538557109055923, "logK": -4.458885063814213, "loc": -0.0029664399076704488, "logScale": -3.980209083160742}