{"g1": 0.946664557815327, "g2": 12.739793291348114, "logK": -2.379505620601182, "loc": 0.009934942230189557, "logScale": -3.9904481386880812}