{"g1": 0.2083427249617881, "g2": 14.682464475089851, "logK": 0.25745304844239086, "loc": 0.07601849698914534, "logScale": 3.982603034865642}