{"g1": 0.8013172562035772, "g2": 14.572828096308376, "logK": 0.822389924656106, "loc": -0.13947860663638534, "logScale": 2.823757869755259}