{"g1": 0.4207122620329107, "g2": 0.004824195636655482, "logK": -4.5748286111127, "loc": 0.0018147336960785583, "logScale": -3.9937300960317326}