{"g1": 0.7573041217264419, "g2": 1.3293293523995788, "logK": -0.5366450494780289, "loc": 0.0005222551185886243, "logScale": -3.9998760226927326}