{"g1": 0.1836248174287915, "g2": 7.0505046459595055, "logK": -1.5490141342341266, "loc": -0.000258338270157317, "logScale": -3.9578589014134096}