{"g1": 0.4231529208914897, "g2": 9.681992404553391, "logK": 0.9946536399447026, "loc": -0.0827483377270002, "logScale": -0.18518799924887652}