{"g1": 0.9937134525815163, "g2": 13.975264816539099, "logK": -0.8499356099610846, "loc": -0.002966335363633249, "logScale": -3.735725498949579}