{"g1": 0.020613773264166635, "g2": 14.75322174193237, "logK": -1.2401821678410028, "loc": 0.0012314646980349092, "logScale": -3.99178172334485}