{"g1": 0.24520946347493425, "g2": 4.100230697696613, "logK": 0.9835728020222321, "loc": -0.03392791679767967, "logScale": -3.7036837951053965}