{"g1": 0.26302124471540406, "g2": 5.943704044206183, "logK": 0.4500346375043067, "loc": 0.07274995167105457, "logScale": -0.8402348912054456}