{"g1": 0.3872630458751354, "g2": 4.245270017972779, "logK": 0.9892592428971521, "loc": -0.08327064604742394, "logScale": -1.015858520887216}