{"g1": 0.36695153449529083, "g2": 0.9260912614531791, "logK": -3.164209677621494, "loc": -0.016594386100266808, "logScale": 1.2523448521506388}