{"g1": 0.7045830294390718, "g2": 14.619166295971935, "logK": -0.5626541493014079, "loc": 0.04261990402905687, "logScale": 3.163161850393452}