{"g1": 0.007918929233283585, "g2": 11.712537633119975, "logK": -0.7943116098553116, "loc": 0.03832611853805479, "logScale": -0.3451377554480386}