{"g1": 0.050806944928783834, "g2": 11.514214527733955, "logK": 0.4803867978907811, "loc": 0.09156662574626248, "logScale": -0.8454619821064904}