{"g1": 0.5971235926424764, "g2": 14.333174719992956, "logK": -0.6848460798353408, "loc": -0.005465366574305605, "logScale": -3.8666832840452985}