{"g1": 0.15896973769352446, "g2": 5.973292792357521, "logK": 0.3516445756499924, "loc": -0.019946588008285367, "logScale": -2.1135106060460553}