{"g1": 0.8063534163762988, "g2": 11.899542441331777, "logK": -1.186651761662702, "loc": -0.009498869263018798, "logScale": -3.9925865054259795}