{"g1": 0.8256263112469409, "g2": 3.1336461750359206, "logK": -4.740292515732006, "loc": -0.0037646035450251683, "logScale": -3.9815572820695246}