{"g1": 0.05527286129947589, "g2": 7.783143209491289, "logK": -4.781734470448384, "loc": -0.004522749821631264, "logScale": -3.4241512281882898}