{"g1": 0.3363156376632776, "g2": 11.91941424115778, "logK": 0.7410078028170166, "loc": -0.010424468958304347, "logScale": -3.1604519605665695}