{"g1": 0.46892082171093125, "g2": 9.10934477366267, "logK": -2.371334955943449, "loc": -0.001981160561451277, "logScale": -3.9566535333526076}