{"g1": 0.8719222371024479, "g2": 13.905617794398317, "logK": -0.521354241049808, "loc": -0.11840127276235084, "logScale": 3.9988938627743993}