{"g1": 0.535334789207539, "g2": 14.993854870967276, "logK": 0.7262408262285103, "loc": 0.0681338614330526, "logScale": 3.1986359443205377}