{"g1": 0.0018869821223288224, "g2": 14.751137117329218, "logK": -0.22600205706958953, "loc": -0.009562326852670493, "logScale": -2.165789108760813}