{"g1": 0.07837811435710858, "g2": 9.03067952527249, "logK": -1.2873242701446126, "loc": -0.00821626442399814, "logScale": -3.998623914696821}