{"g1": 0.4174719074348173, "g2": 11.833708351884862, "logK": -0.8491245534510877, "loc": -0.003196410711935856, "logScale": -3.9895121183566076}