{"g1": 0.8054134023976889, "g2": 8.064823688168948, "logK": -1.8100433512220193, "loc": 0.0004527020651806171, "logScale": -3.96656310614124}