{"g1": 0.29802797248081575, "g2": 14.268113339236267, "logK": -2.436206428504006, "loc": -0.006250126854672279, "logScale": -3.9470850082233166}