{"g1": 0.36302990785407985, "g2": 11.38811967183003, "logK": -4.980872764283358, "loc": 0.09891839856918558, "logScale": 3.3697757633049}