{"g1": 0.36680661108064233, "g2": 3.9969585497512594, "logK": -1.7875063772279556, "loc": 0.0033661766919773316, "logScale": -3.998028831818157}