{"g1": 0.8675594552204628, "g2": 10.981250172426252, "logK": -3.857669929056706, "loc": -0.0055257694075444355, "logScale": -3.803971256889378}