{"g1": 0.8040114399646848, "g2": 14.764135630941947, "logK": 0.9856070115945806, "loc": 0.1184577265117068, "logScale": 3.9944787031277964}