{"g1": 0.17665682830518326, "g2": 8.740716724896876, "logK": 0.2825430442508418, "loc": 0.017313442825749106, "logScale": -1.6680714658266858}