{"g1": 0.452065526661511, "g2": 1.2669340596617755, "logK": 0.12909066170897643, "loc": 0.032412095932871435, "logScale": 0.24168160376585468}