{"g1": 0.2403727179169656, "g2": 4.492050224825567, "logK": -2.085934248727313, "loc": 0.0004593374259378455, "logScale": -3.994636382290498}