{"g1": 0.37095997829821, "g2": 8.755055359649164, "logK": -4.108969875513926, "loc": 0.002711320558920316, "logScale": -3.9812461171826667}