{"g1": 0.8558349736991125, "g2": 9.022878621142892, "logK": -4.518870966501663, "loc": -0.0013836683008981395, "logScale": -3.9980276094240796}