{"g1": 0.23773189179762994, "g2": 14.99234716637859, "logK": 0.9924534897461802, "loc": -0.009301077389251212, "logScale": 3.595611349895395}