{"g1": 0.49408048372696023, "g2": 14.995236742282286, "logK": 0.8993346303430378, "loc": -0.07123836748378874, "logScale": 3.967838689025633}