{"g1": 0.01161743383697661, "g2": 4.749242202353262, "logK": 0.9190668707166277, "loc": -0.11439960493412225, "logScale": -0.9219521903055279}