{"g1": 0.9988447391901201, "g2": 8.552033338473496, "logK": -1.9834126357151838, "loc": -0.0065395138070931825, "logScale": -3.98727584335394}