{"g1": 0.7398175690827881, "g2": 13.57034452868595, "logK": -3.0650940786939245, "loc": 0.000899575192638502, "logScale": -3.8909173555383143}