{"g1": 0.7801746035262085, "g2": 0.14464524897752717, "logK": -0.23037539873277219, "loc": 0.07568690742294273, "logScale": 2.260037271335768}