{"g1": 0.11447561634552753, "g2": 8.739557725830279, "logK": -4.42376355688342, "loc": 0.0044707464055962695, "logScale": -3.771426348502887}