{"g1": 0.02885668102887526, "g2": 2.082406330424032, "logK": 0.34504718601299345, "loc": -0.1479578622890036, "logScale": -1.0920704352143498}