{"g1": 0.9722422515766871, "g2": 7.8129464013491665, "logK": -4.440212687695162, "loc": -0.0023926952687528032, "logScale": -3.958102144185778}