{"g1": 0.3437527883731798, "g2": 2.539393139518204, "logK": -2.873727047462973, "loc": 0.0014235067740085757, "logScale": -3.286849282843042}