{"g1": 0.4327357858551903, "g2": 2.119595257713554, "logK": 0.9819243022147219, "loc": -0.11146407594564552, "logScale": -1.2287374938217632}