{"g1": 0.07662436634011285, "g2": 3.226717566272529, "logK": -2.667970461031941, "loc": -0.0023918247132829733, "logScale": -3.9796057821248008}