{"g1": 0.027106728892288285, "g2": 14.78138937438288, "logK": -1.6741170216181898, "loc": -0.009884912513022703, "logScale": -0.11980202391351827}