{"g1": 0.38575734763498204, "g2": 14.832193451297758, "logK": 0.38584166242643203, "loc": 0.1483596709877435, "logScale": 3.943563617615997}