{"g1": 0.8900247747295114, "g2": 1.1328867803650922, "logK": -1.942479909682855, "loc": -0.011632660100462032, "logScale": -3.960669027712884}