{"g1": 0.4561891023617106, "g2": 4.504336553534131, "logK": 0.9626540969700754, "loc": 0.08210715693878382, "logScale": 0.35338613995706636}