{"g1": 0.06821306873459483, "g2": 12.197946083284762, "logK": -0.7369293411161946, "loc": -0.00814334010988442, "logScale": -3.9989717874238355}