{"g1": 0.09757369245439028, "g2": 5.437153148421377, "logK": 0.7980508315070809, "loc": -0.06201471535384593, "logScale": -1.3807258500750241}