{"g1": 0.6172932129294912, "g2": 14.66950800536184, "logK": 0.6113362196787324, "loc": 0.014911185238176125, "logScale": 3.9621346902153323}