{"g1": 0.7045001331287913, "g2": 14.112401974605204, "logK": -4.838745897807124, "loc": -0.002401041279135159, "logScale": -3.969432551885945}