{"g1": 0.6626009871771655, "g2": 0.02492058556406529, "logK": -0.44715016691603005, "loc": -0.060154040765133275, "logScale": 1.1499493924453181}