{"g1": 0.9765571737158948, "g2": 11.81176677272212, "logK": -3.429795337093684, "loc": -0.00853779992438456, "logScale": -3.793542799166411}