{"g1": 0.039740965025884534, "g2": 10.004678464466593, "logK": -2.067690872605184, "loc": -0.008581209280976596, "logScale": -3.8650683993549992}