{"g1": 0.009584191623985338, "g2": 5.769832490993868, "logK": -1.1566883625808877, "loc": -0.005901757000827207, "logScale": -3.9882983206007543}