{"g1": 0.1266721222159894, "g2": 12.730617967125577, "logK": 0.8905709495368133, "loc": -0.006914730487546166, "logScale": -3.5924116923925737}