{"g1": 0.141463485387955, "g2": 11.98076275299777, "logK": 0.8799257974763046, "loc": -0.06805245594142698, "logScale": -1.9713535625413972}