{"g1": 0.04337012533277476, "g2": 7.635778648730201, "logK": 0.5486390579885387, "loc": -0.050185178911836, "logScale": -2.7196378556440144}