{"g1": 0.8185559043392856, "g2": 14.18273046304712, "logK": 0.9455621700745785, "loc": -0.00235685743515468, "logScale": 2.8837265132337477}