{"g1": 0.6887074042481894, "g2": 4.409574750198391, "logK": -3.6158541466115626, "loc": 0.003970212934503333, "logScale": -3.9925524083054094}