{"g1": 0.044483548979623644, "g2": 8.273401189436441, "logK": -0.4270978585438335, "loc": 0.08603655223220823, "logScale": 2.214786112738102}