{"g1": 0.7626332732074941, "g2": 13.007818111081939, "logK": -4.447807366666454, "loc": -0.0054796002122794365, "logScale": -3.9967210659916037}