{"g1": 0.19939542508468613, "g2": 13.581959287928456, "logK": 0.3251840168961362, "loc": 0.07400567286047186, "logScale": -0.6814638731573358}