{"g1": 0.2953291912077005, "g2": 12.701210642699133, "logK": -0.503079378414308, "loc": -0.0070242611699520285, "logScale": -3.978356249594122}