{"g1": 0.5750561971790893, "g2": 10.067340015803218, "logK": -3.4955373797517693, "loc": -0.0035441974492763373, "logScale": -3.99350012674632}