{"g1": 0.19575921077972047, "g2": 4.206897346102139, "logK": -0.7971850282588198, "loc": -0.005609939402229126, "logScale": -3.8483404107798242}