{"g1": 0.3949252306624228, "g2": 13.883630778146355, "logK": -1.627988182618823, "loc": -0.0022312698011036688, "logScale": -3.9898399388024366}