{"g1": 0.31479116711651345, "g2": 2.6338498974866855, "logK": -2.333431525744639, "loc": 0.0029085443015726565, "logScale": -3.999752367821928}