{"g1": 0.22576599561714727, "g2": 11.32296309446483, "logK": -1.9651797048391142, "loc": 0.003497050389270035, "logScale": -3.997307957657273}