{"g1": 0.06736445010138764, "g2": 13.683473151241321, "logK": -3.859192293480402, "loc": -0.026401555587650522, "logScale": -2.347939889173192}