{"g1": 0.9786608105261095, "g2": 14.308544596214915, "logK": -2.6316225571652594, "loc": -0.016726068348188624, "logScale": -3.5547403997944103}