{"g1": 0.3704958816021996, "g2": 14.672486803717035, "logK": 0.6184616494873403, "loc": 0.025270605323549855, "logScale": 3.9899308386548835}