{"g1": 0.5020633085868275, "g2": 14.018453674258527, "logK": 0.7445098892319412, "loc": -0.08648697336258182, "logScale": 1.843260926135742}