{"g1": 0.4021798378014069, "g2": 14.97949203823458, "logK": -0.2890586843252195, "loc": -0.10864336397877139, "logScale": 3.117069441392032}