{"g1": 0.8327441426866392, "g2": 7.602513308269085, "logK": -1.940260622824221, "loc": 0.002121439375263802, "logScale": -3.9568358704786872}