{"g1": 0.25616068386658336, "g2": 9.862963220884602, "logK": 0.6998028186374428, "loc": -0.13285752316333727, "logScale": -2.5338653264998463}