{"g1": 0.11404531863970403, "g2": 5.471106499063038, "logK": -1.9382183588949482, "loc": -0.00288406885738237, "logScale": -3.8615559825587087}