{"g1": 0.4231457668177035, "g2": 14.9972458077842, "logK": 0.7866543616258865, "loc": -0.053410591069051654, "logScale": 2.194322895171859}