{"g1": 0.01260668213826608, "g2": 11.425179175391644, "logK": -4.314809112607257, "loc": 0.004963237753998383, "logScale": -1.2036488278518365}