{"g1": 0.8952482962079145, "g2": 13.76217554345306, "logK": 0.6871078556174337, "loc": 0.07802461793399483, "logScale": 3.9808929317949455}