{"g1": 0.42159821649010554, "g2": 3.5863972325344524, "logK": -1.5619947962758645, "loc": -0.0034992782852278533, "logScale": -3.9643698665485623}