{"g1": 0.3604478351713315, "g2": 1.5716858422580953, "logK": 0.828913982311482, "loc": -0.05806645690673532, "logScale": -1.219764520872392}