{"g1": 0.6540892049227967, "g2": 14.962366701556682, "logK": 0.9972013829711608, "loc": -0.12536483054372696, "logScale": 0.9006537171654343}