{"g1": 0.54870559369514, "g2": 9.52252633800544, "logK": -0.6164239728308152, "loc": -0.010927858912896892, "logScale": -3.979088219246589}