{"g1": 0.49393019063193905, "g2": 11.89439912373195, "logK": -4.9688498911566175, "loc": 0.0005319075561997623, "logScale": -3.985546695749216}