{"g1": 0.5203213673673315, "g2": 2.2091525271641905, "logK": -1.8237626569162215, "loc": -0.005263379555994168, "logScale": -3.9870078271011717}