{"g1": 0.07116962319395981, "g2": 11.881841171914523, "logK": -4.858207484585293, "loc": 0.0076682376978814935, "logScale": -3.96700639492831}