{"g1": 0.0029519440228837554, "g2": 10.959976971461392, "logK": -3.411905065328946, "loc": 0.010417774567820628, "logScale": -3.1981360165201616}