{"g1": 0.9981367086919114, "g2": 10.312128344755436, "logK": -3.3099159888054475, "loc": -0.002386449250558302, "logScale": -3.9032821050400535}