{"g1": 0.28749383264851797, "g2": 10.957220108552379, "logK": -0.7584404641795982, "loc": 0.018467061726135235, "logScale": -3.21149402463577}