{"g1": 0.3374540903630197, "g2": 4.859071963450916, "logK": -1.7786479137619617, "loc": 0.0027234996177416416, "logScale": -3.9879595818132003}