{"g1": 0.5976721398719907, "g2": 13.33969344501258, "logK": -2.002450751162221, "loc": -0.0020407942689532606, "logScale": -3.9718436188100275}