{"g1": 0.8722223679717438, "g2": 14.30467300300827, "logK": -0.9580272737962995, "loc": 0.001597134640334466, "logScale": -3.9926112328176107}