{"g1": 0.013078093709745275, "g2": 5.38551200376996, "logK": -3.944723973855404, "loc": 0.0012411481153444973, "logScale": -3.974136991840984}