{"g1": 0.8936085109637466, "g2": 13.89782565670652, "logK": -3.6655675154614524, "loc": 0.002682933736376736, "logScale": -3.768960451331182}