{"g1": 0.481812614925258, "g2": 12.003674761181518, "logK": -3.583749660867097, "loc": 0.0327070562814015, "logScale": 3.100408718891755}