{"g1": 0.505023136147922, "g2": 13.79876169830041, "logK": 0.631027620949992, "loc": 0.05093533531015508, "logScale": 3.7895855938788765}