{"g1": 0.12574876543338542, "g2": 6.203505746887774, "logK": 0.9997035476860014, "loc": -0.10066884894733934, "logScale": 0.006413621186677116}