{"g1": 0.03344946484216271, "g2": 4.980271959769377, "logK": -2.9336084624968386, "loc": -0.0008312742181029887, "logScale": -3.99507874019699}