{"g1": 0.753884587148495, "g2": 0.2423033272910411, "logK": 0.8889672230846588, "loc": -0.140578966530595, "logScale": 3.849840724021313}