{"g1": 0.6270729640193845, "g2": 0.8362130189294514, "logK": -3.8471890151448065, "loc": -0.0027201072502591114, "logScale": -3.9853993701518484}