{"g1": 0.341863411765464, "g2": 1.1105384665214277, "logK": -3.673336519677598, "loc": 0.030233773862962908, "logScale": -0.65378143934398}