{"g1": 0.5473981635920403, "g2": 10.660922627744016, "logK": -4.275897863181784, "loc": 0.0008500952052598598, "logScale": -3.958016033673718}