{"g1": 0.35364491106545043, "g2": 6.416829598718734, "logK": -3.3969863412160612, "loc": 0.0036339888643684174, "logScale": -3.99379657703389}