{"g1": 0.048475552548900847, "g2": 4.398398919077872, "logK": -3.042996721792046, "loc": 0.0032395520634287064, "logScale": -3.997528928013147}