{"g1": 0.18739319117797237, "g2": 7.334690645881775, "logK": -4.991461388628588, "loc": -0.005152064320011944, "logScale": -3.637973660091832}