{"g1": 0.17475659729413678, "g2": 0.3838608974921205, "logK": -3.8935791419824177, "loc": 0.006698901162383817, "logScale": -3.763140845832163}