{"g1": 0.31197142365968084, "g2": 12.350093769043665, "logK": -3.013422531495367, "loc": -0.029492870967575163, "logScale": 2.351497082008065}