{"g1": 0.6992971562130273, "g2": 13.676611622511164, "logK": 0.6300298626805674, "loc": 0.01099606288249505, "logScale": 0.09930536036520898}