{"g1": 0.17864931785008, "g2": 11.036226360937645, "logK": -4.81880412406842, "loc": -0.00394642238669542, "logScale": -3.9969688351494614}