{"g1": 0.6217900797272532, "g2": 12.843289972338257, "logK": -1.567780540505653, "loc": 0.005115747066758441, "logScale": -3.9917987586018517}