{"g1": 0.07717194990432796, "g2": 10.098201990760323, "logK": -2.405591744294359, "loc": 0.00035077101036332624, "logScale": -3.994783952174154}