{"g1": 0.9054501280850127, "g2": 13.454968663872684, "logK": -2.38224826077363, "loc": 0.0005565861067024262, "logScale": -3.9971988257892597}