{"g1": 0.4788443100294292, "g2": 9.605566830172759, "logK": -1.581898229054198, "loc": -0.06018536272610539, "logScale": 3.1257653283741225}