{"g1": 0.18445095706000852, "g2": 5.764490669102389, "logK": -1.8465680178087258, "loc": -0.002577257850124014, "logScale": -3.9444598311541332}