{"g1": 0.28740909819551475, "g2": 3.2862520757446028, "logK": 0.98737493711248, "loc": -0.11706872521268942, "logScale": -2.5863762409228475}