{"g1": 0.2969522335898934, "g2": 12.444608523368958, "logK": -0.24460343993941214, "loc": 0.00015242607489508893, "logScale": -2.860556409852549}