{"g1": 0.19994456824780438, "g2": 14.18186419426757, "logK": 0.6609202189066765, "loc": 0.04888019813362353, "logScale": -0.8386464033790613}