{"g1": 0.19847197306384856, "g2": 0.9086796666882078, "logK": -0.1976527787141594, "loc": 0.0008085178279174862, "logScale": -3.100796684486467}