{"g1": 0.4825727574065967, "g2": 11.223937746129208, "logK": -3.5059780725123266, "loc": -0.0022018566794853416, "logScale": -3.9983406371609007}