{"g1": 0.0663843321266138, "g2": 7.033127237087561, "logK": -3.7249863085779693, "loc": -0.06346975533989824, "logScale": -0.07991147580286284}