{"g1": 0.9224696605399357, "g2": 13.378805724900879, "logK": 0.8245359525202757, "loc": 0.03849867063356336, "logScale": 3.862047861125972}