{"g1": 0.770680805562354, "g2": 3.1074080605627064, "logK": 0.8771359368551587, "loc": -0.10435976546826531, "logScale": -0.5949747613077134}