{"g1": 0.9507030793496671, "g2": 14.990592819836486, "logK": 0.6075880970227684, "loc": -0.0504008319578866, "logScale": 3.518840374864851}