{"g1": 0.6464308100996172, "g2": 10.119514357340229, "logK": -0.7576578530348792, "loc": 0.00016468878822293448, "logScale": -3.9980071952795857}