{"g1": 0.17752898017772034, "g2": 7.292240443818242, "logK": -4.883096750433699, "loc": -0.036974758549548736, "logScale": -0.5680922276993544}