{"g1": 0.4575905911906508, "g2": 9.093574216273925, "logK": -2.373278178512922, "loc": 0.0034963473973094825, "logScale": -3.994160397191533}