{"g1": 0.9310908033097149, "g2": 6.757743074381596, "logK": -4.083701470206166, "loc": 0.0031207147542729706, "logScale": -3.9929217319223445}