{"g1": 0.20716744775094076, "g2": 10.229719619654517, "logK": -1.8561988564826435, "loc": -0.006438365690493409, "logScale": -3.9972670314685907}