{"g1": 0.4474343487711033, "g2": 14.97782115121157, "logK": -4.24941471305427, "loc": 0.029725705142388925, "logScale": 3.864879154404106}