{"g1": 0.6819358272864006, "g2": 9.92876765765999, "logK": -3.0605340102802665, "loc": -0.00382984340267354, "logScale": -3.9912337783757876}