{"g1": 0.8132543238056689, "g2": 0.06449100718239942, "logK": -0.5439002786245734, "loc": -0.1420689425309014, "logScale": 1.3991271955615527}