{"g1": 0.5855670399645141, "g2": 14.863607523533506, "logK": -3.1701091789093754, "loc": -0.03160596060899037, "logScale": 3.993444814287192}