{"g1": 0.9286624972736842, "g2": 5.888877355504187, "logK": -3.311514747895064, "loc": 0.006266362256164298, "logScale": -3.8576932213225517}