{"g1": 0.10431117775978023, "g2": 9.395716209427402, "logK": -1.6020369303711557, "loc": 0.019599205089788976, "logScale": -0.9456470939629117}