{"g1": 0.13688932910825102, "g2": 9.302414369285463, "logK": -4.583997154592861, "loc": -0.0007518179883947273, "logScale": -3.985196022347626}