{"g1": 0.3292431491177185, "g2": 0.6173065483733193, "logK": -0.34138338904331267, "loc": -0.020572238952158373, "logScale": -0.4216002023108367}