{"g1": 0.02633208769043674, "g2": 8.299390772374887, "logK": -2.763027190652534, "loc": 0.0018241022720083856, "logScale": -3.987195329218243}