{"g1": 0.365250101366617, "g2": 0.4698647855222947, "logK": 0.9847797655948445, "loc": -0.03919970197591863, "logScale": -3.994225113510547}