{"g1": 0.21392634280860756, "g2": 10.906337735577036, "logK": -4.273009187634153, "loc": -0.0005855999172672179, "logScale": -3.981727470303392}