{"g1": 0.22699598426579798, "g2": 8.612349549568782, "logK": -2.961262165405702, "loc": 0.004879970086995011, "logScale": -3.9912044223116916}