{"g1": 0.3301252975241711, "g2": 10.477362933714986, "logK": -4.546625547691768, "loc": 0.01587126598833103, "logScale": -3.183822435618064}