{"g1": 0.3254183593863632, "g2": 4.173792039646316, "logK": 0.39026571500144347, "loc": -0.025578704314753488, "logScale": -3.4880898090940997}