{"g1": 0.48941793192264577, "g2": 4.680417700406544, "logK": -1.7088650348716188, "loc": -0.007534519425692056, "logScale": -3.9911053670902383}