{"g1": 0.26683797593069686, "g2": 6.345637932044674, "logK": 0.9385151137775438, "loc": -0.14955173917294984, "logScale": -0.5621119661297822}