{"g1": 0.4837048591954769, "g2": 14.955876258080739, "logK": 0.4879250314099585, "loc": 0.09780358929404169, "logScale": 3.0234944234616608}