{"g1": 0.3676567102938043, "g2": 12.646021521869065, "logK": -1.9359555412764204, "loc": -0.005001930472878138, "logScale": -3.9094476609613107}