{"g1": 0.6027953983980954, "g2": 14.439929051551472, "logK": 0.9715847985391939, "loc": 0.024199434594420248, "logScale": 1.2708617844444396}