{"g1": 0.9858379921797679, "g2": 14.997406417416462, "logK": 0.9872106618646489, "loc": -0.083785011489109, "logScale": 2.7908599989232648}