{"g1": 0.9377789024257688, "g2": 14.916225487421839, "logK": -2.154460427765946, "loc": -0.0069931640587275416, "logScale": -3.9910302532303814}