{"g1": 0.8175509468314444, "g2": 11.01578401476608, "logK": 0.0030949367619309553, "loc": -0.011372640962698027, "logScale": -3.9942002267560026}