{"g1": 0.4902429478392429, "g2": 0.18806468092448814, "logK": -4.27351838688071, "loc": 0.0006027890502888808, "logScale": -3.928723542204058}