{"g1": 0.39339926812826115, "g2": 6.520918342395037, "logK": -2.6284809963861524, "loc": -0.02777710718908633, "logScale": 1.267168108178931}