{"g1": 0.04785816064099558, "g2": 2.547738851717947, "logK": -1.5195375089182026, "loc": -0.002124810799106383, "logScale": -3.997349674869204}