{"g1": 0.3359648610643276, "g2": 6.369145893999601, "logK": -4.862239012095166, "loc": -0.00895332576417396, "logScale": -3.840577963835992}