{"g1": 0.1899594481014468, "g2": 3.279854661996675, "logK": 0.4224565120767265, "loc": -0.06992239784879827, "logScale": -2.807102528373113}