{"g1": 0.4965931889355377, "g2": 6.530525581123457, "logK": -3.4534568127068885, "loc": -0.001791439326047043, "logScale": -3.9963206024637183}