{"g1": 0.7205107720552034, "g2": 10.279856511055542, "logK": -2.4980009349427967, "loc": 0.00132858106593476, "logScale": -3.994159552537225}