{"g1": 0.22332207907795787, "g2": 5.288583926794809, "logK": 0.9769467321483352, "loc": -0.034566059726562556, "logScale": -3.6302155052596827}