{"g1": 0.4969954601057236, "g2": 2.0179670698806325, "logK": -4.375586259701034, "loc": 0.00018138330217467094, "logScale": -3.9993662452126784}