{"g1": 0.999948692511695, "g2": 14.988421016755762, "logK": -1.7702230444091556, "loc": -0.010617889751579457, "logScale": -3.5043049412169327}