{"g1": 0.9204900510513173, "g2": 3.709095656161718, "logK": -2.3539005074893518, "loc": -0.008919012546665606, "logScale": -3.9995596424155404}