{"g1": 0.1091993509650116, "g2": 14.945293889390873, "logK": 0.86668660049399, "loc": 0.06082200939912216, "logScale": 3.686798569204625}