{"g1": 0.48540916987753674, "g2": 13.581048348814527, "logK": -3.949629547874979, "loc": 0.002756563586432389, "logScale": -3.996460461575069}