{"g1": 0.2924896603557666, "g2": 14.122552022516171, "logK": -3.6963654667436026, "loc": -0.0022907900259457274, "logScale": -3.968464667524229}