{"g1": 0.9806900263925947, "g2": 2.7120229224260894, "logK": -3.027087278187884, "loc": -0.005935173463903086, "logScale": -3.8902991871922423}