{"g1": 0.18970533917163712, "g2": 3.2866460863428144, "logK": 0.917633530309699, "loc": -0.11452762847258607, "logScale": 3.9751552318612107}