{"g1": 0.09707134882984768, "g2": 10.074229146797599, "logK": -0.3316458064660963, "loc": -0.0047354652689776, "logScale": -3.980973349104387}