{"g1": 0.39885820510286774, "g2": 0.05296761499919267, "logK": -3.8973763805740527, "loc": 0.002652162735309894, "logScale": -3.9884905791416374}