{"g1": 0.4313902785290484, "g2": 0.02694869590855751, "logK": 0.7607863639608202, "loc": 0.14076131362233227, "logScale": 3.3506574373845845}