{"g1": 0.7977454452999664, "g2": 6.321430427135917, "logK": -1.695066456905567, "loc": -0.0017495301770437189, "logScale": -3.9943696908375714}