{"g1": 0.2743395775891045, "g2": 6.032290629338177, "logK": -2.6627025328853122, "loc": 0.10121516060173555, "logScale": -0.22546153151541487}