{"g1": 0.7948769166239936, "g2": 14.602059692296514, "logK": 0.7357335048709904, "loc": -0.0442666512388675, "logScale": 3.8310737672147006}