{"g1": 0.9343390480055711, "g2": 2.939127325822934, "logK": -4.8381713054817155, "loc": 0.0017802445239593744, "logScale": -3.998238539792131}