{"g1": 0.5432831597315642, "g2": 14.999339232141848, "logK": 0.43979162121188575, "loc": -0.06365000011741107, "logScale": 2.721917561117275}