{"g1": 0.09120566084241402, "g2": 14.670740789277621, "logK": 0.6960476837813232, "loc": 0.04803564259483181, "logScale": -1.2909141362852519}