{"g1": 0.019634160013337343, "g2": 14.543878977820457, "logK": -2.765953990502925, "loc": -0.0004624807284664221, "logScale": -3.9457119689667386}