{"g1": 0.40275959681962425, "g2": 8.465207097236547, "logK": -4.466709681702196, "loc": -0.000589482548099117, "logScale": -3.987610063956641}