{"g1": 0.025483726061858517, "g2": 4.237890240053211, "logK": -1.5833976058955737, "loc": -0.10048020979125472, "logScale": -1.1662402084500938}