{"g1": 0.10237520967935326, "g2": 8.4918092454904, "logK": -3.1651990036166358, "loc": -0.003183144282418695, "logScale": -3.9923039746702167}