{"g1": 0.7693061320778407, "g2": 14.97440258409642, "logK": 0.5474835723337711, "loc": -0.10470274856720108, "logScale": 2.475980833185612}