{"g1": 0.3496158196295628, "g2": 9.989639993172766, "logK": 0.6973888788870881, "loc": -0.09035783092100517, "logScale": -2.598484788229477}