{"g1": 0.7613606683715056, "g2": 8.274414783603028, "logK": -4.939540227161874, "loc": -0.007488816793394127, "logScale": -3.9998244364174207}