{"g1": 0.6971731758360971, "g2": 14.992747396983075, "logK": 0.9203514775402282, "loc": -0.11895557971324411, "logScale": 3.4129575126973646}