{"g1": 0.17893333778454992, "g2": 7.47423468184246, "logK": -4.416614679244796, "loc": 0.00016885576050516566, "logScale": -3.9985516923482347}