{"g1": 0.7651986623456721, "g2": 10.74399542428927, "logK": -0.9156681574196621, "loc": -0.009454255194416339, "logScale": -3.978655358956952}