{"g1": 0.3693937696315669, "g2": 6.134746741358057, "logK": -1.233715332497444, "loc": -0.005595853616198488, "logScale": -3.993488964988885}