{"g1": 0.27919281894411385, "g2": 10.346366723248632, "logK": 0.8261145685591007, "loc": -0.037307004711024605, "logScale": -3.2187177641304694}