{"g1": 0.27586672638459764, "g2": 1.4216567689486266, "logK": 0.5803870196027491, "loc": 0.14523760089932877, "logScale": -0.4684310978493563}