{"g1": 0.5623426059727141, "g2": 8.429285822812014, "logK": -1.8134632131833262, "loc": -0.0015530185612880817, "logScale": -3.999499320025521}