{"g1": 0.6074824495902639, "g2": 14.868008175474719, "logK": 0.9717845640137311, "loc": 0.026527715936581216, "logScale": 2.9104905093250717}