{"g1": 0.35962182094418166, "g2": 11.879639234976725, "logK": 0.9991733827579616, "loc": -0.02583039173074968, "logScale": -1.9432929787447155}