{"g1": 0.5105639169954768, "g2": 11.254073492820241, "logK": -2.744708376171774, "loc": -0.0035147560556652788, "logScale": -3.8442572421925165}