{"g1": 0.5629022117902792, "g2": 7.305615569547121, "logK": -2.4017421264587666, "loc": -0.010415968088216324, "logScale": -3.9879942040547567}