{"g1": 0.8588080120133934, "g2": 4.037392963568774, "logK": -2.7999754955921494, "loc": -0.004763536108094567, "logScale": -3.9872146843416223}