{"g1": 0.5942157094357632, "g2": 13.819496819633136, "logK": -1.973636508626571, "loc": -0.01293673640138221, "logScale": -3.826024021372185}