{"g1": 0.2922223054491778, "g2": 1.3460375459757008, "logK": -2.1485250912727807, "loc": 0.006235300839727792, "logScale": -3.987515439997332}