{"g1": 0.8822610434375205, "g2": 5.231858547330718, "logK": 0.9414571642651686, "loc": 0.04771779579760777, "logScale": 0.16628695757601686}