{"g1": 0.6726266107811991, "g2": 13.141502463896146, "logK": 0.9562862668631573, "loc": -0.03152505081702674, "logScale": 3.9856366994558043}