{"g1": 0.27688506297327836, "g2": 1.7891542715225155, "logK": -3.677828768516148, "loc": 0.019663788231303818, "logScale": 1.6851483639937932}