{"g1": 0.17854936636480975, "g2": 0.6381407988067025, "logK": 0.2582514177201922, "loc": 0.12894888118211328, "logScale": 0.3397385920239787}