{"g1": 0.0104932336932137, "g2": 0.2921266157111222, "logK": -1.7612506330438276, "loc": -0.009639923663910902, "logScale": -3.9891991947796357}