{"g1": 0.7149348122519626, "g2": 6.85609720666494, "logK": -4.837474653041397, "loc": -0.0038872373066216976, "logScale": -3.9710703164858114}