{"g1": 0.03069176674524233, "g2": 2.9300516792473554, "logK": -0.27638184404943944, "loc": -0.03226923760580877, "logScale": -0.49256255157347983}