{"g1": 0.7028109585725726, "g2": 6.160557898104816, "logK": -1.4358098114528806, "loc": -0.009662326402401934, "logScale": -3.9900398425075183}