{"g1": 0.6470735376744875, "g2": 11.307088842638173, "logK": -4.461283819336003, "loc": 0.013245560556401647, "logScale": -3.9715105058016325}