{"g1": 0.9963393966679682, "g2": 12.816841156521802, "logK": -2.2765005088653445, "loc": -0.005351118277482512, "logScale": -3.9921229743073146}