{"g1": 0.9135628599547151, "g2": 1.997392633040536, "logK": -3.1544230635978456, "loc": -0.007560017249494979, "logScale": -3.9977428309744343}