{"g1": 0.1771359673754013, "g2": 4.346263459517909, "logK": -2.078488185652107, "loc": 1.3235364096720117e-05, "logScale": -3.9981695998935844}