{"g1": 0.31767953848033204, "g2": 0.09967516771942275, "logK": -2.9341176831321625, "loc": 0.0892575548738502, "logScale": 3.988702912062508}