{"g1": 0.3733963441149182, "g2": 14.594054041257069, "logK": -0.07642338438081103, "loc": -0.14969569054494986, "logScale": 3.1739969372631154}