{"g1": 0.058489880575386816, "g2": 7.3001223944455536, "logK": -4.281747656045574, "loc": -0.002328355450399479, "logScale": -3.9663134904827313}