{"g1": 0.4996232735914645, "g2": 14.682101100327557, "logK": 0.46894374594796784, "loc": -0.14976437892266053, "logScale": 2.8433477520477886}