{"g1": 0.9556028085514032, "g2": 11.299413369636882, "logK": -4.968830276831166, "loc": -0.005459055620850098, "logScale": -3.966457124981767}