{"g1": 0.6811617003161037, "g2": 1.719674876062526, "logK": -4.6527752965266, "loc": -0.0024758746899307214, "logScale": -3.73821486419447}