{"g1": 0.12747212600220653, "g2": 1.1808031101494256, "logK": -3.641715838272287, "loc": 0.003956205107341457, "logScale": -3.8695148103067396}