{"g1": 0.16439873376682987, "g2": 0.5883039905238379, "logK": -2.201382745798437, "loc": 0.048115016034556236, "logScale": 1.1303223415725254}