{"g1": 0.4340639974132566, "g2": 9.162370331720016, "logK": -4.790468672044955, "loc": -0.0018729118018022363, "logScale": -3.954201391372537}