{"g1": 0.012060548005769136, "g2": 7.232491947229088, "logK": -0.26006973065173256, "loc": 0.016249956994665474, "logScale": -1.831841169180097}