{"g1": 0.15834728102542167, "g2": 4.036333972879053, "logK": -1.195653776066485, "loc": 0.003393658204251193, "logScale": -3.966600916444181}