{"g1": 0.14628118220718747, "g2": 2.506500764164104, "logK": -1.062096597265136, "loc": -0.004477477550645414, "logScale": -3.9969882439674334}