{"g1": 0.9606622710951036, "g2": 14.831986798826312, "logK": -3.5307556889458267, "loc": -0.0708455473647125, "logScale": 3.243282176389372}