{"g1": 0.06328563351223229, "g2": 5.475564821412256, "logK": 0.8667080581839677, "loc": -0.02403521052310488, "logScale": -0.7979640325257586}