{"g1": 0.3875482415284992, "g2": 1.4301042858282562, "logK": -2.641898914087595, "loc": 0.0019658090762482774, "logScale": -3.9838508898901512}