{"g1": 0.5281925828396672, "g2": 0.33615714779085115, "logK": -1.4666246024018683, "loc": 0.01657219687276392, "logScale": -3.055119113390414}