{"g1": 0.10101081056064318, "g2": 0.8045431900234736, "logK": -4.020377252450542, "loc": -0.07392155633348779, "logScale": -1.8818720817990926}