{"g1": 0.016018816751210266, "g2": 9.201151651117247, "logK": 0.39282486097308644, "loc": -0.030578772984562196, "logScale": -3.4777448717785036}