{"g1": 0.2848634846870959, "g2": 0.4229741383701233, "logK": -3.832453330995035, "loc": -0.006104789136100589, "logScale": -3.9156288456539263}