{"g1": 0.4621278294696656, "g2": 5.060746243633094, "logK": -3.764619241937614, "loc": -0.002180168905726188, "logScale": -3.9978506646415712}