{"g1": 0.38064002655684864, "g2": 7.05403093521004, "logK": 0.9911491398366392, "loc": -0.0683828370488056, "logScale": -0.42855742110119444}