{"g1": 0.7415806950101893, "g2": 13.586744356375874, "logK": -0.5036484593701174, "loc": -0.013531560755411358, "logScale": 3.9988441576961544}