{"g1": 0.2756842790463027, "g2": 7.513051973443079, "logK": -3.6264745526630344, "loc": -0.0012503499516428908, "logScale": -3.998034503972371}