{"g1": 0.6399725413758857, "g2": 11.829717982159849, "logK": -4.776015859942248, "loc": 0.0029869195505370753, "logScale": -3.996261794071053}