{"g1": 0.02165815503388938, "g2": 9.388232473821674, "logK": -0.07833333369461781, "loc": 0.04667755028790225, "logScale": -1.8781314799635689}