{"g1": 0.28110019799922603, "g2": 10.698395791507055, "logK": -3.0804647937986775, "loc": 0.008706675284628575, "logScale": -3.25821937757147}