{"g1": 0.32867074928956425, "g2": 14.968295590406331, "logK": 0.7917189052381731, "loc": 0.01560219328042881, "logScale": 3.7284735188727933}