{"g1": 0.10036665422429498, "g2": 10.070815851334771, "logK": -0.841423730686896, "loc": -0.008560117457445574, "logScale": -3.99912913932224}