{"g1": 0.7751779072005403, "g2": 4.375846884957918, "logK": -1.5094442886035528, "loc": -0.004607108507968506, "logScale": -3.9826102920793005}