{"g1": 0.5695356757281425, "g2": 10.538630634784429, "logK": -3.976371502590276, "loc": -0.001927510535131103, "logScale": -3.997951903431533}