{"g1": 0.13110567703482512, "g2": 2.7529986736295955, "logK": -3.3491395517749325, "loc": -0.006225603213008342, "logScale": -3.8785963332509863}