{"g1": 0.029129811443429285, "g2": 12.195996778195983, "logK": -1.6435461534872295, "loc": -0.007977305265573763, "logScale": -3.985866105580375}