{"g1": 0.4707672949901034, "g2": 3.2239591723231045, "logK": 0.5607576693912396, "loc": -0.008166443454074855, "logScale": -3.984279736101055}