{"g1": 0.06821920123217556, "g2": 7.264729654707401, "logK": 0.22365606983937222, "loc": -0.11766510836899197, "logScale": -0.9728263065201894}