{"g1": 0.46672108103808496, "g2": 4.682015539988259, "logK": -2.2324334454912034, "loc": -0.0033926950530194047, "logScale": -3.9776895516900987}