{"g1": 0.42851276955422757, "g2": 2.028655435907331, "logK": -3.427634119370719, "loc": 0.0018635480527055678, "logScale": -3.991947924306625}