{"g1": 0.968218933733673, "g2": 14.765477726612403, "logK": 0.3175202514805203, "loc": 0.0584731004564867, "logScale": 2.874572445759368}