{"g1": 0.7118848271127521, "g2": 0.31297271143560135, "logK": 0.5413438333521274, "loc": -0.14388941688846774, "logScale": -1.397754193130059}