{"g1": 0.6562318334046136, "g2": 13.254203648352085, "logK": -4.905974666333102, "loc": -0.008138118069177903, "logScale": -3.9992672855908613}