{"g1": 0.7629603288849391, "g2": 14.90411062079065, "logK": -0.09078134946745364, "loc": -0.0965560159618675, "logScale": 3.6760439205163706}