{"g1": 0.05027270149672723, "g2": 7.869144394873459, "logK": -1.1468724155788803, "loc": 0.0052898203304642955, "logScale": -3.429019609396819}