{"g1": 0.5043056328929258, "g2": 14.560568544132696, "logK": 0.30059806221637253, "loc": 0.14920568983572355, "logScale": 3.039574174850582}