{"g1": 0.574356471746571, "g2": 7.596743867194224, "logK": -0.5914507343551945, "loc": -0.029144452965309302, "logScale": -3.3242151502784463}