{"g1": 0.45601652611273086, "g2": 10.173722875787666, "logK": 0.9928570510794827, "loc": -0.046793592988008496, "logScale": -3.9697261039879757}