{"g1": 0.30272960517427466, "g2": 2.7815176187260677, "logK": 0.3778075019948991, "loc": -0.015177677338966668, "logScale": -2.8009704217748723}