{"g1": 0.7566309424936437, "g2": 2.9039497916078454, "logK": -0.8108182534469093, "loc": -0.01171852075643218, "logScale": -3.9688287481187134}