{"g1": 0.18570670798821404, "g2": 11.323474263594973, "logK": -4.4409923593525145, "loc": 0.007440693088131942, "logScale": -3.622482751428169}