{"g1": 0.2684272827572755, "g2": 14.341339831522646, "logK": -4.3825599585810044, "loc": -0.001474102325331635, "logScale": -3.9925763863053207}