{"g1": 0.24758544105198432, "g2": 3.1270230899793523, "logK": -4.361683194649577, "loc": -0.009578439660419704, "logScale": -3.9975425988770072}