{"g1": 0.7849792581287044, "g2": 14.960807667753304, "logK": 0.8223670818767181, "loc": -0.12247505269632825, "logScale": 3.013947860427587}