{"g1": 0.9063869795140314, "g2": 3.829158018506436, "logK": -2.3019364553261052, "loc": 0.005097481963810567, "logScale": -3.990110340671627}