{"g1": 0.9486863699734192, "g2": 4.376983989801991, "logK": -1.6851816438119815, "loc": 0.0014986845663935433, "logScale": -3.996416317827404}