{"g1": 0.590037545660154, "g2": 8.536792678739063, "logK": -4.730488785427582, "loc": -0.00027871527946506103, "logScale": -3.997109669559859}