{"g1": 0.6160036632133131, "g2": 9.561886696544272, "logK": -4.3543724542352775, "loc": 0.0023444004228748323, "logScale": -3.994576288262441}