{"g1": 0.8805166148118623, "g2": 7.995675591195457, "logK": -2.847703121325359, "loc": 0.0016656050224637675, "logScale": -3.9918594175153195}