{"g1": 0.5834561701722878, "g2": 3.358332554037346, "logK": 0.9543701949546841, "loc": -0.005632439836278296, "logScale": -3.9836514697869974}