{"g1": 0.4233508415444956, "g2": 13.904401127527066, "logK": 0.22628322004752316, "loc": -0.03762576265738781, "logScale": 3.909945852540467}