{"g1": 0.6731508859600601, "g2": 7.687289679799402, "logK": -2.7473407990349408, "loc": -0.004988004272206018, "logScale": -3.99682356326837}