{"g1": 0.14715042501973485, "g2": 5.6181969360821356, "logK": -1.9745345862260033, "loc": -0.004526297811731964, "logScale": -3.9803596271542316}