{"g1": 0.022776204943776218, "g2": 7.366616077832771, "logK": 0.35171620359661365, "loc": -0.07738952239178624, "logScale": -2.577042473017824}