{"g1": 0.8456698095441206, "g2": 4.310904505207455, "logK": -3.993851693576584, "loc": -0.0012424299976835536, "logScale": -3.9791199616874766}