{"g1": 0.9162376987452173, "g2": 11.806724354420137, "logK": -1.6549738692624523, "loc": -0.01047536863352289, "logScale": -3.9758017023237304}