{"g1": 0.004671850355210387, "g2": 0.2815965686951081, "logK": -2.4712067624449174, "loc": -0.002796591160707497, "logScale": -3.965310211356777}