{"g1": 0.8908003594983975, "g2": 14.987819804596779, "logK": -2.3639070303975305, "loc": -0.011794172252591443, "logScale": -3.727025752183697}