{"g1": 0.6594386929092267, "g2": 14.95461197315518, "logK": 0.19260236493669516, "loc": -0.00911261023014644, "logScale": -3.865756880134986}