{"g1": 0.42113768773023924, "g2": 14.97886785025678, "logK": 0.9932473756847447, "loc": -0.12447954320004942, "logScale": 1.6546361095020705}