{"g1": 0.48176741815538804, "g2": 5.153175392493613, "logK": -1.604132104051804, "loc": -0.0035450250593198557, "logScale": -3.9981199970020276}