{"g1": 0.20066654201226847, "g2": 11.672923826138593, "logK": 0.041021140817348645, "loc": -0.01885996440377347, "logScale": -3.1430369217845957}