{"g1": 0.9674951752873123, "g2": 13.44371292813955, "logK": -0.9839933255552574, "loc": -0.0016924000157286059, "logScale": -3.954877208111659}