{"g1": 0.027547742265655362, "g2": 12.25176978717936, "logK": 0.8465519335964209, "loc": -0.042672054498762386, "logScale": -3.5383070471405564}