{"g1": 0.9725362369390116, "g2": 1.4605434526256351, "logK": -4.38802430835555, "loc": 0.002906848940838778, "logScale": -3.9938226632002842}