{"g1": 0.0696529566086605, "g2": 8.450176564098472, "logK": 0.27001357800490733, "loc": -0.008885414514682019, "logScale": -3.651803604152061}