{"g1": 0.10442529164859757, "g2": 7.594724855749432, "logK": -1.091908091234628, "loc": 0.005509825222726657, "logScale": -3.9975784246339794}