{"g1": 0.2298523118401337, "g2": 2.8455638088909065, "logK": 0.9140913871451937, "loc": -0.014948596149360976, "logScale": -3.9892090504474687}