{"g1": 0.4826166930704112, "g2": 13.612852535654643, "logK": -4.834496416155295, "loc": -0.11652589796200159, "logScale": 3.67286838240887}