{"g1": 0.7474254850388035, "g2": 3.0458083238938327, "logK": -3.19300231483154, "loc": -0.00026354479248381565, "logScale": -3.9892426601717177}