{"g1": 0.04101830727314952, "g2": 3.346613959304552, "logK": -3.788037442699581, "loc": 0.059404543927106694, "logScale": 2.4606017153008373}