{"g1": 0.19397268305145984, "g2": 1.2476999182172475, "logK": 0.8283676298286423, "loc": -0.045210859499840966, "logScale": -3.422697529275378}