{"g1": 0.05478359240706176, "g2": 10.1462313035031, "logK": 0.5949297803966244, "loc": -0.03347564588426781, "logScale": -1.7373793102837345}