{"g1": 0.38269614212219505, "g2": 14.554623808185463, "logK": 0.9926538854738841, "loc": 0.08171387086212414, "logScale": 3.8096223950525188}