{"g1": 0.8905310775697338, "g2": 7.928690049874895, "logK": -2.7757076779873344, "loc": 0.005945096799028686, "logScale": -3.912818856566191}