{"g1": 0.24765260712652243, "g2": 14.345547692045736, "logK": 0.4091543154425843, "loc": 0.11519959020984138, "logScale": 3.993020924696548}