{"g1": 0.27654559728225186, "g2": 14.446168322009385, "logK": 0.6898141183266855, "loc": -0.04933117798393272, "logScale": 3.831466066018105}