{"g1": 0.7275456891115907, "g2": 4.708467016653813, "logK": -2.128850861405213, "loc": 0.002243456985089251, "logScale": -3.8518621677949536}