{"g1": 0.1806305612314674, "g2": 1.2413614287156975, "logK": -1.3766042648588448, "loc": -0.006768398480695195, "logScale": -3.97352433019597}