{"g1": 0.37461310069680187, "g2": 3.9624145461365585, "logK": 0.8181114528284774, "loc": -0.006563521913814943, "logScale": -0.5018922863825751}