{"g1": 0.8971672991957537, "g2": 1.6149299726543753, "logK": -3.9180603061874777, "loc": -0.008445915815683179, "logScale": -3.932244423761049}