{"g1": 0.09374800395432925, "g2": 1.3830776477766564, "logK": 0.44628412310787396, "loc": -0.01566826165329893, "logScale": -3.465455289383306}