{"g1": 0.9709175029386415, "g2": 0.5863285202515489, "logK": -2.2212670180142364, "loc": -0.010292374351119512, "logScale": -3.986367388954301}