{"g1": 0.9840130939803715, "g2": 13.929676723423, "logK": -4.91164550317178, "loc": 0.0170293173018606, "logScale": -3.855768532464065}