{"g1": 0.7171587475737526, "g2": 5.65308838757081, "logK": -3.3640334638792986, "loc": 0.005041828109834932, "logScale": -3.9531596214581515}