{"g1": 0.23456371981947688, "g2": 8.460810626133728, "logK": -3.5820445300966903, "loc": -0.006042989695826307, "logScale": -3.9982779830200017}