{"g1": 0.2802192641431942, "g2": 11.015168818211958, "logK": -3.0520650895234076, "loc": 0.00042620489312068105, "logScale": -3.985585968788669}