{"g1": 0.23609714343470956, "g2": 6.516467539486725, "logK": 0.5610881636160896, "loc": 0.07558751092503874, "logScale": -0.21877722852681092}