{"g1": 0.3215542454939663, "g2": 9.017383699151821, "logK": -4.466639963632368, "loc": 0.007319131169677242, "logScale": -3.9931113761460852}