{"g1": 0.02276786574129311, "g2": 13.25683532953906, "logK": -2.2187428961569253, "loc": 0.014943987126283434, "logScale": -2.185380508283987}