{"g1": 0.43768343733909904, "g2": 6.397605793522795, "logK": 0.15661401092824123, "loc": -0.005594752473914236, "logScale": -3.503338835847766}