{"g1": 0.38132177768295467, "g2": 10.741489873252759, "logK": -3.524546174081599, "loc": 0.0018867849682779117, "logScale": -3.9982283008311863}