{"g1": 0.4957740130761084, "g2": 14.961157081002643, "logK": -4.897487460191324, "loc": -0.10873150501399834, "logScale": 3.6446015542911847}