{"g1": 0.5525813565567224, "g2": 12.869629585150534, "logK": 0.2262519283516633, "loc": 0.12501478524327342, "logScale": 2.24610205060424}