{"g1": 0.2783501940499356, "g2": 8.05304136952212, "logK": -2.469181283297419, "loc": -0.006439623025448048, "logScale": -3.995223066887145}