{"g1": 0.5933521215193935, "g2": 6.807045850738992, "logK": -3.0797736143769514, "loc": 0.015576904405949643, "logScale": -2.9000411135035917}