{"g1": 0.5724228040656578, "g2": 13.961663994234334, "logK": -3.5845342886154725, "loc": 0.07678930597885139, "logScale": 3.5455598269941673}