{"g1": 0.9978300973497016, "g2": 11.999754132241904, "logK": -1.5565927093663103, "loc": -0.0020421173599125698, "logScale": -3.9822345738025096}