{"g1": 0.19105063048285487, "g2": 11.3274548440934, "logK": -4.562504813217195, "loc": -0.0062581250072631074, "logScale": -3.9860617146966435}