{"g1": 0.2798767402747249, "g2": 4.005340221655354, "logK": -0.2541277554684168, "loc": -0.004630429825722176, "logScale": 1.0683029590112072}