{"g1": 0.7206579467211437, "g2": 0.27436807347340975, "logK": 0.7949518405793871, "loc": 0.1303911481849409, "logScale": 0.4349657355516324}