{"g1": 0.03761290770432887, "g2": 3.9804525244479763, "logK": -3.8703758375832558, "loc": -0.0074797903802124146, "logScale": -3.9525040618614256}