{"g1": 0.4639998604128596, "g2": 2.985517647256258, "logK": -2.9851579611104166, "loc": -0.003388668505895722, "logScale": -3.9869650618087484}