{"g1": 0.6883477197469692, "g2": 14.990877014327133, "logK": -1.8620701053414443, "loc": -0.008769428003990248, "logScale": -3.9641083300203546}