{"g1": 0.32201489657175836, "g2": 9.087128729263434, "logK": -2.6517199009496313, "loc": -0.010656191628282196, "logScale": -3.667204010644558}