{"g1": 0.832454594146941, "g2": 1.3423466213143151, "logK": 0.6491770185749467, "loc": -0.0018851732925150248, "logScale": 0.45717917084418286}