{"g1": 0.5350474995157009, "g2": 13.37476866865804, "logK": -2.4038232887978004, "loc": 0.004223090349301486, "logScale": -3.9791452715806828}