{"g1": 0.2391301996085637, "g2": 4.139949590677903, "logK": -0.613407183545383, "loc": -0.0018184776749193233, "logScale": -3.8798755548043897}