{"g1": 0.04789192142287503, "g2": 8.381097029042797, "logK": -0.04143523012150818, "loc": 0.0010802724192407855, "logScale": -3.9987692316732115}