{"g1": 0.019840489886677942, "g2": 9.34301668156495, "logK": -3.2240583476133624, "loc": 0.06352235666726219, "logScale": -2.2840840433484506}