{"g1": 0.7104716430051418, "g2": 14.953642447395332, "logK": 0.31601038583055935, "loc": 0.09938495938145706, "logScale": 3.4703945016846474}