{"g1": 0.20288402204246422, "g2": 12.022865292394977, "logK": -4.339456422277409, "loc": -0.0035821914737819574, "logScale": -3.990055893288738}