{"g1": 0.4780137429529172, "g2": 2.1041295856834408, "logK": -0.8653397224860048, "loc": -0.008094175229280439, "logScale": -3.9852042683752265}