{"g1": 0.1995189536491621, "g2": 14.746832953468543, "logK": 0.41740183009175125, "loc": 0.016380641266766298, "logScale": -0.7104251181239597}