{"g1": 0.0028354014240246778, "g2": 11.554348973122629, "logK": -1.7631818463339446, "loc": -0.022832912404478035, "logScale": 1.376202853539331}