{"g1": 0.47989824057784286, "g2": 14.903677750863068, "logK": -3.0593514753425564, "loc": -0.005248949634453638, "logScale": -3.993867264088815}