{"g1": 0.44441904896647344, "g2": 1.1492875701264897, "logK": 0.9991198275259343, "loc": 0.10286209153363217, "logScale": -0.18158097631001885}