{"g1": 0.0646627319556527, "g2": 10.418585022870825, "logK": -2.5134798954074187, "loc": -0.001924963617493029, "logScale": -3.9872146916735507}