{"g1": 0.15123653809538334, "g2": 1.425212365647953, "logK": 0.8935330413678902, "loc": -0.11182437119074397, "logScale": -0.8967683054967379}