{"g1": 0.4254142644992453, "g2": 3.00634252104882, "logK": 0.09018140369417527, "loc": -0.09332744584166874, "logScale": 1.1696263146934647}