{"g1": 0.013881524276402823, "g2": 13.372125044870208, "logK": -1.591734828257749, "loc": -0.0036526740855372143, "logScale": -3.998521618598935}