{"g1": 0.9132023002584932, "g2": 12.301487878940208, "logK": 0.9981043600505721, "loc": 0.10197290574265049, "logScale": 1.022945596789268}