{"g1": 0.2551317679797513, "g2": 2.748904907639699, "logK": -3.8125357905858364, "loc": -0.00818295486069102, "logScale": -3.9972527477911806}