{"g1": 0.025147980781001063, "g2": 10.67419150829086, "logK": -3.9915016916139074, "loc": 0.10990884308188913, "logScale": 0.2554875863008211}