{"g1": 0.9535728872957957, "g2": 14.932151838936857, "logK": 0.7791212753942954, "loc": 0.010733238259706013, "logScale": 3.1950861750552186}