{"g1": 0.7057539303116326, "g2": 0.04275278379869363, "logK": 0.6214918867055954, "loc": 0.07685186260903853, "logScale": 0.9673627525628404}