{"g1": 0.4546404002516316, "g2": 5.375517515889497, "logK": -2.2189912374451666, "loc": -0.027366309192377765, "logScale": -2.9715248334424293}