{"g1": 0.12491083198881757, "g2": 3.9553066815284432, "logK": -4.301512976078945, "loc": 9.60106741994763e-05, "logScale": -3.969030440001019}