{"g1": 0.3455256550834137, "g2": 7.139526160246565, "logK": 0.9954599113291227, "loc": -0.02546137487531911, "logScale": 0.5057775473377725}