{"g1": 0.6761583176888455, "g2": 13.101133865652745, "logK": -2.2896692049414753, "loc": 0.005819280271757446, "logScale": -3.9801330944491453}