{"g1": 0.9805391273383707, "g2": 13.137058585010433, "logK": -3.4409318750806004, "loc": -0.004393346758613635, "logScale": -3.806042059564537}