{"g1": 0.14153781193807907, "g2": 1.8577902155287354, "logK": -2.966761391879795, "loc": -0.005933833230899715, "logScale": -3.9922339195544163}