{"g1": 0.3736574159515804, "g2": 1.6317189444741766, "logK": 0.271509231380075, "loc": -0.14121384626463077, "logScale": -1.4064613733954046}