{"g1": 0.8073168360358663, "g2": 6.839085066360231, "logK": -4.046030857678476, "loc": 0.0006989810701561799, "logScale": -3.98581748945636}