{"g1": 0.6921923420697161, "g2": 11.877336353499466, "logK": -3.6892428418823355, "loc": 0.0006745237379889232, "logScale": -3.9847253530135998}