{"g1": 0.6004081287874933, "g2": 10.759522916762975, "logK": -4.7406688032643345, "loc": 0.0013652969188089493, "logScale": -3.996796302397029}