{"g1": 0.16623036498236873, "g2": 6.399760178284127, "logK": 0.7788935358245759, "loc": 0.0021331211413181256, "logScale": -1.7673747082032811}