{"g1": 0.5899796837655505, "g2": 0.012780819790459474, "logK": -3.7012806967833676, "loc": 0.06594870067091199, "logScale": 1.3009210370372941}