{"g1": 0.8608156733540544, "g2": 1.50600028513891, "logK": -4.932187451431674, "loc": -0.005146698831837552, "logScale": -3.9812667689459165}