{"g1": 0.007202645559003712, "g2": 7.380342105793818, "logK": -3.425395230389306, "loc": 0.0037060720575471436, "logScale": -3.9276069210171407}