{"g1": 0.9169332627890218, "g2": 12.995878001260643, "logK": -4.574942419936934, "loc": 0.0003952465136968387, "logScale": -3.987929813095241}