{"g1": 0.44280590576899265, "g2": 13.815547427307015, "logK": -1.7077191297883247, "loc": -0.012507459368479804, "logScale": -3.7335278852048437}