{"g1": 0.4339651055340318, "g2": 8.788922429636003, "logK": -0.5964739285569609, "loc": 0.001345716132387445, "logScale": -3.9739578065517622}