{"g1": 0.7359062369727538, "g2": 11.179277973773852, "logK": -2.5515369498984932, "loc": 0.0012038849848876908, "logScale": -3.865530617057859}