{"g1": 0.3085222740325613, "g2": 9.277202696864759, "logK": -3.3526827479603547, "loc": -0.0022746879839130405, "logScale": -3.9980948522317847}