{"g1": 0.47274265773370755, "g2": 2.167273649075659, "logK": -3.1830119873733382, "loc": 0.01911058439558061, "logScale": 1.7724593945232592}