{"g1": 0.618209676420599, "g2": 5.63058609892169, "logK": -1.376167088937982, "loc": -0.0025646613823307966, "logScale": -3.843182530714305}