{"g1": 0.44393174155218207, "g2": 3.7063529074583377, "logK": -0.1666674059518592, "loc": -0.13896747584948774, "logScale": 0.5304883016789275}