{"g1": 0.7431614715285557, "g2": 6.792953250858713, "logK": -2.85533923403365, "loc": 0.003348021014953604, "logScale": -3.9327238640400735}