{"g1": 0.3304081167074109, "g2": 0.4392798844981213, "logK": 0.8674535109978655, "loc": -0.13850185728929298, "logScale": -0.6961081980456858}