{"g1": 0.7911064025668891, "g2": 14.87228466192592, "logK": -4.902430412673875, "loc": 0.00040312535812669133, "logScale": -3.9689084239143555}