{"g1": 0.6550225831023683, "g2": 0.03928772008282011, "logK": 0.9968380024422946, "loc": -0.018076869316601588, "logScale": -3.284489572856624}