{"g1": 0.8266558681625352, "g2": 14.958131257721528, "logK": 0.8411973426772072, "loc": 0.04823174551452082, "logScale": 3.992230125138685}