{"g1": 0.11225097003758423, "g2": 5.342892635573802, "logK": 0.9597988690700052, "loc": -0.008906849027961117, "logScale": -3.9563305518965763}