{"g1": 0.794913954048409, "g2": 3.013985643012728, "logK": -3.0123211195933846, "loc": -0.005706023222937675, "logScale": -3.990463100347804}