{"g1": 0.9991533148684146, "g2": 13.794959392349979, "logK": -4.998266019977794, "loc": -0.007423329141804158, "logScale": -3.8203367419313263}