{"g1": 0.958141422931391, "g2": 13.498965332281017, "logK": -3.210436868890962, "loc": 0.01260903373799401, "logScale": -3.7911237313314237}