{"g1": 0.6743941701816574, "g2": 0.08009884788550425, "logK": -3.6406659904451644, "loc": 0.10731673591781302, "logScale": 1.7117402802044683}