{"g1": 0.21664369875806627, "g2": 12.121191548575998, "logK": -4.342282171321818, "loc": -0.0072286242729471695, "logScale": -3.9935485975964067}