{"g1": 0.9491187096654992, "g2": 8.044548785538266, "logK": -4.311945478608286, "loc": 0.006448883873842867, "logScale": -3.996495658386624}