{"g1": 0.7800599783291435, "g2": 3.7932040136016623, "logK": -1.7802827537375205, "loc": 0.0014192098729101416, "logScale": -3.862924286455966}