{"g1": 0.6557446963999884, "g2": 0.024088836531097575, "logK": 0.9549031642156607, "loc": -0.021166373863429094, "logScale": 3.9996104757375255}