{"g1": 0.37475572680004066, "g2": 9.584673232377977, "logK": 0.6434126665669401, "loc": -0.05487913547392312, "logScale": 0.8328418189077567}