{"g1": 0.2419051015983583, "g2": 0.4260661054481578, "logK": -4.676921915781633, "loc": 0.006140330775037449, "logScale": -3.091823396206672}