{"g1": 0.3722252284071457, "g2": 5.666523542810333, "logK": 0.7401726167962914, "loc": -0.04997295033515532, "logScale": -1.0927667963551224}