{"g1": 0.35979786238854333, "g2": 13.81555028874098, "logK": -2.993257236925407, "loc": 0.0035046099261708675, "logScale": -3.72050696411988}