{"g1": 0.3150070256432831, "g2": 7.097280677123897, "logK": -4.46326091943779, "loc": -0.0011311643419699927, "logScale": -3.9977928213282756}