{"g1": 0.1962739671315038, "g2": 14.69255933808176, "logK": 0.9722019684960947, "loc": 0.04297547090040872, "logScale": 3.837017916614215}