{"g1": 0.159426013346178, "g2": 5.451473127030681, "logK": -1.0963661224116463, "loc": -0.008492297902934359, "logScale": -3.997745368338631}