{"g1": 0.7673641015624457, "g2": 9.418432158221448, "logK": -4.570979962416918, "loc": -0.008875213564667944, "logScale": -3.969370684276546}