{"g1": 0.21812057375919344, "g2": 0.026245919588280583, "logK": 0.37423159084655555, "loc": 0.009312264247710568, "logScale": -0.7815400238869133}