{"g1": 0.5134141889060237, "g2": 5.21033894075166, "logK": -2.572087866711632, "loc": -0.002134741102584684, "logScale": -3.9984197471434144}