{"g1": 0.7822147917037097, "g2": 0.9505873776426813, "logK": 0.46953220664383233, "loc": 0.05918888683510798, "logScale": 0.058827234978527654}