{"g1": 0.878429473717352, "g2": 14.329110070328646, "logK": -0.5183257740208588, "loc": 0.0027948096511104846, "logScale": -3.9820036516945554}