{"g1": 0.2857009940911067, "g2": 11.267784478179227, "logK": 0.5278866517201575, "loc": -0.13701677548218968, "logScale": -0.8536302952167008}