{"g1": 0.34483462274855325, "g2": 7.257166641464272, "logK": -2.7564838641309435, "loc": -0.006713204988226826, "logScale": -3.976067747430168}