{"g1": 0.0021465888791843838, "g2": 10.33021165049307, "logK": -0.1962435916735306, "loc": -0.03661907968900036, "logScale": -2.5988732553474168}