{"g1": 0.6538825935905206, "g2": 13.21815180162132, "logK": -4.885862836791549, "loc": 0.003918261947854056, "logScale": -3.997815538413948}