{"g1": 0.27718470067122714, "g2": 1.1209025689569285, "logK": 0.8914020751335214, "loc": 0.09813569366794828, "logScale": -1.2546519667084857}