{"g1": 0.018522532541641337, "g2": 8.637930565392207, "logK": -1.15952178954608, "loc": -0.0018436704264465035, "logScale": -3.978793304944006}