{"g1": 0.9981016093531133, "g2": 13.804237461148064, "logK": -1.880867018452667, "loc": -0.0031263122917683586, "logScale": -3.416278318474206}