{"g1": 0.060307059931360915, "g2": 11.064769366478359, "logK": 0.6185114482057354, "loc": -0.11912333762859706, "logScale": -1.8027304607684265}