{"g1": 0.05014174002039766, "g2": 0.6235585746337596, "logK": -4.022904157257509, "loc": -0.0939699786302382, "logScale": -0.39517385631460766}