{"g1": 0.20918931310672662, "g2": 0.00874710506155291, "logK": 0.5168086615709959, "loc": -0.09618776760709698, "logScale": 1.57839831698413}