{"g1": 0.2219042570144041, "g2": 0.7482317878374722, "logK": -2.790433856016283, "loc": -0.10654397331596284, "logScale": 0.14131964033667174}