{"g1": 0.7583400556618205, "g2": 8.65745378689627, "logK": -3.9348924155562406, "loc": -0.0003676602403076372, "logScale": -3.9934725170809613}