{"g1": 0.36696566345194404, "g2": 13.972149623979266, "logK": -3.8875290369473356, "loc": 0.008336300732138296, "logScale": -3.9999358151855224}