{"g1": 0.7477162821482323, "g2": 14.282178463804504, "logK": 0.6106058626943897, "loc": -0.07718016988805777, "logScale": 3.987508633379604}