{"g1": 0.14578692010828484, "g2": 2.239919584762528, "logK": -4.7093068753922, "loc": -0.0019959816772518848, "logScale": -3.999316422640635}