{"g1": 0.1948944276011577, "g2": 7.975305849780842, "logK": -0.01690173398137862, "loc": -0.013477104521612823, "logScale": -3.3424927432345806}