{"g1": 0.8788114792771105, "g2": 13.002265228795796, "logK": -4.936689938221596, "loc": 1.4574386866595887e-05, "logScale": -3.846577129228995}