{"g1": 0.0767220913042278, "g2": 4.03199263722599, "logK": -3.6797711061625664, "loc": 0.006104059743740851, "logScale": -3.986978709606386}