{"g1": 0.4902471710389674, "g2": 14.17490208758187, "logK": 0.999329148470812, "loc": -0.08433533928168349, "logScale": 1.1804271570422369}