{"g1": 0.4851310066575448, "g2": 5.429266122178868, "logK": -4.336991427892445, "loc": -0.004323202690747373, "logScale": -3.9611064654317607}