{"g1": 0.5459327695003925, "g2": 14.953135527446186, "logK": 0.47612964943244096, "loc": 0.14421269918774068, "logScale": 3.8179507153319814}