{"g1": 0.03873924111354002, "g2": 7.090205604473219, "logK": -0.3092659885469678, "loc": -0.014443861948106679, "logScale": -1.014796839823828}