{"g1": 0.43597126941009784, "g2": 7.510275349258249, "logK": -0.7745285000104877, "loc": -0.011027770067899009, "logScale": -3.9873940011240845}