{"g1": 0.1755836037694639, "g2": 6.868516932265862, "logK": 0.8709502548995618, "loc": -0.04967757770056426, "logScale": -3.0247552556697457}