{"g1": 0.176633883012475, "g2": 2.387078718794406, "logK": 0.9990812816288428, "loc": 0.00012398887356994404, "logScale": 3.994898030623911}