{"g1": 0.6441262736586468, "g2": 10.407589305769493, "logK": -3.550394915272791, "loc": -0.0028535292718871895, "logScale": -3.907742870131609}