{"g1": 0.3408313208124122, "g2": 10.079230148030595, "logK": -1.2414714804120723, "loc": -0.0005795510015748594, "logScale": -3.969837412092494}