{"g1": 0.9953505475759046, "g2": 7.274527133818092, "logK": -3.5068569739885778, "loc": -0.00035729240854288045, "logScale": -3.9848349797610103}