{"g1": 0.02229729582457702, "g2": 10.561726110274861, "logK": 0.41219234197324056, "loc": -0.13633488721843515, "logScale": -0.363481177163235}