{"g1": 0.23182000103421224, "g2": 14.197535516248047, "logK": 0.6421345828634017, "loc": 0.1242480620991662, "logScale": 3.9787456539782466}