{"g1": 0.09888669664862262, "g2": 3.988776947995353, "logK": -3.3413562596060116, "loc": 0.002331465221645303, "logScale": -3.982543031373581}