{"g1": 0.10903616644050573, "g2": 11.403227068716149, "logK": -1.3155580839115892, "loc": -0.0014177160423360822, "logScale": -3.998512271725773}