{"g1": 0.14053365167239612, "g2": 0.01022833345461025, "logK": -4.639217955310535, "loc": 0.1090078183285471, "logScale": 3.8632110162868414}