{"g1": 0.8547194850492378, "g2": 14.35272084008999, "logK": 0.5563192795933549, "loc": -0.049158208838007686, "logScale": 1.6060619489828767}