{"g1": 0.510469317942147, "g2": 14.585168705656265, "logK": -0.5089855422122836, "loc": -0.013062236340448853, "logScale": 3.4386008093910614}