{"g1": 0.20033605121089976, "g2": 10.818466066317965, "logK": 0.16354953619877322, "loc": -0.003812301200621317, "logScale": -3.4863690574844663}