{"g1": 0.07195138441612399, "g2": 10.770692345826607, "logK": 0.9960374846801057, "loc": 0.13752733524723368, "logScale": 0.9289450669318795}