{"g1": 0.8536103325635509, "g2": 0.058399511296089286, "logK": 0.23516863390138765, "loc": 0.08152191372075457, "logScale": 1.3490615680681097}