{"g1": 0.06272744845616335, "g2": 11.588002538029999, "logK": -1.8471830826177957, "loc": -0.12249081669943507, "logScale": -0.884897104047869}