{"g1": 0.8031528877715894, "g2": 3.2366899508694833, "logK": -4.2797244452540735, "loc": 0.0018640013854626207, "logScale": -3.9975571362790654}