{"g1": 0.2875773541429467, "g2": 9.683428768393464, "logK": 0.6527383161855752, "loc": -0.08737728415129953, "logScale": -1.3612518492204833}