{"g1": 0.13367909634959352, "g2": 0.374448161274489, "logK": -3.5452895521762677, "loc": 0.007657774766092671, "logScale": -1.4571017524134735}