{"g1": 0.4452606308904609, "g2": 6.2135228918969005, "logK": 0.9830939031362345, "loc": -0.14145878226728212, "logScale": -0.49537608251878684}