{"g1": 0.5758896682673129, "g2": 5.083369350056535, "logK": 0.9921932480553789, "loc": -0.10845407250254165, "logScale": 1.56739385107212}