{"g1": 0.21057183852350747, "g2": 8.269578657101698, "logK": -4.920054937455943, "loc": 0.004943483969197885, "logScale": -3.9982918693154885}