{"g1": 0.6923346969375908, "g2": 5.69201121284384, "logK": -4.788436191271296, "loc": -0.004852665896989263, "logScale": -3.992525387583069}