{"g1": 0.9587599818141731, "g2": 1.7294909642971934, "logK": -1.0204729202016531, "loc": -0.006671457579444165, "logScale": -3.9995885834628693}