{"g1": 0.02185351574214739, "g2": 11.372573334808266, "logK": -0.19029148553507136, "loc": 0.1407988598912626, "logScale": 1.3783265173943673}