{"g1": 0.0930603095297568, "g2": 4.193274123836446, "logK": -2.277334783535891, "loc": -0.00449241472967676, "logScale": -3.984423761959169}