{"g1": 0.4610463506515917, "g2": 8.498826445625475, "logK": -1.9613510848900946, "loc": -0.004281782787570297, "logScale": -3.9992411585087995}