{"g1": 0.9164335615754717, "g2": 14.497706097566411, "logK": -0.9710078492908295, "loc": 0.1426318806330482, "logScale": 3.8171220103412966}