{"g1": 0.4159346518562097, "g2": 7.93779623470027, "logK": -2.1874802093860635, "loc": -0.0033646993811806687, "logScale": -3.9989750310962093}