{"g1": 0.3353863628014747, "g2": 1.8816268263909937, "logK": -3.788000686141607, "loc": 1.68319983683083e-05, "logScale": -3.973369467155571}