{"g1": 0.10411569915467606, "g2": 3.2121802466802905, "logK": -1.6830092008684896, "loc": -0.004942899577032893, "logScale": -3.7106440650437054}