{"g1": 0.6157427654757837, "g2": 5.884593027719655, "logK": -4.421504587712359, "loc": -0.0044139877253859365, "logScale": -3.996226762590421}