{"g1": 0.9244173955389406, "g2": 12.672567445116183, "logK": -3.4947393935396085, "loc": 1.959398807935915e-05, "logScale": -3.977574269982715}