{"g1": 0.04313598796535857, "g2": 12.617803957762135, "logK": 0.7397588644181623, "loc": -0.05729874895940493, "logScale": -2.9790917386287292}