{"g1": 0.6839501610387084, "g2": 12.7177498494208, "logK": -2.229456343956115, "loc": -0.003701446768168657, "logScale": -3.9883138911364875}