{"g1": 0.06180957125849499, "g2": 8.47092647567985, "logK": 0.9944591050348354, "loc": -0.05460831568534718, "logScale": -1.211797523956707}