{"g1": 0.836661813069401, "g2": 13.999338503026392, "logK": 0.9434737496014037, "loc": 0.07652664876197342, "logScale": 2.0041395486295612}