{"g1": 0.09744537427202837, "g2": 2.7411707974243678, "logK": 0.635045035226032, "loc": -0.0028664901155623507, "logScale": 1.5722420465881712}