{"g1": 0.6190822522966724, "g2": 7.801919265377126, "logK": -3.6456788668360014, "loc": -0.003365289465236461, "logScale": -3.9696849280210076}