{"g1": 0.8919069063438333, "g2": 13.591295973340845, "logK": 0.18892541557807874, "loc": -0.007383776247312203, "logScale": -3.985780253275011}