{"g1": 0.3915083558561332, "g2": 0.059290810122101245, "logK": -1.8580110074056082, "loc": 0.07198919595136165, "logScale": 1.0651728887527252}