{"g1": 0.798249526590552, "g2": 7.157636547588318, "logK": -3.2019949284864557, "loc": -0.006017967024132299, "logScale": -3.987653027774038}