{"g1": 0.21347251514892016, "g2": 11.85246110529859, "logK": -3.3269173590739456, "loc": 0.00658421151538939, "logScale": -3.852033174353491}