{"g1": 0.7663996572414946, "g2": 14.438619216071498, "logK": 0.5219409173262007, "loc": 0.05025119718250289, "logScale": 2.59422441206338}