{"g1": 0.783928596171669, "g2": 4.658461016594336, "logK": -4.018084076701916, "loc": -0.0011443219870550074, "logScale": -3.9966865933813613}