{"g1": 0.044439997781256, "g2": 7.440324902381571, "logK": -4.149941664611609, "loc": -0.03705755123820865, "logScale": -2.574116909745229}