{"g1": 0.9361874107228586, "g2": 12.249270743411355, "logK": -1.385052957757178, "loc": -0.00816130362509092, "logScale": -3.9843365040818477}