{"g1": 0.00541472349237914, "g2": 4.073335875440013, "logK": 0.8165516340885474, "loc": -0.1369300751029916, "logScale": -1.4363280739794018}