{"g1": 0.09087367317797511, "g2": 12.084212847275152, "logK": -1.220135897951272, "loc": -0.007914077645277158, "logScale": -3.985247429746529}