{"g1": 0.6568692915705902, "g2": 14.291563591349457, "logK": 0.8953805684217259, "loc": 0.024999379257339, "logScale": 3.98553568180544}