{"g1": 0.09320495156829445, "g2": 14.04946789735628, "logK": -4.569730155658089, "loc": -0.0011995815876904446, "logScale": -3.9828487115570286}