{"g1": 0.675836878366672, "g2": 9.108319809054892, "logK": 0.5747514880810832, "loc": -0.020243155581695028, "logScale": -3.820165069953566}