{"g1": 0.8534230006404798, "g2": 11.25188184193972, "logK": -2.9568258792181443, "loc": -0.0037857314587674057, "logScale": -3.9666017939352796}