{"g1": 0.5010775070096763, "g2": 10.771270238919369, "logK": 0.3043479110696837, "loc": 0.09781406182964311, "logScale": 2.8119759970865275}