{"g1": 0.24803778343542568, "g2": 2.8296102389175495, "logK": 0.6819544090948089, "loc": 0.04281652388406265, "logScale": -0.960982488850866}