{"g1": 0.19315394505524194, "g2": 7.398682096982462, "logK": -3.65445228366709, "loc": -0.0002537286537105596, "logScale": -3.9787046252340836}