{"g1": 0.040926994789664814, "g2": 9.445035812801057, "logK": 0.05547447080523335, "loc": -0.04031171912067412, "logScale": 0.2717682358759943}