{"g1": 0.9060464212321264, "g2": 10.65620923891542, "logK": -1.9009350621443937, "loc": -0.011486437600315725, "logScale": -3.997878248325358}