{"g1": 0.5546781352841971, "g2": 8.08793643161962, "logK": -3.0184966590468703, "loc": -0.0041097214793216486, "logScale": -3.870969117837536}