{"g1": 0.1712020394894575, "g2": 13.570755718918313, "logK": -3.8581813185087683, "loc": 0.0030120511550327635, "logScale": -3.9893952336755842}