{"g1": 0.2600274550825442, "g2": 4.102530903501364, "logK": -3.1068343903252624, "loc": -0.004858725206881076, "logScale": -3.9874672687557378}