{"g1": 0.29763718906823955, "g2": 11.458644336368788, "logK": 0.6659372094717071, "loc": -0.039887811663553235, "logScale": 0.2772399530020312}