{"g1": 0.22249284551510373, "g2": 0.7498060451240072, "logK": -0.775481780403778, "loc": -0.0059746786616535486, "logScale": -3.9944869526838334}