{"g1": 0.9026777405883661, "g2": 0.3769216572512574, "logK": 0.8627339961335868, "loc": -0.023481226726217205, "logScale": -0.3834092652327269}