{"g1": 0.5804535590339109, "g2": 0.7758514541061139, "logK": 0.8692120131200026, "loc": -0.09821545804938021, "logScale": 3.9974012015256815}