{"g1": 0.5414115923517533, "g2": 4.507114997540751, "logK": 0.14995760886460374, "loc": -0.022545050780928236, "logScale": -1.3260649813070815}