{"g1": 0.7046150178129613, "g2": 11.556166668055193, "logK": -2.9142308401142487, "loc": -0.0028853217611754974, "logScale": -3.9966946844419957}