{"g1": 0.22418174017926354, "g2": 3.81838620782483, "logK": -4.118293028222029, "loc": -0.0020521759228692774, "logScale": -3.9669884823625843}