{"g1": 0.3033494055368362, "g2": 2.89290512803794, "logK": -3.2641430910814377, "loc": 0.0030358762554386215, "logScale": -3.804884667428951}