{"g1": 0.15362488014506887, "g2": 2.5686505056940416, "logK": -3.8896561417277455, "loc": 0.006272666556554152, "logScale": -3.9929853182655015}