{"g1": 0.24555218098405737, "g2": 6.861526039876516, "logK": 0.6679327555339951, "loc": -0.08457646630709467, "logScale": -2.646362304063686}