{"g1": 0.045434332193771576, "g2": 9.380461562496995, "logK": -3.36742474428736, "loc": -0.0011393495029217299, "logScale": -3.9920026417590915}