{"g1": 0.4213869444728809, "g2": 4.568402634053053, "logK": 0.7442907130265403, "loc": 0.1326850025965344, "logScale": 0.49487331065994683}