{"g1": 0.5528498428542455, "g2": 13.950427819922178, "logK": -3.104640072922101, "loc": 0.148719322375707, "logScale": 3.3147396602590233}