{"g1": 0.3702541507917903, "g2": 14.12310614323253, "logK": 0.9298051531617237, "loc": 0.06932202234576343, "logScale": 3.990190023311343}