{"g1": 0.46383807828490325, "g2": 3.7364322470435813, "logK": 0.21616640116905184, "loc": 0.0755614407820692, "logScale": 1.3524254416217545}