{"g1": 0.17486666740483411, "g2": 0.6809267582968122, "logK": -4.893751036584325, "loc": -0.11381431826800797, "logScale": 1.5674997459619462}