{"g1": 0.08511158593694894, "g2": 6.591682099199963, "logK": -0.6152579769832252, "loc": -0.00894584287949052, "logScale": -1.8279735000256494}