{"g1": 0.7698737198232894, "g2": 14.707392233344324, "logK": 0.795979430967638, "loc": -0.09348606537341768, "logScale": 3.445443667859138}