{"g1": 0.5119228191616358, "g2": 4.54989176329668, "logK": 0.8603518341673371, "loc": 0.0821128270129618, "logScale": 0.7390724574308052}