{"g1": 0.27760743225890616, "g2": 0.5084532798346968, "logK": -0.1679639040281716, "loc": 0.038377660386748426, "logScale": 1.5375352252740302}