{"g1": 0.05958059205745242, "g2": 0.013361739218224589, "logK": 0.37250559785649007, "loc": 0.02249580947049341, "logScale": -1.3459790662978959}