{"g1": 0.7898077139409039, "g2": 13.201202415181184, "logK": -2.945206634673826, "loc": -0.010178954877901025, "logScale": -3.8271225524394463}