{"g1": 0.5660809113011633, "g2": 13.547477581568003, "logK": 0.9973561645041997, "loc": -0.05633762069919583, "logScale": 2.094703058280687}