{"g1": 0.4660174530178318, "g2": 14.997445634594499, "logK": 0.6868894441854203, "loc": 0.11895084927287276, "logScale": 3.8859508564209557}