{"g1": 0.004030475379388335, "g2": 13.55147755334688, "logK": -2.829443345527709, "loc": -0.02388234521011618, "logScale": -3.396469937612722}