{"g1": 0.00752838233253314, "g2": 14.304204446943654, "logK": -1.4370890304763564, "loc": -0.007506830168009949, "logScale": -3.127435189178146}