{"g1": 0.4419358092900795, "g2": 14.976279957473725, "logK": -0.5159860381372717, "loc": 0.004023987252807194, "logScale": -3.9796582310711934}