{"g1": 0.25800900575996333, "g2": 9.116374350598104, "logK": 0.5220029516823057, "loc": -0.0010533056650158835, "logScale": -1.6482875437696083}