{"g1": 0.2906898796923424, "g2": 4.612379259545948, "logK": -1.120529711727623, "loc": -0.0016520237118577306, "logScale": -3.9919276489159095}