{"g1": 0.5544509091361358, "g2": 14.19465966712584, "logK": 0.9505984758505464, "loc": 0.1494441120523079, "logScale": 3.468071293802124}