{"g1": 0.23100300870290616, "g2": 3.2934287610215054, "logK": -1.8776966889268043, "loc": -0.006605167514551716, "logScale": -3.9649069098300016}