{"g1": 0.30867232051990623, "g2": 0.42947121178697856, "logK": 0.21359794284297734, "loc": 0.0525093695753706, "logScale": 1.5350701402326818}