{"g1": 0.05557683490456161, "g2": 10.22616474043816, "logK": -3.4257520700044957, "loc": 0.008703514849621735, "logScale": -3.8057772014891924}