{"g1": 0.06621049651405991, "g2": 3.2905963406743033, "logK": -0.36931991660451585, "loc": 0.03073839549790127, "logScale": -0.13830353052465816}