{"g1": 0.6176376725423884, "g2": 12.900584111242802, "logK": 0.7947420053923356, "loc": -0.09491177351641986, "logScale": 0.5968702013705411}