{"g1": 0.22378664242735236, "g2": 9.955921328722042, "logK": 0.8392191412379537, "loc": -0.07946025248145282, "logScale": 1.2769681625800249}