{"g1": 0.9000169071499622, "g2": 0.5124145068975645, "logK": -1.3482673431691126, "loc": -0.007142678850093665, "logScale": -3.9994402940195233}