{"g1": 0.23964604983184784, "g2": 5.293548249555142, "logK": -4.106462710797691, "loc": -0.01516388513477818, "logScale": -2.9023644644253417}