{"g1": 0.29488092453185116, "g2": 0.3228001342991138, "logK": 0.889304148890246, "loc": -0.034028459855506094, "logScale": 0.6937270694552904}