{"g1": 0.3880241939494495, "g2": 11.567503431602988, "logK": -1.572718427409576, "loc": -0.008422472484779614, "logScale": -3.9955103752867385}