{"g1": 0.7010479497800715, "g2": 3.913943406223747, "logK": -3.615289649925601, "loc": 0.003245315643394401, "logScale": -3.9984779631138996}