{"g1": 0.5123396503839855, "g2": 8.73573434937472, "logK": 0.8532381259180736, "loc": -0.058910925951122316, "logScale": 1.7149473338327472}