{"g1": 0.33996807452781724, "g2": 9.45093998737189, "logK": -3.493075633889777, "loc": -0.005881310996940406, "logScale": -3.9890771319227896}