{"g1": 0.524206686779633, "g2": 14.57616775485211, "logK": 0.876127384972123, "loc": -0.0632643719673173, "logScale": 3.988739163895178}