{"g1": 0.9960649168461225, "g2": 14.613438252157167, "logK": -1.6888304455803311, "loc": -0.014460499610242965, "logScale": -3.9968175921474427}