{"g1": 0.9943357493755385, "g2": 13.844729593843628, "logK": 0.8989219203296013, "loc": 0.03494417360503224, "logScale": 1.495327259856718}