{"g1": 0.5655423815735521, "g2": 10.664646910890983, "logK": 0.8447423515342283, "loc": 0.07772633835389235, "logScale": 0.4219996179784294}