{"g1": 0.6593693791095396, "g2": 2.254376799590669, "logK": -1.2772711821364404, "loc": -0.0012826653051591233, "logScale": -3.9901786333343408}