{"g1": 0.257000321072128, "g2": 4.800086119158728, "logK": 0.5450197971876849, "loc": 0.13456361301903802, "logScale": -1.602443195424041}