{"g1": 0.8750540681345091, "g2": 14.886328328770476, "logK": -2.503440137993011, "loc": 0.005427780297394791, "logScale": -3.6206710285205506}