{"g1": 0.9611849125486255, "g2": 0.8764606965389652, "logK": 0.2816058220726734, "loc": -0.05869146651237993, "logScale": -0.5056970528196878}