{"g1": 0.6059640364865485, "g2": 0.2879939319021221, "logK": 0.8235978413504266, "loc": -0.008519093140195843, "logScale": 0.5606962439099554}