{"g1": 0.681507883328582, "g2": 9.797962684643206, "logK": -0.5609933422450761, "loc": 0.0013126797001045097, "logScale": -3.983927013400758}