{"g1": 0.29006347401435084, "g2": 11.65388587814841, "logK": -1.550909209847059, "loc": -0.012295582522105, "logScale": -3.999113856675188}