{"g1": 0.8814082082588824, "g2": 0.029388701457178912, "logK": -2.321608321739092, "loc": 0.08501021793429528, "logScale": 3.130830742732071}