{"g1": 0.6001072404418981, "g2": 14.123305121189016, "logK": 0.6533324675972554, "loc": 0.09881449285800006, "logScale": 3.9997921847019224}