{"g1": 0.19691008813719973, "g2": 6.999514519389934, "logK": -2.0494439454695725, "loc": 0.001164150336395458, "logScale": -3.993829748773347}