{"g1": 0.3559142617525869, "g2": 0.011149638362989427, "logK": -0.6948113258288361, "loc": 0.12815136255628498, "logScale": 3.230056972331335}