{"g1": 0.837754981835342, "g2": 1.6665722880793674, "logK": -3.361489951395977, "loc": -0.0022442894856946668, "logScale": -3.9855015312948616}