{"g1": 0.0020955623047850536, "g2": 12.486479158049288, "logK": 0.0291016039262851, "loc": 0.045062224404696, "logScale": -1.3065500053622572}