{"g1": 0.055563971979702476, "g2": 7.798025425859126, "logK": -0.7983653562262943, "loc": -0.0023187463543241213, "logScale": -3.995697760499082}