{"g1": 0.18332597246017499, "g2": 3.7411267830555133, "logK": -2.2334005142777897, "loc": 0.00616909531502048, "logScale": -3.9962907124677027}