{"g1": 0.35243213845513877, "g2": 10.66638291692815, "logK": 0.11135261426852527, "loc": -0.05528141636512192, "logScale": -0.4125081818480065}