{"g1": 0.7843448962860006, "g2": 14.528637963156168, "logK": -1.5826573157355128, "loc": -0.002760165949077416, "logScale": 3.9954212857808957}