{"g1": 0.24628362188065112, "g2": 0.09064364133424949, "logK": 0.5907878227034786, "loc": 0.09986297630434296, "logScale": 3.5311829431827464}