{"g1": 0.07952722797606697, "g2": 13.77774887722201, "logK": -3.5694512085834655, "loc": 0.006304640472142869, "logScale": -3.995794208449783}