{"g1": 0.004994422892689173, "g2": 9.461565581948038, "logK": 0.3781723184392796, "loc": -0.03261766225766518, "logScale": -3.1949991109354468}