{"g1": 0.6107566848417152, "g2": 3.8405232322143696, "logK": 0.9871778957956572, "loc": -0.02672149158567682, "logScale": -1.43817065720513}