{"g1": 0.6395684650444409, "g2": 0.6428714431611493, "logK": 0.84887078536775, "loc": 0.1407125221238608, "logScale": -0.07783673703830307}