{"g1": 0.7478641828044985, "g2": 10.456054042811076, "logK": -3.380540399407754, "loc": 2.5971391874510773e-06, "logScale": -3.996310128875483}