{"g1": 0.4733482550887036, "g2": 11.724656066475122, "logK": -3.5723978460126413, "loc": -0.010764634454490593, "logScale": -3.994395924504836}