{"g1": 0.864446579621026, "g2": 14.99084178173943, "logK": -1.8535314165750005, "loc": -0.06432264372378628, "logScale": 3.6962240002923084}