{"g1": 0.3629750173516386, "g2": 11.213076777550475, "logK": 0.10987493690542349, "loc": -0.007096672056317907, "logScale": -3.5212222227300236}