{"g1": 0.8918235522695745, "g2": 14.841662572304008, "logK": -2.6511862810636275, "loc": -0.004477002466465773, "logScale": -3.9900743322043537}