{"g1": 0.6472884841962789, "g2": 11.876069518480502, "logK": -2.978042044728441, "loc": 0.0017411793507722349, "logScale": -3.9437183419564406}