{"g1": 0.30616850077394125, "g2": 13.019813397898396, "logK": -2.9302816935778355, "loc": -0.0049396711595109215, "logScale": -3.2184945172075166}