{"g1": 0.42782767731197224, "g2": 14.591461577899038, "logK": 0.999579056630364, "loc": -0.06619691166836564, "logScale": 3.2047328280449294}