{"g1": 0.6172708498904744, "g2": 3.6414311646846986, "logK": -0.795213029672132, "loc": -0.00964319270388655, "logScale": -3.9589520151445847}