{"g1": 0.8266925353386438, "g2": 13.727372820613736, "logK": -2.3225225989834177, "loc": -0.0011548449883066088, "logScale": -3.995336202535901}