{"g1": 0.46813631242383175, "g2": 14.643081699972752, "logK": 0.7464545878782196, "loc": -0.0019283509477213303, "logScale": 2.8765849970203905}