{"g1": 0.19889211033370188, "g2": 6.045899671577338, "logK": -3.864214219035209, "loc": -0.009641265096861537, "logScale": -3.9878891377264285}