{"g1": 0.1630887731796249, "g2": 9.308830210239451, "logK": -3.8498702209231332, "loc": -0.0073978581754448654, "logScale": -3.9906240940943496}