{"g1": 0.8904370343597396, "g2": 5.713529693325005, "logK": -2.635990298769351, "loc": 0.001980679510088383, "logScale": -3.9918767166458347}