{"g1": 0.1968377402787177, "g2": 1.203205086592825, "logK": -3.4891926139251264, "loc": -0.09781763744985081, "logScale": -0.40404539085706764}