{"g1": 0.2447499905158468, "g2": 8.207067133930918, "logK": -2.5845545562264443, "loc": -0.0056819383793897575, "logScale": -3.986169869887659}