{"g1": 0.05745978418141451, "g2": 14.965758792695379, "logK": -1.9267210202745664, "loc": 0.0029317920458875654, "logScale": -3.9893242088342937}