{"g1": 0.9980133027879781, "g2": 13.578937085061867, "logK": -1.4729070628066605, "loc": -0.021661157438410263, "logScale": -3.7359018394385606}