{"g1": 0.09362561897806959, "g2": 10.217788243188043, "logK": 0.11070513374078148, "loc": 0.1244267219642873, "logScale": -0.193203982661717}