{"g1": 0.24400990578707776, "g2": 1.3138678823917256, "logK": 0.334385082299102, "loc": -0.01828041248083749, "logScale": -3.1567879670007453}