{"g1": 0.29516684633429763, "g2": 11.47956628819992, "logK": 0.21503925296431087, "loc": -0.08885983924917304, "logScale": -1.9919018745736232}