{"g1": 0.06369378248328399, "g2": 0.018403830035214286, "logK": 0.632222351442645, "loc": -0.02592093110469966, "logScale": -3.3884596430222995}