{"g1": 0.8122492702785596, "g2": 13.924127864491226, "logK": 0.5330107361918045, "loc": -0.035131331330022074, "logScale": 3.350764093058333}