{"g1": 0.002681098035327553, "g2": 8.279898078732767, "logK": 0.6062351463470664, "loc": 0.004324725901032582, "logScale": -3.981240753392797}