{"g1": 0.30028074544211036, "g2": 3.331141361307096, "logK": 0.09359180150335183, "loc": -0.14155922493013734, "logScale": -0.7794982783202399}