{"g1": 0.32015964608163716, "g2": 0.4952552325099988, "logK": -2.8619916946681956, "loc": -0.006290476276812635, "logScale": -3.8508032391365474}