{"g1": 0.23331558822028486, "g2": 4.540484469057699, "logK": -2.2401868414074855, "loc": -0.11045475566809429, "logScale": 0.09278301824656376}