{"g1": 0.34968368853180476, "g2": 9.095586946526566, "logK": -1.5167198352733378, "loc": 0.001007621373238985, "logScale": -3.957862063868185}