{"g1": 0.3888253046650919, "g2": 12.585993911601935, "logK": 0.9900739512303155, "loc": -0.053075931963669304, "logScale": -1.1062458505113177}