{"g1": 0.04529494146224715, "g2": 14.892589869459684, "logK": -2.7581623508590787, "loc": 0.024061475461576633, "logScale": -2.2663104570946024}