{"g1": 0.05761932297998931, "g2": 2.6049819319182212, "logK": -1.2788110213730164, "loc": -0.009851646511001936, "logScale": -3.895213279985657}