{"g1": 0.4288002346985989, "g2": 8.117394241470206, "logK": 0.08803002422370776, "loc": -0.01932301673080359, "logScale": -3.753487737470264}