{"g1": 0.6783879220567307, "g2": 6.077303312065731, "logK": 0.9854351293065431, "loc": 0.023908414030673876, "logScale": -0.5729659667347998}