{"g1": 0.4274963811861572, "g2": 13.628768978293385, "logK": 0.905615944929892, "loc": 0.059310487791930946, "logScale": 1.286113654559593}