{"g1": 0.08207443897314032, "g2": 7.081332051626064, "logK": 0.9832004310524054, "loc": 0.016375857375830232, "logScale": 0.652211558636191}