{"g1": 0.7643092780405434, "g2": 14.993769110558304, "logK": 0.8750837460473386, "loc": -0.0540825349496947, "logScale": 2.9943020929739443}