{"g1": 0.4950540604302749, "g2": 14.998977478271172, "logK": -3.4789598158681923, "loc": -0.06937075252610814, "logScale": 3.375558562693132}