{"g1": 0.18837645097185615, "g2": 8.106177368078932, "logK": -3.9493013094323235, "loc": 0.0009812356028293927, "logScale": -3.990287974893182}