{"g1": 0.795361667342535, "g2": 14.974219128350224, "logK": -0.32056874288490916, "loc": -0.03040604748137027, "logScale": 3.985316050223692}