{"g1": 0.0027760013837206943, "g2": 9.679124910772229, "logK": -4.896867008412241, "loc": -0.01092679221842114, "logScale": -3.999457042218331}