{"g1": 0.9761883753638482, "g2": 1.9789063836529048, "logK": -1.4017628984178618, "loc": -0.0051981550888407346, "logScale": -3.9964807520671712}