{"g1": 0.007301700501473329, "g2": 7.768564107894828, "logK": -2.88826829558136, "loc": 0.0005086226768517346, "logScale": -3.991004101304378}