{"g1": 0.27602666334042575, "g2": 10.779637426749874, "logK": 0.17569436051032494, "loc": -0.012163962597984895, "logScale": -3.984321079993832}