{"g1": 0.056583267233428054, "g2": 10.68530578933922, "logK": 0.3973873958672284, "loc": -0.06219740974036582, "logScale": -0.2468665585699058}