{"g1": 0.10596419821296905, "g2": 9.152665930710835, "logK": -1.444228565062533, "loc": -0.002759332467427995, "logScale": -3.989521568154832}