{"g1": 0.22905975107037257, "g2": 11.188636891334728, "logK": -4.104978038790548, "loc": -0.010074580703275944, "logScale": -3.972611336786843}