{"g1": 0.7944078339575146, "g2": 8.84788099208975, "logK": -3.7894685854836028, "loc": 0.010555765316229867, "logScale": -3.968699754135998}