{"g1": 0.4161751403796132, "g2": 0.05524450605897613, "logK": -4.993244268839856, "loc": -0.0014515602434735484, "logScale": -3.9943412909035243}