{"g1": 0.2436389154505072, "g2": 9.395279583505204, "logK": -4.769132952143961, "loc": -0.0027142392116292404, "logScale": -3.982561362730348}