{"g1": 0.4724737483400993, "g2": 13.863634441987198, "logK": 0.511788481963982, "loc": -0.04007771675024694, "logScale": 2.529643746167613}