{"g1": 0.948173777677816, "g2": 7.659673098065534, "logK": 0.8836004964284332, "loc": 0.13625592146705492, "logScale": 0.49050532281722375}