{"g1": 0.4443659950195212, "g2": 8.900098936234853, "logK": -3.4488461990491426, "loc": -0.0022285174231987427, "logScale": -3.999380255803938}