{"g1": 0.05558259767047109, "g2": 7.55140652359708, "logK": 0.8905629298112697, "loc": -0.018746697235421113, "logScale": 0.8184369867464754}