{"g1": 0.38762872617489363, "g2": 11.473149624394921, "logK": -2.4003211657254875, "loc": -0.004798507995236536, "logScale": -3.9978560433473103}