{"g1": 0.3638866177175101, "g2": 14.861635513058554, "logK": 0.9259254895194728, "loc": 0.0407843608071723, "logScale": 2.865140016999802}