{"g1": 0.4577972718863188, "g2": 0.045343108913142416, "logK": -2.8110112048042244, "loc": -0.00315937017711233, "logScale": -3.7118144161781723}