{"g1": 0.3886833240301881, "g2": 0.05637802317998286, "logK": 0.9959105382784871, "loc": 0.004565858032800213, "logScale": 3.995052422454097}