{"g1": 0.6395594480402916, "g2": 14.351143425200112, "logK": -1.0009060497669764, "loc": -0.003967897686762952, "logScale": -3.99465679921035}