{"g1": 0.2730698018719725, "g2": 6.507070552557854, "logK": -4.885778313826299, "loc": 0.005315441235964868, "logScale": -3.9974189040546673}