{"g1": 0.08374811279799593, "g2": 8.351017418320435, "logK": 0.04126125736075756, "loc": -0.044648469335040394, "logScale": 0.13260993119446107}