{"g1": 0.5634569339045328, "g2": 10.345279278702698, "logK": -4.358708609216357, "loc": -0.005837586426382378, "logScale": -3.9976144946935745}