{"g1": 0.02834414856165682, "g2": 5.368373425550531, "logK": -1.4671361182075953, "loc": -0.0601969469947527, "logScale": 0.1450988773985965}