{"g1": 0.3586784776316678, "g2": 0.36589374325418045, "logK": -2.6643576477924142, "loc": -0.008595841625680153, "logScale": 3.9951332784152327}