{"g1": 0.38375651023570423, "g2": 9.859335426651949, "logK": -1.2292864810923965, "loc": -0.007295938237749025, "logScale": -3.9943197910169284}