{"g1": 0.004510048655957189, "g2": 9.573551793175325, "logK": -4.114927549115647, "loc": 0.0011308466343460197, "logScale": -3.8725700776726355}