{"g1": 0.3619683706214986, "g2": 13.574819607420045, "logK": 0.8428711131379414, "loc": -0.09195304436939865, "logScale": 1.2366802819980716}