{"g1": 0.3343486745923751, "g2": 8.97167877993204, "logK": -2.086760060240937, "loc": 0.0014730869758378812, "logScale": -3.998196418702178}