{"g1": 0.5836493509499341, "g2": 13.58816972598811, "logK": -1.4516467096144887, "loc": -0.005786336224128579, "logScale": -3.987659594718659}