{"g1": 0.5759995396345945, "g2": 0.10775857536939659, "logK": 0.28225728471632483, "loc": -0.09502140028016517, "logScale": -2.734923214897675}