{"g1": 0.5625607959183698, "g2": 14.970349146456003, "logK": 0.9984768912191178, "loc": -0.07804536405771503, "logScale": 3.5986443033237276}