{"g1": 0.4558531381413472, "g2": 14.489382040295226, "logK": 0.22678493789017895, "loc": -0.027427839800196224, "logScale": -3.9985390164893717}