{"g1": 0.1269542649873664, "g2": 13.949571701405183, "logK": -3.2999044957931907, "loc": 0.004821411396443007, "logScale": -3.848974911981991}