{"g1": 0.3613979086417761, "g2": 6.9158361917694124, "logK": -4.735054913548321, "loc": 0.00048283448500293855, "logScale": -3.983384224721117}