{"g1": 0.09637744635694118, "g2": 11.717535219879053, "logK": -0.11212151223236116, "loc": -0.009872029907575179, "logScale": -2.950252312693917}