{"g1": 0.5143530244003542, "g2": 11.84245573552175, "logK": 0.9963785740714163, "loc": 0.05056270347109894, "logScale": 2.211903148565061}