{"g1": 0.6373182280197985, "g2": 4.641664143600691, "logK": 0.8628725142821349, "loc": 0.023831679996668433, "logScale": 2.135575730398631}