{"g1": 0.8011317654929652, "g2": 7.877727729957249, "logK": -4.978619539967581, "loc": 0.01130005275574399, "logScale": -3.988178240063913}