{"g1": 0.2651450470181679, "g2": 13.288190391730309, "logK": 0.626165529466796, "loc": -0.10786170793691968, "logScale": -1.2426584125526303}