{"g1": 0.7306849893529602, "g2": 14.847415872098285, "logK": -0.0720246174347321, "loc": -0.09693529345020414, "logScale": 3.8246943362828105}