{"g1": 0.6915720123164585, "g2": 5.576362618630175, "logK": -3.2869363693648257, "loc": -0.00172878272281316, "logScale": -3.987999579418929}