{"g1": 0.6480021382121188, "g2": 14.39785457164707, "logK": -1.7704042244423204, "loc": 0.0007579835239748256, "logScale": -3.9270593677351715}