{"g1": 0.12369787019706836, "g2": 5.701914773339282, "logK": -3.59081220345632, "loc": 0.0007078769785089025, "logScale": -3.822427407997427}