{"g1": 0.060028973248202555, "g2": 11.682004641885253, "logK": -4.99829892347457, "loc": -0.0026259725181434976, "logScale": -3.8190916241626898}