{"g1": 0.3496081446157367, "g2": 8.166311283830076, "logK": -4.369135302168896, "loc": 0.0038507568752703366, "logScale": -3.978974330691127}