{"g1": 0.5441009856947066, "g2": 1.568050379851326, "logK": -3.973557701582983, "loc": 0.002944357821235751, "logScale": -3.9928230228266344}