{"g1": 0.5481899361057085, "g2": 14.995564285578302, "logK": 0.36444088316705814, "loc": -0.057023526234962776, "logScale": 3.3209028160427962}