{"g1": 0.06745135937677652, "g2": 11.251043259905197, "logK": -4.346535144931975, "loc": -0.0003344860077419609, "logScale": -3.9973563490680277}