{"g1": 0.4230462235683889, "g2": 0.7335151913203068, "logK": -2.4576129267110907, "loc": 0.006658271226695246, "logScale": 1.7018437492169147}