{"g1": 0.5499005157017212, "g2": 14.794908609365658, "logK": 0.8971423932020157, "loc": 0.009627978746038796, "logScale": 2.0087532691834777}