{"g1": 0.5857580144138734, "g2": 14.190784982044853, "logK": 0.41986702934949327, "loc": -0.10753202313238656, "logScale": 3.242856284907324}