{"g1": 0.3749532298240852, "g2": 10.635646487203587, "logK": 0.8140799729143003, "loc": -0.07548560066875518, "logScale": 0.5521156774425977}