{"g1": 0.9231937952477861, "g2": 14.953485414009908, "logK": 0.3304125658825714, "loc": 0.044364843439067755, "logScale": 3.63764509941933}