{"g1": 0.06582833314647288, "g2": 0.028983278784587927, "logK": 0.8732404537198956, "loc": -0.0963512471510474, "logScale": -0.4749532687515509}