{"g1": 0.5785885291147724, "g2": 14.546203235956103, "logK": 0.7765310549288411, "loc": -0.04319278581971924, "logScale": 2.0971994086970365}