{"g1": 0.21195910220256528, "g2": 3.1318017325034795, "logK": -0.5061269857962387, "loc": -0.015537936708020696, "logScale": -3.2115281957149624}