{"g1": 0.34843920563146924, "g2": 4.002784598901289, "logK": -0.6477695549068738, "loc": -0.04543266783651706, "logScale": -2.84553011858463}