{"g1": 0.7735922808844915, "g2": 14.925695048686295, "logK": 0.7992801002827763, "loc": 0.03158072162532155, "logScale": 3.936247049867855}