{"g1": 0.9066292750252734, "g2": 14.72935355395057, "logK": -4.894715305686676, "loc": 0.022171767331932445, "logScale": -3.686695231914099}