{"g1": 0.6624752926711037, "g2": 3.2631144250342126, "logK": -2.4913138409888838, "loc": -0.004875656346292447, "logScale": -3.9950096286792736}