{"g1": 0.3523678930929277, "g2": 0.029428267599088898, "logK": -3.3286643121609325, "loc": 0.0181372721944075, "logScale": -3.5003032699312584}