{"g1": 0.41474694968838066, "g2": 13.789455650152288, "logK": -1.8579032257246015, "loc": -0.009728711065045886, "logScale": -3.636610000135002}