{"g1": 0.8252237886949131, "g2": 0.566751937727717, "logK": -1.646537506542419, "loc": -0.005538692965044216, "logScale": -3.972175135052371}