{"g1": 0.7343639288702736, "g2": 3.5960429653334347, "logK": 0.12727658334723013, "loc": 0.13491441061471723, "logScale": 1.2837682878589076}