{"g1": 0.8297121044116808, "g2": 6.585893183661321, "logK": -4.5855212766755304, "loc": -0.0010481632471632824, "logScale": -3.982948343026745}