{"g1": 0.0026889721313334294, "g2": 6.588358455201448, "logK": 0.3932930930237242, "loc": -0.006384105129493493, "logScale": 0.7636574771517863}