{"g1": 0.5029996591406067, "g2": 13.514424950117807, "logK": -1.3648030788732919, "loc": -0.011564400086315943, "logScale": -3.978725446930694}