{"g1": 0.9445357765978204, "g2": 14.059304257864769, "logK": -2.9939986385148494, "loc": -0.007933169561700495, "logScale": -3.9889673291558836}