{"g1": 0.2760854682211212, "g2": 8.394946488823898, "logK": 0.6582156145518381, "loc": 0.08435634154897136, "logScale": -0.7287908066955469}