{"g1": 0.7962334524477512, "g2": 14.805156927773172, "logK": -0.28517631466762855, "loc": 0.1044905794013245, "logScale": 3.996133297544255}