{"g1": 0.11180853708253431, "g2": 4.047028406958807, "logK": 0.9961922867246158, "loc": -0.04397052953897198, "logScale": -3.837429184958542}