{"g1": 0.7157699950114789, "g2": 12.085710351024108, "logK": -1.5892202447360422, "loc": -1.2645160363857107e-05, "logScale": -3.9813194822823905}