{"g1": 0.5377089108967212, "g2": 13.121946545051372, "logK": -1.4624093176704256, "loc": 0.006372569534444699, "logScale": -3.842715567308826}