{"g1": 0.9129028017113399, "g2": 14.305065194247392, "logK": 0.9686385560235539, "loc": -0.09844419039792103, "logScale": 3.332101904634632}