{"g1": 0.17640964827709565, "g2": 13.022207865723189, "logK": -4.549091757186909, "loc": 0.04958444196062317, "logScale": -2.310032256330657}