{"g1": 0.715491095022775, "g2": 13.458074075534185, "logK": -4.614922040480315, "loc": -0.001512279120404584, "logScale": -3.9710270046033176}