{"g1": 0.38400541117842235, "g2": 5.572798445596488, "logK": -4.882630915981937, "loc": -0.0020077605228664974, "logScale": -3.990893434135636}