{"g1": 0.7231367031451095, "g2": 13.766989514425694, "logK": -3.5555451314544224, "loc": 0.0010688605055491872, "logScale": -3.9948092695384267}