{"g1": 0.45494068851209657, "g2": 11.364964911157147, "logK": 0.9267161361692087, "loc": 0.07597986995525564, "logScale": 2.1712961006339966}