{"g1": 0.22338441198667877, "g2": 0.2825025437740454, "logK": 0.38673467426400976, "loc": 0.14554809578976693, "logScale": 0.48803628306941527}