{"g1": 0.03782768075947588, "g2": 8.274895798872233, "logK": 0.7909914963917328, "loc": -0.019084862234922548, "logScale": -3.882001605987085}