{"g1": 0.463963806320003, "g2": 6.704549452527096, "logK": -2.7946960481831713, "loc": -0.001264190435851166, "logScale": -3.9964071902214218}