{"g1": 0.44116388503599796, "g2": 1.455338550653519, "logK": -2.880841594089535, "loc": 0.11989205335053177, "logScale": 0.21892624466368368}