{"g1": 0.6467571099783906, "g2": 0.283234177170803, "logK": 0.4978350761939877, "loc": -0.1363684037842925, "logScale": 0.9386795607814892}