{"g1": 0.2683084321884557, "g2": 1.5390440303334374, "logK": -1.5690596844237783, "loc": -0.007378527204586972, "logScale": -3.9800359153783464}