{"g1": 0.028041202199240847, "g2": 13.00692624493017, "logK": 0.7623938539386246, "loc": -0.030477194312187286, "logScale": -2.678149014649229}