{"g1": 0.5067826695823168, "g2": 13.550102998798156, "logK": 0.746604543008376, "loc": 0.1496722569579123, "logScale": 3.8268413806549164}