{"g1": 0.06264834913586287, "g2": 5.016617147391748, "logK": -0.5903352623846634, "loc": -0.014049551772435998, "logScale": -3.985192188668032}