{"g1": 0.474082704882375, "g2": 7.898761254921401, "logK": -2.446455908190909, "loc": 0.0047289593340100605, "logScale": -3.9951146089935308}