{"g1": 0.9838324807034806, "g2": 10.535016367865504, "logK": -3.7227262650949156, "loc": 0.008883367975755684, "logScale": -3.7291050494000624}