{"g1": 0.016302288195508177, "g2": 7.8528463964491175, "logK": -0.6459092111429969, "loc": -0.012474596907636575, "logScale": -3.9957863688054394}