{"g1": 0.40537041771105886, "g2": 7.712218669355967, "logK": 0.4132304161564734, "loc": 0.008885126325948827, "logScale": -3.7978576678085587}