{"g1": 0.16108542895166011, "g2": 13.37927239017393, "logK": -4.215173100592821, "loc": 3.708009385196623e-05, "logScale": -3.986041787197265}