{"g1": 0.8003032246365787, "g2": 0.5485980893297686, "logK": -2.873260607611546, "loc": -0.0037633420473122048, "logScale": -3.979071133027308}