{"g1": 0.18473032536551803, "g2": 6.262629172691674, "logK": 0.3548790868698844, "loc": -0.013614238408771993, "logScale": -3.6932141859087997}