{"g1": 0.5357625646855201, "g2": 5.362469867948319, "logK": -1.098712746158293, "loc": -0.00804024331574038, "logScale": -3.9668619230168156}