{"g1": 0.028556019813444633, "g2": 7.857161341196549, "logK": -0.8273455140583293, "loc": 0.004001935548133606, "logScale": -2.6260168397808377}