{"g1": 0.702231621549879, "g2": 8.02538059709408, "logK": -3.949017794834597, "loc": 0.003110134150530094, "logScale": -3.994104478674182}