{"g1": 0.07584367716076972, "g2": 13.76329626282139, "logK": -1.5111668879812976, "loc": -0.008404142753997607, "logScale": -3.76607215498602}