{"g1": 0.03090156989686311, "g2": 13.272763332188887, "logK": 0.5697520028674907, "loc": 0.0056356236850369085, "logScale": 0.18464677612928093}