{"g1": 0.39061676100668885, "g2": 14.995871037975974, "logK": -0.18886294629440714, "loc": 0.045739933155509595, "logScale": 3.7169713446721064}