{"g1": 0.7044517557235929, "g2": 2.086284231842379, "logK": -1.9063580885038727, "loc": 0.002255774301404284, "logScale": -3.9788198526537473}