{"g1": 0.4739219482143808, "g2": 7.142948560913165, "logK": -1.928271552268327, "loc": -0.0031459331407234998, "logScale": -3.98169081679123}