{"g1": 0.13773468882997975, "g2": 1.023226572116954, "logK": -2.4772096817538762, "loc": -0.011243177771024506, "logScale": -3.9704500265800795}