{"g1": 0.5542449866755508, "g2": 11.637585482493193, "logK": 0.8723399040540039, "loc": 0.05648559640634136, "logScale": 2.1160727564627235}