{"g1": 0.540417216625324, "g2": 14.855556593243449, "logK": -1.0371741844846407, "loc": -0.034741261378428555, "logScale": 3.8535704569510205}