{"g1": 0.76089210281677, "g2": 13.821834859381068, "logK": -1.5296107493548576, "loc": -0.005292483472382948, "logScale": -3.995215704881056}