{"g1": 0.29268246875230025, "g2": 10.483955585247225, "logK": -2.296403982495047, "loc": -0.000819018481779045, "logScale": -0.4274316561841517}