{"g1": 0.2185339507298873, "g2": 6.655046598594362, "logK": -2.21827165837909, "loc": -0.03198744821862373, "logScale": -2.494412774398212}