{"g1": 0.930042997202582, "g2": 5.088845910252148, "logK": -1.1889982767661866, "loc": -0.0016472480375825903, "logScale": -3.986848058893506}