{"g1": 0.1833622268218821, "g2": 9.562811864207692, "logK": -2.0702647553697977, "loc": 0.006646779018349888, "logScale": -3.9961201121547245}