{"g1": 0.6724388661824555, "g2": 11.01441925796028, "logK": 0.9958187526362748, "loc": 0.00734437814589611, "logScale": 3.98505434463953}