{"g1": 0.9474503294018863, "g2": 14.969529805822303, "logK": -1.536814059152687, "loc": 0.005347349427173848, "logScale": -3.9783816226785005}