{"g1": 0.845582306074588, "g2": 8.356709533272085, "logK": -3.3072331814221894, "loc": -0.0027427795491547693, "logScale": -3.9800968043770073}