{"g1": 0.7775520927108707, "g2": 0.1449070468151472, "logK": -2.6869726120996074, "loc": 0.1069781673454051, "logScale": 2.6851689798732465}