{"g1": 0.1575354943282249, "g2": 10.789104080719728, "logK": 0.35552252772503373, "loc": -0.08116740093788408, "logScale": -2.3713889628198723}