{"g1": 0.9993894307148257, "g2": 12.328413620611526, "logK": 0.3819016689252154, "loc": -0.05170807939791061, "logScale": -3.8479276506221605}