{"g1": 0.7460339485112258, "g2": 14.402762419112573, "logK": 0.9393391080803739, "loc": 0.10155988597403223, "logScale": 3.722306276754075}