{"g1": 0.9939464244766198, "g2": 14.999742398988934, "logK": 0.18022939176228703, "loc": 0.07890454802669639, "logScale": 3.4208475892586683}