{"g1": 0.6813386967582431, "g2": 4.023555982837198, "logK": -3.1680118011077125, "loc": 0.007281470885360217, "logScale": -3.9990988029819463}