{"g1": 0.3391981746825993, "g2": 2.250061559100055, "logK": 0.38527023986469366, "loc": -0.005929585635532832, "logScale": -3.996434783034002}