{"g1": 0.14879273478713326, "g2": 0.023848713039133385, "logK": -0.2678759198901308, "loc": 0.0051839366480703475, "logScale": 2.207317016386947}