{"g1": 0.1411741794227199, "g2": 0.02470956888948095, "logK": -0.11203823338021901, "loc": 0.001907606348695863, "logScale": -0.9571886403579476}