{"g1": 0.0012882865418352568, "g2": 13.125145634005566, "logK": 0.3871645418187245, "loc": -0.009590575206472399, "logScale": -1.0565960889914692}