{"g1": 0.28731491987770397, "g2": 6.703212185853727, "logK": -2.985231673361872, "loc": 0.01665586483678019, "logScale": 1.1932662727820622}