{"g1": 0.21413980779962727, "g2": 8.475739273963459, "logK": -3.9207992736451045, "loc": -0.0037913123301056614, "logScale": -3.996021379992246}