{"g1": 0.3029473849024518, "g2": 11.43741089269637, "logK": -0.21085115121729903, "loc": -0.011552039896566614, "logScale": -3.965206258306376}