{"g1": 0.976426541868259, "g2": 9.096410986043471, "logK": -0.7361937787898412, "loc": -0.02036261535074243, "logScale": -3.990366907284202}