{"g1": 0.268645721045027, "g2": 14.944121394242865, "logK": 0.9510622851387143, "loc": -0.0013573644243994876, "logScale": 2.926485096985741}