{"g1": 0.47723595282910203, "g2": 5.8038281009428765, "logK": -3.656978656920759, "loc": -0.00154276269048446, "logScale": -3.862953779748301}