{"g1": 0.010199955044232878, "g2": 5.410421670421967, "logK": -4.112839248237284, "loc": -0.002568922813254902, "logScale": -3.9684817200354656}