{"g1": 0.25631825670736097, "g2": 13.58051856932528, "logK": -2.79939646068191, "loc": -0.0009007746452892509, "logScale": -3.9910173793579555}