{"g1": 0.3415451711315801, "g2": 8.50483066814495, "logK": -2.3009909202002765, "loc": 0.0008335058699280602, "logScale": -2.7237776451223965}