{"g1": 0.13516338670405645, "g2": 1.8380733952598616, "logK": -1.8202024745169194, "loc": -0.006741015673957037, "logScale": -3.9566518419722}