{"g1": 0.015556068193761596, "g2": 14.390571597203182, "logK": 0.5138017500839104, "loc": 0.13091902705770755, "logScale": 1.6961456073499215}