{"g1": 0.4584438476151033, "g2": 11.550448545699446, "logK": -1.2832475091491269, "loc": -5.4536515148514986e-05, "logScale": -3.999221201767025}