{"g1": 0.7851076834820256, "g2": 5.292595755686516, "logK": -3.483474618280859, "loc": -0.005096134893511008, "logScale": -3.9842122299738136}