{"g1": 0.2640653676547395, "g2": 7.360375629171372, "logK": 0.32782369760186936, "loc": 0.037589018767458356, "logScale": 1.6115420532422147}