{"g1": 0.40741141653856017, "g2": 10.83031835023601, "logK": -0.2279884791467372, "loc": -0.11449898471972314, "logScale": 2.108725761931417}