{"g1": 0.1291999605716124, "g2": 5.448900346215941, "logK": -4.752506430463347, "loc": -0.0025527492407071677, "logScale": -3.9578023434204317}