{"g1": 0.31654538464237303, "g2": 14.986611822674893, "logK": 0.17963675545160954, "loc": 0.14298781996169718, "logScale": 3.6330926277893005}