{"g1": 0.5486499462320568, "g2": 5.964839512918156, "logK": 0.8854000734081195, "loc": -0.05110122936344956, "logScale": -3.047045387235153}