{"g1": 0.0693779771635718, "g2": 0.943456386894862, "logK": 0.5189048199317998, "loc": -0.045383996677179156, "logScale": -0.48437717556696064}