{"g1": 0.799982637765317, "g2": 12.03631220644639, "logK": -0.8144986989788423, "loc": -0.007831393706284199, "logScale": -3.9998977300212553}