{"g1": 0.67432978839394, "g2": 3.8947235274479897, "logK": -2.977959942856339, "loc": 0.00662749092975933, "logScale": -3.9991652343742934}