{"g1": 0.363827352905697, "g2": 0.9538029049000887, "logK": -4.992034813326225, "loc": -0.08431252064631346, "logScale": -0.5686205160399809}