{"g1": 0.24463688286659008, "g2": 11.635806052595028, "logK": -4.997970069396985, "loc": -0.0011607022515556387, "logScale": -3.911517321120469}