{"g1": 0.1751283634229321, "g2": 7.261634959212009, "logK": 0.34851115671804256, "loc": -0.010826127794636028, "logScale": -3.8438446530983783}