{"g1": 0.179445996393667, "g2": 9.43108467749033, "logK": -3.1077167301030655, "loc": 0.004672416425648494, "logScale": -3.844042960599729}