{"g1": 0.8725340880733441, "g2": 14.992483074332986, "logK": 0.8023750254009547, "loc": -0.11789829479552036, "logScale": 1.9565752718337317}