{"g1": 0.5122778616230503, "g2": 10.656619263659199, "logK": 0.4356621330368291, "loc": -0.011767843506069275, "logScale": -3.5560751333122247}