{"g1": 0.5719108104053708, "g2": 1.978755940423513, "logK": -2.013903810878928, "loc": -0.00517148313720912, "logScale": -3.809648827850861}