{"g1": 0.3291295921993304, "g2": 11.208009776233599, "logK": -0.10163194121838881, "loc": -0.022780708347222053, "logScale": -3.5548180853857683}