{"g1": 0.11049703856303772, "g2": 9.968555643175783, "logK": 0.32324788318640263, "loc": -0.09627818459508164, "logScale": 0.2056032154889546}