{"g1": 0.4409245341749055, "g2": 9.135029343003737, "logK": -1.6905475075658338, "loc": -0.006468244511833718, "logScale": -3.9879010992230697}