{"g1": 0.12150109725912457, "g2": 11.547579785733229, "logK": -4.318241707893483, "loc": -0.001477049369089679, "logScale": -3.800067750534554}