{"g1": 0.16557731070721277, "g2": 0.5072069338298117, "logK": -2.738445855399812, "loc": -0.011681376833459028, "logScale": -3.987306810452694}