{"g1": 0.3348312519788598, "g2": 0.005392215612735183, "logK": 0.6831729118282825, "loc": 0.12345933537058473, "logScale": 3.812883840941701}