{"g1": 0.46951411526438547, "g2": 6.206027377276057, "logK": -1.4942262185950101, "loc": -0.01212144398037833, "logScale": -3.99847663791634}