{"g1": 0.160627631707634, "g2": 6.159541087332852, "logK": -2.6810735021620653, "loc": 0.011050174138802254, "logScale": -3.9869967459213744}