{"g1": 0.17305648362496776, "g2": 9.102438959249904, "logK": -0.24638132245460476, "loc": 0.024115593918949893, "logScale": -1.2435708237767105}