{"g1": 0.17328386731090503, "g2": 11.711105084254662, "logK": -4.199247035252951, "loc": -0.008017000874163214, "logScale": -3.31712821076798}