{"g1": 0.5542283109817614, "g2": 14.370084377398769, "logK": 0.9944040644776793, "loc": 0.12332341061949378, "logScale": 1.0661046607554563}