{"g1": 0.17962347802646245, "g2": 8.59997617141586, "logK": 0.8942011008504758, "loc": -0.14979004254451872, "logScale": 0.8446204648354906}