{"g1": 0.8716719841412373, "g2": 11.734310495725003, "logK": 0.9969616667450425, "loc": -0.06776796108248051, "logScale": 3.9996420667405808}