{"g1": 0.670536426835744, "g2": 11.285126614215823, "logK": -1.8218217887508623, "loc": 0.0017977557647409562, "logScale": -3.8224442815563284}