{"g1": 0.1760920275657567, "g2": 11.275796094829026, "logK": 0.363494198682725, "loc": -0.1316964041222452, "logScale": -2.4069755934516275}