{"g1": 0.4800124301130925, "g2": 13.155857726023193, "logK": -1.544795884180594, "loc": -0.009254910475163806, "logScale": -3.9916989346296785}