{"g1": 0.07438436583097029, "g2": 1.991890591247504, "logK": -3.1397470180301372, "loc": -0.0031137856368389457, "logScale": -3.9972344494712693}