{"g1": 0.4581375565372998, "g2": 14.975318318598012, "logK": 0.9906921464108486, "loc": -0.020240522478356678, "logScale": 3.529291130264513}