{"g1": 0.6584904906853992, "g2": 14.988036218364183, "logK": 0.6444327063089821, "loc": -0.020742995634885443, "logScale": 3.41962003979943}