{"g1": 0.5497669789468883, "g2": 0.951006392486866, "logK": 0.8170244438417363, "loc": 0.015374809119197815, "logScale": 0.27093360166272995}