{"g1": 0.040384027477827794, "g2": 3.7032517581146616, "logK": -4.99818226561839, "loc": -0.0012926486328520598, "logScale": -3.7929184982321242}