{"g1": 0.13817490893421897, "g2": 4.968840194509805, "logK": -0.8946057088217365, "loc": 0.00918299116495332, "logScale": -3.981286972767357}