{"g1": 0.5466010267554262, "g2": 14.844588638985059, "logK": 0.3508540657195091, "loc": 0.00635829598058546, "logScale": 2.6330728111048827}