{"g1": 0.5964416227570726, "g2": 12.156794333346364, "logK": -0.9597266833409929, "loc": -0.008203673388663941, "logScale": -3.9896838138296937}