{"g1": 0.2171752726458045, "g2": 2.4960114661766326, "logK": -0.004816692205839801, "loc": -0.009463697169910029, "logScale": -3.598938377164124}