{"g1": 0.5138065896064996, "g2": 11.11297027173856, "logK": -3.5785528891112635, "loc": -0.008968401561377692, "logScale": -3.9886551948187}