{"g1": 0.944147387025035, "g2": 14.992112450149774, "logK": 0.6428417810740626, "loc": 0.14622260850692997, "logScale": 2.454660413850042}