{"g1": 0.9623810876978856, "g2": 0.02016860341131843, "logK": 0.7033510779766334, "loc": -0.12133289360781065, "logScale": 3.9984732111160457}