{"g1": 0.8996172787554316, "g2": 7.549811971381652, "logK": -4.809114030547667, "loc": 0.0034378356950055325, "logScale": -3.999197125787091}