{"g1": 0.10761521602890571, "g2": 10.422160905301462, "logK": -0.6696280708150479, "loc": -0.012916745635872305, "logScale": -3.972745809180998}