{"g1": 0.2860941062501239, "g2": 8.496477706173753, "logK": 0.6333323249755052, "loc": 0.02296585701096515, "logScale": 1.3263521034575394}