{"g1": 0.5218972258224533, "g2": 9.544195335116042, "logK": -1.8983251321380594, "loc": -0.0028171735848825687, "logScale": -3.8812260128322915}