{"g1": 0.979287601309733, "g2": 14.99436692853954, "logK": -3.830140991317383, "loc": -0.01694040873072692, "logScale": -3.48490505647518}