{"g1": 0.029539364543177196, "g2": 13.105168640095124, "logK": 0.3569886655258195, "loc": -0.00161792789609525, "logScale": -3.7850432570610932}