{"g1": 0.009463707789174935, "g2": 14.700906595783898, "logK": -3.20623772542375, "loc": -0.004494494866632372, "logScale": -3.9834548332329787}