{"g1": 0.4494078462379781, "g2": 13.840781669559377, "logK": 0.9115817705175973, "loc": 0.1444685673378066, "logScale": 1.8454800737864776}