{"g1": 0.9435840305064322, "g2": 14.903513021807012, "logK": 0.8630729556157505, "loc": 0.09438470179907776, "logScale": 0.3270425994950035}