{"g1": 0.8321251042629121, "g2": 14.8456142157226, "logK": 0.9679420995414301, "loc": 0.03628707265674683, "logScale": 3.955210859345565}