{"g1": 0.12080019987564938, "g2": 13.174708314498522, "logK": -3.027462700928762, "loc": -0.0018398930064946837, "logScale": -3.9993993674553865}