{"g1": 0.2574009719057629, "g2": 3.008287326755525, "logK": 0.3338552609069575, "loc": -0.010880223051664533, "logScale": -0.8592718365083827}