{"g1": 0.6219617683340528, "g2": 5.433235646420129, "logK": -2.1759252521330623, "loc": -0.00936085814437853, "logScale": -3.869273156548546}