{"g1": 0.49505484018497536, "g2": 2.4819027861895404, "logK": -4.321146127773706, "loc": 0.0023844881862466697, "logScale": -3.8616952194955148}