{"g1": 0.0034256186793706275, "g2": 9.964851876679015, "logK": 0.2622094919788876, "loc": -0.09451703537448733, "logScale": -0.603795984292295}