{"g1": 0.08192529818209415, "g2": 4.465145502641279, "logK": -1.0084047125824684, "loc": -0.01567521561818059, "logScale": -3.991922500963336}