{"g1": 0.12717076542692973, "g2": 1.3783060515043533, "logK": -2.649246648829896, "loc": 0.004471986519537438, "logScale": -3.9900185370248877}