{"g1": 0.6972631452472561, "g2": 5.90126075820706, "logK": -3.509277137580908, "loc": 0.004837536761421455, "logScale": -3.9911231654917794}