{"g1": 0.8456387940238692, "g2": 14.42134230210122, "logK": 0.9065354263410739, "loc": 0.04560341859346755, "logScale": 3.881505276107722}