{"g1": 0.09816582101847726, "g2": 4.446442959475749, "logK": -0.7022981642631716, "loc": 0.03179500868050165, "logScale": -0.5045838446037616}