{"g1": 0.005110125536976949, "g2": 9.772290284067893, "logK": -4.419227023697241, "loc": 0.0053227706129943195, "logScale": -3.9961794449604313}