{"g1": 0.9975425468649569, "g2": 13.240390342823801, "logK": -0.9282445648305842, "loc": 0.0004836311893175946, "logScale": -3.8492943873437095}