{"g1": 0.29350698238500655, "g2": 14.997845580705834, "logK": -1.7355023652273547, "loc": 0.0032283636087553653, "logScale": -3.9844890787172167}