{"g1": 0.40462097238751416, "g2": 14.877027789097932, "logK": 0.6175773558026751, "loc": -0.09263859780002545, "logScale": 2.9144020981319905}