{"g1": 0.2899645905092937, "g2": 14.340208613370242, "logK": 0.8357799123759101, "loc": -0.09694487598581476, "logScale": -2.390592372726068}