{"g1": 0.729961115078546, "g2": 4.373019116754877, "logK": -3.6034919101617806, "loc": -0.004077142364286441, "logScale": -3.993792941595893}