{"g1": 0.7693042037964709, "g2": 1.677749932434285, "logK": 0.9968340388520616, "loc": -0.11184715186985898, "logScale": 3.996156033617179}