{"g1": 0.7124791696295105, "g2": 6.016693530874999, "logK": -3.592996274212885, "loc": -0.0005505478692540769, "logScale": -3.9813089666936863}