{"g1": 0.9672876685394061, "g2": 9.81052554795872, "logK": -4.774353001277138, "loc": -0.00320253625298424, "logScale": -3.9876761356845565}