{"g1": 0.6812956024411031, "g2": 0.7395857555756526, "logK": -3.4361188610222975, "loc": 0.001926306173318202, "logScale": -3.99533969910564}