{"g1": 0.5747653720258178, "g2": 14.00085433208558, "logK": -1.085175669819869, "loc": -0.011715486528711846, "logScale": -3.74284277605425}