{"g1": 0.14939755175782074, "g2": 9.285594300429135, "logK": -3.8470608344999135, "loc": -0.002451194718861438, "logScale": -3.983020413676944}