{"g1": 0.3296871224215648, "g2": 11.458298363083607, "logK": 0.5148161044122029, "loc": -0.028151938527158762, "logScale": -0.640888086826024}