{"g1": 0.4722856452107187, "g2": 0.025405565853053647, "logK": 0.3036509729429333, "loc": -0.018586563887455845, "logScale": 1.007385874193198}