{"g1": 0.4540272371218646, "g2": 11.323761697737066, "logK": -2.181192929289705, "loc": 0.005221067711589932, "logScale": -3.9999209461239857}