{"g1": 0.9495727398712854, "g2": 14.997771532819556, "logK": 0.9866233187672964, "loc": -0.0007408026264206224, "logScale": 3.12889133773987}