{"g1": 0.5017935023510194, "g2": 4.87915255538017, "logK": 0.7777328019999532, "loc": 0.12387850566446088, "logScale": 0.9850511546064693}