{"g1": 0.6766867299594665, "g2": 8.280158473366125, "logK": -4.9884616652792415, "loc": 0.00957323564483343, "logScale": -3.9877473217277872}