{"g1": 0.03152322689706118, "g2": 4.44237011119178, "logK": -0.9052329136287716, "loc": -0.03504879313408622, "logScale": -2.4587112943190825}