{"g1": 0.02834926056373551, "g2": 10.791166177664081, "logK": 0.8198929779364053, "loc": -0.14251832934852252, "logScale": -1.300229527227974}