{"g1": 0.212308159627085, "g2": 7.284806625483997, "logK": -3.858722630008356, "loc": -0.008353704981299632, "logScale": -3.9852885978006998}