{"g1": 0.3698189874809746, "g2": 4.228445916677872, "logK": 0.1865376142696858, "loc": -0.017729134170123267, "logScale": -3.012152392534147}