{"g1": 0.06396070734944215, "g2": 10.472850957894028, "logK": -1.1924007292916854, "loc": 0.0016704910508919327, "logScale": -3.94692197847032}