{"g1": 0.995919166651478, "g2": 10.0626715920313, "logK": -0.5303558372162955, "loc": 0.006667712488590492, "logScale": -3.9872694999826854}