{"g1": 0.3397875483708228, "g2": 8.022278356942651, "logK": 0.9937545313914942, "loc": 0.11586269659476976, "logScale": -0.27021796758043065}