{"g1": 0.002520184288061167, "g2": 1.693833211332525, "logK": 0.6866541782395739, "loc": 0.01064180108041228, "logScale": -2.524044408941079}