{"g1": 0.6444862560034534, "g2": 14.63727492879918, "logK": -1.5591348254340383, "loc": -0.013708305788961468, "logScale": -3.9768192940597658}