{"g1": 0.9922494482319275, "g2": 5.063149396840797, "logK": -3.845669277494255, "loc": -0.0019679229983940527, "logScale": -3.9940233053566057}