{"g1": 0.30463331559812434, "g2": 14.297042921155601, "logK": -4.564260438064746, "loc": 0.0018071199779506727, "logScale": -3.9854755214205646}