{"g1": 0.5121193264003037, "g2": 11.377444068478168, "logK": -1.306396741644318, "loc": -0.005889157249138664, "logScale": -3.9924711840007596}