{"g1": 0.05608082085497597, "g2": 2.9592998258599517, "logK": 0.06482270127374912, "loc": 0.06788432332186911, "logScale": 0.4346748514834782}