{"g1": 0.003443568794646447, "g2": 11.041248250223838, "logK": -4.906880347310851, "loc": -0.0001581468361040398, "logScale": -3.996275627846464}