{"g1": 0.8995122659493056, "g2": 14.315521370426723, "logK": -1.714266710469006, "loc": 0.004581622215706722, "logScale": -3.9959973270138383}