{"g1": 0.10849824711086159, "g2": 10.123712245363333, "logK": 0.7241428240173432, "loc": -0.018045912978821854, "logScale": -3.299742071001358}