{"g1": 0.06250670396585126, "g2": 5.571481629723004, "logK": -0.14671516516609784, "loc": -0.01821710486278358, "logScale": -3.412302473161601}