{"g1": 0.8419921358728729, "g2": 1.7593788191137818, "logK": -2.8827512702508424, "loc": -0.00937753448315246, "logScale": -3.8787670474928726}