{"g1": 0.33603457172068685, "g2": 11.01044151279689, "logK": 0.6141477416988927, "loc": -0.005477006298792345, "logScale": 3.9431399687273903}