{"g1": 0.14299548641253843, "g2": 0.6443090663910419, "logK": 0.12015901476045268, "loc": -0.021366255149099126, "logScale": -3.850463324726885}