{"g1": 0.0877995749829184, "g2": 11.110024713838952, "logK": 0.2570194771366001, "loc": -0.03865100954115194, "logScale": -3.6194757376399402}