{"g1": 0.7005889359166969, "g2": 6.9604075994027355, "logK": -3.0875055297152243, "loc": 0.003600515135122103, "logScale": -3.9931363308606036}