{"g1": 0.2482608930449821, "g2": 4.307366583386804, "logK": -3.309452475625746, "loc": -0.0016726911083295316, "logScale": -3.998421869118071}