{"g1": 0.7611727807309066, "g2": 13.929942740612992, "logK": -3.1268796309945155, "loc": -0.0034465063570589746, "logScale": -3.8829405978536697}