{"g1": 0.312167955740863, "g2": 5.385576918434731, "logK": 0.5030190880034411, "loc": -0.03839066717032418, "logScale": -3.504857850842387}