{"g1": 0.8303639590828982, "g2": 11.615782358912778, "logK": 0.9897085199752976, "loc": -0.022722379358021422, "logScale": 2.060884685996225}