{"g1": 0.7916414756646016, "g2": 14.272363275433534, "logK": -3.904114842829731, "loc": -0.004744788530091662, "logScale": -3.998480050379835}