{"g1": 0.31424626575482345, "g2": 4.217481955739759, "logK": 0.7096273999302785, "loc": -0.0120481219751205, "logScale": -0.5626903298113102}