{"g1": 0.17229475463286575, "g2": 11.226564839312916, "logK": -4.8067013237879355, "loc": -0.004719103372579638, "logScale": -3.949445447876213}