{"g1": 0.43872227518829815, "g2": 14.621320007014413, "logK": -4.299094888697144, "loc": 0.13266537235857967, "logScale": 3.784827486125002}