{"g1": 0.9757395502432369, "g2": 1.8197624620666422, "logK": 0.999869009816644, "loc": -0.12926475592553013, "logScale": -0.27391865664245546}