{"g1": 0.17921280965590644, "g2": 12.222175862951833, "logK": -2.6601812391953694, "loc": 0.006322934543784801, "logScale": -3.626791066541824}