{"g1": 0.2625020259430372, "g2": 14.66427450443252, "logK": 0.3830157197923138, "loc": -0.028315463515956187, "logScale": -3.1366606908038115}