{"g1": 0.03247500236506588, "g2": 9.381220032866104, "logK": -2.2767941994582035, "loc": -0.005473200479694038, "logScale": -3.9895412161719435}