{"g1": 0.07099259244726563, "g2": 8.956349126405039, "logK": -4.208512241530065, "loc": -0.029853645320701352, "logScale": -2.385115436076097}