{"g1": 0.6123727393678992, "g2": 12.044135685201045, "logK": -1.340321599211239, "loc": -0.009253097857671044, "logScale": -3.975200601422961}