{"g1": 0.9111672201943336, "g2": 8.593628203861217, "logK": -3.4171132367146484, "loc": -0.0010593318029881397, "logScale": -3.994491752970667}