{"g1": 0.6065765478454136, "g2": 1.4682809730856792, "logK": -0.5836711796766022, "loc": -0.07789794719140498, "logScale": 1.374673528119537}