{"g1": 0.4939753432770684, "g2": 9.657111136511693, "logK": 0.9737155763414974, "loc": -0.009506063892653668, "logScale": -1.7687941318477773}