{"g1": 0.36356134826065567, "g2": 9.676873637538737, "logK": 0.9824628361459874, "loc": 0.11347543473795756, "logScale": 3.957653629869077}