{"g1": 0.29763517573102866, "g2": 10.03470268576769, "logK": -4.999086670782405, "loc": 0.004704661527167432, "logScale": -3.9911074531815003}