{"g1": 0.7799867821709414, "g2": 5.3409663645714165, "logK": -2.228456336027109, "loc": -0.010427684308026496, "logScale": -3.954607579396819}