{"g1": 0.06002668743041625, "g2": 9.94858398442824, "logK": -4.381262822641362, "loc": -0.0022365267540734157, "logScale": -3.8464107488742565}