{"g1": 0.9753422696463951, "g2": 5.269268453247192, "logK": -2.047432660374099, "loc": 0.0033685032962743372, "logScale": -3.969086302439834}