{"g1": 0.5942641858312364, "g2": 10.097168918092333, "logK": -0.8755319875433053, "loc": -0.0020571850131199665, "logScale": -3.988561876245183}