{"g1": 0.724694651781395, "g2": 7.818050436811925, "logK": -2.254516549696041, "loc": -0.0023250172026312507, "logScale": -3.998290373750107}