{"g1": 0.6848253605090598, "g2": 8.591894913033943, "logK": -4.026497360189206, "loc": 0.0024578475231896053, "logScale": -3.9954945475742663}