{"g1": 0.4968476085802766, "g2": 5.641559000470857, "logK": 0.8312549063692548, "loc": -0.10149048463650087, "logScale": 0.7425063266720563}