{"g1": 0.4141499865771745, "g2": 0.4860509882197528, "logK": 0.6016657155489602, "loc": -0.08311961678899189, "logScale": -1.212571595771762}