{"g1": 0.5162976350871648, "g2": 14.563124396166772, "logK": -2.8384096000074877, "loc": 0.10184118718912401, "logScale": 3.5802526990596064}