{"g1": 0.862065797835929, "g2": 9.036612534855177, "logK": -3.685274402942552, "loc": -0.005313056934781207, "logScale": -3.9986772606916037}