{"g1": 0.9939774212043206, "g2": 7.7798997722176075, "logK": -4.8474141566289655, "loc": -0.012777439862255189, "logScale": -3.879904805554151}