{"g1": 0.05934963976327058, "g2": 6.193427288195719, "logK": -2.68189888298013, "loc": -0.0028668026705210336, "logScale": -3.993973899677405}