{"g1": 0.7532687812396177, "g2": 2.5050373004687705, "logK": -3.617141002365578, "loc": 0.001472062307650292, "logScale": -3.849748359804771}