{"g1": 0.29924313181612405, "g2": 14.231783725932232, "logK": -3.286193581596826, "loc": -0.006458765643211292, "logScale": -3.9880357004650446}