{"g1": 0.8507620018626452, "g2": 6.180065551418693, "logK": -3.238897957498713, "loc": 0.0020172140764894726, "logScale": -3.9944800326327052}