{"g1": 0.6620651020805891, "g2": 14.988640006790568, "logK": -0.7788376214874664, "loc": -0.1377997697784197, "logScale": 3.905525236119394}