{"g1": 0.01763326960217839, "g2": 2.824346034522061, "logK": -3.700422722393679, "loc": 0.01144197695637812, "logScale": -3.69202888151395}