{"g1": 0.2777944919805919, "g2": 2.544280091184615, "logK": 0.6724828010110991, "loc": 0.05275270315285771, "logScale": -2.085035690628973}