{"g1": 0.5902164036757677, "g2": 12.339289133782144, "logK": -1.8403393437557716, "loc": -0.0015647487636721268, "logScale": -3.9853067013224157}