{"g1": 0.2067618170516815, "g2": 0.05818763746157335, "logK": -3.4439517617320736, "loc": 0.0051219776427437295, "logScale": -3.9833927562212263}