{"g1": 0.3191581674658019, "g2": 14.978025291682254, "logK": 0.0796190761406877, "loc": 0.10446023204291213, "logScale": 3.989734863662654}