{"g1": 0.43850926952863933, "g2": 7.313612657526367, "logK": -4.659354978256033, "loc": 0.002107310119385272, "logScale": -3.9750571687908303}