{"g1": 0.017652133720103342, "g2": 5.873342799676219, "logK": 0.013070577994326316, "loc": -0.040183687602922236, "logScale": -2.7909024978279833}