{"g1": 0.0043200695995686544, "g2": 6.739768967256385, "logK": 0.7811666423034467, "loc": -0.046221907822248554, "logScale": 1.405111096256463}