{"g1": 0.24284982058198873, "g2": 3.8996600355118978, "logK": -1.6307053538413907, "loc": -0.009401980646188406, "logScale": -3.9999445529009123}