{"g1": 0.8039006237954724, "g2": 6.997143269653091, "logK": 0.9909483089045674, "loc": -0.0780107873389379, "logScale": 3.8753106320532713}