{"g1": 0.23132923687147078, "g2": 2.0771994419304933, "logK": 0.8086137209635978, "loc": -0.1303483951036033, "logScale": -0.9073741085703595}