{"g1": 0.32341407013838414, "g2": 14.047694498172707, "logK": 0.5670562451013891, "loc": 0.07696783562602734, "logScale": -0.2023118616146094}