{"g1": 0.7037122674341083, "g2": 0.653297964084949, "logK": -1.7093324942879469, "loc": 0.005412758195425103, "logScale": -3.9989241597775993}