{"g1": 0.06080582041354439, "g2": 3.2573555987486675, "logK": -4.273315658235023, "loc": 0.07369275898696596, "logScale": 0.947026979911494}