{"g1": 0.5422218636944297, "g2": 6.960242367713521, "logK": -0.324011956937619, "loc": 0.09381556593448873, "logScale": 3.143561226719026}