{"g1": 0.5957721841140284, "g2": 11.454371353765012, "logK": -3.963645380373852, "loc": -0.002394835327087669, "logScale": -3.999006378835916}