{"g1": 0.2626164876118928, "g2": 0.924613545786551, "logK": 0.8337038765163625, "loc": 0.005487957462430144, "logScale": -3.813244475390145}