{"g1": 0.3799452755975357, "g2": 9.961900681772493, "logK": -0.48301499196335035, "loc": -0.005991265180716491, "logScale": -2.74146211167466}