{"g1": 0.6928776095539454, "g2": 14.068356553475015, "logK": 0.8366167683960036, "loc": 0.03214448887352005, "logScale": 3.8696264231537243}