{"g1": 0.7524939119868077, "g2": 13.55292286532884, "logK": -3.8806107056776598, "loc": -0.0027202491089246567, "logScale": -3.958269202273602}