{"g1": 0.8734416176732307, "g2": 12.358897971890212, "logK": -2.162328396968434, "loc": 0.0010510977490504406, "logScale": -3.816626477226439}