{"g1": 0.2974485284823481, "g2": 13.712510561781508, "logK": -0.08712114157728651, "loc": 0.020531160577740078, "logScale": -0.2550497104239456}