{"g1": 0.28259754554703886, "g2": 14.994428577880784, "logK": 0.0931601962028189, "loc": 0.005401418763914777, "logScale": 3.8383406544629506}