{"g1": 0.901235046935632, "g2": 9.657891983041004, "logK": 0.8728728228859989, "loc": 0.14484979786054486, "logScale": 1.719997402626853}