{"g1": 0.5958683824379124, "g2": 12.621600645414974, "logK": -0.7102963879853765, "loc": -0.01731482924278198, "logScale": -3.9922480852383493}