{"g1": 0.6874678911544169, "g2": 0.07208455756532994, "logK": -1.002576953598415, "loc": -0.012137604089387686, "logScale": -3.9843242532378977}