{"g1": 0.9965327859232664, "g2": 14.998389921734594, "logK": -0.855497655078536, "loc": -0.14720460803212335, "logScale": 3.8952957780871134}