{"g1": 0.4501146106810596, "g2": 5.959910605287189, "logK": 0.5982460005555335, "loc": -0.04015013883527553, "logScale": 0.8489632417554949}