{"g1": 0.16358941422605827, "g2": 2.8362853647292483, "logK": -1.9002348115398011, "loc": -0.006077563628044792, "logScale": -3.9813579193531816}