{"g1": 0.3032593877148749, "g2": 7.685535345874851, "logK": -4.354044887163713, "loc": -0.0008296291757454097, "logScale": -3.8270555828740727}