{"g1": 0.3224850145790423, "g2": 0.5739607800858326, "logK": -1.7852373156344896, "loc": 0.010960697325763324, "logScale": -1.4071437393813993}