{"g1": 0.7694082805391135, "g2": 10.507154004465045, "logK": -3.570857243321512, "loc": -0.008196655587775447, "logScale": -3.9800630920703717}