{"g1": 0.26809137550275924, "g2": 4.866741858184056, "logK": -2.7137514301257664, "loc": 0.0006475506472309479, "logScale": -3.885167990877976}