{"g1": 0.8586569129678965, "g2": 14.9714522974199, "logK": 0.9888018080273955, "loc": -0.03447194111254799, "logScale": 2.8999664924771125}