{"g1": 0.12577950993671272, "g2": 9.312166965531318, "logK": -3.8129106446712457, "loc": 0.00010207767574433365, "logScale": -3.997967789782264}