{"g1": 0.738043616297729, "g2": 14.615845330910357, "logK": -1.7474297253422741, "loc": -0.008186845845953682, "logScale": -3.9697162236709733}