{"g1": 0.22446509627287176, "g2": 6.67809565865888, "logK": -3.612216493289459, "loc": 0.0037446030473930123, "logScale": -3.9816457065322126}