{"g1": 0.4945300725725578, "g2": 0.8372700832969695, "logK": 0.9916100396191205, "loc": -0.139381676194273, "logScale": -1.1915557616788854}