{"g1": 0.9152514578698532, "g2": 10.646527606968881, "logK": -1.4832460040656859, "loc": 0.003359825489512424, "logScale": -3.985976031592788}