{"g1": 0.13631374999455179, "g2": 7.537258147581773, "logK": 0.2618434636559125, "loc": 0.04437773413933831, "logScale": -0.7753663312172676}