{"g1": 0.032877258567624, "g2": 5.456849294420311, "logK": -4.065205638791042, "loc": 5.518773769735974e-05, "logScale": -3.999908381944729}