{"g1": 0.9794424931753305, "g2": 8.72151993097711, "logK": -4.575344275676927, "loc": 4.002361591426244e-05, "logScale": -3.9887302429004974}