{"g1": 0.8233786975021592, "g2": 14.044934443419093, "logK": -4.271459264774333, "loc": 0.001461860693258039, "logScale": -3.9780833610365844}