{"g1": 0.8856352457955676, "g2": 9.835536422259619, "logK": -1.4856631826486035, "loc": -0.005083274260429763, "logScale": -3.9937354751684766}