{"g1": 0.10415329606869536, "g2": 0.02875401046392611, "logK": -2.978474187809831, "loc": 0.06664744090564503, "logScale": 3.480021333090744}