{"g1": 0.09048967831784624, "g2": 8.804046886697513, "logK": 0.1949158108658092, "loc": -0.0042477419584338524, "logScale": -3.978906207864711}