{"g1": 0.1682695690089237, "g2": 8.758925058426982, "logK": 0.97665045422748, "loc": -0.030390719978646015, "logScale": -1.7851061964364408}