{"g1": 0.3471233529245242, "g2": 0.8488907684364958, "logK": -2.090702121460614, "loc": -0.0014268672200070127, "logScale": -3.992176014208596}