{"g1": 0.576154143338267, "g2": 4.433115062738404, "logK": 0.7871802581203955, "loc": -0.03939187470074903, "logScale": -3.949974325277415}