{"g1": 0.0049607665674811785, "g2": 7.897252059538549, "logK": -0.30987346913181957, "loc": -0.018300624990936522, "logScale": -2.0767405433415163}