{"g1": 0.7249248580158836, "g2": 8.327765586953015, "logK": -2.43853158571488, "loc": 0.0020150072315055787, "logScale": -3.854307951479152}