{"g1": 0.3575801624528909, "g2": 5.593803403648374, "logK": 0.6312779922279403, "loc": 0.11396337179384754, "logScale": 1.026972459572712}