{"g1": 0.18514044477018649, "g2": 0.8991833291298397, "logK": 0.5463929181411498, "loc": 0.0184720978956468, "logScale": -2.789313858286344}