{"g1": 0.9186544703331514, "g2": 0.27959971350409063, "logK": -4.879202007935713, "loc": 0.0011925309567892067, "logScale": -3.988478072471352}