{"g1": 0.8195499238167098, "g2": 9.82934002202474, "logK": 0.9878566966827435, "loc": 0.11031383970820434, "logScale": 3.990818396250967}