{"g1": 0.9244519967560041, "g2": 8.244647383600809, "logK": -2.1539788044736765, "loc": -0.006671577753618008, "logScale": -3.9943040741811577}