{"g1": 0.5500831429613795, "g2": 14.668523805171949, "logK": 0.11297791510038185, "loc": 0.06339788141600983, "logScale": 3.5824545579155056}