{"g1": 0.4979647493362365, "g2": 8.839383874354725, "logK": 0.5785256953878473, "loc": -0.007541931792792434, "logScale": -3.727330059036505}