{"g1": 0.07558711183536879, "g2": 3.0581158753085553, "logK": -2.016391134111549, "loc": -0.005931808535348805, "logScale": -3.9967429068914218}