{"g1": 0.9575093110127769, "g2": 14.62311938303925, "logK": -3.634697948330192, "loc": 0.0031872440510087125, "logScale": -3.9744821152115564}