{"g1": 0.358983428759461, "g2": 8.137387235621375, "logK": 0.049070120228326464, "loc": -0.027068658494166835, "logScale": 1.5896421087190775}