{"g1": 0.6991392266515971, "g2": 2.8002768209072317, "logK": -4.6633590947069, "loc": -0.0019457452838641774, "logScale": -3.8473131945526973}