{"g1": 0.24065494149851585, "g2": 0.2735400065667972, "logK": -4.432946927203637, "loc": -0.00273122530657398, "logScale": -2.9480880718258957}