{"g1": 0.11024474927896283, "g2": 3.668210119969566, "logK": -3.5935260326297844, "loc": 0.00587914149594663, "logScale": -3.8918018707468707}