{"g1": 0.6080805327375332, "g2": 1.8825479220394903, "logK": -3.805666677754221, "loc": -0.01096431161368092, "logScale": -3.984903085332853}