{"g1": 0.5376712062302261, "g2": 8.67329077540834, "logK": -1.941142416741598, "loc": -0.013597338795243307, "logScale": -3.9709456236113927}