{"g1": 0.19352209920685193, "g2": 4.398104461999085, "logK": -2.441990845072872, "loc": -0.0016133278970643218, "logScale": -3.9821851192596593}