{"g1": 0.3646764509769479, "g2": 14.99922409308117, "logK": 0.37847851343813066, "loc": 0.062040456358306295, "logScale": 3.1537781183652362}