{"g1": 0.4713037711535076, "g2": 3.9761816613353673, "logK": -2.527185902788889, "loc": -0.0010209692714822222, "logScale": -3.841908890103557}