{"g1": 0.9033456811375865, "g2": 14.93715193401863, "logK": -3.0631871462783833, "loc": 0.02004156221772193, "logScale": -3.745492678648456}