{"g1": 0.49075848259062677, "g2": 1.2920451946069846, "logK": -0.1124351940316255, "loc": -0.028459601725225485, "logScale": -3.176318837574584}