{"g1": 0.5194807350559069, "g2": 0.5163508895235231, "logK": -3.72624039272111, "loc": 0.002965087568976509, "logScale": -3.997117228754637}