{"g1": 0.7373038953254595, "g2": 14.650078114788183, "logK": -1.4277224709137593, "loc": 0.006036427762789946, "logScale": -3.9958984794618035}