{"g1": 0.5155638004318236, "g2": 4.730508874812321, "logK": 0.8016606034740608, "loc": 0.10570009025657676, "logScale": -1.7200056036400009}