{"g1": 0.8864527839309556, "g2": 14.630972907306456, "logK": 0.9047137620927506, "loc": 0.12004324487665133, "logScale": 2.9452918296153316}