{"g1": 0.8069488797327317, "g2": 8.655920114148014, "logK": -2.6557500188547065, "loc": -0.0029104282417499175, "logScale": -3.999751016379104}