{"g1": 0.9981035807235659, "g2": 14.533509361258126, "logK": -4.536382638301814, "loc": 0.007019791536267035, "logScale": -3.999454339830648}