{"g1": 0.03255680961235996, "g2": 3.5162631364134387, "logK": 0.09524887675535765, "loc": 0.011635943292380145, "logScale": -2.7458053189270415}