{"g1": 0.3184298908103735, "g2": 6.6882058892900265, "logK": -3.184240389820006, "loc": 0.12825654979979842, "logScale": 2.490552228955677}