{"g1": 0.08085650789129503, "g2": 6.785055387261147, "logK": 0.23577459979039067, "loc": -0.042725600495472735, "logScale": -3.235644851785075}