{"g1": 0.021543351971727957, "g2": 1.8311904339587803, "logK": -1.4592718761021368, "loc": -0.008197449802465423, "logScale": -3.9744091726536124}