{"g1": 0.1163593279625503, "g2": 7.266457601122859, "logK": -3.104706979592383, "loc": 0.004936762731355751, "logScale": -3.3482638862546055}