{"g1": 0.6445334436760137, "g2": 8.042067676034117, "logK": 0.9682833344949916, "loc": 0.13268761155032574, "logScale": 3.9781974439809837}