{"g1": 0.08480277737690929, "g2": 5.330571543693376, "logK": 0.4481854169179944, "loc": -0.03145816425978662, "logScale": -3.03227198362227}