{"g1": 0.18842056038713018, "g2": 2.073393418667359, "logK": -0.44925020925648373, "loc": -0.006760587260405144, "logScale": -3.989404543814652}