{"g1": 0.7083794953026947, "g2": 12.569433050233618, "logK": -1.1703850720505387, "loc": -0.009013910571427964, "logScale": -3.990609732095665}