{"g1": 0.441712212617381, "g2": 11.617228369909244, "logK": -1.5143808270432024, "loc": 0.005218224366260342, "logScale": -3.986326306495454}