{"g1": 0.615053033996339, "g2": 14.506412843937243, "logK": 0.9855079679202083, "loc": -0.015786470776679988, "logScale": 2.9024434367419567}