{"g1": 0.09035618761531623, "g2": 0.41809038634884166, "logK": -1.1040220680914872, "loc": -0.13391597567022334, "logScale": 1.4504298335019807}