{"g1": 0.7804875033396308, "g2": 14.98950066442448, "logK": 0.9983398586505238, "loc": -0.0594025450282232, "logScale": 3.079991588731024}