{"g1": 0.5844134223788052, "g2": 11.626577605583737, "logK": -3.034257597802233, "loc": -0.0015054564410722036, "logScale": -3.99311233900758}