{"g1": 0.25472144614287173, "g2": 3.460371818607889, "logK": -2.0446484533727727, "loc": 0.0006932635189003909, "logScale": -3.986421809497033}