{"g1": 0.4131138747736959, "g2": 4.0724731926237805, "logK": -4.851489832908171, "loc": 0.006869323103201252, "logScale": -3.989418637599889}