{"g1": 0.3300338512017638, "g2": 5.1067366881103595, "logK": -2.349118945565163, "loc": 0.02388456986063621, "logScale": 2.3027477650386476}