{"g1": 0.41792569238770194, "g2": 14.730688604927273, "logK": 0.8326888917114362, "loc": 0.018196426467776874, "logScale": 2.2896749244751633}