{"g1": 0.639915459173736, "g2": 10.899968831259367, "logK": 0.7805449325963857, "loc": -0.10303505876127815, "logScale": 3.981896943058973}