{"g1": 0.027072160769446962, "g2": 6.557182700857364, "logK": -3.221276785142808, "loc": 0.13048422037593865, "logScale": 0.0016401164866460122}