{"g1": 0.47268914340340246, "g2": 13.899773068712438, "logK": 0.8557622375941614, "loc": -0.04067499941528804, "logScale": -3.011310448742082}