{"g1": 0.5801047808529094, "g2": 10.44197922853106, "logK": -2.4601103103937145, "loc": -0.004763598058191947, "logScale": -3.9880315070778}