{"g1": 0.6162697731053043, "g2": 0.3746469129552743, "logK": -1.120887553214456, "loc": -0.007606187884602434, "logScale": -3.9047537347627688}