{"g1": 0.32225771937148295, "g2": 14.47555884439706, "logK": 0.8722710199576704, "loc": 0.09431314959583942, "logScale": -1.7342313335110973}