{"g1": 0.08589401854541573, "g2": 0.4571401908559149, "logK": 0.36365338643901474, "loc": -0.011353251608188621, "logScale": 3.9986163692992167}