{"g1": 0.2403214887950445, "g2": 3.310668289045272, "logK": -2.281622296061747, "loc": -0.010567509482549135, "logScale": -3.9754730572866137}