{"g1": 0.15844572782551486, "g2": 14.210184783334492, "logK": 0.5291450302834511, "loc": -0.14874353573815996, "logScale": 3.967158386495731}