{"g1": 0.8778540532499215, "g2": 14.68596321167531, "logK": 0.9515384568357668, "loc": -0.07159689922515067, "logScale": 3.9568738698204413}