{"g1": 0.19490141141609396, "g2": 10.921086546769681, "logK": 0.4329873342441255, "loc": -0.02627287310384534, "logScale": -3.9936529179631086}