{"g1": 0.11122034886736042, "g2": 0.5824201154512002, "logK": 0.8549793675338266, "loc": 0.00971582281014769, "logScale": -3.720614217613974}