{"g1": 0.2378433706290453, "g2": 14.890038597114089, "logK": -2.6575464408418537, "loc": -0.0009764404279248842, "logScale": -3.991247954670984}