{"g1": 0.9792151082659427, "g2": 0.7358485087229774, "logK": -3.245410347856388, "loc": 0.11130655691891633, "logScale": 1.9125061455222188}