{"g1": 0.0016126921501529307, "g2": 12.49125858199209, "logK": -3.887595781931403, "loc": -0.0015476810421815815, "logScale": -3.9953521941010086}