{"g1": 0.02194979333758558, "g2": 2.2754174757601273, "logK": 0.6537579145521271, "loc": 0.1495443103835135, "logScale": -1.0582855406708485}