{"g1": 0.24497008438637252, "g2": 4.475480261671789, "logK": 0.19965169164202262, "loc": -0.0038906677712866097, "logScale": -3.6677880464246564}