{"g1": 0.06451330767255664, "g2": 3.2361532966930646, "logK": 0.6136120074026437, "loc": -0.09485324038422724, "logScale": 1.8770351524935522}