{"g1": 0.27323826576056853, "g2": 13.55582621142096, "logK": 0.5162452469028207, "loc": -0.040982754385748256, "logScale": -3.3585034254528527}