{"g1": 0.2760038522320827, "g2": 14.647937700973012, "logK": -1.011647075913664, "loc": -0.002508856327696738, "logScale": -3.9852004479495453}