{"g1": 0.055816703630130284, "g2": 1.645760004662277, "logK": 0.9674197990468889, "loc": -0.13905694334146734, "logScale": -0.24109381930628543}