{"g1": 0.5384221669196141, "g2": 12.064210253249367, "logK": -1.7264302802376035, "loc": -0.0031762883783653982, "logScale": -3.9861276740799174}