{"g1": 0.3237339398469033, "g2": 2.236669253369996, "logK": -0.4945847705586135, "loc": -0.013946953178529623, "logScale": -3.9937887039460973}