{"g1": 0.22752216612710793, "g2": 4.443418397627045, "logK": -0.9178566246608076, "loc": -0.006490926544815305, "logScale": -3.993793658491042}