{"g1": 0.2598510703753018, "g2": 9.932677211067267, "logK": -1.2341680739760885, "loc": -0.009351775654989253, "logScale": -3.9888866677158306}