{"g1": 0.20761548705880245, "g2": 2.467106989257964, "logK": -0.9786455084258927, "loc": -0.0032374528971107056, "logScale": -3.9808543096695006}