{"g1": 0.2168679673483213, "g2": 0.6848543050914886, "logK": -3.525273578822538, "loc": -0.0046302727732525535, "logScale": -3.94019427546973}