{"g1": 0.8349973700239101, "g2": 14.10052656473571, "logK": -1.707407280047006, "loc": 0.0008605338362451488, "logScale": -3.841369160998262}