{"g1": 0.01116097339943134, "g2": 1.1785336554948282, "logK": -4.358228727743345, "loc": 0.004109993642213007, "logScale": -3.993191726966346}