{"g1": 0.8385871974273076, "g2": 6.501157340306541, "logK": -3.031926841900458, "loc": 0.006574260489495462, "logScale": -3.9907184110541896}