{"g1": 0.42143897026072835, "g2": 4.370166047997422, "logK": 0.8155357212186816, "loc": -0.06332319689558273, "logScale": 0.38409209528903565}