{"g1": 0.40614469930773756, "g2": 14.33111880302815, "logK": 0.8219065907823975, "loc": 0.13654540260376494, "logScale": 2.2611459972544647}