{"g1": 0.02253645720547317, "g2": 12.322080924101567, "logK": -1.4258873204802607, "loc": -0.053125115153975604, "logScale": 0.3995265428529164}