{"g1": 0.0998252425779238, "g2": 10.92871398075024, "logK": -3.551093094389863, "loc": -0.00501777646641281, "logScale": -3.9929975388566588}