{"g1": 0.5462647063671157, "g2": 11.188292069854192, "logK": -2.721714622180148, "loc": 0.005967962407805828, "logScale": -3.9058782111989045}