{"g1": 0.6157222506396176, "g2": 4.227829513981018, "logK": -1.478319705325936, "loc": -0.009422845951316131, "logScale": -3.988658478417665}