{"g1": 0.43336340504096627, "g2": 3.9736331754729273, "logK": -1.693167822061848, "loc": -0.004467979475063902, "logScale": -3.995185859435964}