{"g1": 0.9158310925724318, "g2": 13.110107996605016, "logK": 0.9956353719311493, "loc": -0.020286513749424376, "logScale": -0.4184872103015175}