{"g1": 0.005753647448181215, "g2": 0.26769014223374354, "logK": 0.7947739297861665, "loc": 0.06259528243481201, "logScale": -1.5383070840741886}