{"g1": 0.4642315008606407, "g2": 10.69783479861001, "logK": -3.0380916329474283, "loc": -0.01327215792757061, "logScale": -3.9339656775288954}