{"g1": 0.36260012326434027, "g2": 4.540148965781881, "logK": 0.5143867573816772, "loc": -0.014853121286011448, "logScale": -3.99946602128013}