{"g1": 0.0020499711237797758, "g2": 11.963927126099641, "logK": -2.728756200250229, "loc": 0.11819853658314197, "logScale": -1.5372832735593918}