{"g1": 0.2231131813428716, "g2": 11.618786812784734, "logK": -2.2927629619782937, "loc": -0.0007201514739745112, "logScale": -3.9551100816860565}