{"g1": 0.4113001345166262, "g2": 13.618285612417637, "logK": 0.9753336014200237, "loc": -0.030477879990289704, "logScale": 3.995542371254562}