{"g1": 0.9977212130675527, "g2": 1.4500408816259496, "logK": -2.6199918894356524, "loc": -0.003517404904760473, "logScale": -3.840366625909736}