{"g1": 0.3859047321184573, "g2": 12.754200067927425, "logK": 0.9226509030708531, "loc": -0.02422291478273836, "logScale": -2.450846097831408}