{"g1": 0.3830855922848979, "g2": 10.544470248795324, "logK": -2.2936116980738155, "loc": -0.003746398376179341, "logScale": -3.974673052784275}