{"g1": 0.36897337936199803, "g2": 3.4739642779719833, "logK": 0.992021347833506, "loc": -0.05224739335292321, "logScale": -1.1239683514490038}