{"g1": 0.5129902663438608, "g2": 2.1376621255829114, "logK": 0.9998244201734804, "loc": -0.054214987338374314, "logScale": -0.017614862450013424}