{"g1": 0.7531524825593738, "g2": 14.126562115635814, "logK": 0.9731718160370785, "loc": -0.09239643931617093, "logScale": -1.784396881395325}