{"g1": 0.1530720604616434, "g2": 11.649580305879866, "logK": -4.706423298634544, "loc": 0.0012104372632573811, "logScale": -3.9790456939311434}