{"g1": 0.9050920662467903, "g2": 14.976258782678924, "logK": 0.657154111009067, "loc": -0.057799664459287414, "logScale": 2.5626781007768447}