{"g1": 0.07538172699131351, "g2": 3.2318432672122075, "logK": -1.2117570522614152, "loc": -0.002884666329022031, "logScale": -3.8145661691186574}