{"g1": 0.6396955236614591, "g2": 9.965950725851684, "logK": -1.8338945858549924, "loc": 0.002499074881988224, "logScale": -3.9985617694357396}