{"g1": 0.8657180338528006, "g2": 0.04183718942372838, "logK": 0.28323535600108335, "loc": -0.05768402994034971, "logScale": 3.099979345487407}