{"g1": 0.34897217785555035, "g2": 10.93235561337868, "logK": 0.9939682654048685, "loc": -0.010874050507977994, "logScale": 1.0561088838725539}