{"g1": 0.2455250289276241, "g2": 7.457216612422919, "logK": -0.49805875958519996, "loc": -0.004860848746159419, "logScale": -3.9791219145330556}