{"g1": 0.07232989804767753, "g2": 6.1186504501480545, "logK": -2.569692365280244, "loc": -0.00786020196489881, "logScale": -3.9795487813046013}