{"g1": 0.6937122881743227, "g2": 2.1933955754014605, "logK": -2.9106858275812755, "loc": -0.0032990377658648016, "logScale": -3.981495404056666}