{"g1": 0.023211687746774526, "g2": 7.233880583667724, "logK": -3.769336128159059, "loc": 0.011836462670374661, "logScale": -3.4983160541896927}