{"g1": 0.3839701416024722, "g2": 4.778539615509494, "logK": -2.0478205367602818, "loc": -0.008433233561760914, "logScale": -3.9975441222656904}