{"g1": 0.642705541143461, "g2": 14.82636026034151, "logK": 0.3897613632987519, "loc": 0.10511318860161159, "logScale": 3.535494250742163}