{"g1": 0.5247765326601355, "g2": 6.180797265310832, "logK": -1.9745536261479009, "loc": 0.0010953951858971853, "logScale": -3.992394328372007}