{"g1": 0.06443877260066891, "g2": 2.879816053624042, "logK": 0.9851806679655768, "loc": -0.006110371289322432, "logScale": -3.906781297399379}