{"g1": 0.5528944676747516, "g2": 14.698093581299421, "logK": 0.98761647581185, "loc": -0.10287327839700311, "logScale": 3.6291605993244764}