{"g1": 0.5591795997048913, "g2": 10.857917618460153, "logK": -0.24593509974230443, "loc": -0.030207958408780333, "logScale": -3.2980494397967983}