{"g1": 0.9961719394188739, "g2": 9.422482903347177, "logK": -3.424629835680552, "loc": 0.0008751675036508533, "logScale": -3.9931172161716564}