{"g1": 0.4596821053476649, "g2": 14.594256779742727, "logK": -0.4977666680358571, "loc": 0.08164730548566826, "logScale": 3.590329563899065}