{"g1": 0.5390512647130926, "g2": 3.8052928557878074, "logK": -3.752825516947478, "loc": -0.007301541085648221, "logScale": -3.99705285673534}