{"g1": 0.18186288317366864, "g2": 11.575744162645414, "logK": 0.7457609984253999, "loc": -0.019870407223693716, "logScale": -3.964153622742112}