{"g1": 0.05119691970642332, "g2": 7.818493913839328, "logK": 0.9024531162889878, "loc": -0.05960206576818265, "logScale": -3.501904193298127}