{"g1": 0.04999332965194522, "g2": 7.022922175762384, "logK": -4.019937658145546, "loc": 0.0005536226092200305, "logScale": -3.9810881617885836}