{"g1": 0.881995817728106, "g2": 0.3083399905897537, "logK": -1.5342637125047012, "loc": 0.0009200293559591018, "logScale": -3.991670283487839}