{"g1": 0.0023851619821010092, "g2": 1.5661715328645511, "logK": 0.6051615043329646, "loc": -0.08064220835859076, "logScale": -1.4392118777491505}