{"g1": 0.9288465768908558, "g2": 14.796258745377441, "logK": 0.9888540887943706, "loc": 0.05720633447086286, "logScale": 3.908708971395969}