{"g1": 0.22715806219888035, "g2": 2.330935806654817, "logK": -4.190743898923587, "loc": 0.0007677919495817445, "logScale": -3.8864102728526495}