{"g1": 0.6764147162188827, "g2": 9.9204591015177, "logK": -3.868790037924187, "loc": -0.003681325429605036, "logScale": -3.9976859659023076}