{"g1": 0.7213158703667366, "g2": 5.330881106754702, "logK": -1.0550425342233547, "loc": -0.009524220479490962, "logScale": -3.9979903806453683}