{"g1": 0.02916365338800264, "g2": 11.081050104791833, "logK": -1.9183932838122797, "loc": 0.02288312060597289, "logScale": 1.4250298043629153}