{"g1": 0.40713751988995883, "g2": 2.57175463849738, "logK": -4.393350361136315, "loc": 0.008848691141219358, "logScale": -3.8472706348288725}