{"g1": 0.5296139787892968, "g2": 8.707263589570452, "logK": -1.5079458406834787, "loc": -0.0027094652100571517, "logScale": -3.999844005218746}