{"g1": 0.9643210632630178, "g2": 0.028604868998248587, "logK": -2.207321472214908, "loc": 0.09470721261193887, "logScale": 3.5786731040687254}