{"g1": 0.2047225720222481, "g2": 8.116356037605197, "logK": -3.780164520437565, "loc": -0.007862233834470607, "logScale": -3.9961648219915573}