{"g1": 0.7787074677299037, "g2": 11.580809518760844, "logK": -1.4716794993854911, "loc": -0.013111648982469937, "logScale": -3.9743108627977066}