{"g1": 0.45611843405682556, "g2": 8.929141338389229, "logK": 0.9642815583785272, "loc": -0.06091862161163734, "logScale": 0.760872106062636}