{"g1": 0.9698144035814682, "g2": 5.986512857195383, "logK": -4.405369738578436, "loc": 0.010849660517300408, "logScale": -3.633867277869985}