{"g1": 0.7726083696875068, "g2": 11.87496482347743, "logK": -4.181521436963414, "loc": 0.002170658116631837, "logScale": -3.986655515738106}