{"g1": 0.28892001482470714, "g2": 0.42539246980670997, "logK": 0.9910323259681906, "loc": -0.11938682647729915, "logScale": 0.27836394706583156}