{"g1": 0.8156013789374884, "g2": 5.14759238551305, "logK": -3.542644901218381, "loc": -0.0005433557246690458, "logScale": -3.993876136000623}