{"g1": 0.41746736069144663, "g2": 14.779669482480877, "logK": -1.5787721629910387, "loc": -0.014699234770300404, "logScale": -3.994225580975295}