{"g1": 0.2913567376057549, "g2": 0.6834246189915897, "logK": -2.7280992390538743, "loc": 0.010985228316950604, "logScale": 1.7277648738447722}