{"g1": 0.9698678918295136, "g2": 11.590897846478164, "logK": 0.4185810626689938, "loc": -0.030979020034918734, "logScale": -3.3006683582061234}