{"g1": 0.10234215938969687, "g2": 10.66334111734562, "logK": 0.9899204257033637, "loc": -0.09167591637554348, "logScale": -1.704428382669469}