{"g1": 0.1623310460364054, "g2": 7.487769037981074, "logK": -3.0360912652993206, "loc": -0.003224219230654274, "logScale": -3.985470165804989}