{"g1": 0.6589964777653049, "g2": 2.639756727893487, "logK": -4.825331629011962, "loc": -7.575407972852666e-06, "logScale": -3.9989717567281}