{"g1": 0.4637470075740845, "g2": 8.063093077073017, "logK": 0.54198616984201, "loc": 0.04971836252191161, "logScale": -1.0867516783546658}