{"g1": 0.0829400101255996, "g2": 2.5956317317320443, "logK": -4.996156946509765, "loc": 0.03746205416450277, "logScale": 0.8271241485331828}