{"g1": 0.9958457922503152, "g2": 11.931375748781914, "logK": 0.9341793993718963, "loc": -0.09084878383704816, "logScale": 3.998191874711513}