{"g1": 0.7511973815892179, "g2": 7.991734593277251, "logK": -2.8472367608176565, "loc": 0.0006980364484484389, "logScale": -3.982939925833046}