{"g1": 0.3230749275177852, "g2": 12.202356470744851, "logK": -1.6467840641316323, "loc": -0.006311167942048484, "logScale": -3.996664785596439}