{"g1": 0.6729760098142096, "g2": 0.0165676070549452, "logK": -2.3123258930109927, "loc": 0.003197494137654716, "logScale": -3.9719734387498025}