{"g1": 0.1265979515516061, "g2": 4.761912708151493, "logK": -0.1536881528106967, "loc": 0.0037263024399779195, "logScale": -3.5031292729749497}