{"g1": 0.6592870140240329, "g2": 2.9308770956776753, "logK": 0.7664951005075391, "loc": -0.059733635227554496, "logScale": -1.3789474911422772}