{"g1": 0.5941259304472137, "g2": 1.2552759318378235, "logK": -4.536951627105979, "loc": -0.0026573440658165127, "logScale": -3.998754105308395}