{"g1": 0.08834014216225683, "g2": 14.859295951734207, "logK": 0.6139548920911536, "loc": -0.03338510291135388, "logScale": -0.9368604416045514}