{"g1": 0.08790019053032386, "g2": 7.47068331796177, "logK": 0.5037584587362085, "loc": -0.02358068286209894, "logScale": -3.202115185150585}