{"g1": 0.47375329592900406, "g2": 0.07017076507558925, "logK": 0.7079229308346905, "loc": -0.001488179234286402, "logScale": -2.9672796649108744}