{"g1": 0.6940849078268663, "g2": 4.193893801576346, "logK": -2.826648182730364, "loc": -0.002200516387120188, "logScale": -3.9925942207197114}