{"g1": 0.28413505230606745, "g2": 11.147678083749716, "logK": 0.34917026308270954, "loc": 0.1329178897734989, "logScale": 0.9657456831273308}