{"g1": 0.20567628382584952, "g2": 14.612582307077144, "logK": -2.177901773933641, "loc": -0.0029117383705229145, "logScale": -3.993615102134673}