{"g1": 0.9986765424219283, "g2": 13.827776177679501, "logK": -2.4785289776733856, "loc": 0.004845646824743368, "logScale": -3.9888650192178767}