{"g1": 0.9209205231515841, "g2": 14.99205946441103, "logK": -2.8673767407247923, "loc": 0.10764880131004921, "logScale": 3.998767928489376}