{"g1": 0.83560976755817, "g2": 0.5856978383321869, "logK": 0.5281349388543948, "loc": 0.10599993128773763, "logScale": 0.11067674071216022}