{"g1": 0.45605842967421073, "g2": 4.2940619565165665, "logK": -1.5144918249109285, "loc": -0.008083954376092455, "logScale": -3.8892225977006256}