{"g1": 0.04811344311432336, "g2": 12.305247717128214, "logK": -3.1480529726324074, "loc": -0.004270300022532271, "logScale": -3.9881781110835623}