{"g1": 0.34641741089992256, "g2": 13.940713532520832, "logK": -3.888655823741463, "loc": 0.004054753470015193, "logScale": -3.9997162619877584}