{"g1": 0.21240660836810135, "g2": 13.40929178111285, "logK": 0.8351563847199311, "loc": 0.024298693407940147, "logScale": -2.032139036516805}