{"g1": 0.11132355808358227, "g2": 3.872640256343254, "logK": -3.627602113510621, "loc": 0.008490703207695655, "logScale": -3.9569666426135606}