{"g1": 0.4781918710274692, "g2": 7.18021387594224, "logK": -4.3548672156161645, "loc": -0.0032193596783070353, "logScale": -3.904206978808012}