{"g1": 0.6470748575548325, "g2": 5.289611069523687, "logK": -2.298710538825006, "loc": -0.00030498177583929446, "logScale": -3.9817158162796265}