{"g1": 0.027462526127791334, "g2": 6.03869040519443, "logK": 0.42035510143055677, "loc": 0.024620196170707237, "logScale": -0.3232244523613439}