{"g1": 0.04497114393653548, "g2": 10.209712888184196, "logK": -4.782760796560211, "loc": -0.14902475656813505, "logScale": 1.025387826691792}