{"g1": 0.3246901411071119, "g2": 11.99459952361832, "logK": -0.7774130093817146, "loc": -0.011402577067398039, "logScale": -3.9944178346983676}