{"g1": 0.9973006598604682, "g2": 4.119211462911176, "logK": -0.3288630956718557, "loc": -0.00791097495563328, "logScale": -3.988208930063616}