{"g1": 0.06654234016236746, "g2": 14.958192573704043, "logK": 0.938734807674122, "loc": -0.10121536442670424, "logScale": 3.8353022596817237}