{"g1": 0.45059030444958403, "g2": 4.094380253991119, "logK": -1.7988984539010453, "loc": 0.1058603603074399, "logScale": 2.302881436890058}