{"g1": 0.9746874993228776, "g2": 14.707716170497266, "logK": 0.827301260484113, "loc": -0.06236137414877134, "logScale": 3.1930778717288586}