{"g1": 0.02179691668664746, "g2": 6.387429307014739, "logK": -4.140605187881052, "loc": -0.0011734833406078773, "logScale": -2.7153229620901618}