{"g1": 0.04322956384994589, "g2": 1.8337182524330289, "logK": -3.3963794403807497, "loc": -0.0018028206942393241, "logScale": -3.9926338820199634}