{"g1": 0.35409098778523207, "g2": 0.5665071034121639, "logK": 0.45093729421745643, "loc": 0.08452018719156945, "logScale": 0.09358028089991079}