{"g1": 0.922687364988364, "g2": 14.988179894102842, "logK": 0.858471095867704, "loc": -0.1215306789567279, "logScale": 2.8926775462159044}