{"g1": 0.802168978040196, "g2": 9.479738626901328, "logK": 0.9125885431977079, "loc": 0.025893513981660433, "logScale": 0.351337832077927}