{"g1": 0.7025339500916635, "g2": 12.071294553231084, "logK": 0.7593545409153767, "loc": -0.09023459398675801, "logScale": -0.7826573807370492}