{"g1": 0.290116038825553, "g2": 9.398248795869897, "logK": -4.956098337736033, "loc": -0.0002610947760522701, "logScale": -3.9528922418350225}