{"g1": 0.20210809421697612, "g2": 0.8111569027209788, "logK": -2.4662222140865526, "loc": -0.0008635897230203932, "logScale": -3.9974523616368858}