{"g1": 0.40008458543870407, "g2": 2.240626314225051, "logK": -3.7320482191783713, "loc": 0.13198363663204138, "logScale": 1.8240202939603523}