{"g1": 0.7819281331676512, "g2": 12.777384163690373, "logK": -4.431907668801897, "loc": 0.0014789537714776056, "logScale": -3.957937682405277}