{"g1": 0.5132874184995122, "g2": 0.749725249569221, "logK": -0.9593122719756032, "loc": -0.005846680043033112, "logScale": -3.850961457027763}