{"g1": 0.18590135585883755, "g2": 10.779067489956951, "logK": -1.454043802451752, "loc": 0.002342684243832937, "logScale": -3.9970995419060196}