{"g1": 0.43187710765822374, "g2": 0.9571607597246546, "logK": -4.964481207929836, "loc": 0.006331978342854014, "logScale": -3.954937193049498}