{"g1": 0.5308413913606176, "g2": 14.426534665870822, "logK": 0.6570999221935737, "loc": 0.06363421265147415, "logScale": 1.632036188551669}