{"g1": 0.4418139046168266, "g2": 14.698703767680168, "logK": 0.5986970781747629, "loc": 0.1030610611317789, "logScale": 2.7331041004692764}