{"g1": 0.3851288741608796, "g2": 12.830562489277973, "logK": 0.5174333782780162, "loc": -0.09575008224603844, "logScale": -2.47515356199484}