{"g1": 0.9130962320556308, "g2": 11.692249405878812, "logK": -3.3967045570705943, "loc": 0.005396987892118154, "logScale": -3.992218787635147}