{"g1": 0.05146705442471511, "g2": 10.374015337390173, "logK": 0.794417938745478, "loc": -0.1485356175810225, "logScale": -1.3796525652208587}