{"g1": 0.8411034055289452, "g2": 2.779759541994999, "logK": -0.3728981023560637, "loc": 0.0010919268610071447, "logScale": -3.987799983655078}