{"g1": 0.4758985736235828, "g2": 14.993434243021598, "logK": -0.05805680515551975, "loc": -0.125224798073328, "logScale": 3.546902414292946}