{"g1": 0.5861490359643915, "g2": 14.984550086090128, "logK": 0.8945801091261543, "loc": -0.018235152896911563, "logScale": 2.4009088349460486}