{"g1": 0.973663465373273, "g2": 6.997349449916561, "logK": -1.4757405496400258, "loc": -0.006884157662243661, "logScale": -3.99260380772523}