{"g1": 0.34546964151673065, "g2": 10.81979430184618, "logK": -2.589363519577276, "loc": -0.006672276434954652, "logScale": -3.9910020360049607}