{"g1": 0.5684294510366741, "g2": 14.981408159081004, "logK": -2.347209351672709, "loc": -0.11945663293925095, "logScale": 3.8703294630492655}