{"g1": 0.7899412703678887, "g2": 8.860036827908132, "logK": -2.4478731557490927, "loc": 0.002055155042209834, "logScale": -3.985194313339292}