{"g1": 0.16129199221737778, "g2": 5.4124113368466835, "logK": -0.990562092523329, "loc": -0.014128548735506664, "logScale": -3.9784618400201857}