{"g1": 0.7833821820104159, "g2": 12.995011031530101, "logK": -4.813476767052597, "loc": 0.002075011199189807, "logScale": -3.994953405174455}