{"g1": 0.9748475981513766, "g2": 13.695748676187252, "logK": 0.8607478821432302, "loc": 0.050659570934330385, "logScale": 3.9923097949265505}