{"g1": 0.22842019510978473, "g2": 0.7537810851838262, "logK": -1.8844989715460088, "loc": -0.08343287005037789, "logScale": 0.7484621510722531}