{"g1": 0.3370383806805094, "g2": 1.101782989967795, "logK": -3.9603777261558633, "loc": -0.015498231853680766, "logScale": -0.709647330013352}