{"g1": 0.10828801780602143, "g2": 10.436732707133142, "logK": -3.3586088772894893, "loc": 0.003444271973928264, "logScale": -3.9862697937934435}