{"g1": 0.23355015915461969, "g2": 12.617364819586877, "logK": -2.0489314309099687, "loc": -0.009986289756973375, "logScale": -3.9884654123591234}