{"g1": 0.8497000965541669, "g2": 8.547649118942584, "logK": -4.998146715475768, "loc": -0.005222257868707246, "logScale": -3.9946585705655}