{"g1": 0.04799967226916897, "g2": 9.920129649957385, "logK": -4.715581781019132, "loc": 0.003320058089724749, "logScale": -3.1272570542629534}