{"g1": 0.3285105174239735, "g2": 14.752913208012586, "logK": 0.08592525012123559, "loc": -0.024670985537475543, "logScale": 3.8803622062187753}