{"g1": 0.7450826693634963, "g2": 7.18981251397371, "logK": -2.2839860272289436, "loc": 0.0027475578512862267, "logScale": -3.9348214328112414}