{"g1": 0.30442841800009396, "g2": 12.96690043193233, "logK": -1.255465583086104, "loc": 0.00019020904289672458, "logScale": -3.826851675080112}