{"g1": 0.08960844561545026, "g2": 1.7935625916579312, "logK": 0.9889475435848785, "loc": -0.14965214476858543, "logScale": -1.1651775878709776}