{"g1": 0.736454119950049, "g2": 0.9324021950956264, "logK": -2.5966011261562816, "loc": -0.006262903365739371, "logScale": -3.995225898272473}