{"g1": 0.17465645403954894, "g2": 0.871147672564561, "logK": -2.124301374011269, "loc": -0.0016762858425532715, "logScale": -3.822860431743698}