{"g1": 0.6575644091872969, "g2": 1.702051088842702, "logK": -3.722493735975971, "loc": 0.0014487384931447314, "logScale": -3.9948640793387695}