{"g1": 0.7066005466448474, "g2": 14.341682795725927, "logK": 0.7597583778688777, "loc": -0.07509957093080898, "logScale": -2.9623045024284593}