{"g1": 0.0012023416465225534, "g2": 4.269815958871416, "logK": -1.6844888165577259, "loc": -0.004747614504950499, "logScale": -3.9032608093537853}