{"g1": 0.2230307392163621, "g2": 14.98950697109651, "logK": -1.9656053691851025, "loc": 0.006960307320242328, "logScale": -3.8142851126356327}