{"g1": 0.24660850738367895, "g2": 14.57381043291564, "logK": -0.1501105264335516, "loc": -0.011353187966567606, "logScale": -3.445718954484473}