{"g1": 0.031288363594583556, "g2": 5.139754447201296, "logK": 0.9774326760349197, "loc": -0.06400518187783025, "logScale": -3.1637216946072493}