{"g1": 0.3436501700483693, "g2": 6.2383362861938405, "logK": 0.9909583984101129, "loc": 0.007058235565217135, "logScale": -3.983499303398083}