{"g1": 0.6622821091496321, "g2": 4.709040819051168, "logK": -3.0469593101791297, "loc": -0.004724231509913782, "logScale": -3.989244460582859}