{"g1": 0.7762558833818116, "g2": 0.5013581188449041, "logK": 0.41986110954995143, "loc": 0.13297185314440826, "logScale": 0.8268900109909773}