{"g1": 0.3905916655119065, "g2": 0.9059387520351333, "logK": 0.8965677432091954, "loc": -0.029418222120320654, "logScale": -3.796102070585624}