{"g1": 0.18659785483105337, "g2": 6.960341215338239, "logK": -3.1826627218982297, "loc": 0.006484028797109274, "logScale": -3.9989688932535508}