{"g1": 0.4089386715517108, "g2": 10.256208730428769, "logK": -3.7485366601607994, "loc": -0.0033923853927283767, "logScale": -3.8930161175843065}