{"g1": 0.025996035992920108, "g2": 5.722223173340236, "logK": -3.7028463049816733, "loc": 0.002080714268056366, "logScale": -3.994085847360564}