{"g1": 0.7893013106307524, "g2": 13.712925725037032, "logK": 0.7637390649497025, "loc": -0.09389171744893253, "logScale": 1.6683515274463019}