{"g1": 0.3238336925247337, "g2": 11.703171040289789, "logK": 0.39476449603628583, "loc": -0.07439855675707369, "logScale": -1.2630805490194486}