{"g1": 0.7258788340794903, "g2": 14.654190879254015, "logK": 0.44578882860490066, "loc": 0.09487843844198554, "logScale": 3.8152486091579245}