{"g1": 0.5085150916500157, "g2": 14.962241144452321, "logK": 0.8855022050718286, "loc": 0.04339036720360523, "logScale": 3.889623565466037}