{"g1": 0.1932921871058511, "g2": 3.71905604670287, "logK": 0.9965322474805763, "loc": 0.09737276475268192, "logScale": 0.9370567608783429}