{"g1": 0.352345747951999, "g2": 12.813272772103883, "logK": -2.492849821896918, "loc": 0.11440082910333797, "logScale": 3.476601205122246}