{"g1": 0.79156286952621, "g2": 8.49474483913987, "logK": -4.00861485859723, "loc": -0.00229353933577337, "logScale": -3.997267596827188}