{"g1": 0.4763144190799351, "g2": 14.011861658631652, "logK": 0.9036223258981743, "loc": 0.06397147914343254, "logScale": 3.998040917560836}