{"g1": 0.7489729120164106, "g2": 7.198967996631204, "logK": 0.9981048311929513, "loc": -0.13584861731544262, "logScale": 0.83991530103156}