{"g1": 0.7844367039963608, "g2": 11.21957956226982, "logK": -1.6701992173557167, "loc": -0.004034740410570484, "logScale": -3.9804605086802196}