{"g1": 0.8170641780977324, "g2": 2.8348241519840176, "logK": -1.0512709278232801, "loc": -0.013193308881957789, "logScale": -3.914544987438634}