{"g1": 0.921923565303715, "g2": 12.822895770311236, "logK": -1.9179424391413558, "loc": -0.008681917811147823, "logScale": -3.981274586966524}