{"g1": 0.2757586567003679, "g2": 11.574978953451504, "logK": 0.35002039660660855, "loc": 0.006005956153526365, "logScale": -3.729252221566446}