{"g1": 0.4194289851368918, "g2": 11.604811730755646, "logK": 0.2514365504858313, "loc": 0.14327262754864767, "logScale": 2.7432270719063183}