{"g1": 0.1600115121194593, "g2": 12.317796816695687, "logK": -3.208355103783184, "loc": 0.00996177751409637, "logScale": -3.6634716926092477}