{"g1": 0.7944343017633594, "g2": 12.98208399681112, "logK": 0.9868237547870944, "loc": 0.11664095170058872, "logScale": 1.742241269088799}