{"g1": 0.9977477665594846, "g2": 10.592692375162382, "logK": 0.9913803406029738, "loc": -0.03789063563761962, "logScale": -3.3103445728213776}