{"g1": 0.0975095745260996, "g2": 3.457564846399218, "logK": -1.6935521638078326, "loc": 0.0003506465379218117, "logScale": -3.9956680988136997}