{"g1": 0.4570474748735525, "g2": 11.189177835747275, "logK": -0.09990740697673606, "loc": -0.0157619225953632, "logScale": 3.047418724491124}