{"g1": 0.6551964121216577, "g2": 11.989240600949811, "logK": -4.582324338018683, "loc": -0.0019596650820262844, "logScale": -3.9893110598306882}