{"g1": 0.0952934392400506, "g2": 10.821463918912913, "logK": -3.7424906700924705, "loc": 0.036142620971127505, "logScale": -0.8533765718279058}