{"g1": 0.014388528473846154, "g2": 10.182673334825278, "logK": -4.9499659087123105, "loc": -0.08022487926794727, "logScale": 1.3203684955201282}