{"g1": 0.5362707971452976, "g2": 13.582279793146057, "logK": -2.5124139638564342, "loc": -0.0024375760924116203, "logScale": -3.992177062085171}