{"g1": 0.10912289580654216, "g2": 2.4500778519670288, "logK": 0.9856487015907044, "loc": -0.0935210016928395, "logScale": -1.3462801683450558}