{"g1": 0.6031513998619362, "g2": 4.481117769829227, "logK": -1.6273153363663002, "loc": -0.009052318309647818, "logScale": -3.9928596824786835}