{"g1": 0.11690542811112274, "g2": 7.675883522248075, "logK": -2.3236070693412394, "loc": -0.011089887531603334, "logScale": -2.766510794206595}