{"g1": 0.08195320696321992, "g2": 11.22653717687861, "logK": 0.5752317206698373, "loc": -0.034728059839488665, "logScale": -3.3973918076016916}