{"g1": 0.0706622742579061, "g2": 12.402599667088483, "logK": -3.337216379375383, "loc": 0.05270844046624308, "logScale": 1.6963781044608208}