{"g1": 0.37236431205234327, "g2": 14.990062561824008, "logK": 0.8489748171916303, "loc": -0.1433769139455741, "logScale": 3.4104836249011994}