{"g1": 0.31014192472363045, "g2": 1.0421074857428343, "logK": -3.6181752207958646, "loc": -0.00027561081646294665, "logScale": -3.9777260738353823}