{"g1": 0.006813368375483724, "g2": 13.465467673310282, "logK": 0.9764515837947272, "loc": -0.03786543713330226, "logScale": -3.797971555236084}