{"g1": 0.3198811396029168, "g2": 11.912578621590043, "logK": -4.909247227073644, "loc": -0.0004374744756508193, "logScale": -3.9961390235812093}