{"g1": 0.8413335998828952, "g2": 1.09047566799228, "logK": -4.465408754872201, "loc": -0.0074130455729685425, "logScale": -3.9987253045678064}