{"g1": 0.37175020878073617, "g2": 1.9653555065941366, "logK": -1.4076295815541189, "loc": -0.007338454982764735, "logScale": -3.9928756318177725}