{"g1": 0.005493520570139188, "g2": 3.756088830404858, "logK": -1.7145458822193878, "loc": -0.005474755606268806, "logScale": -3.9839362610638265}