{"g1": 0.44110911611015624, "g2": 14.90149645189436, "logK": 0.2553438059896495, "loc": 0.01847443626873066, "logScale": 3.6053293229046677}