{"g1": 0.10632747057280709, "g2": 8.920116162453425, "logK": -1.289286389946018, "loc": -0.0029714611304809597, "logScale": -3.9938772626975814}