{"g1": 0.6126227178544638, "g2": 5.195937947372767, "logK": -1.2066459070998128, "loc": -0.00869279609536629, "logScale": -3.9894176174760743}