{"g1": 0.214338021346995, "g2": 3.3044738029229017, "logK": 0.45297880032995425, "loc": -0.008726716718974348, "logScale": -3.979736258629452}