{"g1": 0.5008889440404998, "g2": 3.588012663421769, "logK": -2.4227978166391697, "loc": -0.009158745539337218, "logScale": -3.995885088058488}