{"g1": 0.1528501921381188, "g2": 10.708917745113213, "logK": -4.990812014078205, "loc": 0.004273133118430422, "logScale": -3.9952061940871726}