{"g1": 0.6237117257237611, "g2": 11.912287981209245, "logK": 0.979339085462942, "loc": -0.022403177868657656, "logScale": 2.082540177737901}