{"g1": 0.13472612547906765, "g2": 4.21669058941502, "logK": -3.172255995805666, "loc": 0.009683166267160488, "logScale": -3.961217022972347}