{"g1": 0.37695899471224587, "g2": 6.558008324235185, "logK": -2.861298825881252, "loc": -0.005704342505285065, "logScale": -3.0924173536270256}