{"g1": 0.7232591161941617, "g2": 0.16252630453176553, "logK": -3.681614506874954, "loc": -0.0033978257087398274, "logScale": -3.988922521557707}