{"g1": 0.5110419315330696, "g2": 12.755467566442828, "logK": -4.1543937152529, "loc": -0.008921243432113535, "logScale": -3.9946171676193027}