{"g1": 0.7136921645856337, "g2": 1.4230838658296485, "logK": -4.259214726666002, "loc": -0.0010149352361350323, "logScale": -3.9822045275528994}