{"g1": 0.8792144662595985, "g2": 14.200046609646394, "logK": 0.8609508688956449, "loc": 0.023649723450864822, "logScale": 0.08494264213587216}