{"g1": 0.4304275925425645, "g2": 12.877692643339124, "logK": 0.9969711262641074, "loc": -0.13721693401057786, "logScale": 0.024977570325119006}