{"g1": 0.4457800911900505, "g2": 10.424661958990857, "logK": 0.8896236214421593, "loc": -0.031186700906573626, "logScale": -3.885743643447252}