{"g1": 0.605576349603334, "g2": 5.243200611070376, "logK": -2.21899125714493, "loc": -0.0033725923991929432, "logScale": -3.98872255802301}