{"g1": 0.012137073006338608, "g2": 14.830305434480033, "logK": -0.039915472444161534, "loc": -0.0011491674019163934, "logScale": -3.3550934666468306}