{"g1": 0.3779212555785768, "g2": 1.44266711436262, "logK": -2.0853987920019277, "loc": -0.002642922376030952, "logScale": -3.992073091360282}