{"g1": 0.8164051516056157, "g2": 2.8928583187571415, "logK": -2.4103614202954247, "loc": 0.009279255237091631, "logScale": -3.9864614661779525}