{"g1": 0.7480404342219953, "g2": 12.929504517065546, "logK": 0.9994281961789407, "loc": -0.10400775324913875, "logScale": -1.505582668552957}