{"g1": 0.22584540697654287, "g2": 9.685120645110082, "logK": -1.0386751013010114, "loc": -0.008923875789324302, "logScale": -3.9836988993856903}