{"g1": 0.7641878764883148, "g2": 0.04123379647669223, "logK": -3.9838572012253435, "loc": 0.009127898056785759, "logScale": -3.9310325217908018}