{"g1": 0.5089459610454109, "g2": 14.577610761645545, "logK": 0.8078657980949959, "loc": 0.009861512295450217, "logScale": 1.6144456780365315}