{"g1": 0.512014093391319, "g2": 7.607803896571586, "logK": 0.07871471337736669, "loc": -0.01803052835416201, "logScale": -3.9972196474786963}