{"g1": 0.29082703327898485, "g2": 6.452102617477202, "logK": 0.5673906188162526, "loc": -0.06879035181268353, "logScale": 1.0864442648493413}