{"g1": 0.605635719590481, "g2": 5.866496414656786, "logK": -1.606152970431289, "loc": 0.005120448681089931, "logScale": -3.9699222382102226}