{"g1": 0.291776054401762, "g2": 9.218693967228868, "logK": -0.694297994504804, "loc": 0.0008549979338503969, "logScale": -3.991579830576628}