{"g1": 0.6508292050462351, "g2": 6.175255514184171, "logK": 0.5633098962810856, "loc": -0.03026785798444116, "logScale": -3.9957478339189967}