{"g1": 0.6383068362419433, "g2": 14.950491575781653, "logK": 0.2019417369213244, "loc": -0.06456739216407814, "logScale": 3.9776595225887608}