{"g1": 0.385721012405442, "g2": 4.671218821056799, "logK": -3.2503275737539004, "loc": -0.0017981281956938157, "logScale": -3.9955968585958415}