{"g1": 0.7522341628824524, "g2": 14.38014067281907, "logK": -2.2234996226582893, "loc": 0.011616606538279985, "logScale": 3.8458522177323884}