{"g1": 0.7042765228332502, "g2": 10.183315598775227, "logK": -1.1236451800942813, "loc": -0.008375701802262516, "logScale": -3.8820259271428506}