{"g1": 0.2565726979933128, "g2": 8.747762815071155, "logK": 0.6602262502398718, "loc": -0.04199384691244859, "logScale": -0.7174070165967942}