{"g1": 0.176062669727508, "g2": 2.8910658989106013, "logK": 0.21196001543481224, "loc": 0.10072690050879946, "logScale": 0.4867145057028831}