{"g1": 0.7959778138319203, "g2": 2.238409326219637, "logK": -0.9696264908989161, "loc": -0.015550021631407934, "logScale": -3.9756155758109997}