{"g1": 0.4105897966468739, "g2": 14.419102426837865, "logK": 0.7207309452634444, "loc": -0.09197253141748193, "logScale": 3.9942292289168995}