{"g1": 0.885367812774104, "g2": 11.112821594846034, "logK": -1.3875079277878557, "loc": -4.072085849921893e-05, "logScale": -3.992788588466811}