{"g1": 0.0021484952913244926, "g2": 0.947943423211678, "logK": 0.4136067667524689, "loc": -0.11663920783385594, "logScale": -1.6410201036578167}