{"g1": 0.24172391316833947, "g2": 11.669596220431835, "logK": 0.2843574402860035, "loc": -0.12079290292527284, "logScale": -1.3503627785083177}