{"g1": 0.03362907636658847, "g2": 1.4416896702191588, "logK": -3.927832465203207, "loc": 0.006539050611391294, "logScale": -3.989346216029593}