{"g1": 0.06517985473722282, "g2": 8.636287134918163, "logK": 0.6692916038643385, "loc": -0.11330642990343534, "logScale": -0.6919017579185256}