{"g1": 0.8409370781282327, "g2": 9.714916161431757, "logK": -3.323084169180874, "loc": -0.0016063876257031869, "logScale": -3.961379075939429}