{"g1": 0.26896635691825077, "g2": 12.360764200585757, "logK": -0.3005721422547061, "loc": 0.008632705713658734, "logScale": -2.3647373123622337}