{"g1": 0.4979164317052358, "g2": 14.246709106786087, "logK": 0.9996188260478368, "loc": 0.10733749295201103, "logScale": 3.620414294727262}