{"g1": 0.2350039814559281, "g2": 5.379829337663709, "logK": -4.8703220821561555, "loc": 0.0007194048467057471, "logScale": -3.540724112931752}