{"g1": 0.9400825613415107, "g2": 3.605538544403171, "logK": -1.336296681755379, "loc": -0.0049427320352237025, "logScale": -3.9987294801124027}