{"g1": 0.6009277672037459, "g2": 4.353790563606022, "logK": 0.9890429213400633, "loc": -0.1363958984882357, "logScale": -0.39561171343086343}