{"g1": 0.01762157937945257, "g2": 13.77616240387217, "logK": 0.9930769918431872, "loc": -0.025514165247023032, "logScale": -1.443372833859558}