{"g1": 0.24183730049321922, "g2": 11.155200933543403, "logK": -4.338501032728478, "loc": -0.014919692771440255, "logScale": -2.774184493295406}