{"g1": 0.652946946067958, "g2": 0.017007929705245676, "logK": 0.997923771695567, "loc": 0.10382348156777937, "logScale": 3.0068379550748787}