{"g1": 0.9522799125107271, "g2": 13.649479607467413, "logK": -4.715199724825664, "loc": -0.0010599836720224204, "logScale": -3.980910499026207}