{"g1": 0.4154424209202606, "g2": 14.882974376936433, "logK": -4.194782426338486, "loc": -0.00028529761972426616, "logScale": -3.6881748126996445}