{"g1": 0.9411270574666115, "g2": 14.994377202636874, "logK": 0.7730009953839575, "loc": -0.06723910300552222, "logScale": 2.784912218435064}