{"g1": 0.13043360683267524, "g2": 6.033369969496343, "logK": -1.178405307365443, "loc": -0.0011415281552851287, "logScale": -3.9809680828403327}