{"g1": 0.020219089037314952, "g2": 0.004618473120584946, "logK": -2.9056355894345707, "loc": 0.11693519857215176, "logScale": 1.211221920791255}