{"g1": 0.8035360309026953, "g2": 14.797837150007165, "logK": 0.9455406388071078, "loc": -0.04433004386327475, "logScale": 3.865647146417398}