{"g1": 0.9402480341486652, "g2": 12.512612937700528, "logK": -2.8210250767166376, "loc": 0.006155143289166935, "logScale": -3.985950420577363}