{"g1": 0.2207771359856783, "g2": 14.7654031644938, "logK": 0.30419139311624677, "loc": -0.04233770013151779, "logScale": -0.8899185831343273}