{"g1": 0.24840349325650296, "g2": 8.990940744935306, "logK": -3.0826479162720704, "loc": -0.005548758122469018, "logScale": -3.997137479356325}