{"g1": 0.04691648935151253, "g2": 0.00762022968977627, "logK": 0.44613592427793747, "loc": -0.02153524727600857, "logScale": -2.7569841029472}