{"g1": 0.5358284189239158, "g2": 11.722695965594102, "logK": -3.3708814892334082, "loc": -0.007567584956408534, "logScale": -3.99513117812744}