{"g1": 0.35251994342225257, "g2": 4.2289691846788084, "logK": -0.28279711214700554, "loc": 0.0798025024722698, "logScale": 1.1037747276617886}