{"g1": 0.6896154728748927, "g2": 8.729198870711231, "logK": -1.373601049006634, "loc": -0.010559064505902525, "logScale": -3.9743897283724494}