{"g1": 0.18006655666540494, "g2": 12.386984165406846, "logK": -4.074895415482579, "loc": -0.000946368976906615, "logScale": -3.999977537475849}