{"g1": 0.8327625970626235, "g2": 7.592602067241679, "logK": 0.997412709668702, "loc": -0.08083225305817587, "logScale": -2.2985732263848333}