{"g1": 0.001455477586291526, "g2": 2.879254450815728, "logK": -1.3751515970527304, "loc": -0.0014455119682270177, "logScale": -3.8662509338819246}