{"g1": 0.3510889469824605, "g2": 0.5717668239256981, "logK": -4.722837050546609, "loc": 0.004825436556149037, "logScale": -3.9988888412168055}