{"g1": 0.41106098228654164, "g2": 1.2817956740927046, "logK": -2.0149185199432065, "loc": 0.058230355111995834, "logScale": -2.1500368915199966}