{"g1": 0.9207680622603298, "g2": 1.3075314394535686, "logK": -4.671804030434431, "loc": 0.0034520275891565247, "logScale": -3.9925645895530018}