{"g1": 0.41206565935046424, "g2": 11.273823735159514, "logK": -2.1891671490509306, "loc": -0.004902049990281463, "logScale": -3.9958779219333223}