{"g1": 0.31488926479235324, "g2": 9.00054047566775, "logK": 0.12725172509254382, "loc": -0.14464756755023944, "logScale": -0.9516129775610048}