{"g1": 0.5141855601095581, "g2": 0.7169408149451093, "logK": 0.7982408675676695, "loc": 0.07273332782750894, "logScale": 3.9839529894555854}