{"g1": 0.5646679106884949, "g2": 10.392028123213125, "logK": -3.4047509854329827, "loc": 0.006596424511290239, "logScale": -3.997117670618514}