{"g1": 0.14665883995018758, "g2": 0.04683870031583098, "logK": -3.8432960538215877, "loc": -0.02516177664863589, "logScale": -0.3032183092933692}