{"g1": 0.9999419615706382, "g2": 5.9005963753703385, "logK": -4.754699592630621, "loc": -0.005207661761791315, "logScale": -3.814006825202841}