{"g1": 0.7693870180742581, "g2": 13.483192661084543, "logK": -4.969816460670585, "loc": -0.0004687014240864762, "logScale": -3.913127448029991}