{"g1": 0.712339981589482, "g2": 0.35491657032310275, "logK": 0.6912610524546803, "loc": 0.016342447881109244, "logScale": -1.4049711386480566}