{"g1": 0.5008020420461824, "g2": 8.082042424879916, "logK": -2.9133651423574465, "loc": -5.756938306738417e-05, "logScale": -3.995957373009775}