{"g1": 0.17858607101025015, "g2": 3.1331218185304825, "logK": 0.858786568199736, "loc": -0.046125659893301696, "logScale": -2.0640538499681136}