{"g1": 0.3660204124045199, "g2": 9.778792809739384, "logK": 0.8053299827363589, "loc": 0.003671392882980632, "logScale": -3.62451507350216}