{"g1": 0.06618305086862485, "g2": 8.8704497622413, "logK": -0.8164560503504221, "loc": -0.015235094011342104, "logScale": -3.86963960680975}