{"g1": 0.14524999087826218, "g2": 12.078515819198664, "logK": -4.309148556736588, "loc": -0.002507562630080313, "logScale": -3.8482182947836634}