{"g1": 0.37984032393452727, "g2": 2.3954909095707504, "logK": -4.500411407924961, "loc": -0.07898676222093706, "logScale": 1.8636582224189608}