{"g1": 0.23820956946630814, "g2": 9.840838135499592, "logK": 0.6249768518006072, "loc": -0.004638917973858084, "logScale": -3.7337010325288955}