{"g1": 0.322889437565284, "g2": 6.14217558597989, "logK": -1.7179765493802355, "loc": -0.025610689108904194, "logScale": -2.9747984294378913}