{"g1": 0.2558080510333632, "g2": 1.9085124656265582, "logK": 0.8674411028431961, "loc": -0.0669878046594631, "logScale": -2.6883426545388485}