{"g1": 0.5480284465790414, "g2": 0.13084588626214277, "logK": -1.231192240075565, "loc": 0.005396072610835634, "logScale": -2.5209382516530283}