{"g1": 0.4993404566010229, "g2": 13.219388528818056, "logK": 0.9918446598079351, "loc": 0.0010541511868595102, "logScale": 1.550577848558846}