{"g1": 0.28345389348506256, "g2": 1.228517903668088, "logK": 0.3336138359644559, "loc": -0.13542993960176142, "logScale": 0.0738553178121367}