{"g1": 0.05576013948263819, "g2": 4.844782576633512, "logK": -2.865377830269333, "loc": -0.0054356710711173685, "logScale": -3.9891334315035616}