{"g1": 0.7969033434132173, "g2": 10.781112326280574, "logK": 0.11732851815811807, "loc": -0.008648639074576693, "logScale": -3.9911270405947454}