{"g1": 0.04690300372436966, "g2": 10.662023074048477, "logK": -3.568295977148747, "loc": -0.0036921428881726056, "logScale": -3.999131017165697}