{"g1": 0.2697630915259635, "g2": 10.987722769323135, "logK": -0.8146818971760321, "loc": -0.007819736966176188, "logScale": -3.9941247099019295}