{"g1": 0.023784392989623784, "g2": 7.446874461045938, "logK": -0.42873574704012385, "loc": 0.0010176009803586662, "logScale": -3.502659480866737}