{"g1": 0.5123641443748097, "g2": 0.6384154043363488, "logK": 0.5147486534030421, "loc": 0.022345715216943948, "logScale": 0.03963807569224248}