{"g1": 0.34674689822223687, "g2": 3.6973289331798056, "logK": 0.8627859098385999, "loc": -0.03260520496092715, "logScale": -3.7501485549226956}