{"g1": 0.23573598616626668, "g2": 3.629427187811953, "logK": -4.451210286764283, "loc": -0.005728322190842235, "logScale": -3.9979252556598173}