{"g1": 0.38678299432462837, "g2": 14.64657280182963, "logK": -1.6010111698831107, "loc": -0.008219869846226233, "logScale": -3.982619202927071}