{"g1": 0.35140873896080294, "g2": 0.8859986015088746, "logK": -4.735668731265056, "loc": -0.04276370819055454, "logScale": 0.7151756625620337}