{"g1": 0.46404172910044117, "g2": 5.407586778346278, "logK": -3.6411564393848836, "loc": -0.006279914059518579, "logScale": -3.869802660355433}