{"g1": 0.965711014158576, "g2": 0.054625565067341134, "logK": 0.9505519181734874, "loc": 0.05017313672271116, "logScale": 3.3213299379661216}