{"g1": 0.495758562325433, "g2": 0.5565410492706604, "logK": -4.995621207778556, "loc": 0.005329597320506706, "logScale": -3.9448042801191896}