{"g1": 0.052147482246459154, "g2": 11.285739217883606, "logK": -3.1348758119750917, "loc": 0.11914659529220456, "logScale": -0.07328762622445398}