{"g1": 0.24216049635504516, "g2": 4.910735710219258, "logK": 0.9969408816691776, "loc": -0.03616427696549643, "logScale": -3.4421133329593365}