{"g1": 0.0019802022781032144, "g2": 12.1427657403713, "logK": 0.8500531898853008, "loc": -0.05619039626902715, "logScale": -2.5612175073040486}