{"g1": 0.8130429824288143, "g2": 10.834922531666052, "logK": 0.5225080172726513, "loc": -0.009155214115353, "logScale": 1.931034799498677}