{"g1": 0.02176090068107328, "g2": 9.79376639047278, "logK": 0.5013994806141407, "loc": -0.051639979720248905, "logScale": 0.014320141277204934}