{"g1": 0.01311003746370051, "g2": 4.534615149330886, "logK": 0.9890948800087468, "loc": -0.001157429742648753, "logScale": -1.0989375062168003}