{"g1": 0.05762993520397481, "g2": 0.30306189154557917, "logK": 0.3535518120041957, "loc": 0.14078498558896924, "logScale": 3.8534879510155755}