{"g1": 0.4038073215947172, "g2": 3.671013425041563, "logK": 0.8924572121529903, "loc": -0.006643244771438718, "logScale": 0.7329838858212158}