{"g1": 0.367165339074577, "g2": 0.6334918470635862, "logK": 0.4474055462198141, "loc": -0.11087288012420317, "logScale": 0.4669049332849645}