{"g1": 0.6306062718029355, "g2": 8.262064211709177, "logK": -3.1934320693395795, "loc": -0.005302168875166732, "logScale": -3.889207643902046}