{"g1": 0.4949207676339931, "g2": 14.045674231151132, "logK": 0.5961441600587414, "loc": 0.12098247410238046, "logScale": 2.711721168511713}