{"g1": 0.6644333502618319, "g2": 12.13154157455962, "logK": 0.877626096331096, "loc": 0.07591490104365667, "logScale": 1.7548438031832767}