{"g1": 0.3290164716940854, "g2": 10.220540833896418, "logK": -2.131403389470998, "loc": 0.002021413408845246, "logScale": -3.977920266745216}