{"g1": 0.2105700328025183, "g2": 0.9614312170799275, "logK": -4.43692291532866, "loc": -0.002865268512021019, "logScale": -3.6662305363805228}