{"g1": 0.23405764837322798, "g2": 11.72120292310947, "logK": -0.00922512609326856, "loc": -0.07086837640757586, "logScale": -1.769074790549437}