{"g1": 0.6080448360975442, "g2": 1.798863530974903, "logK": -1.183686663463523, "loc": -0.0124482338881659, "logScale": -3.981947057748336}