{"g1": 0.35783046738283175, "g2": 3.625578821993523, "logK": 0.21786441372181964, "loc": 0.006519992626737945, "logScale": -3.994754020876956}