{"g1": 0.737801269572936, "g2": 14.47900427079298, "logK": 0.5113221815056137, "loc": 0.0936674936569082, "logScale": 3.2728439408165113}