{"g1": 0.44602633336671016, "g2": 5.158599157056363, "logK": 0.607971449390472, "loc": -0.009329291870683366, "logScale": -2.4424395973066217}