{"g1": 0.8767630457905338, "g2": 8.10534151646063, "logK": -2.6629458510937356, "loc": -0.004458034329191713, "logScale": -3.974080546867172}