{"g1": 0.21593040686503812, "g2": 0.872273302466989, "logK": 0.973411078432883, "loc": -0.02513023960173339, "logScale": 0.2388843875999792}