{"g1": 0.19974968970464319, "g2": 3.609922693631347, "logK": -2.8639916556942686, "loc": -0.018373736637519095, "logScale": -3.4900945713540175}