{"g1": 0.3957550637459784, "g2": 2.6619686694575044, "logK": -3.664237198211627, "loc": -0.0002985447003099849, "logScale": -3.982831709367809}