{"g1": 0.029283223927756674, "g2": 7.263324531958513, "logK": -4.971652412220824, "loc": 0.0067240286522508574, "logScale": -3.995307361069502}