{"g1": 0.05048060883542788, "g2": 10.515746554703064, "logK": 0.25812134407127907, "loc": -0.05790366085835361, "logScale": -0.6600298676138934}