{"g1": 0.9994941994482054, "g2": 14.953877295293472, "logK": 0.5762802273582817, "loc": 0.08354676344111694, "logScale": 3.9735821194065304}