{"g1": 0.02697115461826141, "g2": 7.663030160121977, "logK": -2.8556675103274602, "loc": 0.0049559931123038265, "logScale": -3.845192113254562}