{"g1": 0.3832572653710682, "g2": 6.084312375742123, "logK": -2.09390362759439, "loc": -0.0010057417196136227, "logScale": -3.972169634672332}