{"g1": 0.5458455760102614, "g2": 11.954083721859298, "logK": 0.9792442711776914, "loc": -0.031117607698161687, "logScale": -3.9426269259317683}