{"g1": 0.9511853881728405, "g2": 14.33891478744022, "logK": -0.7002995138595693, "loc": -0.002417501465402601, "logScale": -3.6510901381074685}