{"g1": 0.22806010264252763, "g2": 4.805099141693698, "logK": 0.27677130375785025, "loc": -0.054152570496341396, "logScale": -3.2061081094117063}