{"g1": 0.44021706974512004, "g2": 13.807328112985857, "logK": 0.8647828104919935, "loc": -0.12029945110774029, "logScale": 1.9446498098750844}