{"g1": 0.4742765914904471, "g2": 10.148838859210759, "logK": -2.529888819023986, "loc": 0.0016773793563260508, "logScale": -3.999850699057028}