{"g1": 0.1026024023039949, "g2": 8.909132786790435, "logK": -2.7171872055163826, "loc": -0.010263823889603703, "logScale": -3.9958900488723126}