{"g1": 0.7188212353157738, "g2": 14.994578153449194, "logK": -2.3335056288168814, "loc": -0.004633590142861233, "logScale": 3.8666877437405596}