{"g1": 0.1066822609085148, "g2": 13.509380189822654, "logK": 0.898898558532004, "loc": -0.006723359277888883, "logScale": -3.7517999985881554}