{"g1": 0.4057495203559193, "g2": 2.3201794139080762, "logK": 0.6692724952133421, "loc": -0.049085520409048164, "logScale": -3.5035435905865766}