{"g1": 0.6914245839608619, "g2": 4.438035184243663, "logK": 0.9882983292139642, "loc": -0.0326095839945178, "logScale": -2.7837454317890127}