{"g1": 0.6070117200818883, "g2": 0.6924860726425002, "logK": 0.30690724089547905, "loc": -0.00039931820602834636, "logScale": -0.18598227146951163}