{"g1": 0.6963246751614723, "g2": 8.691074857985665, "logK": -0.7492198964255474, "loc": -0.0018499190735915272, "logScale": -3.9800974078729965}