{"g1": 0.807019722197071, "g2": 2.001511968966158, "logK": -4.112294049786735, "loc": -0.0030399387505754406, "logScale": -3.990425345080151}