{"g1": 0.6477902435229942, "g2": 0.20562575147730566, "logK": -1.6442430982287493, "loc": 0.004273130475521532, "logScale": -3.9715767304810186}