{"g1": 0.32936123490953967, "g2": 6.848803144464404, "logK": -2.281274211356794, "loc": -0.0007735697435660386, "logScale": -3.9885405618788736}