{"g1": 0.43458429301142304, "g2": 0.663182673754666, "logK": 0.7162055706887209, "loc": -0.09686249150590014, "logScale": -1.9674367001188828}