{"g1": 0.8737842486892997, "g2": 9.460809131033312, "logK": -2.1174485850693943, "loc": 0.009136401747636054, "logScale": -3.9230950553438397}