{"g1": 0.3597945319342272, "g2": 6.438828967523539, "logK": -3.9494690491696467, "loc": 0.007304978797593612, "logScale": -3.999447920751389}