{"g1": 0.11925611128047511, "g2": 14.34242015199446, "logK": 0.9990433240254752, "loc": -0.067706526424196, "logScale": -3.2896335169824527}