{"g1": 0.20093510580218965, "g2": 11.636602012078734, "logK": 0.6815001216504486, "loc": 0.025993680230552228, "logScale": -2.314143688539088}