{"g1": 0.08155855723939018, "g2": 14.420761496661271, "logK": -3.4466177461710203, "loc": -0.0012711875748660046, "logScale": -3.9925168763074965}