{"g1": 0.4189367894470233, "g2": 7.619041590550409, "logK": 0.9219071146035531, "loc": 0.11644356804049813, "logScale": 1.2699976743524175}