{"g1": 0.09480004368750002, "g2": 6.695468521939382, "logK": -2.4902391711519325, "loc": -0.004889701554715514, "logScale": -3.9960056230206775}