{"g1": 0.18330423978644053, "g2": 12.017886907292798, "logK": -4.820616953655895, "loc": 0.004986367112105514, "logScale": -3.993957904070495}