{"g1": 0.09517185953110349, "g2": 8.346868226726436, "logK": -3.2308133707667244, "loc": -0.009486010745738507, "logScale": -3.86754636796309}