{"g1": 0.002923863849756248, "g2": 13.281101860495989, "logK": 0.13777453815558682, "loc": -0.00493010319846544, "logScale": -1.749832268551582}