{"g1": 0.23682893513694375, "g2": 9.209097079024652, "logK": 0.9723393986793893, "loc": 0.008327398466354718, "logScale": -2.1820720931383115}