{"g1": 0.31624302172463925, "g2": 10.373438540305555, "logK": -3.2509675287207997, "loc": -0.0062289913802645765, "logScale": -3.9789256229835663}