{"g1": 0.9138166414632254, "g2": 5.629151282693254, "logK": -4.7779851071844295, "loc": -0.003985985646161606, "logScale": -3.9827503664878225}