{"g1": 0.3810801252429975, "g2": 14.977320433083928, "logK": 0.09736093441560556, "loc": -0.06444930244128276, "logScale": 3.8415125107227017}