{"g1": 0.3208836464902588, "g2": 0.46342477579362207, "logK": -0.5781174520668175, "loc": 0.058648908691991866, "logScale": -1.5184858880666254}