{"g1": 0.04471063266654016, "g2": 6.499719132309261, "logK": -0.12353318137848013, "loc": 0.02777169368802087, "logScale": -2.3052722979468716}