{"g1": 0.7506009179625532, "g2": 14.517718980781543, "logK": 0.17409263350890025, "loc": -0.08379005557851872, "logScale": 3.947512724305399}