{"g1": 0.10032423430611949, "g2": 0.3275273730813353, "logK": 0.8200425775686404, "loc": 0.09631529870716746, "logScale": -1.1425807327545343}