{"g1": 0.34441748540137085, "g2": 9.30797040523072, "logK": -3.061223748172943, "loc": -0.052846593881460686, "logScale": 2.229174756935394}