{"g1": 0.7445976004492789, "g2": 10.567930591623815, "logK": -4.262771202249202, "loc": -0.00044939058323860545, "logScale": -3.9910279810662863}