{"g1": 0.5083661735057516, "g2": 7.408726308317883, "logK": -2.5369976111389603, "loc": 0.007499457536071369, "logScale": -3.9580240544458474}