{"g1": 0.08097927364566115, "g2": 14.151005984308766, "logK": -2.943595836423794, "loc": -0.00019513402895960795, "logScale": -3.9863053649654554}