{"g1": 0.25499768802711803, "g2": 1.2809130102462496, "logK": -0.21892628064121267, "loc": -0.025097303679294396, "logScale": -3.339488621300897}