{"g1": 0.15230605032938205, "g2": 0.366550069878282, "logK": -0.7062967853015312, "loc": 0.13822133582084045, "logScale": 1.6525544322034422}