{"g1": 0.05954749226388467, "g2": 6.6832901742052195, "logK": -0.8301253212188969, "loc": 0.0010179176201542675, "logScale": -3.9978608097122685}