{"g1": 0.7545520341262391, "g2": 13.425884397326813, "logK": 0.4595222707410622, "loc": 0.018936092837119844, "logScale": 3.005636860904297}