{"g1": 0.7827883479577186, "g2": 11.079332828518066, "logK": -4.102010320233066, "loc": 0.00973787100613553, "logScale": -3.9894593408008023}