{"g1": 0.19253773463771637, "g2": 2.997177558559788, "logK": 0.9681561455331463, "loc": -0.03935784229566695, "logScale": 0.5122819822105126}