{"g1": 0.40505667533712786, "g2": 9.74453144729814, "logK": -2.8823436904966977, "loc": 0.0035898519067652044, "logScale": -3.888209910740575}