{"g1": 0.9086710007851166, "g2": 13.096274209762196, "logK": 0.22291976871362135, "loc": 0.04119020068893055, "logScale": 3.5756306436799328}