{"g1": 0.4060856829305702, "g2": 11.683060755675564, "logK": 0.997566033594918, "loc": -0.022474165246989232, "logScale": -1.3752946761606646}