{"g1": 0.6288959440143993, "g2": 10.947369380049597, "logK": -3.0234654569163526, "loc": 0.000997421227781129, "logScale": -3.9996512729197637}