{"g1": 0.7401055101474049, "g2": 2.279185259620535, "logK": 0.9996566949377742, "loc": -0.025678545972948632, "logScale": -3.8158260034940374}