{"g1": 0.4093822561525282, "g2": 11.676713545035053, "logK": -0.8167709508409209, "loc": -0.012860501411085053, "logScale": -3.987790607624557}