{"g1": 0.7213260678135491, "g2": 13.952088660899587, "logK": -0.09321371924805227, "loc": -0.01272223755876662, "logScale": -3.9812643391595226}