{"g1": 0.3988866763658521, "g2": 2.281781176990346, "logK": -4.317577807203298, "loc": 0.004406032928781899, "logScale": -3.993717901948661}