{"g1": 0.1313427188948902, "g2": 11.302758740152491, "logK": -4.031694862943814, "loc": 0.0011876595632116498, "logScale": -3.8427318735511595}