{"g1": 0.14571986491346545, "g2": 12.821252947667181, "logK": -3.251309690469718, "loc": -0.002257753341818148, "logScale": -3.9861454572048767}