{"g1": 0.09624945111015121, "g2": 2.425019727849719, "logK": 0.6797234767489528, "loc": 0.06742797795117594, "logScale": 1.2714736707724925}