{"g1": 0.11905883151147745, "g2": 0.07387381871431375, "logK": -3.1538076445133756, "loc": 0.002109296691195842, "logScale": 1.919200177581452}