{"g1": 0.4167763931349339, "g2": 0.47994859669122375, "logK": -0.8145501384969707, "loc": -0.0280143516422883, "logScale": 0.8513706395826895}