{"g1": 0.2639248874951096, "g2": 2.6617384662390355, "logK": 0.8658366538003139, "loc": -0.035548132511192126, "logScale": -2.7046668900788413}