{"g1": 0.9942882609585513, "g2": 10.254483763261081, "logK": -3.8311944102957645, "loc": -0.02637673386671797, "logScale": -3.393250606650521}