{"g1": 0.11760572030246645, "g2": 11.808001917181066, "logK": -4.68499853655456, "loc": -0.0035119619051035035, "logScale": -3.9947724139248826}