{"g1": 0.12383682896973067, "g2": 11.5564913688542, "logK": -3.919380612185426, "loc": -0.009510674195035597, "logScale": -3.9633253477369066}