{"g1": 0.7853018036438353, "g2": 7.766889131446555, "logK": 0.4835953314210365, "loc": -0.106737138881556, "logScale": 2.310983672712598}