{"g1": 0.3904607084780942, "g2": 10.775485228552593, "logK": -2.7011565973068152, "loc": -0.0047916070419909565, "logScale": -3.9961093381624937}