{"g1": 0.23036992310745574, "g2": 0.9568582874495213, "logK": -2.543167008476894, "loc": 6.316813484964941e-05, "logScale": -3.993287701737523}