{"g1": 0.2731578910857135, "g2": 1.162919085443734, "logK": 0.3677448720958649, "loc": -0.022631969180627667, "logScale": -3.51662288867164}