{"g1": 0.8651287822818374, "g2": 3.903292663074548, "logK": -3.6281686481487263, "loc": -0.0030271602713448, "logScale": -3.9745427881553943}