{"g1": 0.045096418305152305, "g2": 0.9657512754109183, "logK": -4.986061525321208, "loc": 0.002562435014015831, "logScale": -3.99310665990181}