{"g1": 0.6825887306494578, "g2": 0.05021774797556797, "logK": 0.9516217343122936, "loc": -0.10028469599868099, "logScale": -1.6495668248126771}