{"g1": 0.20538730309468187, "g2": 5.947837216102724, "logK": -2.5243996320537225, "loc": -0.0012256437202828492, "logScale": -3.994801632158361}