{"g1": 0.35613206563482214, "g2": 5.681633098900743, "logK": -0.06485467670204637, "loc": -0.05896767546168736, "logScale": -1.3496040197059704}