{"g1": 0.49293101453172095, "g2": 6.602302709663905, "logK": -4.308065627460947, "loc": -0.00040365992805095965, "logScale": -3.996091976068145}