{"g1": 0.2292428546445532, "g2": 10.287324300043956, "logK": 0.6099159096364333, "loc": 0.06251208265314251, "logScale": -1.3907700851093348}