{"g1": 0.026733521515712927, "g2": 8.682028902016572, "logK": -0.7053257363264402, "loc": -0.03002115356083799, "logScale": -3.44028031420353}