{"g1": 0.05882144475191983, "g2": 10.333838250136804, "logK": -2.3125002997425392, "loc": -0.14555534093435696, "logScale": 1.260568402848313}