{"g1": 0.8021746212172691, "g2": 9.933263666905262, "logK": -4.368924766693211, "loc": -0.006613703178506951, "logScale": -3.994541640297382}