{"g1": 0.4964189587126169, "g2": 14.945299967500654, "logK": -0.2679692515052825, "loc": 0.007727476774508826, "logScale": 3.8888980584475212}