{"g1": 0.319813401287355, "g2": 11.14513361522725, "logK": -4.537430300080175, "loc": -0.0022027748242193657, "logScale": -3.998359179150291}