{"g1": 0.9214935964799328, "g2": 0.76011313024089, "logK": -2.7839409004305207, "loc": -0.002884498307276724, "logScale": -3.9812978280159053}