{"g1": 0.17850441243801035, "g2": 9.499622007395349, "logK": 0.09966187714631686, "loc": -0.06042210269168976, "logScale": -0.6690035091126039}