{"g1": 0.9868066716432307, "g2": 2.7323129083125908, "logK": 0.8970962688318136, "loc": -0.07927913635162505, "logScale": 1.0570041147528693}