{"g1": 0.43646624915122767, "g2": 8.272573938477427, "logK": 0.6142276518348212, "loc": -0.03454014215939938, "logScale": -3.6279314824103825}