{"g1": 0.08650706234459876, "g2": 0.5130001856441531, "logK": 0.9188577520894723, "loc": -0.06794840144396933, "logScale": 0.7994593740628614}