{"g1": 0.05200894037032469, "g2": 8.37184286858036, "logK": 0.4980720074845269, "loc": 0.11965477572263941, "logScale": -1.477473869578481}