{"g1": 0.19664847720789153, "g2": 0.5731018138804824, "logK": -0.16426510667803562, "loc": 0.14791777508887338, "logScale": 1.03489677470371}