{"g1": 0.12863079779663145, "g2": 14.546202428861857, "logK": -1.143924400052815, "loc": -0.0018710477833432143, "logScale": -3.999488948379256}