{"g1": 0.9179644162886285, "g2": 6.952878408337705, "logK": 0.9971888113503128, "loc": -0.04472397446455674, "logScale": -0.01346201813570369}