{"g1": 0.7648323351065228, "g2": 9.113479472641883, "logK": -0.9678689702729488, "loc": -0.007420115871903835, "logScale": -3.7916636533147106}