{"g1": 0.29020717155451314, "g2": 10.582380108570252, "logK": 0.8723360827433415, "loc": -0.10624162599004282, "logScale": 0.21339363042582865}