{"g1": 0.043369716019593885, "g2": 5.70050526013171, "logK": -3.658277493813922, "loc": 0.0013831360110263795, "logScale": -3.9899279266757954}