{"g1": 0.47835364224312144, "g2": 5.368392183018429, "logK": -1.3293712069969792, "loc": -0.0033039405652789755, "logScale": -3.9982142150742517}