{"g1": 0.6536463481555727, "g2": 12.07344490064325, "logK": -2.8235885155883653, "loc": -0.0019103098209601078, "logScale": -3.9551494575793473}