{"g1": 0.21686198676781007, "g2": 14.450090490674022, "logK": -3.948912232087447, "loc": -0.00023526417784439048, "logScale": -3.9897912885301445}