{"g1": 0.9625624267409402, "g2": 10.589911873219789, "logK": -4.532816062172834, "loc": 0.09962724902000725, "logScale": 3.9978770437955133}