{"g1": 0.8206029488834834, "g2": 13.518723108683663, "logK": -1.79951293862528, "loc": -0.005481159972724805, "logScale": -3.974247586052245}