{"g1": 0.14295351028289355, "g2": 8.07636401610891, "logK": -2.1119373868396663, "loc": 0.0008987638183595367, "logScale": -3.986314431253213}