{"g1": 0.602920851668337, "g2": 14.558962034217716, "logK": 0.45495701753198997, "loc": -0.13503514745448505, "logScale": 2.045390067668286}