{"g1": 0.45396958102098844, "g2": 3.004044343243824, "logK": 0.8839679907513236, "loc": -0.07882429856908237, "logScale": -1.9423748304837103}