{"g1": 0.5987024862655088, "g2": 14.908927322561466, "logK": -2.894443832194484, "loc": 0.11951220705131194, "logScale": 3.9677829236756534}