{"g1": 0.09281849067773242, "g2": 10.941596029656118, "logK": -2.0560538844530676, "loc": -0.004649363448583362, "logScale": -3.9995946853202273}