{"g1": 0.5990674321207372, "g2": 9.849925734762373, "logK": 0.833035227034626, "loc": -0.01868321684452379, "logScale": -3.9958742847181137}