{"g1": 0.9092975934880618, "g2": 14.65421446329625, "logK": 0.9994831608124913, "loc": -0.05974678240722746, "logScale": 1.436872649518849}