{"g1": 0.5480841660010085, "g2": 5.398223624288478, "logK": -4.665789863379079, "loc": -0.0032828693263494343, "logScale": -3.9006348650378393}