{"g1": 0.31353329216147735, "g2": 0.020464699056338798, "logK": 0.7953758964323786, "loc": 0.027963054701188532, "logScale": -0.18038360047841628}