{"g1": 0.024400283753597842, "g2": 9.001810489122041, "logK": 0.5821754197930995, "loc": -0.0380429307555749, "logScale": -0.9847404694139593}