{"g1": 0.13510364321056828, "g2": 5.654800281663205, "logK": -1.911594596467678, "loc": 0.002732107095326851, "logScale": -3.988919173770415}