{"g1": 0.9269504332042545, "g2": 11.17541756523125, "logK": 0.8106931125491409, "loc": -0.09572950066378055, "logScale": 2.4565175048115364}