{"g1": 0.21998933025508227, "g2": 5.9964657776416495, "logK": -4.777095435642784, "loc": 0.0014965564242647358, "logScale": -3.7996835996177527}