{"g1": 0.6576649412108748, "g2": 2.3791201803063204, "logK": -2.2488853523164796, "loc": 0.0002090835262510901, "logScale": -3.95367345772643}