{"g1": 0.3784375647410032, "g2": 14.502320343213267, "logK": 0.6303784396853755, "loc": 0.053459491312463886, "logScale": 3.9489455425100433}