{"g1": 0.7832686306043748, "g2": 7.597294662824833, "logK": 0.06730768231067441, "loc": -0.003663500350622594, "logScale": -3.985960753611181}