{"g1": 0.44888761362175933, "g2": 14.964112941833775, "logK": -3.4369742847297244, "loc": 0.028546423408827536, "logScale": 3.9883836200178444}