{"g1": 0.004470398331233222, "g2": 5.085219811199245, "logK": 0.004442728627982895, "loc": 0.011336841373425157, "logScale": -3.649214031289026}