{"g1": 0.9438534374153814, "g2": 2.0842920813109274, "logK": -1.311747269724863, "loc": -0.007416997119194422, "logScale": -3.990501019306189}