{"g1": 0.19266658800303693, "g2": 9.330306562743704, "logK": -3.0572565933987876, "loc": 0.0033298479535429876, "logScale": -3.999360153370255}