{"g1": 0.5463493842681137, "g2": 8.559077683935568, "logK": -3.023300168196023, "loc": -0.0014939669229448744, "logScale": -3.982546591074725}