{"g1": 0.21562582269839722, "g2": 12.934147248746783, "logK": 0.6172727451931916, "loc": 0.030079152813655287, "logScale": 3.992763961127146}