{"g1": 0.3015635296587142, "g2": 9.701207118991755, "logK": -3.2129417238544775, "loc": -0.011783632041563779, "logScale": 1.9845120461535353}