{"g1": 0.3472037941775214, "g2": 2.201269026408591, "logK": 0.9932542798622921, "loc": -0.06495808567557704, "logScale": -1.4797110992688238}