{"g1": 0.9983209575432186, "g2": 8.823414680971817, "logK": -1.8792311281586889, "loc": -0.002930020627252304, "logScale": -3.9777077795171634}