{"g1": 0.06784096385090697, "g2": 12.916747914481359, "logK": -1.7722020359615418, "loc": -0.006744008281882234, "logScale": -3.993760757051065}