{"g1": 0.04625907276529061, "g2": 14.64370927074294, "logK": -0.07030896282103749, "loc": -0.11005783981464881, "logScale": -1.9428001475520964}