{"g1": 0.3116909933304408, "g2": 6.240349961617111, "logK": -4.717696439584734, "loc": -0.0032382865015708213, "logScale": -3.9977238144307483}