{"g1": 0.4612077100754955, "g2": 1.656413882678286, "logK": 0.43590634307843956, "loc": -0.1304901088374408, "logScale": -0.8216627645360244}