{"g1": 0.8533795530280429, "g2": 4.582801563069639, "logK": -2.695036869805606, "loc": -0.009049603684326758, "logScale": -3.9832460635884175}