{"g1": 0.6012601106730069, "g2": 14.609108734107648, "logK": 0.56430124681635, "loc": 0.09410035397152297, "logScale": 2.8550514655761963}