{"g1": 0.9977379485390268, "g2": 14.942560536789856, "logK": -2.3909406847516617, "loc": 0.0013969004747373583, "logScale": -3.998416572945426}