{"g1": 0.9410509933201879, "g2": 0.05394641519059862, "logK": -2.46481220003702, "loc": -0.1168946878533102, "logScale": 1.372496501228543}