{"g1": 0.18861774476758972, "g2": 14.154712572055397, "logK": 0.2681980907372077, "loc": 0.007738397623249876, "logScale": 3.9974612886302583}