{"g1": 0.4838248486524495, "g2": 11.660299224313523, "logK": 0.9933366627878936, "loc": -0.09514337416581593, "logScale": 0.4940079476574214}