{"g1": 0.23753538554272977, "g2": 12.866001307759259, "logK": 0.7416708305234987, "loc": -0.02842887581078393, "logScale": -3.861548672243969}