{"g1": 0.2285348259054284, "g2": 5.135203044911441, "logK": 0.7559394302830373, "loc": -0.052132592333942504, "logScale": 1.3247110179850436}