{"g1": 0.1711158131982965, "g2": 14.991554383975984, "logK": -2.3978032435247556, "loc": -0.006123639477487834, "logScale": -3.994231611828499}