{"g1": 0.8226989106522973, "g2": 14.981137657840708, "logK": 0.40840828751727054, "loc": -0.07685811141418315, "logScale": 2.7072212111910305}