{"g1": 0.2601713563799029, "g2": 2.1957910690724223, "logK": 0.13981098926810864, "loc": -0.1140747555336851, "logScale": -1.3382912567393177}