{"g1": 0.43408105498075356, "g2": 8.51086989539053, "logK": -1.106517993322643, "loc": -0.013099676175504312, "logScale": -3.923875730663669}