{"g1": 0.47191693723124634, "g2": 0.2632003326700483, "logK": 0.7918667699658678, "loc": -0.050801740180888316, "logScale": 0.5289834728743075}