{"g1": 0.815862329073108, "g2": 14.970920260945515, "logK": 0.37040251471825597, "loc": 0.07754699725190227, "logScale": 3.5289332619324014}