{"g1": 0.33707842989718484, "g2": 6.559141578089271, "logK": 0.3285913485434509, "loc": -0.09900334517025575, "logScale": -0.6742586527960548}