{"g1": 0.1344805066788976, "g2": 13.48855786973196, "logK": -3.5495453254839124, "loc": -0.002154639914140083, "logScale": -3.9995028424438925}