{"g1": 0.4450759634231455, "g2": 12.875688934129688, "logK": 0.13028327210828883, "loc": 0.1099929753557567, "logScale": 2.6353625763705546}