{"g1": 0.40068753787564354, "g2": 14.998565800037737, "logK": 0.9048776451369521, "loc": 0.08262002815675627, "logScale": 3.8077195478196213}