{"g1": 0.08523894580000962, "g2": 2.479956610065493, "logK": 0.21740132624473907, "loc": 0.10133238712990839, "logScale": -0.14118809533844878}