{"g1": 0.8541946510890601, "g2": 5.050118777665752, "logK": -1.3651809475089056, "loc": 0.00020554395349276638, "logScale": -3.9647029500113184}