{"g1": 0.33137877728226117, "g2": 10.826642561616374, "logK": -3.0056887516353967, "loc": 0.026685014225038637, "logScale": -0.7761985911334507}