{"g1": 0.1827062250117698, "g2": 12.246475695800358, "logK": 0.9617449216233993, "loc": -0.0676173041965234, "logScale": -1.5082941765448592}