{"g1": 0.06660578609875353, "g2": 10.662786352873917, "logK": -2.5207864711465064, "loc": -0.0018451639021828392, "logScale": -1.8352387496548546}