{"g1": 0.5863640674130148, "g2": 9.191025913455992, "logK": -0.8797382009594552, "loc": -0.010768108271251828, "logScale": -3.848831536666161}