{"g1": 0.9033781454688932, "g2": 13.939690318878512, "logK": -3.948110640379397, "loc": 0.00024563236892394377, "logScale": -3.8890620153276045}