{"g1": 0.816749008088016, "g2": 14.694226870393795, "logK": -4.9992460956289815, "loc": -0.02960360324280639, "logScale": 3.5107646494214104}