{"g1": 0.5841626591120342, "g2": 11.152223674404448, "logK": 0.620616657388153, "loc": -0.10642730596676905, "logScale": 1.974904887308197}