{"g1": 0.6767425192789069, "g2": 14.32777409357259, "logK": -2.179424953483447, "loc": -0.0037164772983749534, "logScale": -3.9897668714341923}