{"g1": 0.46709845213394763, "g2": 7.483931338813362, "logK": 0.7959260165907077, "loc": -0.043354750556713825, "logScale": 0.4835562833507727}