{"g1": 0.8226133475723979, "g2": 13.346023375233333, "logK": 0.7802487533965414, "loc": 0.10375153016956244, "logScale": 1.9917318344847597}