{"g1": 0.2752843423726526, "g2": 7.6512446054194365, "logK": -1.897826962811361, "loc": 0.0018043912279032733, "logScale": -3.9946178198584126}