{"g1": 0.48612634023438206, "g2": 2.4274316814542614, "logK": -4.938123874622291, "loc": -0.0009673213949067411, "logScale": -3.9864933302231353}