{"g1": 0.23567474932220484, "g2": 10.420502289211232, "logK": -1.8512293874864478, "loc": -0.0007063762147040513, "logScale": -3.9986677150399026}