{"g1": 0.04431748779604133, "g2": 3.0341496383860447, "logK": 0.9381454715435873, "loc": -0.1308836344991716, "logScale": 0.7464248368044333}