{"g1": 0.06305471035025884, "g2": 7.349810294354626, "logK": -4.85647827212203, "loc": 0.024984197614074638, "logScale": -1.5351190457826478}