{"g1": 0.19404766141772609, "g2": 6.712428112857716, "logK": -0.05430248421904116, "loc": -0.02268573022162052, "logScale": -2.2873031695510746}