{"g1": 0.3650047611430398, "g2": 11.375173738079246, "logK": 0.9909629690992117, "loc": -0.001604169327165738, "logScale": -2.6149016080636467}