{"g1": 0.4682701017612859, "g2": 11.548983315100646, "logK": 0.9978936081591109, "loc": -0.12466457015646426, "logScale": 1.6836214519803618}