{"g1": 0.5468864168155674, "g2": 0.013786235137904335, "logK": -3.5656803054551913, "loc": 0.0024747286210340313, "logScale": -3.8513605471097674}