{"g1": 0.3806218992732989, "g2": 13.03671549075324, "logK": -0.8133297125067509, "loc": -0.009263237402451177, "logScale": -3.99495643648477}