{"g1": 0.13692286482668123, "g2": 12.406372544723306, "logK": -1.6647889075333353, "loc": 0.0002603670582421863, "logScale": -3.9963442435817775}