{"g1": 0.1730829954965214, "g2": 13.650793551457854, "logK": -0.7465839484374162, "loc": -0.011459583976984693, "logScale": -3.961827477479674}