{"g1": 0.5612790074201984, "g2": 14.606087044507474, "logK": 0.21860905815693116, "loc": 0.05420388436291384, "logScale": 3.9908259434254707}