{"g1": 0.9420988079017589, "g2": 14.952622359002174, "logK": 0.8473998728791171, "loc": 0.1478792350813714, "logScale": 2.8691213763796286}