{"g1": 0.6823997910808739, "g2": 10.432139529686483, "logK": -1.5902188641537016, "loc": -0.004677043023585726, "logScale": -3.9011751195489603}