{"g1": 0.37089953987107527, "g2": 14.62769667380111, "logK": -3.927821064567317, "loc": -0.0022561394115018824, "logScale": -3.981401436541786}