{"g1": 0.4851720905999174, "g2": 8.300842603855784, "logK": 0.989597547089194, "loc": -0.06759638666705638, "logScale": -2.8334596706163144}