{"g1": 0.6005947537919274, "g2": 1.060839304022382, "logK": 0.01998737039591203, "loc": -0.06246610202210304, "logScale": -0.3267234083769057}