{"g1": 0.3438364338733223, "g2": 0.5496270234313717, "logK": -2.454965235901922, "loc": 0.0996564310834073, "logScale": -0.6364411794117223}