{"g1": 0.7861494603637686, "g2": 14.91099361864793, "logK": 0.4723488760193059, "loc": -0.05457148923570811, "logScale": 3.7668718527926863}