{"g1": 0.15314264547998144, "g2": 13.250171294856141, "logK": -1.0531180721819235, "loc": -0.010989845641653773, "logScale": -3.8557620508313737}