{"g1": 0.7667487909424562, "g2": 14.4585885669081, "logK": 0.6380148794540602, "loc": -0.04156255837933033, "logScale": 1.7739112081736657}