{"g1": 0.4483456794753604, "g2": 12.000968631811162, "logK": -2.6447861663989656, "loc": 7.717379439170328e-05, "logScale": -3.976584303320127}