{"g1": 0.4643823309599558, "g2": 13.248318531574919, "logK": -2.7407519374572185, "loc": -0.002403397770878469, "logScale": -3.998063846901828}