{"g1": 0.9515574824292875, "g2": 13.875124278802373, "logK": 0.9912908396584287, "loc": 0.029168051197141116, "logScale": 0.9560705859151102}