{"g1": 0.44078143099491424, "g2": 13.285706938585339, "logK": -3.193426402712599, "loc": -0.008418554658776767, "logScale": -3.9947837701014093}