{"g1": 0.0902476943225543, "g2": 6.068664831876516, "logK": -2.704239219876367, "loc": -0.007640126479349935, "logScale": -3.993460428042455}