{"g1": 0.9250212377026734, "g2": 0.6786858669815576, "logK": -4.755062722031266, "loc": 0.008146679621240287, "logScale": -3.9903503283266013}