{"g1": 0.4569762399136142, "g2": 14.930013777705259, "logK": 0.990024187535663, "loc": -0.07687362458996999, "logScale": 2.6871204529808863}