{"g1": 0.6751432669946392, "g2": 14.810117055931759, "logK": -3.1826630886235714, "loc": 0.052141815868909355, "logScale": 2.4956091149117663}