{"g1": 0.35561536651715925, "g2": 5.193701261590592, "logK": -3.344271629591225, "loc": 0.003108005280484627, "logScale": -3.9985362176815507}