{"g1": 0.013658725338827563, "g2": 0.6766331754727866, "logK": -3.658754263323417, "loc": 0.00504648034136353, "logScale": -3.987015622992124}