{"g1": 0.3568272819338326, "g2": 14.985229833606027, "logK": 0.9946905628504039, "loc": 0.09654818752134708, "logScale": 2.5456366778216855}