{"g1": 0.31590041404241875, "g2": 9.955061241988446, "logK": -2.7203312676518894, "loc": -0.0192897004337984, "logScale": -3.5048263625279104}