{"g1": 0.7140194477080057, "g2": 14.804899027191622, "logK": -2.472413968989644, "loc": -0.0028374448070769692, "logScale": -3.986087475446914}