{"g1": 0.27869702169208355, "g2": 2.9307822518652222, "logK": 0.8772130258867774, "loc": -0.025271510840369254, "logScale": -3.564850755224323}