{"g1": 0.04777311368313983, "g2": 0.7021101799914289, "logK": 0.36510429699471914, "loc": -0.026447367988428134, "logScale": -3.8503360264356603}