{"g1": 0.0852862810529425, "g2": 9.83422323022975, "logK": -4.44788253462125, "loc": -0.09775074075981172, "logScale": 1.4723144417434963}