{"g1": 0.3183923975520989, "g2": 5.904298784987391, "logK": 0.9516855041231089, "loc": -0.03963170060632497, "logScale": 0.28278296815513015}