{"g1": 0.39172363864210746, "g2": 7.034154707646335, "logK": -2.1256483364916603, "loc": -0.007468398211716016, "logScale": -3.99483325573837}