{"g1": 0.29107496073425365, "g2": 1.9736425551481016, "logK": -2.7256596663760875, "loc": -0.0018135563157448886, "logScale": -3.9939495603360986}