{"g1": 0.999520287936722, "g2": 11.259390119115917, "logK": -4.7379366648979495, "loc": 0.006843052323134605, "logScale": -3.977163577680404}