{"g1": 0.6859403298877101, "g2": 14.930050044584812, "logK": -4.5615901334308715, "loc": -0.0021630120129668834, "logScale": -3.981425666938528}