{"g1": 0.8229199928519202, "g2": 5.453052304940637, "logK": -0.9753508866960199, "loc": -0.0021920220066469816, "logScale": -3.8313857106407183}