{"g1": 0.9825897622953608, "g2": 4.566380047014961, "logK": 0.527404769615287, "loc": -0.019018248785526812, "logScale": -3.865961262232611}