{"g1": 0.999709633154178, "g2": 14.987688764572342, "logK": -1.023120280459981, "loc": -0.022594390237057088, "logScale": -3.8520079287632063}