{"g1": 0.310191973957093, "g2": 7.118596238875301, "logK": 0.6311796701176927, "loc": -0.011640016900999778, "logScale": -0.543727850039486}