{"g1": 0.6067497398372421, "g2": 12.885160211791334, "logK": -1.7723667533536003, "loc": 0.004914200325675452, "logScale": -3.5917660519702324}