{"g1": 0.6601582270751689, "g2": 1.3415255286144292, "logK": -1.804233704384146, "loc": -0.003829802642780946, "logScale": -3.998129207618946}