{"g1": 0.1819823157324859, "g2": 0.5564202234957722, "logK": 0.7899727471831579, "loc": -0.09987596217349629, "logScale": 3.9791473892646283}