{"g1": 0.3172705197590736, "g2": 9.689095539554575, "logK": -2.4546740689716335, "loc": -0.006355564108926934, "logScale": -3.9896341088396188}