{"g1": 0.979028914126971, "g2": 8.787037437311145, "logK": -3.2746573667721726, "loc": -0.009704202241934962, "logScale": -3.9983415147718033}