{"g1": 0.8926172467118444, "g2": 1.241790797791656, "logK": 0.46235246870544666, "loc": 0.05135820540789219, "logScale": 1.0142516858187116}