{"g1": 0.020263829895160686, "g2": 5.2210403957264635, "logK": 0.6500159273521975, "loc": 0.049749879673108136, "logScale": -0.22192496294380065}