{"g1": 0.521356984940143, "g2": 14.978149119294631, "logK": -1.2303637190988226, "loc": 0.08973855131093748, "logScale": 3.3055354465354756}