{"g1": 0.35263561119954195, "g2": 9.840165313753456, "logK": 0.19817719345104248, "loc": 0.028121343448924894, "logScale": 0.08419403393836332}