{"g1": 0.45984897993667, "g2": 4.81373639319817, "logK": -3.256467050551462, "loc": 0.0016342594549869994, "logScale": -3.984674242688906}