{"g1": 0.40919610299461184, "g2": 6.948472194987165, "logK": -3.503226860570547, "loc": 0.0007194911066287571, "logScale": -3.9907175427624404}