{"g1": 0.350102869876068, "g2": 8.720168149516475, "logK": -1.9854814469514808, "loc": 0.009032761464366455, "logScale": -3.994438634009185}