{"g1": 0.3283816830805171, "g2": 11.391810756548539, "logK": 0.9836163241351437, "loc": -0.12203260789950574, "logScale": 0.5382110172846726}