{"g1": 0.20109576110236815, "g2": 9.159360174057127, "logK": -2.2733136935190656, "loc": 0.011794636269841556, "logScale": -3.8454426408986198}