{"g1": 0.8456003603451482, "g2": 13.362882259665412, "logK": -0.3915357426273469, "loc": -0.1159792654774513, "logScale": 3.9674450740822818}