{"g1": 0.03280510995294877, "g2": 7.29313805568014, "logK": 0.47199748995451674, "loc": -0.011124243583199845, "logScale": -3.9492886578098645}