{"g1": 0.25715306794302234, "g2": 8.635834094928777, "logK": -1.376558171384239, "loc": -0.003846463286013633, "logScale": -3.9973729667291256}