{"g1": 0.24895655318072085, "g2": 3.8840033005424845, "logK": 0.03347141551491373, "loc": 0.11054227078343404, "logScale": 1.7331995500078905}