{"g1": 0.9013018441708421, "g2": 14.38674611013842, "logK": 0.597181961224629, "loc": -0.0077232391813284035, "logScale": 2.37982423484444}