{"g1": 0.0030545060637435463, "g2": 1.769506576711835, "logK": 0.1618598564309643, "loc": -0.010838142077661803, "logScale": -2.8644498431155574}