{"g1": 0.019205694067371194, "g2": 5.304439326508898, "logK": -0.20978400873420977, "loc": 0.0021035737727679443, "logScale": -3.600106297114158}