{"g1": 0.7689454407769956, "g2": 2.022197006098614, "logK": 0.8312218090337131, "loc": -0.03463669770765566, "logScale": -1.5912310353090977}