{"g1": 0.7922300919091732, "g2": 11.245023308343592, "logK": -3.622524596793223, "loc": -0.0036238261989607265, "logScale": -3.9987724281895636}