{"g1": 0.3732456182244521, "g2": 7.710138294671748, "logK": -1.6892505713051973, "loc": -0.008891636363024195, "logScale": -3.9963458778632366}