{"g1": 0.6065791212858365, "g2": 14.888893183669472, "logK": 0.37749046164882244, "loc": 0.11294369393810283, "logScale": 3.4101507253530863}