{"g1": 0.986491621239687, "g2": 14.7256234254125, "logK": 0.7842232261826352, "loc": -0.10202905785717972, "logScale": 3.4569536293106093}