{"g1": 0.9892977279485233, "g2": 13.045853670658817, "logK": -2.8512106577179672, "loc": 0.08654361906312918, "logScale": -2.3673597436371097}