{"g1": 0.8147699638971763, "g2": 4.69019007097827, "logK": -3.2930732230701554, "loc": -0.00020763051794479327, "logScale": -3.9663217322403383}