{"g1": 0.03394809064600146, "g2": 4.267663047715614, "logK": -1.087478664749054, "loc": -0.13849548492892824, "logScale": -0.4966704025449902}