{"g1": 0.5463837879401404, "g2": 9.951079402007839, "logK": -1.4583157239725502, "loc": -0.010520335550473964, "logScale": -3.995936096212839}