{"g1": 0.3267904741381009, "g2": 0.5013978586215749, "logK": 0.7733706220834087, "loc": -0.07685189879234142, "logScale": 0.4713559339031166}