{"g1": 0.15555010379357728, "g2": 0.288770857157407, "logK": 0.6848839806048289, "loc": -0.12379031468259254, "logScale": 0.6169692657265856}