{"g1": 0.6588057273462061, "g2": 10.91217885333301, "logK": -1.3258069070921121, "loc": 0.0014063543331564003, "logScale": -3.9804271651769607}