{"g1": 0.3158878194273086, "g2": 0.5741364833861267, "logK": 0.7341910580615449, "loc": -0.02579376610572758, "logScale": -3.843219532531209}