{"g1": 0.2913926511801167, "g2": 13.827529584388019, "logK": 0.8644305456816727, "loc": -0.12547103081187938, "logScale": 2.7978969490129897}