{"g1": 0.9971394647642545, "g2": 14.663379538849163, "logK": -0.15502394199196967, "loc": -0.033257005947499814, "logScale": -3.802704634352874}