{"g1": 0.016085401956991485, "g2": 1.7573007621630583, "logK": 0.5776425800577816, "loc": 0.01522935404784398, "logScale": 0.34989959979689766}