{"g1": 0.20641891693946346, "g2": 9.585779941476424, "logK": -2.3279840961151956, "loc": 0.00606912907109982, "logScale": -3.98289963518991}