{"g1": 0.723679745470914, "g2": 13.43018808840038, "logK": -2.127526514460002, "loc": -0.013351540514007193, "logScale": -3.998318696867298}