{"g1": 0.3921774479231238, "g2": 13.958106859057446, "logK": 0.1866029452732078, "loc": -0.12788612265034172, "logScale": 3.9403029905727944}