{"g1": 0.2476738720492752, "g2": 12.913733118120405, "logK": -1.831405292126464, "loc": 0.00047696439118589777, "logScale": -3.990192077818924}