{"g1": 0.2114591413803005, "g2": 3.2580288958991064, "logK": 0.8098964227450394, "loc": 0.028761496832934635, "logScale": -1.581528877123492}