{"g1": 0.4603353840278278, "g2": 14.756485559774896, "logK": 0.6399894723179216, "loc": 0.05056610176371138, "logScale": 2.65182071658764}