{"g1": 0.997170663416348, "g2": 12.336909626181388, "logK": 0.5216589161027201, "loc": -0.046450514935258216, "logScale": -3.275715979552147}