{"g1": 0.6917600313931709, "g2": 11.570304602551804, "logK": -2.375294770249009, "loc": 0.006350830094289477, "logScale": -3.748877700719957}