{"g1": 0.0014207204809355556, "g2": 8.79083190363513, "logK": 0.8533162278778574, "loc": -0.004283616015392393, "logScale": -3.9927567685015752}