{"g1": 0.5298914007553976, "g2": 4.867668163778615, "logK": -4.342880388941437, "loc": -0.0017193800864895312, "logScale": -3.9673612292217544}