{"g1": 0.9654959226064515, "g2": 4.722993081269394, "logK": -2.210430610323651, "loc": -0.007178652789097573, "logScale": -3.9642646653186526}