{"g1": 0.7235036766552334, "g2": 4.3044712604803355, "logK": -0.7876723098361882, "loc": -0.004561395458592311, "logScale": -3.9760199772194373}