{"g1": 0.8558647202024428, "g2": 2.4344829936801307, "logK": -2.2387715155838146, "loc": -0.013475501227117357, "logScale": -3.727032049382155}