{"g1": 0.608437496554028, "g2": 14.112712532648487, "logK": 0.908255550874157, "loc": -0.07597969384897725, "logScale": 3.5393328089754714}