{"g1": 0.04304066123772543, "g2": 13.938481700871977, "logK": -3.9932376885474343, "loc": 0.00035979641885377014, "logScale": -3.989046598717564}