{"g1": 0.7957274273599095, "g2": 0.932008382116603, "logK": -1.1852714605134014, "loc": -0.006548048286140604, "logScale": -3.835783103872229}