{"g1": 0.6298252365521604, "g2": 12.104799459538015, "logK": -3.455535499608347, "loc": -0.00021061043984947798, "logScale": -3.9986827581797795}