{"g1": 0.9483291918143709, "g2": 7.864416731223995, "logK": -2.735259808679489, "loc": -0.011236008093823788, "logScale": -3.9860821279523506}