{"g1": 0.2274279477967972, "g2": 7.550102765276597, "logK": -3.760864312368713, "loc": 0.005143488657050468, "logScale": -3.9539346524949077}