{"g1": 0.5508395965859673, "g2": 4.022925457272912, "logK": 0.11026124205162646, "loc": -0.011795952535240331, "logScale": -3.9773652077620403}