{"g1": 0.3774006517914727, "g2": 14.999681876290508, "logK": 0.4231975538528747, "loc": 0.005973142731679357, "logScale": 3.9987072214042207}