{"g1": 0.025227840555168454, "g2": 6.390251379731021, "logK": -1.2661713362725218, "loc": -0.0078059078274614726, "logScale": -3.992727214014843}