{"g1": 0.3964762839373394, "g2": 11.112536966188387, "logK": -4.2661787403702345, "loc": -0.0053690012826517666, "logScale": -3.9976298461580466}