{"g1": 0.32265374891986076, "g2": 14.613258608026072, "logK": 0.9845695581395969, "loc": 0.02387194966390295, "logScale": 3.995367491949006}