{"g1": 0.10479570992478711, "g2": 10.010738265445267, "logK": -0.07072929827607255, "loc": -0.01794269691279327, "logScale": -2.7158645349645045}