{"g1": 0.5181106730899777, "g2": 4.396429660978875, "logK": -2.21971467190217, "loc": 0.009580828767523383, "logScale": -3.9689248133387975}