{"g1": 0.005605155569073893, "g2": 13.510377154258048, "logK": 0.8279374167840301, "loc": 0.06072643619212843, "logScale": -1.2699485496916727}