{"g1": 0.7880493813439577, "g2": 8.394010955126534, "logK": -2.430397492404085, "loc": -0.007217723915845471, "logScale": -3.969158290234073}