{"g1": 0.08850908628532896, "g2": 10.501815873531251, "logK": -1.016245188542268, "loc": -0.00865802886865842, "logScale": -3.9759468070943127}