{"g1": 0.6942165419567062, "g2": 14.727909413469616, "logK": -1.7644062195299632, "loc": -0.06538756097147033, "logScale": 3.974047738475639}