{"g1": 0.28458555223576687, "g2": 7.018262284588875, "logK": -3.2318198966940805, "loc": -0.005178038320938428, "logScale": -3.989808212909152}