{"g1": 0.9635868511933232, "g2": 9.676093572499944, "logK": -3.1561244470092706, "loc": 0.011170111022498024, "logScale": -3.9548149254571476}