{"g1": 0.6099652345905398, "g2": 13.888241616308864, "logK": -0.5945372097801328, "loc": -0.0034505110559667155, "logScale": -3.991827861044255}