{"g1": 0.5319281985630099, "g2": 5.137765600744761, "logK": -4.71818670969829, "loc": -0.003439201181774809, "logScale": -3.8157594956724203}