{"g1": 0.48495842660785116, "g2": 2.8441251319786085, "logK": 0.9963801039791823, "loc": 0.02905478756109841, "logScale": 0.6810006372746918}