{"g1": 0.8261473625219286, "g2": 6.031787375781675, "logK": -3.9253927892922285, "loc": 0.0009058360838837109, "logScale": -3.9767690418315174}