{"g1": 0.537828385583, "g2": 4.122019057751985, "logK": 0.990362171777782, "loc": -0.05914440388268538, "logScale": -2.493546009503565}