{"g1": 0.9528349194085055, "g2": 3.8187356868738727, "logK": -3.6063191305746534, "loc": 0.001171573799461288, "logScale": -3.993119500044641}