{"g1": 0.25619681626933843, "g2": 11.985511533707365, "logK": 0.5377678027079159, "loc": -0.05067178070189125, "logScale": -0.8900271199798336}