{"g1": 0.09316638893287785, "g2": 13.318382554483119, "logK": 0.6806986383227409, "loc": -0.013464617469821048, "logScale": -0.49577454533753634}