{"g1": 0.5739089602089937, "g2": 0.1596174526996831, "logK": -2.903350644954731, "loc": -0.001225033744874461, "logScale": -3.9661999575455797}