{"g1": 0.522018641949549, "g2": 12.884446970902873, "logK": 0.7369115563302578, "loc": 0.14222207658592487, "logScale": 0.3342072309365868}