{"g1": 0.10575993999641828, "g2": 2.7050295997454112, "logK": -1.3640599104212452, "loc": -0.015066669051229983, "logScale": -3.994366539092803}