{"g1": 0.2959881539014005, "g2": 2.26071529076895, "logK": -1.4573250841223824, "loc": 0.08929800183387948, "logScale": -0.3106146703650686}