{"g1": 0.16166170544622493, "g2": 14.892091333239573, "logK": -1.7368397280871075, "loc": -0.0015857313116307732, "logScale": -3.933517342257739}