{"g1": 0.33146379141428317, "g2": 10.032702142923341, "logK": 0.9806360710491067, "loc": -0.0792558049690376, "logScale": -2.1645852660709224}