{"g1": 0.2934369243517573, "g2": 7.251104955360378, "logK": 0.9736830696073823, "loc": -0.10777690723481034, "logScale": -3.1310098708065186}