{"g1": 0.3908756267972021, "g2": 6.745062821734959, "logK": -4.548554853564835, "loc": 0.0018294985952304731, "logScale": -3.992215011122035}