{"g1": 0.11229616904156249, "g2": 5.357931889014502, "logK": -3.813172716046006, "loc": -0.008630936306643612, "logScale": -3.998317992218392}