{"g1": 0.4266198848186054, "g2": 10.00146516058667, "logK": -2.4549829545105117, "loc": 0.003121890495339577, "logScale": -3.9933138527206933}