{"g1": 0.35477932264130463, "g2": 7.251074753075924, "logK": -2.750525587130232, "loc": 0.003198894961689162, "logScale": -3.1018046586505226}