{"g1": 0.9001956143393468, "g2": 9.890797723095407, "logK": -0.9190561083850393, "loc": -0.00538002083710298, "logScale": -3.99159366602679}