{"g1": 0.10438797173750977, "g2": 1.6599593459049158, "logK": -3.8699954421424105, "loc": 0.015246413349350903, "logScale": -3.0848479619793188}