{"g1": 0.5032816398519876, "g2": 14.352751618108618, "logK": 0.38787959590958954, "loc": 0.10129747180675458, "logScale": 3.992979569223116}