{"g1": 0.7537959383403986, "g2": 14.475988035772883, "logK": 0.4198094118616083, "loc": 0.03252737504195022, "logScale": 2.96344487380797}