{"g1": 0.2623864997507438, "g2": 1.094938789356696, "logK": 0.47306796577149535, "loc": -0.13659153184915884, "logScale": -0.8616314874220312}