{"g1": 0.17190238960830817, "g2": 8.211527317242098, "logK": -0.36665080242103015, "loc": -0.08462941841975466, "logScale": -1.067601849736814}