{"g1": 0.13418901291850288, "g2": 13.301131926569576, "logK": -1.1464424314872785, "loc": -0.07973860392227959, "logScale": -0.8753592309308429}