{"g1": 0.04890093085770149, "g2": 2.8661064414251918, "logK": -1.276615628517265, "loc": 0.000574914695672472, "logScale": -3.985614495099841}