{"g1": 0.07902262872476962, "g2": 9.22871671172842, "logK": 0.8954799671269205, "loc": -0.015860192823489584, "logScale": -3.318369587113458}