{"g1": 0.7309403248485822, "g2": 6.9010178307935535, "logK": -2.610963456115105, "loc": 0.0074336575971417195, "logScale": -3.9778347241122094}