{"g1": 0.03916882315546309, "g2": 8.305382946825803, "logK": -1.435438463407062, "loc": -0.0024255096745098154, "logScale": -3.9887164760374487}