{"g1": 0.8876405518116435, "g2": 0.5198806054692544, "logK": -1.780764021797211, "loc": 0.003206643488978622, "logScale": -3.9952570931412605}