{"g1": 0.23666108339199, "g2": 11.166059807737888, "logK": 0.10979091529467722, "loc": -0.046832381235859755, "logScale": -0.7886292943271412}