{"g1": 0.5217896628510955, "g2": 1.1329276133051163, "logK": -0.3450275070143508, "loc": -0.12176611017324065, "logScale": 0.3472508975331494}