{"g1": 0.4233857969673951, "g2": 5.014695524344803, "logK": -3.9416583074496607, "loc": -0.0009106285139756365, "logScale": -3.9677380412468093}