{"g1": 0.6607574699442815, "g2": 13.836678966426327, "logK": 0.9484791337032024, "loc": 0.08309521580145168, "logScale": 2.2450580850628388}