{"g1": 0.05706853308613538, "g2": 3.9945066111128527, "logK": -1.5632683000487642, "loc": 0.012865158075199768, "logScale": -1.5826035555577211}