{"g1": 0.9790166677184041, "g2": 7.825392249048234, "logK": -4.460854112270287, "loc": -0.008629257857396627, "logScale": -3.8193635024054613}