{"g1": 0.08452471096274633, "g2": 1.0087091827211552, "logK": 0.5211570455972531, "loc": -0.03812104490911705, "logScale": -2.420875728667081}