{"g1": 0.9073280531931439, "g2": 9.121434097512694, "logK": -4.151747068282479, "loc": -0.002413295828762983, "logScale": -3.9891385108245765}