{"g1": 0.21515546428773372, "g2": 8.11667904530683, "logK": -3.345442524585705, "loc": -0.003954183047532159, "logScale": -3.8312157207568287}