{"g1": 0.5787187562425686, "g2": 13.032915301565689, "logK": 0.9981744870511298, "loc": -0.040020137964024996, "logScale": 3.9930470212502596}