{"g1": 0.26361712249955227, "g2": 3.363967858002734, "logK": -3.478704837680052, "loc": 0.008730682319308927, "logScale": -3.7407934819903192}