{"g1": 0.26956139469012413, "g2": 5.287718388836561, "logK": -4.779800030941393, "loc": 0.000631131225369775, "logScale": -3.983971628308749}