{"g1": 0.2890039041595873, "g2": 14.142239149185405, "logK": 0.7417745694579061, "loc": -0.13397152048170685, "logScale": -1.8274010254302493}