{"g1": 0.5819433928464732, "g2": 6.161087398935207, "logK": -4.248328618043791, "loc": -0.005804480005198836, "logScale": -3.9786839871035355}