{"g1": 0.389286830519097, "g2": 14.041557187056913, "logK": 0.37711389833763437, "loc": -0.05294884147271674, "logScale": -0.5284558692133394}