{"g1": 0.8359336237922692, "g2": 14.057519323820292, "logK": 0.7452578597768998, "loc": -0.12250075029602601, "logScale": 3.8718377136537407}