{"g1": 0.9875697369745324, "g2": 11.225792333707902, "logK": -4.1272792841147385, "loc": -0.009060553146256256, "logScale": -3.7149921243469097}