{"g1": 0.9916600660200339, "g2": 5.97434141344912, "logK": -4.733081703130312, "loc": -0.0043536703942397255, "logScale": -3.978871126037424}