{"g1": 0.6641856340128076, "g2": 14.981456685867967, "logK": 0.7126350318594713, "loc": 0.07591985651303555, "logScale": 2.370245649441738}