{"g1": 0.31087470818848534, "g2": 9.108825704928396, "logK": -2.1012759853717795, "loc": 0.00353138443482702, "logScale": -3.9692153338230804}