{"g1": 0.680499526972683, "g2": 0.7409642071165745, "logK": -1.4361119991148197, "loc": -0.0017948456155382538, "logScale": -3.7750049390524665}