{"g1": 0.3025065030598082, "g2": 10.127546141211978, "logK": -4.299188198258329, "loc": 0.008261237229532465, "logScale": -3.9994504890683036}