{"g1": 0.533679848348858, "g2": 14.97280471928165, "logK": 0.26058424322904095, "loc": 0.025058193098723983, "logScale": 2.9905499983574084}