{"g1": 0.07854642977718046, "g2": 12.879187231342287, "logK": -2.1812764788419763, "loc": 4.8449014058925786e-05, "logScale": -3.9947553451018485}