{"g1": 0.5944020304289376, "g2": 0.7393398673215641, "logK": -0.5938440074381157, "loc": -0.008586105286383677, "logScale": -3.9653270298299637}