{"g1": 0.9988792437675514, "g2": 9.926206719546746, "logK": -2.511834038839809, "loc": 0.014257358282591864, "logScale": -3.9948224125654983}