{"g1": 0.8230508980247894, "g2": 11.196579145284787, "logK": -4.086425775185505, "loc": -0.004263292101738161, "logScale": -3.874667575350442}