{"g1": 0.9246023616476144, "g2": 1.001002785849356, "logK": 0.7232168007858653, "loc": 0.02412894612086454, "logScale": -0.038554024333806725}