{"g1": 0.5128405016522385, "g2": 5.723187576745861, "logK": -2.014710379933556, "loc": -0.006791130388347992, "logScale": -3.9845108971072647}