{"g1": 0.3413728464911473, "g2": 13.03311647753663, "logK": -3.922173471481143, "loc": 0.0029600969271268793, "logScale": -3.984080203730672}