{"g1": 0.2656719224149566, "g2": 6.452101827488787, "logK": -4.2238057565674545, "loc": 0.00706814989820144, "logScale": -3.9951927481888574}