{"g1": 0.40093399695634657, "g2": 12.82232584597042, "logK": -3.390032818000739, "loc": -0.004278208454727027, "logScale": -3.9939809838741653}