{"g1": 0.2670797570611308, "g2": 13.504641383968167, "logK": -1.4052181938705044, "loc": -0.0001658515785888607, "logScale": -3.9657679417937843}