{"g1": 0.7468671604087846, "g2": 4.186877267016539, "logK": -1.7004776138593924, "loc": -0.003949372354524756, "logScale": -3.988847831267136}