{"g1": 0.904237169585576, "g2": 2.9238805585698673, "logK": -3.1181191789859444, "loc": -0.003373744528423468, "logScale": -3.9922551987958412}