{"g1": 0.8431753389053404, "g2": 8.92148200008156, "logK": 0.9966998998184662, "loc": -0.052624573659707526, "logScale": -1.4843175037475111}