{"g1": 0.3522420341813738, "g2": 8.699283749986922, "logK": -4.576531213948263, "loc": 0.00937937016427997, "logScale": -3.9799135589512704}