{"g1": 0.7315056593122414, "g2": 13.109817844023787, "logK": 0.9333717544979996, "loc": -0.09098959862529904, "logScale": 0.661783934397272}