{"g1": 0.7361349323304391, "g2": 2.2234156403064227, "logK": -4.278341775172511, "loc": -0.0007291421508883447, "logScale": -3.972205281243275}