{"g1": 0.9383727470082779, "g2": 12.318077402733152, "logK": 0.8797952242763802, "loc": -0.029388423342281055, "logScale": -2.8550158478098573}