{"g1": 0.9701298593354741, "g2": 3.8864747215346944, "logK": -2.3685866458145206, "loc": 0.0058121050452976586, "logScale": -3.9915344799086743}