{"g1": 0.9697146526494383, "g2": 0.9869445837384085, "logK": -3.2308590870013334, "loc": -0.002272729244576426, "logScale": -3.615959133602297}