{"g1": 0.6860145758627284, "g2": 7.753936819709053, "logK": -2.7522039655069896, "loc": 0.004445316484021477, "logScale": -3.997563074098677}