{"g1": 0.02423490083297803, "g2": 9.49194529208295, "logK": -1.4118152385893206, "loc": -0.001485008640071687, "logScale": -3.963333149261338}