{"g1": 0.6420927890820826, "g2": 5.000814229023336, "logK": -2.6409340717706264, "loc": -0.004697480739666322, "logScale": -3.9756238265092114}