{"g1": 0.6970985571234812, "g2": 9.187129141322966, "logK": -1.6092927946761297, "loc": 0.003155882737867181, "logScale": -3.979249196736921}