{"g1": 0.9251569999016854, "g2": 3.8188381414962578, "logK": -3.707853509257123, "loc": 0.002253054478537344, "logScale": -3.861053450826774}