{"g1": 0.974539643960708, "g2": 7.4392501631283485, "logK": -2.331695429400486, "loc": -0.0027947795029146065, "logScale": -3.9651718840933454}