{"g1": 0.6513309474093153, "g2": 13.063674965682175, "logK": -1.0462800536513774, "loc": 0.0032440999749943043, "logScale": -3.998157590603456}