{"g1": 0.5055667357234628, "g2": 2.589746930257655, "logK": -3.6091236791057595, "loc": 0.007881855602423214, "logScale": -3.991246209997638}