{"g1": 0.2045217769069164, "g2": 2.996140765833577, "logK": -4.526264958095855, "loc": -0.0042206766642393714, "logScale": -3.97442995839125}