{"g1": 0.8924812871536415, "g2": 6.55079148115591, "logK": -1.8932172673684309, "loc": 0.0010280554544857346, "logScale": -3.9914140999179755}