{"g1": 0.4065721922340545, "g2": 7.867080889214018, "logK": -2.33290612334538, "loc": -0.005574200112862317, "logScale": -3.984863744943312}