{"g1": 0.8797798127843743, "g2": 8.39497773464627, "logK": -4.9186893819954545, "loc": 0.005432548199895713, "logScale": -3.961639105089038}