{"g1": 0.7263424483861314, "g2": 12.126007850305754, "logK": -4.437330629247012, "loc": -0.0022150333910576653, "logScale": -3.996267664293207}