{"g1": 0.699260309379534, "g2": 2.8152591268187126, "logK": -3.5690393878830413, "loc": -0.0022942074949315497, "logScale": -3.9981534043472555}