{"g1": 0.4585185603959939, "g2": 3.9983511277392783, "logK": -2.0073281603710136, "loc": -0.008582158697558231, "logScale": -3.9926066451067768}