{"g1": 0.7164744867323146, "g2": 3.183440120587642, "logK": -0.795559931713099, "loc": -0.002257412521597234, "logScale": -3.998930651455515}