{"g1": 0.6547613522323862, "g2": 9.623197859339943, "logK": -2.2130662570065973, "loc": -0.007396849870860646, "logScale": -3.9965840259799736}