{"g1": 0.19173918634126189, "g2": 12.419232140695062, "logK": -4.173416654302502, "loc": -0.010782581905962506, "logScale": -3.982380370818111}