{"g1": 0.825826463290618, "g2": 4.636602385368259, "logK": -0.04156110391960749, "loc": -0.02422830970503995, "logScale": -3.8490679138226698}