{"g1": 0.9585336635079275, "g2": 9.134016107806847, "logK": -3.147605061648693, "loc": -0.0011910538032457452, "logScale": -3.9986112667136555}