{"g1": 0.12904309666550767, "g2": 9.512355173011636, "logK": -1.1907855780558303, "loc": -0.014296521025381826, "logScale": -3.9963988118763285}