{"g1": 0.9816093453073998, "g2": 7.2344483151889545, "logK": -3.2511943556323866, "loc": -0.013743644235159171, "logScale": -3.7917474243571734}