{"g1": 0.8401265695710808, "g2": 14.19454366843149, "logK": -1.0922643331171054, "loc": -0.008967062387349754, "logScale": -3.981979273371623}