{"g1": 0.9715118416724771, "g2": 12.526774087955856, "logK": -0.5545482247012408, "loc": -0.021616325232483788, "logScale": -3.9999711076291837}