{"g1": 0.35466656664240115, "g2": 7.577346615049697, "logK": -1.1726242496385937, "loc": -0.004060503005839496, "logScale": -3.9731730391061166}