{"g1": 0.9603765949916482, "g2": 12.211917784206788, "logK": -2.7735177485672087, "loc": 0.032975464203370275, "logScale": -1.9422807981680543}