{"g1": 0.9797632789075783, "g2": 10.018293669254573, "logK": 0.768839505443125, "loc": -0.018011385074916217, "logScale": -3.265344197574831}