{"g1": 0.9740865214596688, "g2": 12.162435313843957, "logK": 0.9961145418361229, "loc": -0.045874445564644484, "logScale": -3.7928029708355977}