{"g1": 0.877276840529974, "g2": 5.740401944742618, "logK": 0.8866449930836247, "loc": -0.055438427304559244, "logScale": -3.6003582781193955}