{"g1": 0.9993764205182383, "g2": 2.715858565891022, "logK": -0.5103075678456546, "loc": -0.02524197799570689, "logScale": -2.801111999417308}