{"g1": 0.07927092649335644, "g2": 10.36099777507583, "logK": 0.7946082291623143, "loc": -0.10449205172636843, "logScale": -2.2962181769862826}