{"g1": 0.2649850610355261, "g2": 12.113480572285278, "logK": -3.844542498375113, "loc": 0.03125807781235567, "logScale": -2.538256375463624}