{"g1": 0.34510210897342647, "g2": 0.2812783705292965, "logK": 0.42128168133372984, "loc": -0.10274124808364285, "logScale": -2.051662193123278}