{"g1": 0.041011525252413104, "g2": 14.664019375759102, "logK": -4.384538854328638, "loc": -0.023796510082728973, "logScale": -1.8271930826127474}