{"g1": 0.041462355190056144, "g2": 12.319573309764598, "logK": -3.770053975969746, "loc": 0.044920102760966765, "logScale": -2.0124954260332157}