{"g1": 0.1261333197426763, "g2": 5.535044146021717, "logK": -2.5322517755898244, "loc": 0.005711591554249648, "logScale": -1.759942306946337}