{"g1": 0.08936056458431324, "g2": 1.5971642628934464, "logK": -2.7418599308553437, "loc": 0.11488886971125828, "logScale": -0.30763947724040885}