{"g1": 0.4127702480490901, "g2": 0.0439997358439681, "logK": 0.8425500483530535, "loc": -0.054151794330200745, "logScale": -2.8159230541529037}