{"g1": 0.042557768753488226, "g2": 3.657669708148374, "logK": -3.4137925065557737, "loc": 0.03765339279247511, "logScale": -0.6303790650402679}