{"g1": 0.08202271794939876, "g2": 12.043225618232876, "logK": -3.0803355835095143, "loc": -0.021412695128039328, "logScale": -1.8760049452453489}