{"g1": 0.05956631955877953, "g2": 4.805508477414033, "logK": 0.36169921414259587, "loc": -0.03861447023820981, "logScale": -2.96501192997046}