{"g1": 0.019060150356518504, "g2": 13.070154623393625, "logK": -4.126363233050883, "loc": 0.06399767580126045, "logScale": -1.7033784233383507}