{"g1": 0.30733525614241364, "g2": 0.11361112293684522, "logK": 0.6812552577423372, "loc": -0.03848830592249547, "logScale": -2.8206215508266497}