{"g1": 0.09019795869469774, "g2": 5.58237810857311, "logK": -2.4159397007962164, "loc": 0.004751293923723567, "logScale": -1.9276922730904122}