{"g1": 0.04294441844732205, "g2": 14.978608169387169, "logK": -3.948978017713614, "loc": 0.01174564206547684, "logScale": -1.7463026641934878}