{"g1": 0.3037688807890726, "g2": 7.454982174197099, "logK": 0.9438779777871855, "loc": -0.006139243074220957, "logScale": -2.8938634755753894}