{"g1": 0.04951578229039438, "g2": 6.088390997065487, "logK": -3.891050260284688, "loc": 0.047266828223050575, "logScale": -1.9918444750299347}