{"g1": 0.12047541243789778, "g2": 0.315632549813496, "logK": -2.3145451805940946, "loc": -0.06714564776487014, "logScale": -1.9920610626480415}