{"g1": 0.14311744915659746, "g2": 2.2535961878324455, "logK": 0.28286193288097905, "loc": -0.03509205531409327, "logScale": -2.854105751226572}