{"g1": 0.25020779180255937, "g2": 7.287965337453453, "logK": -0.21085475274327425, "loc": -0.11840141473505769, "logScale": -1.9541225726320695}