{"g1": 0.002940018693076689, "g2": 6.755323294652241, "logK": -4.346039123388586, "loc": -0.034731897821464304, "logScale": -0.5579006032612387}