{"g1": 0.8527693239243862, "g2": 4.441797551982485, "logK": 0.998549273567463, "loc": -0.08327949131460356, "logScale": -2.4226355635718484}