{"g1": 0.5320698052800269, "g2": 10.134895661361636, "logK": 0.8945243026851586, "loc": -0.014672874279502795, "logScale": -3.789820968222706}