{"g1": 0.05852245523911542, "g2": 4.492231788679507, "logK": 0.7313062288585939, "loc": -0.1080062833274285, "logScale": -2.483463269997455}