{"g1": 0.0621297132844848, "g2": 9.852994917208882, "logK": -2.381346980700372, "loc": -0.04300525913389273, "logScale": -0.5949584183802575}