{"g1": 0.12634006616507337, "g2": 10.531860755126, "logK": -3.0193607565774077, "loc": 0.06296979768378666, "logScale": -1.853381630965956}