{"g1": 0.029941042292031206, "g2": 1.4452637833834956, "logK": -2.321159227680957, "loc": 0.10676352942963262, "logScale": -0.5654435361950546}