{"g1": 0.1934414137908867, "g2": 7.733554054060759, "logK": 0.9609035915123312, "loc": -0.027183943640631862, "logScale": -3.5920699622888352}