{"g1": 0.1763465470884935, "g2": 14.12603910913239, "logK": 0.5462315136821867, "loc": -0.05735124611761992, "logScale": -2.8638598977410568}