{"g1": 0.4302807952717934, "g2": 0.015655013286415276, "logK": -0.7360440378356361, "loc": -0.14723209199983445, "logScale": -1.9973629054051625}