{"g1": 0.12514490769506814, "g2": 0.02455917741713242, "logK": -1.2617786780034561, "loc": 0.10998449984774128, "logScale": -0.797418203330447}