{"g1": 0.006316771959047507, "g2": 9.619536598211747, "logK": 0.006411544965122473, "loc": -0.06337512539026488, "logScale": -1.888370868043475}