{"g1": 0.6999041955752312, "g2": 9.292956410584306, "logK": 0.7231815356365245, "loc": -0.055077085465163975, "logScale": -2.632749182814414}