{"g1": 0.42868961321363236, "g2": 12.83988978438375, "logK": 0.590958900564604, "loc": -0.051014578347529455, "logScale": -2.6955726859537212}