{"g1": 0.960701003564066, "g2": 8.372747520715299, "logK": 0.9967806722635422, "loc": -0.12984902610112126, "logScale": -0.9339143098513873}