{"g1": 0.9490995868886747, "g2": 5.820758585158653, "logK": -2.3924498524251026, "loc": -0.07559627432582494, "logScale": 0.1752518699626785}