{"g1": 0.44936766678778245, "g2": 6.216513844545373, "logK": -2.761535809042539, "loc": -0.00520236070041198, "logScale": -3.9915108239044033}