{"g1": 0.926985531348285, "g2": 6.151395602033599, "logK": -3.8298114213394356, "loc": -0.005161084121857773, "logScale": -3.8675154823401376}