{"g1": 0.9978833398134828, "g2": 7.135688068610275, "logK": -0.5554425740599052, "loc": -0.00327011169211237, "logScale": -3.8402623116732437}