{"g1": 0.9840534467434996, "g2": 4.3131135450782, "logK": -4.942047482457614, "loc": -0.004757714093151847, "logScale": -3.9602413874370956}