{"g1": 0.5703941113901411, "g2": 11.776701752852158, "logK": -1.5258826404136678, "loc": -0.005354366205241829, "logScale": -3.994281491829063}