{"g1": 0.9836654580917663, "g2": 14.409787343095703, "logK": -2.484102650446029, "loc": 0.14389300956837411, "logScale": 0.6528018610621947}