{"g1": 0.9892026649754084, "g2": 14.672079581824228, "logK": -3.0102466975882742, "loc": -0.009969972030952724, "logScale": -3.84605165629046}