{"g1": 0.8250684269100872, "g2": 6.244711392657828, "logK": -4.470096393580123, "loc": 0.004444052239285863, "logScale": -3.7951428768515534}