{"g1": 0.06048487745120019, "g2": 4.2060989024231334, "logK": -0.4329894451975665, "loc": -0.11962972928317823, "logScale": -0.22662369242344427}