{"g1": 0.9387200425148251, "g2": 11.093975009685408, "logK": 0.23263458099501566, "loc": -0.01157218240180876, "logScale": -3.98952563350224}