{"g1": 0.9341618807921722, "g2": 9.008355437665529, "logK": -3.440411689346174, "loc": 0.004671147981635539, "logScale": -3.9829632004269255}