{"g1": 0.9553681786392643, "g2": 12.286564858946068, "logK": -0.3771384983766768, "loc": 0.089219943458254, "logScale": -0.7282291795499631}