{"g1": 0.9190052388504987, "g2": 10.774115519219935, "logK": -1.8742794234304607, "loc": -0.012894810649218665, "logScale": -3.994307720525885}