{"g1": 0.9852910763976982, "g2": 10.130768848834673, "logK": 0.7525125634875565, "loc": -0.12585036423158452, "logScale": -0.3213754729357653}