{"g1": 0.99866289562278, "g2": 12.825380814147357, "logK": -0.6533010853463944, "loc": -0.043471780520184564, "logScale": 0.48520201827480425}