{"g1": 0.9891636532416254, "g2": 5.80064367499949, "logK": -4.638201015498938, "loc": 0.0031138608979399077, "logScale": -3.7524165530316234}