{"g1": 0.9611448529937014, "g2": 1.5498702160199653, "logK": -4.35070931473258, "loc": 0.00432527611242687, "logScale": -3.9450135137323215}