{"g1": 0.9136801266484067, "g2": 12.592079939657921, "logK": 0.6993028289200299, "loc": -0.10146203822492517, "logScale": -0.7109420011927529}