{"g1": 0.9978336532308208, "g2": 12.450607549840523, "logK": -2.7456222647943873, "loc": 0.0009657340860658604, "logScale": -3.9958893534587325}