{"g1": 0.9856145374047867, "g2": 8.816631932984247, "logK": -1.8535983658360684, "loc": 0.07942150162657398, "logScale": -0.45953655211805194}