{"g1": 0.9982563596799104, "g2": 8.891084225917982, "logK": -3.2500865998227195, "loc": 0.006364122964967196, "logScale": -3.80254804724325}