{"g1": 0.9958901871327337, "g2": 13.646176999096806, "logK": -4.278979090320761, "loc": -0.012211592430805829, "logScale": -3.673185029781295}