{"g1": 0.0011400624596759326, "g2": 8.250914970208365, "logK": -4.86763505451373, "loc": 0.011392615996003247, "logScale": -3.5664416142752375}