{"g1": 0.9099777428938867, "g2": 13.086924652090588, "logK": -0.9931089338819392, "loc": -0.0008300584467374182, "logScale": -3.994101443712513}