{"g1": 0.6869007329186199, "g2": 12.878039423404143, "logK": -4.39881693886314, "loc": -0.0006104357093058045, "logScale": -3.9855104041052645}