{"g1": 0.7264262257279814, "g2": 3.253873311758128, "logK": -2.671633226368811, "loc": 0.004142080930313808, "logScale": -3.978074852695775}