{"g1": 0.9909566540463098, "g2": 11.503509265595548, "logK": -3.0945744698409783, "loc": -0.04583888069148358, "logScale": 0.0723803120913708}