{"g1": 0.9935558427536517, "g2": 6.762494128670875, "logK": -3.5731846454918648, "loc": 0.007818387543910617, "logScale": -3.9832268968966993}