{"g1": 0.9995849136817243, "g2": 11.271019349954237, "logK": -2.7186761982386622, "loc": 0.0764220065991409, "logScale": 0.7087741683718153}