{"g1": 0.9602737732016892, "g2": 5.679772880279225, "logK": -1.7888667465437553, "loc": 0.006420956316942318, "logScale": -3.7036965024558857}