{"g1": 0.9638369085370849, "g2": 14.179927994845778, "logK": -4.426534462760748, "loc": 0.014648157184383899, "logScale": -3.9553191160416867}