{"g1": 0.9992027894716614, "g2": 7.523846460474573, "logK": 0.25276704306560904, "loc": -0.03994300217840427, "logScale": -1.0527261366619456}