{"g1": 0.9991235755507526, "g2": 7.891880798541864, "logK": -0.7478027178377377, "loc": -0.04007273400186528, "logScale": -3.0064904966532806}