{"g1": 0.9476601328384715, "g2": 2.524817079149575, "logK": -0.8881573814729209, "loc": 0.008102563935797141, "logScale": -3.5000480830440943}