{"g1": 0.893158115134925, "g2": 1.684190338297522, "logK": -0.37122771849708447, "loc": -0.020410651509149, "logScale": -3.618936032417689}