{"g1": 0.7364640838636014, "g2": 3.0044949108027943, "logK": -0.3148297639506179, "loc": -0.009662925875996363, "logScale": -3.4621439072129494}