{"g1": 0.977612015821149, "g2": 8.36594953812776, "logK": -0.078310851115855, "loc": -0.021149429649913364, "logScale": -3.622583667364314}