{"g1": 0.9473790209067536, "g2": 11.481810811513123, "logK": -0.8397373522376037, "loc": -0.010287561734218548, "logScale": -3.958920927643629}