{"g1": 0.12110472275508989, "g2": 0.030325223512214228, "logK": -4.629654777166594, "loc": 0.14476446672644394, "logScale": 0.8203856315102359}