{"g1": 0.305811045442651, "g2": 0.029195802201218424, "logK": -1.6037050912683006, "loc": -0.05101267217936903, "logScale": 1.6485311745141777}