{"g1": 0.03931465956105744, "g2": 4.456551716669075, "logK": 0.40799505507588024, "loc": -9.570098739359115e-05, "logScale": 0.7919319213015126}