{"g1": 0.030041634309328845, "g2": 1.8777267074059312, "logK": 0.4033121563266865, "loc": 0.05564580089005841, "logScale": 0.6415052732373947}