{"g1": 0.5623906575357608, "g2": 0.09965323559238817, "logK": 0.9869214015874666, "loc": -0.007869645891869274, "logScale": 0.357238542309007}