{"g1": 0.03340790237673455, "g2": 9.782964060311876, "logK": 0.9868474085006285, "loc": -0.11523931175324487, "logScale": 0.4766395902025619}