{"g1": 0.09516296469507998, "g2": 4.121234994998683, "logK": 0.9254730341865245, "loc": -0.03820191144532794, "logScale": 0.26365416906828454}