{"g1": 0.021950691774749738, "g2": 9.544940755612442, "logK": 0.6045277342769718, "loc": -0.00442350718084062, "logScale": 0.25959455401440595}