{"g1": 0.023735393567381167, "g2": 12.230317155989546, "logK": -2.168631344282837, "loc": -0.07264523393420359, "logScale": 1.691741239184788}