{"g1": 0.04241829454662116, "g2": 0.09039597350760786, "logK": 0.9798704001413141, "loc": -0.03764382744033021, "logScale": -0.08071553369927498}