{"g1": 0.10082069454222554, "g2": 11.320995984750482, "logK": 0.9594277278863993, "loc": -0.016268550000187315, "logScale": -0.2617708685824838}