{"g1": 0.12577687235201718, "g2": 0.018128359692229028, "logK": -2.1710099742164046, "loc": -0.10125409882836514, "logScale": 1.4927501919179524}