{"g1": 0.8225161608293076, "g2": 0.08428909023400255, "logK": 0.3838010474705782, "loc": 0.06701794261690516, "logScale": 0.2084894380055069}