{"g1": 0.0040154844723083866, "g2": 5.528622016806608, "logK": 0.7924230507385069, "loc": -0.1436890803804159, "logScale": 0.5113598942468491}