{"g1": 0.24203397022666606, "g2": 0.09558899790052744, "logK": 0.3577027923026439, "loc": -0.10435128607601782, "logScale": 0.277502199739706}