{"g1": 0.030783870007177583, "g2": 4.060402775710613, "logK": -2.4093637627595585, "loc": 0.02522317234957961, "logScale": 0.788792512976895}