{"g1": 0.6995989235205706, "g2": 0.050920517641626306, "logK": -1.717162097401399, "loc": 0.06347599773631636, "logScale": 1.5021651226172208}