{"g1": 0.07231855132536846, "g2": 3.3497508922790127, "logK": 0.9802295884934967, "loc": -0.008452889815221241, "logScale": 0.38272734266012054}