{"g1": 0.03020648889899477, "g2": 14.76776535730134, "logK": 0.9977087129900377, "loc": -0.1411642868753173, "logScale": 0.2547667105798116}