{"g1": 0.20394808905993772, "g2": 0.02600756128399695, "logK": -4.875747714794014, "loc": 0.0009520979632082587, "logScale": 1.3778445440500524}