{"g1": 0.057182582749767744, "g2": 13.266825082634162, "logK": 0.7346089721529505, "loc": 0.051525065742227795, "logScale": 0.3323861065346199}