{"g1": 0.18086792899394916, "g2": 0.043536045303284254, "logK": 0.6080577700425799, "loc": 0.011910211664680797, "logScale": 0.5603856796815893}