{"g1": 0.345530269670335, "g2": 0.005096439552413484, "logK": 0.9880114300959606, "loc": 0.010847835413379534, "logScale": 0.1987989124762226}