{"g1": 0.001371618696995874, "g2": 6.798383361671334, "logK": 0.1838608440883034, "loc": -0.033973579586055756, "logScale": 0.13693788683680563}