{"g1": 0.05274692248509316, "g2": 6.627337626897816, "logK": 0.9877794785325622, "loc": -0.1006786535583585, "logScale": -0.16293790640684458}