{"g1": 0.019960238284353907, "g2": 8.932078186142833, "logK": 0.8793337835584267, "loc": 0.003014441562443834, "logScale": 0.26312899646031157}