{"g1": 0.05264971022903041, "g2": 0.3817258580965748, "logK": 0.717518881991299, "loc": -0.005343323561578328, "logScale": 0.48899169111167473}