{"g1": 0.0018608259203918489, "g2": 3.3856956700238854, "logK": 0.4507243326593371, "loc": -0.12091133033753158, "logScale": 0.2707528820787267}