{"g1": 0.1028535740089801, "g2": 0.9241397210961588, "logK": 0.5034310894343613, "loc": 0.01553275951200065, "logScale": 0.928374299311341}