{"g1": 0.2826008517730133, "g2": 0.023028701345866383, "logK": 0.37577099009078657, "loc": -0.11795374545355553, "logScale": 0.19816553108560647}