{"g1": 0.03550813180538988, "g2": 2.0500906158286267, "logK": -0.3030076243699312, "loc": 0.033719144725526715, "logScale": 0.4821011584425634}