{"g1": 0.01410450919172214, "g2": 3.216104894428577, "logK": 0.17181010555597087, "loc": -0.08230229452542145, "logScale": 0.6042615705470312}