{"g1": 0.0064145218059023235, "g2": 12.062868097078518, "logK": 0.17644694865931676, "loc": 0.08619837770911093, "logScale": 0.2233690981488506}