{"g1": 0.07108322635814605, "g2": 0.023189691789285982, "logK": 0.7117095950165774, "loc": -0.11803016822347764, "logScale": -0.4483938403996083}