{"g1": 0.6149774267043664, "g2": 0.03150462444515334, "logK": 0.5718399592275727, "loc": 0.04048342834103878, "logScale": -0.025513140874971297}