{"g1": 0.6886655012801178, "g2": 0.3995847218955941, "logK": 0.04556500638433014, "loc": 0.04201694704910544, "logScale": 1.2453094689701554}