{"g1": 0.0372415696377823, "g2": 1.9305563556659877, "logK": 0.9979835306714059, "loc": 0.0017257322757536636, "logScale": -0.3618587457562852}