{"g1": 0.4355493484681733, "g2": 0.04587435405459034, "logK": -0.08879254508045664, "loc": 0.04294476354199978, "logScale": 0.35277175392444526}