{"g1": 0.012599115851743892, "g2": 13.359663688574196, "logK": -4.364681196986983, "loc": 0.12672279719284976, "logScale": 1.4128607429201592}