{"g1": 0.5436553542517837, "g2": 0.01585495199483447, "logK": -1.949304951599545, "loc": 0.1496503289014889, "logScale": 1.3602897049970277}