{"g1": 0.10091831117591148, "g2": 0.4738097357003739, "logK": 0.8587901992952887, "loc": -0.04285857069455534, "logScale": 0.5712028281211774}