{"g1": 0.05504181615758587, "g2": 14.206868200387564, "logK": 0.7756203776525221, "loc": -0.10417352975573739, "logScale": 0.47616391119494494}