{"g1": 0.03711874165198436, "g2": 9.51948635119992, "logK": -3.136776544176169, "loc": -0.03840304207759885, "logScale": 0.9385491937136887}