{"g1": 0.011285156952787216, "g2": 0.5076280538404809, "logK": 0.39053124433161335, "loc": 0.016682496990356142, "logScale": 0.9759499993637365}