{"g1": 0.035986282849500395, "g2": 11.039565466467314, "logK": 0.5528908013370674, "loc": -0.09546172566033302, "logScale": 0.3809727734179798}