{"g1": 0.9216490487905016, "g2": 0.07906145213444477, "logK": 0.8900162275860961, "loc": 0.029696051815935175, "logScale": -0.43291117968165005}