{"g1": 0.027757302441481085, "g2": 5.531694884316936, "logK": 0.9034801568596662, "loc": -0.11700414193114514, "logScale": -0.400982930753258}