{"g1": 0.05429866977701651, "g2": 7.884432022807175, "logK": 0.3593885641456178, "loc": 0.12184800487257898, "logScale": 0.8229851474187221}