{"g1": 0.017320321568659564, "g2": 8.554266692234101, "logK": 0.5923153051319963, "loc": -0.005662450117008465, "logScale": -0.19880100512147483}