{"g1": 0.005888865647252051, "g2": 7.537445645075118, "logK": -0.1143455417064437, "loc": -0.08174411374833582, "logScale": 0.8421090867067998}