{"g1": 0.020850714509854443, "g2": 9.415730845528417, "logK": 0.8339489327936837, "loc": -0.012098882663563647, "logScale": -0.31074222698677945}