{"g1": 0.030408843457063975, "g2": 11.584235435238485, "logK": 0.9985361052597099, "loc": -0.0893271034762538, "logScale": 0.3887555855192065}