{"g1": 0.033866257137004474, "g2": 0.004662835517072701, "logK": -0.3513993442240765, "loc": 0.12403282016498454, "logScale": 0.7131134095709803}