{"g1": 0.03684275359460831, "g2": 11.853964969339541, "logK": 0.6421441046462328, "loc": -0.07772314768953063, "logScale": 0.6789874666434352}