{"g1": 0.5488724300592971, "g2": 0.039319839578427, "logK": 0.8715916701459405, "loc": 0.08588020696273324, "logScale": 0.3559624428920355}