{"g1": 0.002824724812295204, "g2": 12.667608927830724, "logK": -4.88699567686281, "loc": -0.06149485653858282, "logScale": 0.7273518630207456}