{"g1": 0.006403778128541468, "g2": 5.904122997076829, "logK": -0.42604385793536315, "loc": 0.09642710628853347, "logScale": 0.517046911581085}