{"g1": 0.07502970183851623, "g2": 5.768993534768718, "logK": -3.7446801270658314, "loc": 0.1127952020622992, "logScale": 1.1870680120453438}