{"g1": 0.3064201876877541, "g2": 0.08672685842810529, "logK": 0.9763837527301418, "loc": -0.14985974882024403, "logScale": 0.12700336186126726}