{"g1": 0.03931367502738159, "g2": 12.744051838047579, "logK": 0.9468713736320893, "loc": -0.1450334784973017, "logScale": 0.3938552169793542}