{"g1": 0.08508670371560056, "g2": 1.5058858316986057, "logK": 0.7782965218850582, "loc": 0.061012170121479865, "logScale": 0.27297162687823096}