{"g1": 0.06000893770729576, "g2": 4.538493747383914, "logK": -0.3565690041297873, "loc": 0.06582380515673665, "logScale": 0.5668441106384298}