{"g1": 0.006724190397435933, "g2": 8.241567722529693, "logK": -0.8861447584888822, "loc": -0.07979373244836599, "logScale": 1.5960051542217888}