{"g1": 0.01984301858858859, "g2": 4.73479988187832, "logK": -0.6361863003018893, "loc": -0.001991591443309855, "logScale": 0.7715070211356317}