{"g1": 0.03940974172547076, "g2": 14.69652772460691, "logK": 0.7461571487044669, "loc": 0.09866031936042188, "logScale": -0.2448128483039319}