{"g1": 0.5164739134376579, "g2": 0.019118413680443425, "logK": -3.2751230032555583, "loc": 0.05228239896927654, "logScale": 1.132310982865267}