{"g1": 0.09368135301478282, "g2": 11.418509693427296, "logK": -4.9413526984474405, "loc": 0.04437939774721899, "logScale": 0.7948150983510792}