{"g1": 0.9093877311322942, "g2": 0.01998382046572056, "logK": -3.7814306441485037, "loc": -0.0754115012451339, "logScale": 0.9318282913015512}