{"g1": 0.0018578197187155143, "g2": 14.193358744356972, "logK": -2.890646852457244, "loc": 0.08828752899010739, "logScale": 1.5264634053859727}