{"g1": 0.15619972220438233, "g2": 8.261790341679598, "logK": 0.7511566424448444, "loc": -0.07447005693947788, "logScale": 0.5756404324011704}