{"g1": 0.03952976839124447, "g2": 5.514483690560877, "logK": 0.6230457582356823, "loc": 0.011956929972424231, "logScale": -0.01701228939547117}