{"g1": 0.016284479842784756, "g2": 14.972794680296087, "logK": -3.632477987750393, "loc": -0.028243495073130308, "logScale": 1.5151198987130126}