{"g1": 0.7415346960955069, "g2": 0.27992388001105983, "logK": 0.9687864572048104, "loc": -0.059478999424904824, "logScale": 0.33764125512030163}