{"g1": 0.03480312893573887, "g2": 7.3354653287151494, "logK": 0.8227944415977404, "loc": 0.1305218303413685, "logScale": -0.3664897965732966}