{"g1": 0.0303614105103574, "g2": 0.04369409888359144, "logK": -1.8069732010860353, "loc": -0.1264437342062939, "logScale": 1.4441991782909454}