{"g1": 0.06520367770431422, "g2": 2.203663598222639, "logK": -4.428966581893313, "loc": 0.01949112743704129, "logScale": 0.7567198207738461}