{"g1": 0.0029417327419689367, "g2": 0.3278825696865, "logK": -2.938685504804884, "loc": -0.0938462992312531, "logScale": 1.4865668339464913}