{"g1": 0.054238923193984545, "g2": 0.19588352103672158, "logK": -0.9804007946784776, "loc": -0.11188982330207636, "logScale": 0.7414875394129841}