{"g1": 0.03424748810868894, "g2": 7.2220546847519005, "logK": 0.9993220712723365, "loc": 0.08870575302680249, "logScale": -0.035996771112104725}