{"g1": 0.033598393542258936, "g2": 12.064349692672803, "logK": 0.6224605077744498, "loc": -0.014764313968668827, "logScale": -0.13231813193091632}