{"g1": 0.012728103973698113, "g2": 13.609536254950534, "logK": 0.8281400406983356, "loc": 0.10272154001746697, "logScale": 0.4403667486756511}