{"g1": 0.019141258780919657, "g2": 10.086101403165785, "logK": 0.9770365870741614, "loc": -0.12483772345189506, "logScale": 0.10650308053110563}