{"g1": 0.03160548469458588, "g2": 11.447907737680799, "logK": 0.858214235280665, "loc": 0.028259880656058306, "logScale": -0.4717691349784114}