{"g1": 0.43577098085853994, "g2": 0.00939502435536227, "logK": -2.012194408852727, "loc": 0.14985087978625367, "logScale": 1.6030584649529311}