{"g1": 0.161675113539614, "g2": 0.010590650397239776, "logK": 0.32573616902875435, "loc": 0.14956503110950004, "logScale": 0.8859245093729708}