{"g1": 0.7298628355799671, "g2": 0.11518583768952423, "logK": -1.2387925840067004, "loc": -0.007310423782106822, "logScale": 1.4472221685250923}