{"g1": 0.027955126853024995, "g2": 13.415208085043826, "logK": 0.999397516890294, "loc": -0.020612369718942036, "logScale": 0.032597765690529856}