{"g1": 0.02665629078439774, "g2": 10.737818039793515, "logK": -0.02104051594434675, "loc": -0.10703320064765265, "logScale": 1.0476224203253632}