{"g1": 0.02020545775805919, "g2": 3.364867589167919, "logK": 0.7786945128224455, "loc": -0.10129044851343215, "logScale": 0.07056568016026654}