{"g1": 0.013700263005028412, "g2": 10.175635491376616, "logK": 0.4063094328756615, "loc": -0.003266772310787409, "logScale": 0.9378780515822064}