{"g1": 0.004980277235062381, "g2": 11.459484738316025, "logK": 0.6278165571940082, "loc": -0.11049988292596236, "logScale": 0.23428728008472566}