{"g1": 0.06565621732508395, "g2": 12.416348674650704, "logK": 0.6464400216649075, "loc": -0.03950720188340925, "logScale": 0.12122769962379173}