{"g1": 0.052305709669225355, "g2": 5.720636544841009, "logK": -4.765983862774053, "loc": 0.029357188865850908, "logScale": 1.1756340929908362}