{"g1": 0.5928572984181899, "g2": 0.13943308410803534, "logK": -0.38930362609215696, "loc": -0.07109640079905075, "logScale": 0.5280893059720804}