{"g1": 0.0034200654895093514, "g2": 7.583851886435767, "logK": -4.00457569020822, "loc": 0.015976388999371226, "logScale": 1.2055008659739004}