{"g1": 0.005565116120558847, "g2": 11.350796169644546, "logK": 0.9989726678782537, "loc": -0.05452160778341172, "logScale": 0.2155286943106025}