{"g1": 0.0362802337135145, "g2": 7.180543427072485, "logK": -0.19830302146592566, "loc": 0.04935995705537878, "logScale": 0.5378192658993421}