{"g1": 0.7799784663780936, "g2": 0.0028517154320314153, "logK": 0.38068398484147536, "loc": 0.07768700560468128, "logScale": 0.8697227331417672}