{"g1": 0.757040603491749, "g2": 0.005409006078560541, "logK": 0.47344503638204616, "loc": -0.07515660309053232, "logScale": 0.29257756447349625}