{"g1": 0.001890921844742894, "g2": 12.560926034119722, "logK": 0.8222821682032427, "loc": -0.08673186504145133, "logScale": -0.09598172486062095}