{"g1": 0.02064451404142078, "g2": 6.862111395430165, "logK": -3.645342717567078, "loc": -0.0045497291024232805, "logScale": 0.7144756578112684}