{"g1": 0.021665088225920878, "g2": 2.951222232291622, "logK": 0.9832969408672787, "loc": 0.14954952402041274, "logScale": 0.15121065552478052}