{"g1": 0.04253933705533278, "g2": 0.053214775722701835, "logK": 0.9921713097954281, "loc": 0.1274520459706435, "logScale": -0.11724302213145851}