{"g1": 0.01715373500756895, "g2": 8.64395682854948, "logK": 0.8956582033887501, "loc": 0.023780660388804095, "logScale": 0.34441285607964717}