{"g1": 0.005245268146052059, "g2": 10.044131945809498, "logK": 0.4033169912473067, "loc": 0.013543691286556615, "logScale": -0.06412607361186484}