{"g1": 0.007722832933195034, "g2": 12.97094630272278, "logK": -2.2918432304435283, "loc": 0.1047074782446757, "logScale": 1.5315946582619948}