{"g1": 0.5378672751951812, "g2": 0.1684576876049567, "logK": -1.2393639756617583, "loc": 0.006181371304229161, "logScale": 0.843942156777415}