{"g1": 0.053416427711571804, "g2": 9.622220966061688, "logK": -4.333693319597786, "loc": 0.10590173070544436, "logScale": 1.541045231857849}