{"g1": 0.18616967697983194, "g2": 0.02730932892011105, "logK": -0.01901440631569823, "loc": 0.08591200882972058, "logScale": 0.3426307727744348}