{"g1": 0.029751145822507416, "g2": 0.4363677510988334, "logK": 0.6010963295523122, "loc": 0.01315590580060524, "logScale": -0.023778851235113717}