{"g1": 0.04721338605953207, "g2": 10.57688413653475, "logK": -0.19292920828512905, "loc": -0.0026627003452967153, "logScale": 0.6504527213837032}