{"g1": 0.13630555965380342, "g2": 0.20667580026903143, "logK": -0.9733501045137174, "loc": -0.07095113511944429, "logScale": 1.222042274834257}