{"g1": 0.6196665246385851, "g2": 0.28213093220888075, "logK": -2.075676022542548, "loc": -0.06923220405181503, "logScale": 0.8074315842177154}