{"g1": 0.12351415896684009, "g2": 0.1031928299797098, "logK": -0.9995157208969873, "loc": 0.12796371591117076, "logScale": 1.4810719163023836}