{"g1": 0.029501939329833082, "g2": 3.036200389930358, "logK": -3.7626719568573326, "loc": -0.019014882105395047, "logScale": 1.5080093149344296}