{"g1": 0.0024943532341036834, "g2": 2.499731818181626, "logK": -2.7424625220179424, "loc": 0.11294919560669123, "logScale": 0.8941781307431197}