{"g1": 0.0340621704348309, "g2": 14.160251092031578, "logK": 0.3189162111738208, "loc": 0.09834222593927006, "logScale": 0.9680021824183026}