{"g1": 0.13790642880760126, "g2": 0.25985638817560974, "logK": -3.649410983534348, "loc": 0.03303066458019898, "logScale": 0.8961495644397127}