{"g1": 0.027306498667537316, "g2": 11.750856945837613, "logK": 0.7129337838679183, "loc": -0.028895813217302543, "logScale": 0.4316384747410211}