{"g1": 0.9997189260097796, "g2": 0.17550316662032844, "logK": -0.13148098163809413, "loc": -0.03161320230169852, "logScale": 0.8448601281349365}