{"g1": 0.031420808074366216, "g2": 1.6372098222547695, "logK": -4.861144414849693, "loc": -0.012071286117341897, "logScale": 0.8178124910226194}