{"g1": 0.01785878647770859, "g2": 5.103259111531114, "logK": -4.026292024714486, "loc": -0.11285250438891711, "logScale": 0.918804852675593}