{"g1": 0.028913123526483814, "g2": 0.8568998649679596, "logK": 0.5319180895573326, "loc": -0.09538411011181751, "logScale": 0.394259042502949}