{"g1": 0.030815446215965974, "g2": 7.523824170439401, "logK": 0.7669452642353238, "loc": -0.04346030905644914, "logScale": 0.10176362194639277}