{"g1": 0.22233162042078275, "g2": 9.508159232922004, "logK": 0.1103729332782426, "loc": 0.006253810922298181, "logScale": 0.18664390671625347}