{"g1": 0.021248887781980932, "g2": 10.791890000337776, "logK": 0.4528576106596247, "loc": 0.017064826625096896, "logScale": -0.06374546986702256}