{"g1": 0.08058324627755253, "g2": 3.2375084968412318, "logK": 0.9985708205484196, "loc": -0.12981494552615158, "logScale": 0.26460253113159193}