{"g1": 0.004630115180057681, "g2": 0.654953831703792, "logK": 0.3007951125104202, "loc": -0.0641156079541481, "logScale": 0.7504503302705707}