{"g1": 0.005553370431104876, "g2": 2.457195002786288, "logK": 0.2460299732269764, "loc": -0.11483227916083079, "logScale": 0.45129829585488856}