{"g1": 0.0014079084447185253, "g2": 3.982686291210399, "logK": 0.7940603274605194, "loc": -0.013026225596584546, "logScale": 0.0475280777222641}