{"g1": 0.0015053976402009707, "g2": 7.780866802699487, "logK": 0.5575742448795995, "loc": 0.0912634216964934, "logScale": 0.6880123821892078}