{"g1": 0.06320412436631417, "g2": 2.206534483840941, "logK": -0.2656036242414854, "loc": -0.14076763959102456, "logScale": 0.7107821921208806}