{"g1": 0.2600436648802656, "g2": 0.6045188660816823, "logK": 0.998977316666996, "loc": -0.047449028695204495, "logScale": -0.11534073459310312}