{"g1": 0.0042544037385292, "g2": 10.521971425257624, "logK": 0.8465165931032103, "loc": -0.014234716570518242, "logScale": 0.14233428681037463}