{"g1": 0.02851572336405872, "g2": 2.9374554064004257, "logK": -2.7708027575463574, "loc": 0.09505848175716682, "logScale": 1.0475274775516838}