{"g1": 0.016463539982719603, "g2": 10.189864443400092, "logK": 0.6276396996118383, "loc": 0.023975260000902693, "logScale": 0.48697347586110473}