{"g1": 0.6358047138935518, "g2": 0.017384547171208298, "logK": -1.9280886183017985, "loc": 0.01210885533454146, "logScale": 1.2662943282289905}