{"g1": 0.06470527311057872, "g2": 4.737889564983217, "logK": 0.34431726749845204, "loc": 0.12453295076118497, "logScale": 0.08413603201364128}