{"g1": 0.02876086042025618, "g2": 1.6828598625167057, "logK": -0.5492496311756354, "loc": 0.055357720962270596, "logScale": 0.34396795119931334}