{"g1": 0.33746375776780324, "g2": 0.019373860235236684, "logK": -3.5746363042345037, "loc": -0.049311550008147007, "logScale": 1.4551383687815973}