{"g1": 0.021466277985408105, "g2": 6.83622223826167, "logK": 0.36561235091799715, "loc": -0.09305964453664789, "logScale": 0.7509389188816934}