{"g1": 0.3523831287410209, "g2": 0.024486743186255655, "logK": -3.0391448687879232, "loc": 0.02004204197000973, "logScale": 1.54766147575801}