{"g1": 0.03589430280999362, "g2": 5.553710143700021, "logK": -0.5577361041213327, "loc": 0.08146213064981936, "logScale": 1.0338010576484131}