{"g1": 0.8878941808263727, "g2": 0.025274058533114152, "logK": -3.2446155484608488, "loc": -0.08351205816897182, "logScale": 0.8871939421782902}