{"g1": 0.0342723151763146, "g2": 5.448717559731101, "logK": -4.0309149301091205, "loc": -0.07161361702928087, "logScale": 0.783401922401399}