{"g1": 0.039200370396516734, "g2": 11.926977837924987, "logK": 0.9993105087479193, "loc": 0.1073477677461697, "logScale": 0.5102625616425018}