{"g1": 0.06904778423426804, "g2": 14.366845098711936, "logK": -2.7462287869963458, "loc": -0.12607876311512448, "logScale": 0.6661098658830447}