{"g1": 0.042837184964842914, "g2": 0.43309908634124206, "logK": 0.8317063597771411, "loc": -0.04038009578218134, "logScale": 0.09557603785133018}