{"g1": 0.0044614990372289325, "g2": 2.0844024325300854, "logK": 0.5203994656127979, "loc": 0.14745768771928866, "logScale": 0.6943796909423097}