{"g1": 0.5872391145381965, "g2": 0.018350423855163923, "logK": 0.37583612418974544, "loc": 0.12731239768155994, "logScale": 0.8916646588137611}