{"g1": 0.00634050367545913, "g2": 6.253573766851671, "logK": -1.7210191610168561, "loc": 0.10718529275699731, "logScale": 0.8922742063672633}