{"g1": 0.08372815405446296, "g2": 2.639351685930741, "logK": 0.8698014691952779, "loc": 0.049800941500070334, "logScale": 0.6763440637343446}