{"g1": 0.042500871192824724, "g2": 2.1700599477170193, "logK": -0.018143703508866182, "loc": -0.030180990980291218, "logScale": -0.13232503086886327}