{"g1": 0.0615442299600843, "g2": 4.0847692663261475, "logK": 0.45175360382340823, "loc": -0.13300948702274415, "logScale": 0.5633007938168426}