{"g1": 0.03452015396274229, "g2": 9.907351572310214, "logK": 0.5155483177199383, "loc": 0.10609726446378788, "logScale": -0.05017860918609407}