{"g1": 0.014757986787063089, "g2": 13.53110734294219, "logK": 0.8892996423013054, "loc": -0.1103650283302709, "logScale": 0.008015229320096462}