{"g1": 0.0069798453185080656, "g2": 3.5683832896425303, "logK": 0.39397648281365505, "loc": -0.09755736238284363, "logScale": 0.8933517733329477}