{"g1": 0.43026858257094996, "g2": 0.12537685402471332, "logK": 0.41391820022165865, "loc": 0.08903745807886501, "logScale": 0.6460836029075558}