{"g1": 0.04718432852165261, "g2": 14.061602925036608, "logK": 0.8918708838761729, "loc": 0.017655854001228564, "logScale": 0.45825479806903746}