{"g1": 0.019965283526739666, "g2": 9.575706197848676, "logK": 0.816205809197895, "loc": -0.058818783750259576, "logScale": 0.5081411127466313}