{"g1": 0.21191451175630957, "g2": 0.25463784731456435, "logK": 0.819125052765934, "loc": 0.14174465232668787, "logScale": 0.5315995507215943}