{"g1": 0.01084721851952307, "g2": 3.0744987598277107, "logK": 0.879781566122885, "loc": 0.14661553783284523, "logScale": -0.2331824190656806}