{"g1": 0.9972818172931617, "g2": 0.2521101762690032, "logK": 0.633557312357507, "loc": 0.07934449410866634, "logScale": 0.7135063298789968}