{"g1": 0.02619088537312356, "g2": 4.893932946617371, "logK": -4.898450815196397, "loc": 0.09373958062382413, "logScale": 0.5155346393724272}