{"g1": 0.0472709322666488, "g2": 8.034911819221387, "logK": 0.7239394314493401, "loc": 0.026678703584332778, "logScale": -0.03280974755341215}