{"g1": 0.004235920161503599, "g2": 0.5727475149531887, "logK": -1.5536938565010598, "loc": 0.029081792699502965, "logScale": 0.8030146065227259}