{"g1": 0.03326056308891632, "g2": 4.79098672865478, "logK": -2.1971744315834227, "loc": 0.07277951682826908, "logScale": 0.7796139923579939}