{"g1": 0.0025546069476313493, "g2": 7.683786957248722, "logK": -1.0448846777805438, "loc": -0.14391645278345083, "logScale": 1.5373920034079143}