{"g1": 0.696642964563393, "g2": 0.0026478725190696994, "logK": -3.3709001594426122, "loc": 0.1224508893275977, "logScale": 1.8354970654590013}