{"g1": 0.018487535965187585, "g2": 9.776888879975608, "logK": 0.6242538660221117, "loc": 0.10771104101194576, "logScale": 0.16966570041336004}