{"g1": 0.0028402064263274296, "g2": 6.937326268293908, "logK": -1.0708006385195845, "loc": 0.011019944359266938, "logScale": 0.9595737229354979}