{"g1": 0.009348925148822823, "g2": 4.172741185962917, "logK": 0.4598463865996907, "loc": -0.06647765028413531, "logScale": -0.1266392864181447}