{"g1": 0.0062315116127562575, "g2": 6.76924308729897, "logK": 0.3456773618503787, "loc": 0.009385038335306482, "logScale": 0.5103296739195744}