{"g1": 0.042497725784851434, "g2": 1.9360049690157441, "logK": 0.47158832835297493, "loc": -0.0703436797175864, "logScale": -0.29108211651007543}