{"g1": 0.021149996277917426, "g2": 4.100796544820479, "logK": 0.3578472909488476, "loc": -0.09844279634571206, "logScale": 0.011097811831116574}