{"g1": 0.04569915823264728, "g2": 6.5853660921070425, "logK": 0.43777777679991603, "loc": -0.10326751574768162, "logScale": -0.18503537578097096}