{"g1": 0.06551710123224698, "g2": 7.309646020729179, "logK": 0.5067128619898738, "loc": -0.09888821914107689, "logScale": 0.31207504266384445}