{"g1": 0.14383316975758137, "g2": 12.590133558078934, "logK": 0.989593440983891, "loc": 0.1324342698131688, "logScale": 0.12968982518191008}