{"g1": 0.00101642024016603, "g2": 10.546444799065288, "logK": -3.0503489911257344, "loc": -0.06590702792929407, "logScale": 1.6840819810129533}