{"g1": 0.07315442136719297, "g2": 1.998909790643369, "logK": 0.058187965325511404, "loc": 0.054754767967796665, "logScale": 0.948247408687379}