{"g1": 0.001127217824994537, "g2": 7.576821746778066, "logK": -4.021720847606223, "loc": 0.1285457810664573, "logScale": 1.6509833373514902}