{"g1": 0.025904727222502033, "g2": 1.776874993801398, "logK": -2.897705301740066, "loc": 0.13377452638987794, "logScale": 0.7934302810142556}