{"g1": 0.024898602030513337, "g2": 2.387380644687407, "logK": 0.9850719576141078, "loc": 0.14873606380287546, "logScale": -0.36677766271275425}