{"g1": 0.027759604185182807, "g2": 2.174071030136556, "logK": -2.677258954518929, "loc": 0.052129818939689085, "logScale": 1.1454698358637398}