{"g1": 0.04318500213496579, "g2": 14.292763674463455, "logK": 0.6341832314707343, "loc": 0.13873033716113534, "logScale": 0.08479142258816512}