{"g1": 0.42839810162480896, "g2": 0.19246272128662234, "logK": -4.123701745485086, "loc": -0.12594886498455193, "logScale": 1.472437502213437}