{"g1": 0.013195155204860587, "g2": 0.08052431481731581, "logK": 0.9968953285947356, "loc": -0.018279324014114945, "logScale": 0.294377860931186}