{"g1": 0.041266376960263536, "g2": 13.232047226885635, "logK": -2.296210751454399, "loc": 0.02456643164790468, "logScale": 0.7608899439669735}