{"g1": 0.15182911481649294, "g2": 0.03769029657513068, "logK": 0.5436903795813586, "loc": 0.12816704699242745, "logScale": -0.035166291894563634}