{"g1": 0.44662679006675854, "g2": 0.10273747418796075, "logK": 0.21973165686762952, "loc": 0.11476595619216651, "logScale": 0.960860312959817}