{"g1": 0.007844751731786156, "g2": 5.176579193702457, "logK": 0.08421895046414768, "loc": -0.09716172359803532, "logScale": -0.12113344664222958}