{"g1": 0.004853272011071066, "g2": 7.690119899778758, "logK": 0.8944160699518563, "loc": 0.022713087514673342, "logScale": 0.6053959552358613}