{"g1": 0.11583686838634183, "g2": 0.323275880064922, "logK": 0.4336800895684657, "loc": -0.13749662471991073, "logScale": 0.700474741782249}