{"g1": 0.003412011929834202, "g2": 14.973163233546437, "logK": 0.18281734971455288, "loc": 0.06362468253440037, "logScale": 0.2994424110885326}