{"g1": 0.6628049694800773, "g2": 0.3202393783580759, "logK": -1.4730795651941757, "loc": 0.14109475640436922, "logScale": 0.9206873853173759}