{"g1": 0.0020355353825084743, "g2": 6.765562562225904, "logK": 0.9195150617507637, "loc": -0.11383055517604539, "logScale": 0.048906466193024856}