{"g1": 0.49598100140969015, "g2": 0.04055510278198882, "logK": 0.9508986864262157, "loc": -0.09931458401280133, "logScale": 0.16087981355748993}