{"g1": 0.05559398722613932, "g2": 1.0004023639111361, "logK": 0.1582470682657311, "loc": 0.0011841957354631683, "logScale": 0.22616564605091027}