{"g1": 0.07032365389240913, "g2": 1.1328225797828881, "logK": 0.28041957888898306, "loc": -0.10751108606846374, "logScale": 0.46656310162628445}