{"g1": 0.019441355645876318, "g2": 2.1518476680503538, "logK": 0.9907328970557864, "loc": 0.07784665065858887, "logScale": 0.3128410627698266}