{"g1": 0.019332558379299092, "g2": 4.730440701133259, "logK": -1.8655623454543837, "loc": 0.13130068697094974, "logScale": 1.0407689912428024}