{"g1": 0.022250203430609128, "g2": 8.17559280759997, "logK": -2.7789710711678897, "loc": -0.12780738133269964, "logScale": 0.7592620729720498}