{"g1": 0.022218158882143887, "g2": 1.4363857889381766, "logK": 0.09895875972876811, "loc": -0.035090324679975304, "logScale": 0.2509135505404183}