{"g1": 0.0015337628264540208, "g2": 7.351313358095394, "logK": 0.8510105693047181, "loc": 0.06906986008213603, "logScale": 0.2838107894242834}