{"g1": 0.025046831934895077, "g2": 8.555018644719897, "logK": 0.5037547014357657, "loc": -0.12730013998353898, "logScale": 0.49552143149704986}