{"g1": 0.08107026830408465, "g2": 11.156087830595101, "logK": -1.128068915053898, "loc": -0.05866582236797758, "logScale": 0.9146659445384964}