{"g1": 0.021143448060296235, "g2": 4.62723108071777, "logK": -4.637473633064064, "loc": 0.07925749295048079, "logScale": 1.547730470747333}