{"g1": 0.08202785274569313, "g2": 12.421839814113074, "logK": 0.9972866637300839, "loc": 0.13304445933697087, "logScale": -0.07033198138971544}