{"g1": 0.019154138077297975, "g2": 0.9541408084019665, "logK": -0.9870749347497498, "loc": 0.03875047207541417, "logScale": 1.1915758095004336}