{"g1": 0.04172845075292814, "g2": 14.567631793723866, "logK": -2.352741724128378, "loc": 0.08848826647877422, "logScale": 0.8522617099740777}