{"g1": 0.003872147098163469, "g2": 13.6741859460891, "logK": 0.6100233999434701, "loc": 0.03852097210518818, "logScale": 0.5801090382317616}