{"g1": 0.9301224378426465, "g2": 0.6597729552004434, "logK": 0.20850852258707642, "loc": -0.04186611576967749, "logScale": -3.103403492999167}