{"g1": 0.8683299693445461, "g2": 2.0498087374037057, "logK": 0.6438756443015914, "loc": -0.00995745574449224, "logScale": -3.355914765575628}