{"g1": 0.892512470242737, "g2": 14.769175491874346, "logK": -3.153405967922299, "loc": -0.012260508841593014, "logScale": -2.644233777692367}