{"g1": 0.9120190095727598, "g2": 14.786098242916681, "logK": -1.8696637600612735, "loc": -0.0020109063736697755, "logScale": -2.71657230821784}