{"g1": 0.9574594904352258, "g2": 4.417569638398186, "logK": 0.5928154349303733, "loc": -0.07490158432295585, "logScale": -3.2226292713053426}