{"g1": 0.9988689107455527, "g2": 11.079747835260676, "logK": 0.5988704453692432, "loc": -0.008818486240367225, "logScale": -3.338227046606259}