{"g1": 0.04073941676460364, "g2": 14.133879032454704, "logK": 0.2027589997170649, "loc": -0.12216932291885775, "logScale": 0.1234516007759014}