{"g1": 0.03602263314013555, "g2": 3.0767026160014335, "logK": 0.9947505332288543, "loc": 0.06195454479108811, "logScale": -1.02562511653775}