{"g1": 0.10562221001759313, "g2": 6.142442041730503, "logK": 0.9493086364083965, "loc": -0.13572388399788943, "logScale": -0.008700414546588875}