{"g1": 0.036716158201937216, "g2": 0.5660279437778932, "logK": -0.2061932622423559, "loc": 0.047918490594594604, "logScale": -0.02962639767964842}