{"g1": 0.0817129149061678, "g2": 0.10856723830112794, "logK": -1.8700124581834041, "loc": 0.14752361144457504, "logScale": 0.7972543385749231}