{"g1": 0.5410738878570432, "g2": 0.04602923501509286, "logK": 0.9777972298066211, "loc": -0.14955989813909876, "logScale": -0.8124944694565207}