{"g1": 0.0565310307329609, "g2": 0.4972748786514509, "logK": 0.9431372666866527, "loc": 0.03200928116018376, "logScale": -0.7923336982456162}