{"g1": 0.02192547176872537, "g2": 3.4293252972165753, "logK": 0.9977446588167507, "loc": -0.12572064779711284, "logScale": -0.7701351925137352}