{"g1": 0.028716922197362677, "g2": 10.923474911120856, "logK": -0.053630632592395144, "loc": 0.10324186690042242, "logScale": 0.24522189407292544}