{"g1": 0.1282964558692943, "g2": 12.804912506876184, "logK": 0.721367963242308, "loc": -0.11095929044507188, "logScale": -0.8570344637467944}