{"g1": 0.011709672940538374, "g2": 11.15012937225401, "logK": 0.38269077585401257, "loc": -0.10722800166096523, "logScale": 0.1234404014373399}