{"g1": 0.002968436174265361, "g2": 6.9568602371514485, "logK": 0.9888067134939202, "loc": 0.0313567642363456, "logScale": -0.6416814990493473}