{"g1": 0.018534759768820137, "g2": 4.758048994363387, "logK": 0.3739053505705061, "loc": 0.1050585323233493, "logScale": -0.23102609514249006}