{"g1": 0.026148414123991652, "g2": 5.891060329160043, "logK": -3.5350487303454234, "loc": -0.10279060306921624, "logScale": 0.8623682783990674}