{"g1": 0.047621664551765995, "g2": 0.028674098827875305, "logK": -3.0951001469154784, "loc": 0.09966417838138861, "logScale": 0.6921332411087278}