{"g1": 0.02963573145162541, "g2": 1.0894814040691292, "logK": 0.7527377437378378, "loc": 0.12009175271708034, "logScale": -0.4203127603691808}