{"g1": 0.029545417973110756, "g2": 9.911247136468623, "logK": 0.8869472093265135, "loc": -0.05714423763391292, "logScale": -0.7024385879709931}