{"g1": 0.07633470303034895, "g2": 8.458117253982211, "logK": 0.6234522783813076, "loc": -0.01663177818561199, "logScale": -0.4507009468202817}