{"g1": 0.07427254046221224, "g2": 12.393292321474156, "logK": -0.10251586034090374, "loc": -0.09568617878775693, "logScale": 0.5422857431991476}