{"g1": 0.027869547299459257, "g2": 12.623569028634227, "logK": -0.2881943206879021, "loc": -0.1404026594839572, "logScale": 0.05931885127392564}