{"g1": 0.04320283709315895, "g2": 7.3802849572307405, "logK": 0.6572837839689258, "loc": -0.11135788881938012, "logScale": -0.02252466635500494}