{"g1": 0.5681538566212443, "g2": 0.23239543903613646, "logK": 0.7645120927605854, "loc": -0.12780139894989234, "logScale": -1.2484542012793425}