{"g1": 0.003787640834436303, "g2": 4.316253467272309, "logK": -0.30167783144517535, "loc": -0.031492802207030296, "logScale": 0.30436397467907683}