{"g1": 0.7767711107376328, "g2": 5.229401256394549, "logK": 0.9854997438567024, "loc": -0.01220851593380301, "logScale": -3.0127635195456683}