{"g1": 0.8824541174157824, "g2": 6.772688285255783, "logK": 0.8977959749823314, "loc": -0.14519955182812797, "logScale": -2.4373541774837744}