{"g1": 0.930849803019655, "g2": 11.08810298278405, "logK": -3.928138285739289, "loc": 0.0019658183341846975, "logScale": -3.993849610780105}