{"g1": 0.5413285150509803, "g2": 3.1352673809128944, "logK": -2.6145663980642473, "loc": 0.00575160377461263, "logScale": -3.9988753780256077}