{"g1": 0.5033668530370783, "g2": 2.84185592502652, "logK": -3.411741719881962, "loc": 0.000896595862718657, "logScale": -3.965633108138685}