{"g1": 0.605764400105744, "g2": 7.684500872974989, "logK": -2.488325530020613, "loc": 0.001154288363332135, "logScale": -3.9974601725977816}