{"g1": 0.7820518002120638, "g2": 7.146209536434678, "logK": -3.9955602117313243, "loc": 0.008357967798932261, "logScale": -3.999792014003155}