{"g1": 0.8145201331354178, "g2": 9.110664418778134, "logK": -0.9386702093040071, "loc": -0.004668302718139561, "logScale": -3.956052086771522}