{"g1": 0.19997848285945294, "g2": 10.460374356283213, "logK": -4.153644443145708, "loc": 0.001984369973029162, "logScale": -3.9917059534576196}