{"g1": 0.164986301102801, "g2": 9.438007019261807, "logK": -3.573166082471737, "loc": 0.009248269658142651, "logScale": -3.9288980215416593}