{"g1": 0.42057210241569287, "g2": 8.517268281804482, "logK": -2.125093741904552, "loc": 0.004472072792314075, "logScale": -3.999593492634993}