{"g1": 0.5124343228218124, "g2": 3.2025418256617892, "logK": -3.082779261495695, "loc": -0.0025513477739813467, "logScale": -3.992787999058118}