{"g1": 0.5368183407100304, "g2": 10.972771970508061, "logK": -2.698188476469474, "loc": 1.1428694862404987e-05, "logScale": -3.979131748359204}