{"g1": 0.7359281411291785, "g2": 14.9808778288789, "logK": -4.8007606755653445, "loc": -0.003871896364881045, "logScale": -3.9860360386230487}