{"g1": 0.8202366004050704, "g2": 10.49610812328062, "logK": -4.266668428078012, "loc": -0.01192978314849827, "logScale": -3.983657674281556}