{"g1": 0.789493979954929, "g2": 8.095487760035777, "logK": -3.281997499117816, "loc": 0.00020844291410275322, "logScale": -3.98596244086687}