{"g1": 0.38269161347245795, "g2": 10.481813630252784, "logK": -4.038889586862911, "loc": 0.0017766126927853388, "logScale": -3.8780102475960914}