{"g1": 0.6212461711532179, "g2": 9.243805719822385, "logK": -4.012645542661869, "loc": -0.0008908278132735859, "logScale": -3.9955046874461253}