{"g1": 0.6025178772059647, "g2": 5.680189481561642, "logK": -4.722720235077958, "loc": -0.003572582127588167, "logScale": -3.9890271229160637}