{"g1": 0.9357535779946362, "g2": 5.7048226683839705, "logK": -1.9037354946338259, "loc": 0.002159959715065359, "logScale": -3.995317026711164}