{"g1": 0.1989969255404212, "g2": 5.126011204638223, "logK": -2.575581025081557, "loc": -0.0014948044699133814, "logScale": -3.912914460825843}