{"g1": 0.7156033105125006, "g2": 3.6196021809750962, "logK": -1.869687855890567, "loc": 0.001975430184493754, "logScale": -3.9665791265977157}