{"g1": 0.5604293335031022, "g2": 11.49355814649121, "logK": -2.197034378310565, "loc": -0.004538242422500161, "logScale": -3.9907396998209874}