{"g1": 0.6587207913251071, "g2": 0.09282301424133177, "logK": -2.15567397385105, "loc": 0.0036347318004988152, "logScale": -3.98646675982663}