{"g1": 0.8605931624633187, "g2": 5.191262371603333, "logK": -3.8704512806933664, "loc": -0.004796488120897514, "logScale": -3.9874496260313896}