{"g1": 0.6263510144174412, "g2": 3.4135739877874327, "logK": -4.367265872591274, "loc": -0.0026427853471651056, "logScale": -3.9926222727277505}