{"g1": 0.21894722278928105, "g2": 5.386355559510091, "logK": -2.7775842426808897, "loc": -0.0016449639803287237, "logScale": -3.9856300047904063}