{"g1": 0.1795768965001091, "g2": 2.5334753273926793, "logK": -3.8124801760886835, "loc": -0.00659564792853619, "logScale": -3.9852051250630853}