{"g1": 0.42356949627885027, "g2": 0.11657695357204734, "logK": -3.6319407724742905, "loc": -0.0022713489097207634, "logScale": -3.958566193265437}