{"g1": 0.7206739798440295, "g2": 6.990178396233441, "logK": -1.3932883154233364, "loc": 0.0009785217918549202, "logScale": -3.992002755588652}