{"g1": 0.5230227159463084, "g2": 11.135775013080572, "logK": -2.188532034347478, "loc": -0.0012373402830451463, "logScale": -3.989821809398764}