{"g1": 0.9952826588414302, "g2": 6.032189490213733, "logK": -3.5682205120361785, "loc": -0.0006350318832603575, "logScale": -3.973611951569018}