{"g1": 0.653303245513504, "g2": 10.278609419160205, "logK": -2.985038981605843, "loc": -0.007703585272032243, "logScale": -3.981195496831031}