{"g1": 0.5510013684209376, "g2": 9.58790897851543, "logK": -4.642287950410291, "loc": 0.0033341011741520477, "logScale": -3.992652775508183}