{"g1": 0.5555848213635404, "g2": 13.550217009298947, "logK": -4.358470992135454, "loc": 0.00584047782751136, "logScale": -3.9510684376852265}