{"g1": 0.19430737633494466, "g2": 0.9832426623414081, "logK": -3.1559995322135896, "loc": -0.0035647337724598223, "logScale": -3.9960035102997953}