{"g1": 0.11615230253805794, "g2": 6.299659356388831, "logK": -2.913479929456011, "loc": -0.0007465289745060277, "logScale": -3.9886794308963403}