{"g1": 0.6025546662269907, "g2": 9.244686691719462, "logK": -2.3179388370128025, "loc": -0.006443371760575878, "logScale": -3.8372700505700306}