{"g1": 0.8842894789948113, "g2": 5.0577717780076785, "logK": -1.753141181343404, "loc": 0.0025814539598440368, "logScale": -3.996975190661858}