{"g1": 0.5096628881629646, "g2": 14.819418630487279, "logK": -2.586699994909485, "loc": 0.0004354237429928069, "logScale": -3.995696682713252}