{"g1": 0.4715007323355085, "g2": 12.669813472606124, "logK": -3.970131800649185, "loc": -0.000780808892672554, "logScale": -3.998122148111882}