{"g1": 0.7180590426321262, "g2": 9.365342999335224, "logK": -2.655888448102509, "loc": -0.007717466548212568, "logScale": -3.9909474163705814}