{"g1": 0.7829478682078941, "g2": 8.76561277756818, "logK": -1.5694116348656666, "loc": -0.006706069077625527, "logScale": -3.9977622362017367}