{"g1": 0.8748740326453089, "g2": 8.52791058147699, "logK": -4.703431527362379, "loc": 0.001095559389311335, "logScale": -3.9897672756144855}