{"g1": 0.7683522726164393, "g2": 1.688687182869515, "logK": -2.7463438900744825, "loc": 0.010501261122581802, "logScale": -3.8603229939781167}