{"g1": 0.4870114181299283, "g2": 11.750682667549865, "logK": -1.475770617521519, "loc": -0.007082474324602055, "logScale": -3.993105011842593}