{"g1": 0.44691518467389457, "g2": 8.979950002039587, "logK": -4.582299601050082, "loc": 0.0019266692754795116, "logScale": -3.779271147020747}