{"g1": 0.9613742960040227, "g2": 3.966292741861044, "logK": -3.1562709817846066, "loc": -0.010437989268799786, "logScale": -3.987248387104257}