{"g1": 0.8961765229299655, "g2": 13.1013080409832, "logK": -1.8097234525602046, "loc": 0.02513795562317415, "logScale": -2.5622186778458103}