{"g1": 0.8843785949064543, "g2": 12.420392380424856, "logK": -0.8758821555187775, "loc": 0.019337651707541065, "logScale": -2.534218741571968}