{"g1": 0.8958185350416363, "g2": 11.478376691705584, "logK": -0.06226466659591684, "loc": -0.016779701201370123, "logScale": -3.054675362130036}