{"g1": 0.3796375968761038, "g2": 0.012230761977251807, "logK": -0.4240021385993209, "loc": -0.030692369636020546, "logScale": -0.7771202137127694}