{"g1": 0.0038358212585613786, "g2": 0.032075651192756904, "logK": -4.792148770062838, "loc": -0.08142117997574205, "logScale": 0.21481574077433863}