{"g1": 0.047549976162333474, "g2": 7.13679055812172, "logK": -0.47188596142195927, "loc": 0.11672812829845883, "logScale": -0.2730317530565517}