{"g1": 0.8402580441447174, "g2": 0.024319522969837415, "logK": 0.3688776407354171, "loc": 0.13826945485644263, "logScale": 1.018276431621105}