{"g1": 0.05632261051487898, "g2": 13.481469968354563, "logK": -4.7447266307078015, "loc": 0.051326047056043496, "logScale": 0.33119297038953405}