{"g1": 0.5094072114481847, "g2": 0.021369713656571532, "logK": -1.2296738476918925, "loc": -0.07187660247827021, "logScale": 0.8721338367207422}