{"g1": 0.46130725069886597, "g2": 0.10759185013583039, "logK": 0.8148130345019083, "loc": 0.12960057258841204, "logScale": -1.6471725240247337}