{"g1": 0.04019489812384103, "g2": 14.974971920345334, "logK": -1.544896831921372, "loc": 0.07800764650773093, "logScale": 0.17798747568171847}