{"g1": 0.005577349354571889, "g2": 10.187079488732847, "logK": -1.6300633925409993, "loc": -0.12647246471342716, "logScale": 0.30515488135150604}