{"g1": 0.886435232340562, "g2": 0.1032699644823648, "logK": 0.4322592162911401, "loc": 0.12723185147806115, "logScale": 0.1869773253409654}