{"g1": 0.0011595820545105208, "g2": 10.813542610686529, "logK": 0.9943509839864095, "loc": -0.07244182597719266, "logScale": -0.4634558066005162}