{"g1": 0.009587930194986508, "g2": 3.5241927769448345, "logK": -2.424292178320349, "loc": -0.14424428437635753, "logScale": 0.1929292489253257}