{"g1": 0.07351858596155263, "g2": 0.6818834782659229, "logK": -3.4014165720307736, "loc": -0.028544958494289212, "logScale": 0.3678623074254722}