{"g1": 0.31668721573569447, "g2": 0.021798702060120877, "logK": -3.4964054725389215, "loc": 0.09255995226152568, "logScale": -0.2561821649675301}