{"g1": 0.05041545729539658, "g2": 14.145880133400503, "logK": -0.8791932509264386, "loc": -0.14186504947282977, "logScale": 0.021045709669440207}