{"g1": 0.011044217655656663, "g2": 10.897860787886245, "logK": -3.7670759689035833, "loc": -0.021088880054552415, "logScale": 0.34046752079467263}