{"g1": 0.04727760907615938, "g2": 0.8817833360888747, "logK": -3.0993291196188095, "loc": -0.10509569662722655, "logScale": 0.34419170786844133}