{"g1": 0.02259703121657406, "g2": 2.9528932377243495, "logK": -4.902344216384211, "loc": -0.054977619595791914, "logScale": 0.18111590734512764}