{"g1": 0.3294198169766527, "g2": 0.024389749427303827, "logK": -4.120184978894356, "loc": -0.010615654734892989, "logScale": 0.005124524580671745}