{"g1": 0.5316196441910399, "g2": 0.36973393009213507, "logK": -0.1149923025294628, "loc": 0.049230281390892514, "logScale": 1.552473790109798}