{"g1": 0.045470789314548066, "g2": 9.520151309503268, "logK": -0.7660911417274354, "loc": 0.13200344166528136, "logScale": -0.04815519052347772}