{"g1": 0.31836717104369905, "g2": 0.044535672330653364, "logK": -2.232851801465919, "loc": -0.09310161929330668, "logScale": 0.6864131264168039}