{"g1": 0.09839527052629862, "g2": 0.0117349821856986, "logK": -0.280887278649654, "loc": 0.10300136206705433, "logScale": -0.9410179503494565}