{"g1": 0.08564482557962294, "g2": 9.955060146701484, "logK": -2.181657988053468, "loc": -0.09166044782598583, "logScale": 0.1853774462691522}