{"g1": 0.07311170755945513, "g2": 7.8184186185800595, "logK": -4.3027115577272586, "loc": 0.0713868641879726, "logScale": 0.19704297452174024}