{"g1": 0.055906525752867586, "g2": 14.708625124404273, "logK": -2.0162319334338443, "loc": 0.0986351550374225, "logScale": 0.22003065869213093}