{"g1": 0.03592910990439861, "g2": 9.314057207457026, "logK": -2.8325556557214076, "loc": 0.10286192651551106, "logScale": 0.285599183727152}