{"g1": 0.0499557945168454, "g2": 4.818650641247609, "logK": -2.1097798911032886, "loc": 0.08519527712274501, "logScale": 0.18773460278824566}