{"g1": 0.021478166726498438, "g2": 14.529575396951106, "logK": -2.221608783975519, "loc": -0.04130141016427051, "logScale": 0.18652340019371602}