{"g1": 0.4172989107488579, "g2": 0.7978918660401213, "logK": -3.467111715643853, "loc": 0.1499466569134255, "logScale": 2.432252847529353}