{"g1": 0.0020774179844168517, "g2": 5.463045809830436, "logK": -1.596008490041231, "loc": 0.1447705198072655, "logScale": 0.1437873263128579}