{"g1": 0.29774785018897565, "g2": 0.0032236926403719224, "logK": -0.5044662368294239, "loc": -0.00602918451610733, "logScale": -0.7636192304043058}