{"g1": 0.08074346447951965, "g2": 8.053502862866338, "logK": -1.5470795879675119, "loc": 0.12969247026533975, "logScale": 0.11764963710870435}