{"g1": 0.5775905498758578, "g2": 0.016015293530248748, "logK": -0.1574143387421566, "loc": 0.05258559814838985, "logScale": -0.3350416896288804}