{"g1": 0.2629361361760312, "g2": 0.3120176893380843, "logK": 0.2362355461844876, "loc": -0.03026103355451872, "logScale": -0.8631412272428081}