{"g1": 0.07440301673894517, "g2": 0.6252843779423007, "logK": -2.8169680109310153, "loc": -0.006483781913700793, "logScale": 0.2847788176377829}