{"g1": 0.06542950196046599, "g2": 2.04927955700766, "logK": -3.273956261515125, "loc": -0.026481227362581482, "logScale": 0.2842231883018707}