{"g1": 0.062265137771371146, "g2": 3.1149038466368952, "logK": -3.324735953922672, "loc": -0.013870203524258093, "logScale": 0.23288752888692865}