{"g1": 0.03875244381137338, "g2": 10.482023480491799, "logK": -1.131287998460895, "loc": 0.12976617977031804, "logScale": 0.051782039987706446}