{"g1": 0.05024097468601807, "g2": 2.702179940539724, "logK": -2.753302662750598, "loc": -0.04058409624591707, "logScale": 0.23653538023947634}