{"g1": 0.02852712289524993, "g2": 5.91365753980385, "logK": -4.220334231853671, "loc": 0.07537384601757208, "logScale": 0.22767368841844526}