{"g1": 0.04660854227004273, "g2": 10.490140836479227, "logK": -2.392556404417927, "loc": -0.06329122484729463, "logScale": 0.22019036965382435}