{"g1": 0.0016085245680523275, "g2": 6.981872893386386, "logK": -1.8797453832849578, "loc": 0.07552757489199177, "logScale": -0.13333647413563585}