{"g1": 0.03168658176541299, "g2": 1.2234970944162995, "logK": -4.728552798962888, "loc": 0.043429582867658176, "logScale": 0.2992238259700653}