{"g1": 0.43729145195087726, "g2": 0.06306444706601809, "logK": -0.6460887054942848, "loc": -0.12234362530195225, "logScale": 0.5395142215310225}