{"g1": 0.9993711041190632, "g2": 1.8271565208298588, "logK": -2.748051727582796, "loc": 0.14888322916288999, "logScale": 2.663773413626873}