{"g1": 0.9662714661674041, "g2": 0.005043318298757371, "logK": 0.9454756926611256, "loc": -0.03238940365272483, "logScale": -0.46254974565998797}