{"g1": 0.035174171898422917, "g2": 10.16438765764061, "logK": -1.260593142798747, "loc": 0.02890022884203999, "logScale": 0.09088197136393406}