{"g1": 0.08120552120318031, "g2": 6.253847893136456, "logK": -3.43415113842238, "loc": 0.10634129934889285, "logScale": 0.18899542602554734}