{"g1": 0.7049859769788607, "g2": 0.07879763009731067, "logK": 0.39247260924435756, "loc": 0.14604662078631747, "logScale": 0.9756848669424756}