{"g1": 0.13880002580237893, "g2": 4.459011419427139, "logK": -2.2458285756571357, "loc": -0.13586090255993802, "logScale": 0.2807704593364094}