{"g1": 0.14735963594685603, "g2": 0.048465430340886705, "logK": 0.23375041181919642, "loc": -0.07782516241276069, "logScale": 1.0852100486725687}