{"g1": 0.03845855220884264, "g2": 1.6441097668309073, "logK": -3.248407359281636, "loc": 0.10050097479905587, "logScale": 0.12364057416457985}