{"g1": 0.08905321013387364, "g2": 12.347144318174804, "logK": -0.590166549323482, "loc": 0.026935461938757014, "logScale": 0.09151336698822832}