{"g1": 0.04411094592859258, "g2": 14.673128606582283, "logK": -1.1005031892080708, "loc": 0.03180571854468207, "logScale": 0.12639842037805682}