{"g1": 0.02237657588894823, "g2": 1.755075393525555, "logK": -3.7211620582390923, "loc": 0.14880871137087628, "logScale": 0.24545857391917109}