{"g1": 0.8283924972938711, "g2": 0.4437735526913247, "logK": -3.0289936137375957, "loc": -0.12892749491529082, "logScale": 2.4079448201011036}