{"g1": 0.11854870583497798, "g2": 4.5530978643055455, "logK": -1.0352441301807973, "loc": -0.12537585363599868, "logScale": 0.1831466541944518}