{"g1": 0.5124313968996043, "g2": 1.0706497847932166, "logK": -2.453370724225166, "loc": -0.09513164400613752, "logScale": 0.7366684548494707}