{"g1": 0.1873262818136278, "g2": 0.5674415067843119, "logK": -0.5119745794169195, "loc": 0.1234605517821136, "logScale": 2.3487168803451173}