{"g1": 0.7402777567074478, "g2": 0.027256419531233048, "logK": -4.1636572508309895, "loc": -0.023981763819274964, "logScale": 2.306842914582549}