{"g1": 0.032182093649760976, "g2": 6.500400422129331, "logK": -1.1586820270334672, "loc": 0.111565620981605, "logScale": 0.09467302736949368}