{"g1": 0.34376646920152903, "g2": 0.41236163949709004, "logK": 0.7941434307327325, "loc": 0.10491830192072872, "logScale": 0.26234198597829084}