{"g1": 0.7744510166920548, "g2": 0.044358647262848244, "logK": -3.4428262864819303, "loc": -0.029853979557848697, "logScale": 2.343821392427288}