{"g1": 0.8136889974603003, "g2": 0.03387505087170842, "logK": -2.6982552854708444, "loc": -0.02606731123949968, "logScale": -0.07906664025888555}