{"g1": 0.6207067970840909, "g2": 0.27087594218278244, "logK": 0.04740633003071082, "loc": 0.07837996484215771, "logScale": 0.08637683291634768}