{"g1": 0.21375317698541063, "g2": 0.31875705366155954, "logK": -3.199838890955552, "loc": -0.011972909964310212, "logScale": -0.37876691983747424}