{"g1": 0.07134345958511379, "g2": 11.139916942612693, "logK": -2.8029224307677545, "loc": 0.011100693026104357, "logScale": 0.2614533122340616}