{"g1": 0.05845808891258484, "g2": 6.275562375501743, "logK": -2.2738207523682976, "loc": 0.10036160206907976, "logScale": 0.1915480132770182}