{"g1": 0.43297298241767507, "g2": 1.5659705380665787, "logK": 0.4290526655267154, "loc": -0.03401162451600101, "logScale": 1.0569585818910072}