{"g1": 0.5507065522323391, "g2": 2.922411836686538, "logK": -3.283316334929505, "loc": 0.13176872228093436, "logScale": 1.9473959238572187}