{"g1": 0.042422192723931496, "g2": 14.024466688924592, "logK": -3.46157072908958, "loc": -0.1312574892304005, "logScale": 0.2603073186472669}