{"g1": 0.09182893831585684, "g2": 2.796915612738146, "logK": -3.952191068725291, "loc": -0.09763589642823223, "logScale": 0.27972834587641315}