{"g1": 0.02992937901434428, "g2": 10.44228078620973, "logK": -1.98158540992756, "loc": 0.020236697601670545, "logScale": 0.27668246114794137}