{"g1": 0.09907485495172946, "g2": 0.030772816336984365, "logK": -2.9783659238903386, "loc": 0.004799619191438086, "logScale": -0.29519510140703836}