{"g1": 0.0013653607306881865, "g2": 8.378934352900247, "logK": -2.2997150211785633, "loc": -0.13340134540135706, "logScale": 0.24362070921019124}