{"g1": 0.7983516698660248, "g2": 0.024162787830631652, "logK": -0.2070701724273536, "loc": 0.08124613505270376, "logScale": -0.3909141485142681}