{"g1": 0.2919845922087966, "g2": 0.04562173759291571, "logK": -2.338843986077877, "loc": -0.10016093066254686, "logScale": -0.016037041636903004}