{"g1": 0.054770253484678205, "g2": 0.7949100705044132, "logK": -3.5653398857343923, "loc": -0.014733620209404125, "logScale": -0.29805579444788693}