{"g1": 0.03883006837590343, "g2": 7.160735523709812, "logK": -2.892783932334613, "loc": 0.05726252081818179, "logScale": 0.23829062823614278}