{"g1": 0.07149422551125285, "g2": 9.249499643838302, "logK": -4.535160982932154, "loc": -0.06866440143087527, "logScale": 0.21803629430225097}