{"g1": 0.06214564218471134, "g2": 7.876405080226068, "logK": -1.9227850913244962, "loc": -0.055156923589267326, "logScale": 0.2248340018126665}