{"g1": 0.43159489781342375, "g2": 0.16914483485204101, "logK": -4.98653284405258, "loc": -0.07781802034540425, "logScale": 0.0205606294293198}