{"g1": 0.1141097511527484, "g2": 0.02907857353095311, "logK": 0.7985188177308502, "loc": -0.08996779763946575, "logScale": 0.39598288778772484}