{"g1": 0.33342478780069207, "g2": 0.004677141983512522, "logK": -4.780527756819243, "loc": 0.08586222301879991, "logScale": -0.36828138139302613}