{"g1": 0.2822995303387982, "g2": 0.00943392511964657, "logK": -4.996808300248097, "loc": 0.04053594297310535, "logScale": 0.21725052762260244}