{"g1": 0.02817562151520628, "g2": 10.11536715804491, "logK": -1.975043744780824, "loc": -0.04057673379982964, "logScale": 0.25063581470117136}