{"g1": 0.4125503534658998, "g2": 0.09346287293495123, "logK": 0.39462298293800524, "loc": -0.10592641129315278, "logScale": -0.04551783914535901}