{"g1": 0.024300713010491085, "g2": 13.200952890494165, "logK": -3.0729276652585806, "loc": 0.002594697682918465, "logScale": 0.20740390564200525}