{"g1": 0.39135483988422654, "g2": 0.014750472261997827, "logK": 0.34491120260582475, "loc": -0.08554198708869212, "logScale": -0.25389338590113564}