{"g1": 0.02850248522946077, "g2": 9.118164029124639, "logK": -2.9980721071035985, "loc": -0.032756434335097145, "logScale": 0.3008058839282325}