{"g1": 0.15700814604297816, "g2": 0.6336834586374023, "logK": -4.217462042779303, "loc": -0.029197693536800316, "logScale": -0.3121937364753632}