{"g1": 0.28476392280072604, "g2": 0.0010285425894176106, "logK": 0.4749312663853611, "loc": 0.109525204938264, "logScale": -1.1210076682075578}