{"g1": 0.0676267886491692, "g2": 10.54226104463567, "logK": -0.10451991418348228, "loc": 0.08415413128571027, "logScale": -0.47397022128033217}