{"g1": 0.06739612954493633, "g2": 0.0557576873444956, "logK": -0.30511437368092187, "loc": 0.032254408460482935, "logScale": -0.742689051064746}