{"g1": 0.03738009560481905, "g2": 5.515816617129478, "logK": -1.9102213451452983, "loc": -0.06323630545582194, "logScale": 0.1830491173840902}