{"g1": 0.02959164506357792, "g2": 9.702977347581182, "logK": -3.145393737872501, "loc": -0.028380750074401377, "logScale": 0.17907209926880802}