{"g1": 0.13535298540707627, "g2": 0.023222905945898153, "logK": -1.9220370848154762, "loc": -0.007650249629247041, "logScale": -0.3216203107946841}