{"g1": 0.20152341595396966, "g2": 0.023821109357040626, "logK": -4.3017642666716425, "loc": -0.08093773405928611, "logScale": 0.2036889849194803}