{"g1": 0.036131024025310945, "g2": 9.085504077643023, "logK": -1.4049657134649216, "loc": -0.02451156655812728, "logScale": 0.2211552423758355}