{"g1": 0.9474425467610401, "g2": 11.152461131280987, "logK": 0.7673180142074165, "loc": 0.042715186778321756, "logScale": -1.128954040652397}