{"g1": 0.8803252083546262, "g2": 14.61129131251769, "logK": 0.3828190287692402, "loc": 0.11550352395381223, "logScale": 0.6414587860305139}