{"g1": 0.9468665196355962, "g2": 14.775407588214142, "logK": 0.5582638344416004, "loc": -0.10873716434479538, "logScale": 0.6511449974720094}