{"g1": 0.9997098769560149, "g2": 13.888925703917113, "logK": 0.8953981065720502, "loc": -0.0759961088071484, "logScale": -3.610063499811589}