{"g1": 0.8637455467882512, "g2": 14.993748993859281, "logK": 0.04112673979507275, "loc": -0.05209988258236261, "logScale": 1.5986514253952775}