{"g1": 0.8974176232662745, "g2": 14.225452316244544, "logK": 0.5669087630115672, "loc": 0.11331861710228483, "logScale": 2.2342653420195218}