{"g1": 0.9772481527636205, "g2": 14.770324302724385, "logK": -2.5880205038854407, "loc": 0.028160661976842433, "logScale": -2.5052528300238444}