{"g1": 0.9890225733874353, "g2": 14.307545766952195, "logK": -0.2703614847997897, "loc": 0.11859419783477673, "logScale": 1.431718559955059}