{"g1": 0.9987624131849879, "g2": 12.085012484729397, "logK": -2.5676261347506375, "loc": 0.021039110444551055, "logScale": -3.9945664864888712}