{"g1": 0.9794342256362562, "g2": 14.39127692888766, "logK": -2.7711864831068636, "loc": 0.08986342653344465, "logScale": -1.7205894970239355}