{"g1": 0.9945110808497081, "g2": 11.158251808237084, "logK": 0.7763626698362921, "loc": -0.0924758383149874, "logScale": -0.9319693434862247}