{"g1": 0.9790013605489647, "g2": 11.873883549472605, "logK": -2.9272388555727247, "loc": -0.005178298060581184, "logScale": -3.5810304985257995}