{"g1": 0.9334243995095612, "g2": 14.614454229645435, "logK": 0.7855707224699813, "loc": 0.009548992980714273, "logScale": 0.9271061582305022}