{"g1": 0.8738636276316083, "g2": 14.99729103517453, "logK": -3.0782889951659334, "loc": -0.10510382463702224, "logScale": 3.2748614471908475}