{"g1": 0.999974170013961, "g2": 14.99715507651088, "logK": 0.9876728395998153, "loc": 0.04139112213858935, "logScale": -0.008727711999152232}