{"g1": 0.92552806012362, "g2": 14.970497467873175, "logK": 0.9099668342245524, "loc": 0.06082211664439702, "logScale": -0.4489636470523144}