{"g1": 0.9747904111809378, "g2": 14.954664786940079, "logK": 0.36513593274211614, "loc": 0.05972725307295293, "logScale": 0.9710684170627826}