{"g1": 0.9997096435822937, "g2": 11.868066291501, "logK": -1.0694886493078208, "loc": -0.009704564387577067, "logScale": -3.2266527794350957}