{"g1": 0.9994576695061614, "g2": 13.257830965102285, "logK": -3.0495529682481273, "loc": -0.04133412332618521, "logScale": -2.999806660976408}