{"g1": 0.95636092654132, "g2": 14.96062725427887, "logK": 0.8883870578324006, "loc": -0.054028998304686354, "logScale": 0.7853077854314308}