{"g1": 0.9741980474979671, "g2": 14.801084744814492, "logK": -0.8208624586261106, "loc": -0.14396295804059295, "logScale": 3.848632459098317}