{"g1": 0.9454410903125187, "g2": 13.101532972168018, "logK": 0.8701313401123646, "loc": -0.09156096129716601, "logScale": 0.3674500859290275}