{"g1": 0.9303278572019866, "g2": 14.192688306479573, "logK": 0.10205377029561066, "loc": 0.05476732814824893, "logScale": 1.0386675331954043}