{"g1": 0.955337368148995, "g2": 13.718175991652592, "logK": 0.42750241223558916, "loc": -0.11911307472440688, "logScale": 1.549611218379579}