{"g1": 0.9323473369596839, "g2": 12.067923079391496, "logK": 0.970972294599559, "loc": -0.09290078934162893, "logScale": -1.2191751956302344}