{"g1": 0.9413790540777582, "g2": 13.502461642408802, "logK": 0.9558683103223679, "loc": 0.07246020316588023, "logScale": -0.006244172272482973}