{"g1": 0.8360514279806524, "g2": 13.945402147151718, "logK": 0.677078009894526, "loc": -0.1107152022474393, "logScale": 1.2926927093556957}