{"g1": 0.8934703919085569, "g2": 14.99174490173912, "logK": 0.4191520217126745, "loc": -0.14109555916233385, "logScale": 0.9781160696310267}