{"g1": 0.947095239034082, "g2": 14.310144466270373, "logK": 0.8938240436807512, "loc": 0.03819195110347408, "logScale": -0.07092756184902271}