{"g1": 0.8521398955725525, "g2": 14.1839539887416, "logK": 0.5576239373400733, "loc": -0.05923161909479403, "logScale": 1.7452954256032}