{"g1": 0.9999792618018405, "g2": 12.687407692255963, "logK": -0.5983444959808537, "loc": -0.0015813657708388922, "logScale": -3.5857688962469147}