{"g1": 0.9798017571485893, "g2": 14.35092916935156, "logK": 0.7760941885107222, "loc": -0.11757194066101256, "logScale": 0.8823245969742453}