{"g1": 0.5699121476755301, "g2": 13.831677673790121, "logK": 0.5809766943552175, "loc": 0.06069313533722007, "logScale": 2.5286311629081117}