{"g1": 0.9743623200150668, "g2": 14.989229948471566, "logK": 0.7017541636209482, "loc": 0.04305550780644684, "logScale": 0.38841001936439135}