{"g1": 0.9976112505140611, "g2": 14.104146608886346, "logK": 0.9152026683121602, "loc": -0.10892358698297358, "logScale": -2.726853403162216}