{"g1": 0.9801835684364982, "g2": 14.6416271239322, "logK": 0.6877222758584614, "loc": 0.003208037259754014, "logScale": -0.573559926519777}