{"g1": 0.9210478243932408, "g2": 13.26322384480796, "logK": 0.9997883023826466, "loc": -0.10163669515888314, "logScale": 0.7273336230689273}