{"g1": 0.99940196225823, "g2": 14.949801820862191, "logK": -2.0386100367489064, "loc": -0.017341347634831958, "logScale": -3.883328664409765}