{"g1": 0.9054492991859671, "g2": 12.26471193008026, "logK": 0.976901106635787, "loc": -0.021652917734087826, "logScale": -0.06301251832051724}