{"g1": 0.9526415317411443, "g2": 14.486797273005408, "logK": 0.4836445972893497, "loc": -0.023459252350987832, "logScale": 2.3299549830701176}