{"g1": 0.8156231052246021, "g2": 13.212035231906619, "logK": 0.8628385546693095, "loc": -0.11071722317125715, "logScale": -0.15318105910882884}