{"g1": 0.974092903789091, "g2": 14.533001838746603, "logK": -4.878832757233551, "loc": -0.13720419866260344, "logScale": 0.39598668729305186}