{"g1": 0.9746154101837384, "g2": 13.698214413239324, "logK": -2.0464759293865717, "loc": -0.00681403991816428, "logScale": -3.5417463946630465}