{"g1": 0.9979152312370174, "g2": 14.481145361313995, "logK": -1.0443795832004346, "loc": -0.006866308358824645, "logScale": 1.3322587470289522}