{"g1": 0.942289147239535, "g2": 14.989180834125898, "logK": -3.34594733297478, "loc": -0.08122099470101972, "logScale": 1.4188231912258014}