{"g1": 0.9763254443288559, "g2": 14.327029999913616, "logK": -2.2742796302754202, "loc": 0.014445054094448434, "logScale": -3.5335400329800457}