{"g1": 0.8126971394569292, "g2": 13.847355563403006, "logK": 0.2183072798931395, "loc": -0.05239205307804196, "logScale": 1.3742738240898458}