{"g1": 0.9037083393413698, "g2": 14.71463488235085, "logK": 0.544791106330131, "loc": 0.03231047011219893, "logScale": 2.1435846938295016}