{"g1": 0.9994482066900995, "g2": 12.825567781750037, "logK": 0.674146321203177, "loc": -0.05309270817812691, "logScale": -1.11390783688933}