{"g1": 0.9739427901400616, "g2": 14.063985075088468, "logK": -1.8454415233553112, "loc": -0.059130023407861616, "logScale": -2.844992488812012}