{"g1": 0.7364922482846985, "g2": 14.688168973616964, "logK": -0.11564212802382279, "loc": -0.027775964303086244, "logScale": 2.3705041430996916}