{"g1": 0.9093318409272179, "g2": 14.982942426523312, "logK": 0.8879145188593187, "loc": -0.12850160276369416, "logScale": 0.7825222532160024}