{"g1": 0.9100042220367642, "g2": 14.679880946269456, "logK": 0.988111993522367, "loc": 0.08424883516541266, "logScale": 0.26439595732149057}