{"g1": 0.9953854938175378, "g2": 14.241780539320198, "logK": 0.9817930007702494, "loc": 0.09389488688675834, "logScale": -0.018031911243739387}