{"g1": 0.95961554002503, "g2": 13.44582091654338, "logK": -1.328831857571593, "loc": 0.00813910940729562, "logScale": -3.5650278618991678}