{"g1": 0.9200613361758121, "g2": 14.986333162309293, "logK": -4.97211570961901, "loc": -0.05414723629787499, "logScale": 2.8873425360832554}