{"g1": 0.9384792807498425, "g2": 14.94905425123174, "logK": 0.9984947723659026, "loc": 0.09351600081467136, "logScale": 0.7623068855664015}