{"g1": 0.9990609183848151, "g2": 13.284879230851326, "logK": -2.034835944214581, "loc": -0.016745539473064817, "logScale": -3.2401119221417116}