{"g1": 0.9408475154092222, "g2": 14.976113393971907, "logK": 0.7169516444200758, "loc": 0.09325445499317972, "logScale": 1.1993687295782915}