{"g1": 0.7400542733456386, "g2": 14.992993515199101, "logK": 0.9969628690961458, "loc": 0.09414303360734626, "logScale": 2.2676255474926847}