{"g1": 0.9994173053004674, "g2": 9.036082513752595, "logK": -4.548053123539108, "loc": -0.008161801809247908, "logScale": -3.1529514469445155}