{"g1": 0.970470517363184, "g2": 14.423122607575548, "logK": 0.9913833036921723, "loc": -0.14381330803747605, "logScale": 1.0253538290154762}