{"g1": 0.9845482139703067, "g2": 13.481798831651933, "logK": -1.8850901140191627, "loc": -0.03118512884663026, "logScale": -3.315844156735346}