{"g1": 0.8714528748820043, "g2": 11.781184252542797, "logK": 0.655069691814904, "loc": -0.0570082255699636, "logScale": -0.12384445057091709}