{"g1": 0.9994731325814564, "g2": 14.49372468105902, "logK": -0.420289886323853, "loc": -0.02533097569970342, "logScale": -3.051678693031677}