{"g1": 0.9975658432587499, "g2": 12.250049361013346, "logK": 0.9997530826141562, "loc": -0.05041044258116199, "logScale": 0.5084700048854365}