{"g1": 0.9973737764000332, "g2": 13.21135374703849, "logK": 0.6540785626305652, "loc": 0.04496674132471598, "logScale": -0.7290626669410265}