{"g1": 0.8185392130236856, "g2": 14.76248754523908, "logK": 0.8505203551044506, "loc": -0.1459597392122193, "logScale": -1.1888971213767154}