{"g1": 0.7547289403260985, "g2": 14.997891579767636, "logK": -2.596318691094406, "loc": -0.141847122045342, "logScale": 2.0648536651307996}