{"g1": 0.9228960252395029, "g2": 11.022301762729914, "logK": 0.9880456725068936, "loc": -0.017472085973814618, "logScale": -0.06927088645634949}