{"g1": 0.8599707102002906, "g2": 14.835578148482034, "logK": 0.4254832490631276, "loc": -0.02932768489977671, "logScale": 1.6329468403099654}