{"g1": 0.9991417070641342, "g2": 10.38624286720313, "logK": -2.4965473249176746, "loc": 0.016380254318747723, "logScale": -3.6408551795338955}