{"g1": 0.9827158479712697, "g2": 14.622686755345997, "logK": 0.894391268335839, "loc": 0.12389925496943296, "logScale": 0.09976986319204562}