{"g1": 0.7535577997047964, "g2": 14.948804048890652, "logK": 0.37509095644553414, "loc": -0.039245279067095615, "logScale": 1.5616595879864428}