{"g1": 0.9975950287300177, "g2": 14.993008165397075, "logK": -4.9323997434687925, "loc": 0.060566484788658476, "logScale": 2.1759813181030645}