{"g1": 0.9675986564113279, "g2": 14.019882467056174, "logK": 0.6865226666072782, "loc": 0.014241621717153945, "logScale": 0.2510567927263543}