{"g1": 0.863018297561664, "g2": 14.988660740465246, "logK": 0.808525438696883, "loc": -0.08637509562263002, "logScale": 1.210857138922286}