{"g1": 0.9983518161612969, "g2": 13.520957476891422, "logK": -3.2497231981240313, "loc": 0.041116050989123534, "logScale": -2.4780184548066937}