{"g1": 0.8351898511392406, "g2": 14.994666537571476, "logK": 0.9156940637739117, "loc": 0.07353597604415366, "logScale": 1.0067259961087207}