{"g1": 0.9992575447305155, "g2": 12.231254275758952, "logK": -1.9488173643001785, "loc": -0.014378074413983687, "logScale": -2.963807908151292}