{"g1": 0.7701226289971635, "g2": 14.665726253888904, "logK": 0.9966260480337243, "loc": -0.07885845797279872, "logScale": 1.5068891727439024}