{"g1": 0.8750142762365749, "g2": 14.999236411371712, "logK": 0.8345705257766008, "loc": -0.004717660521887773, "logScale": 0.9887990303982601}