{"g1": 0.9550841761054093, "g2": 14.100768811267033, "logK": 0.9837219011055559, "loc": -0.12894981326939908, "logScale": -0.25806687854077426}