{"g1": 0.9796951414003895, "g2": 14.998761688632026, "logK": -0.4443731675143907, "loc": -0.04518801426437516, "logScale": 2.274619201121488}