{"g1": 0.998629139756125, "g2": 9.380828439730019, "logK": -4.421156120820312, "loc": -0.015037341002053568, "logScale": -3.7909252339158965}