{"g1": 0.892610873641799, "g2": 14.726751925202018, "logK": 0.8289060136357514, "loc": 0.1094075419568252, "logScale": 0.6462727417110408}