{"g1": 0.9067363651292887, "g2": 14.997839920267772, "logK": -1.835681903095716, "loc": -0.09916259245628142, "logScale": 3.299375210624752}