{"g1": 0.9993199835447223, "g2": 14.312189078706416, "logK": 0.7861387799222093, "loc": -0.07083356528669191, "logScale": -0.6604605068500785}