{"g1": 0.9582862527076539, "g2": 14.9483539954473, "logK": -3.523448350766592, "loc": 0.04195841063153103, "logScale": 2.369292627954381}