{"g1": 0.9432542444881802, "g2": 14.687929325594723, "logK": 0.8287117631054536, "loc": -0.08566682403342935, "logScale": -0.18397134485733946}