{"g1": 0.9397488214191806, "g2": 13.813049184987891, "logK": -3.916761073754859, "loc": -0.05420093968162456, "logScale": 1.8882025955543682}