{"g1": 0.9523303447871888, "g2": 14.994179638739539, "logK": -3.7324766955304387, "loc": 0.06415690845043272, "logScale": 2.7467652856111644}