{"g1": 0.7712585135079579, "g2": 14.570865263757236, "logK": 0.9130061729265415, "loc": -0.019088679653549292, "logScale": 0.9934897588130176}