{"g1": 0.7833697754459106, "g2": 14.975969060852082, "logK": -0.27509996917778795, "loc": -0.021143672286153267, "logScale": 2.3400196599098675}