{"g1": 0.8592272457244872, "g2": 14.667362486359114, "logK": 0.7249240303390434, "loc": 0.14260427559601793, "logScale": 1.2537299308381236}