{"g1": 0.9599031287376214, "g2": 14.722313081441895, "logK": -3.1331184465823854, "loc": 0.09827028850408134, "logScale": 2.3524679386803133}