{"g1": 0.9999991185555718, "g2": 14.008822876216986, "logK": -2.9252211621065896, "loc": 0.04458781095662656, "logScale": -3.04312812536587}