{"g1": 0.7364251526821733, "g2": 14.971345054047934, "logK": 0.04435365343499975, "loc": -0.023300523384504977, "logScale": 1.2781981795325006}