{"g1": 0.8117368870440278, "g2": 14.895236941691937, "logK": 0.36887830404624244, "loc": 0.10638489444693917, "logScale": 0.5723383426283513}