{"g1": 0.965271640960825, "g2": 14.94329112585504, "logK": 0.4678808365417826, "loc": -0.09582175568208433, "logScale": 2.0573646310933507}