{"g1": 0.9098118353568225, "g2": 14.969402169594522, "logK": 0.9922916190449786, "loc": -0.00652105282226792, "logScale": 0.9103372324694813}