{"g1": 0.9997679280536025, "g2": 14.018351115026167, "logK": -2.611397647084663, "loc": 0.0006359603185836574, "logScale": -3.221952597755271}