{"g1": 0.9972985376002533, "g2": 14.917810871363814, "logK": -0.10589292510364756, "loc": -0.004748375138678292, "logScale": -3.995799602752888}