{"g1": 0.9711031103145713, "g2": 10.571215770380727, "logK": 0.9877623454990364, "loc": -0.08081140112404597, "logScale": -1.4854877144384564}