{"g1": 0.9738617583716216, "g2": 14.993437996699296, "logK": -0.9462297384500649, "loc": -0.014120292317975902, "logScale": 3.0774851033665076}