{"g1": 0.9998096959966027, "g2": 14.661433057519222, "logK": -2.363426033771681, "loc": -0.06453658950639675, "logScale": 2.97718388832613}