{"g1": 0.834248612744234, "g2": 14.954134303380327, "logK": -0.4906211664909623, "loc": -0.03648281177376051, "logScale": 2.619730908819152}