{"g1": 0.9451002825915511, "g2": 14.512345732461553, "logK": -3.4370223138801603, "loc": -0.12001192960831385, "logScale": 1.7637527443622059}