{"g1": 0.9991590744061477, "g2": 14.385836248737515, "logK": -2.8141102517732666, "loc": -0.013886791170582821, "logScale": -3.9992888164106533}