{"g1": 0.9558980246250038, "g2": 14.838670794909422, "logK": 0.8273322525929458, "loc": -0.07839032837954872, "logScale": 0.1468793971707113}