{"g1": 0.9941910583172221, "g2": 8.172357718885252, "logK": 0.19626363505506816, "loc": -0.018418593935473872, "logScale": -3.833926010625763}