{"g1": 0.9989674503018471, "g2": 14.984171070281274, "logK": -1.2444321631355268, "loc": 0.011862914964327237, "logScale": 2.0226956408805683}