{"g1": 0.8100013455745919, "g2": 14.889299381483049, "logK": -4.228664903035477, "loc": -0.10480990973340194, "logScale": 2.710014488503714}