{"g1": 0.9677255118007156, "g2": 14.987798285485033, "logK": -2.9054539774204553, "loc": -0.11473077885267188, "logScale": 2.262509663228875}