{"g1": 0.9964914343397839, "g2": 13.371782995926267, "logK": -4.112317510548324, "loc": -0.0100243028758751, "logScale": -3.5690637718423703}