{"g1": 0.9430839033090902, "g2": 14.94015620379354, "logK": 0.860107358175388, "loc": -0.07089684115413228, "logScale": 0.8039306285718429}