{"g1": 0.9439921644487304, "g2": 14.716274171492836, "logK": 0.9917458080378367, "loc": -0.030877324982308177, "logScale": 1.1240014329253576}