{"g1": 0.9520390488799882, "g2": 14.037087361074189, "logK": 0.8354365555616403, "loc": -0.03752224282615087, "logScale": 1.1063784037627828}