{"g1": 0.9993446311767753, "g2": 12.796461280801523, "logK": -3.857833408638057, "loc": -0.000845863928891211, "logScale": -3.631496365736081}