{"g1": 0.9993956124046437, "g2": 14.957595634161457, "logK": -4.4575887830451695, "loc": -0.007884446662315416, "logScale": -3.6461774294416593}