{"g1": 0.890287708961799, "g2": 14.989410448600983, "logK": 0.9973266936539584, "loc": -0.11356849473521963, "logScale": 1.1529483153933329}