{"g1": 0.8125374164899271, "g2": 14.38527159036361, "logK": -2.810180999213819, "loc": -0.12416914027185347, "logScale": 2.3760121028899976}