{"g1": 0.9123516439610697, "g2": 14.725648954278059, "logK": 0.8782910408427667, "loc": -0.11313716859765598, "logScale": 1.756651220227681}