{"g1": 0.8496080243196908, "g2": 14.356748856907227, "logK": 0.44162467577787323, "loc": -0.03712105461066506, "logScale": 1.5327413085397832}