{"g1": 0.9959322113985992, "g2": 14.995648652918991, "logK": -3.4380423975747822, "loc": 0.017067592320044456, "logScale": -3.815619150762622}