{"g1": 0.939555732298014, "g2": 13.075994369094113, "logK": 0.9839310850146643, "loc": -0.013293248877065632, "logScale": -1.1118457082234263}