{"g1": 0.9751986273853432, "g2": 12.79802023230571, "logK": -4.197092802452565, "loc": 0.014640723631551443, "logScale": -3.3011383916497747}