{"g1": 0.999790614667169, "g2": 12.867202371091746, "logK": 0.6366734488551858, "loc": -0.04956531153007945, "logScale": -1.4289072939667888}