{"g1": 0.9992139492746976, "g2": 14.639052406913642, "logK": 0.9818755470339897, "loc": -0.09543679248109155, "logScale": 0.19610903050860162}