{"g1": 0.9946350853187739, "g2": 13.225472564236807, "logK": -0.9948957516738256, "loc": -0.002071945796413982, "logScale": -3.6494146008944233}