{"g1": 0.937735518697004, "g2": 14.995932225518994, "logK": 0.18596158412207964, "loc": -0.1497170382187138, "logScale": 0.6300860319164908}