{"g1": 0.9985917520775804, "g2": 11.335190063676635, "logK": -2.1249331217485743, "loc": 0.007991945875127632, "logScale": -3.823963446030994}