{"g1": 0.9992587883749553, "g2": 14.926596429008065, "logK": -2.3616607249784494, "loc": -0.007864094411036145, "logScale": -3.8342537530744183}