{"g1": 0.9974333373404969, "g2": 14.370728243820613, "logK": 0.9828320577328526, "loc": -0.019683318389821083, "logScale": -1.7763598220006536}