{"g1": 0.9273073014005875, "g2": 14.134874005975346, "logK": 0.2733736653406753, "loc": -0.005052368747913399, "logScale": 1.22515231649198}