{"g1": 0.984736937782264, "g2": 14.980925592841837, "logK": 0.6154980737762438, "loc": -0.07557570701931626, "logScale": 0.5584167307726744}