{"g1": 0.9786247472924001, "g2": 9.935884230894732, "logK": -3.953693285854104, "loc": 0.033207251930782604, "logScale": -3.0189890414521274}