{"g1": 0.95472425513828, "g2": 14.983773097196117, "logK": 0.8505915962463979, "loc": 0.1313529697321093, "logScale": 0.35036812647294335}