{"g1": 0.5142795832498145, "g2": 14.758035617756775, "logK": 0.6664384849606164, "loc": 0.05149355281018286, "logScale": 2.3330604129349366}