{"g1": 0.9844103529910698, "g2": 14.389248647321496, "logK": 0.8498515642971523, "loc": -0.142995145555121, "logScale": 0.3306808440723143}