{"g1": 0.8704644945568856, "g2": 14.9479298456828, "logK": 0.7909643041657823, "loc": -0.09873682177161004, "logScale": 0.19894803550452633}