{"g1": 0.9829505503385662, "g2": 14.054991369451383, "logK": -3.667492831925454, "loc": 0.10984551440013929, "logScale": 2.460970885395908}