{"g1": 0.9084353413656735, "g2": 14.986585110218854, "logK": -3.988742635650417, "loc": 0.11448778590752143, "logScale": 2.225881693034184}