{"g1": 0.9484610317928738, "g2": 14.707083728412016, "logK": 0.3696465882665799, "loc": 0.11738690122447856, "logScale": 0.2727874203601575}