{"g1": 0.9987064099843515, "g2": 12.20224033180921, "logK": 0.9981506821322499, "loc": -0.02257426455918264, "logScale": -3.9696277309291617}