{"g1": 0.8856171612901221, "g2": 14.72408992757791, "logK": 0.669744021280769, "loc": -0.01675195104394972, "logScale": 0.5357046193197148}