{"g1": 0.8807314832463271, "g2": 13.665527623716539, "logK": -2.1900619423215617, "loc": -0.07459836006320957, "logScale": 2.065333505820098}