{"g1": 0.9675261482547403, "g2": 14.034318009800248, "logK": -1.713495573976734, "loc": 0.039092564986876736, "logScale": 0.3023066824462483}