{"g1": 0.9968466426275611, "g2": 14.617247259655084, "logK": -1.0871087740522565, "loc": -0.030487493516974218, "logScale": -3.6771987873438094}