{"g1": 0.8102593558155985, "g2": 14.97270608907012, "logK": 0.830523593414285, "loc": 0.03465011417030174, "logScale": 2.3588025509632016}