{"g1": 0.9413232327744043, "g2": 14.415826159899966, "logK": 0.722031302881353, "loc": -0.10483810343526036, "logScale": 0.918472462016662}