{"g1": 0.8133566514162136, "g2": 14.644313850189352, "logK": 0.2646399894643212, "loc": 0.036266068771207374, "logScale": 1.5270211516703283}