{"g1": 0.8839523852569847, "g2": 12.999520150068658, "logK": 0.8305340001278638, "loc": 0.07194785228277498, "logScale": -0.09570863384021333}