{"g1": 0.9963850527741778, "g2": 13.80585414940131, "logK": -4.869999955732457, "loc": -0.019553244211710667, "logScale": -3.305441303249302}