{"g1": 0.9958557752553284, "g2": 14.839879378658292, "logK": 0.3027389271265587, "loc": -0.03552876872304014, "logScale": 0.8975989124683067}