{"g1": 0.9979711727618857, "g2": 14.991193192007424, "logK": 0.7650456840688211, "loc": -0.1461730060127445, "logScale": -0.2345802496275105}