{"g1": 0.7578882602639381, "g2": 14.971145228785256, "logK": 0.7498816948999477, "loc": -0.11663893538061287, "logScale": 2.2937257409155056}