{"g1": 0.9972518427241213, "g2": 13.13469857670134, "logK": -4.167740794059645, "loc": 0.012944915135186578, "logScale": -3.551432087255164}