{"g1": 0.5953974862479728, "g2": 14.975080685595266, "logK": 0.9808517199143734, "loc": -0.06382029791542163, "logScale": 1.8039098128707307}