{"g1": 0.5220166103587204, "g2": 14.130574322154834, "logK": 0.7821480459268264, "loc": -0.04362030142330098, "logScale": 2.4634912725689864}