{"g1": 0.9988290568930435, "g2": 12.943241011445144, "logK": 0.9921527472337752, "loc": -0.03595151263626556, "logScale": 0.0034854469085427997}