{"g1": 0.6303982330947046, "g2": 14.966642965448292, "logK": 0.7617333597686142, "loc": -0.08594199517936517, "logScale": 1.6294110899690555}