{"g1": 0.9377519628646322, "g2": 13.443054201930652, "logK": 0.9973901275331908, "loc": -0.14619461544675244, "logScale": 0.24210742822171638}