{"g1": 0.953832718842347, "g2": 14.985388494980127, "logK": 0.18402922131152138, "loc": 0.13093181331642562, "logScale": 1.3410956395465532}