{"g1": 0.9379343518928835, "g2": 14.969075897947024, "logK": -0.5810604416092102, "loc": 0.04674120779063921, "logScale": 2.952313517253592}