{"g1": 0.9996961955214092, "g2": 14.151637219556434, "logK": 0.3578325103152533, "loc": -0.021012779858085875, "logScale": -1.9339597679123863}