{"g1": 0.8016978688906962, "g2": 14.987634625727104, "logK": 0.9858729096894336, "loc": 0.003971049826710246, "logScale": 0.840301605231335}