{"g1": 0.9290504104346569, "g2": 14.969855945055807, "logK": -0.1049603275311442, "loc": 0.04930550562426024, "logScale": 1.6200894823328802}