{"g1": 0.9800509797362223, "g2": 13.709737008107336, "logK": 0.9994888616657585, "loc": -0.0076238970981874, "logScale": 0.9828527795246773}