{"g1": 0.9988545050884896, "g2": 14.830918774732222, "logK": 0.9675546891304593, "loc": 0.043168270032956424, "logScale": 1.6398009372676836}