{"g1": 0.7991263825182962, "g2": 14.974886791067568, "logK": -1.0449177143959902, "loc": -0.0844867774121099, "logScale": 2.432188544054798}