{"g1": 0.9261095281812135, "g2": 14.990825716553548, "logK": 0.9132028968054532, "loc": -0.05927719959022347, "logScale": 0.4606252708764943}