{"g1": 0.8902655732782642, "g2": 14.933662435463182, "logK": 0.7179486514427103, "loc": -0.06916867297270216, "logScale": 1.1076676984937883}