{"g1": 0.9227029723425132, "g2": 14.66667557563718, "logK": 0.9774622545858399, "loc": 0.07027836251560561, "logScale": -0.1297719152457677}