{"g1": 0.8894466227894519, "g2": 14.991630857083711, "logK": -0.9957883882013114, "loc": -0.0308646849257346, "logScale": 2.4795112886051998}