{"g1": 0.9681658572055657, "g2": 14.962746587860552, "logK": 0.6810210738291596, "loc": -0.07455370860085611, "logScale": -1.5295420815141538}