{"g1": 0.9578891065061426, "g2": 14.27010879811095, "logK": 0.9803156278351297, "loc": 0.12397730752610776, "logScale": 0.6350709028017385}