{"g1": 0.9971930251179459, "g2": 14.074312116772859, "logK": 0.7221784197316394, "loc": 0.042217109586056324, "logScale": 0.731906309127159}