{"g1": 0.9814629403567762, "g2": 14.946150488713101, "logK": 0.9098900654322475, "loc": 0.07239040134869627, "logScale": 0.6550458952381994}