{"g1": 0.9984765788942145, "g2": 14.835197038524251, "logK": -4.629570599646432, "loc": 0.016544857902664356, "logScale": -3.9090386378161437}