{"g1": 0.9798198976069852, "g2": 14.991600669096176, "logK": 0.9854293465655368, "loc": -0.02460634832197567, "logScale": -3.8847133522109605}