{"g1": 0.982410549539666, "g2": 14.68985595056772, "logK": 0.7664286186830482, "loc": -0.014154679698909996, "logScale": -0.2567031800454436}