{"g1": 0.9668897281392963, "g2": 14.09978101797398, "logK": -0.16910169620707957, "loc": -0.006564929281454695, "logScale": -3.8436540081068196}