{"g1": 0.8525141185324746, "g2": 14.079171387022974, "logK": 0.8394903400715304, "loc": -0.057028238699346034, "logScale": -1.1394425530317829}