{"g1": 0.9835820578998525, "g2": 14.969978094511681, "logK": 0.17224182404527583, "loc": 0.017322552908504936, "logScale": -1.1097611402614544}