{"g1": 0.9857246423018554, "g2": 12.78453420647341, "logK": 0.9394243804689886, "loc": -0.10586437885493805, "logScale": -0.7340065054746245}