{"g1": 0.8115610523531445, "g2": 14.65575472703323, "logK": 0.536397550590878, "loc": 0.10668752544375001, "logScale": 2.8362075356708765}