{"g1": 0.9997493078442177, "g2": 12.659177428675836, "logK": -4.255728201973012, "loc": 0.009299660510743712, "logScale": -3.6024473583394236}