{"g1": 0.9998940222424438, "g2": 11.090402852936823, "logK": -3.786239006689642, "loc": -0.0028599036210848125, "logScale": -3.3531420778407313}