{"g1": 0.9832485119232682, "g2": 14.311112647062334, "logK": 0.2514694245812498, "loc": -0.02337075982841047, "logScale": -3.596424075445056}