{"g1": 0.8773312651684841, "g2": 14.323945533681888, "logK": 0.980096375416057, "loc": -0.1488948167979553, "logScale": 0.0765547097105643}