{"g1": 0.9502655807619259, "g2": 14.181932932414876, "logK": 0.5728571406364158, "loc": -0.11138628000112505, "logScale": -0.3577439787606078}