{"g1": 0.9992816141758518, "g2": 12.840479074047607, "logK": 0.8464078983081601, "loc": -0.08666127537368667, "logScale": -2.495533844738441}