{"g1": 0.9758534184124824, "g2": 14.99464839383902, "logK": 0.8959377617136652, "loc": -0.08780635056966439, "logScale": -0.5438476276470043}