{"g1": 0.8386264723800789, "g2": 12.974496713435524, "logK": 0.9119810759384956, "loc": 0.06149238700267899, "logScale": 0.8655528348690296}