{"g1": 0.9894336843239688, "g2": 14.535059796733217, "logK": 0.5159420694499235, "loc": -0.08355250482522741, "logScale": 0.14453206441543642}