{"g1": 0.9998928282828312, "g2": 14.19577934738718, "logK": 0.791804073540911, "loc": 0.09119308040703411, "logScale": -0.17449541250134903}