{"g1": 0.9601110335799405, "g2": 13.891754680649111, "logK": 0.7508485921363113, "loc": 0.12229602768030505, "logScale": 0.08516160841965204}