{"g1": 0.9167810186079312, "g2": 14.71079696961323, "logK": 0.5749760985002312, "loc": 0.07782024053585218, "logScale": 1.5903665990297855}