{"g1": 0.9994975196116223, "g2": 12.24296207297877, "logK": -0.13003405148253389, "loc": -0.04947420531450266, "logScale": -3.186200949577853}