{"g1": 0.999143810524777, "g2": 13.715839498451665, "logK": 0.9734019732459144, "loc": 0.06954759513971495, "logScale": 1.2935636419977792}