{"g1": 0.9790945299515486, "g2": 12.785524108459384, "logK": -2.441786724382634, "loc": -0.0389065642320182, "logScale": -3.0913366673719027}