{"g1": 0.9845487625246271, "g2": 14.937970718437935, "logK": 0.8357590257760072, "loc": 0.023928422385466316, "logScale": 0.27710361475331774}