{"g1": 0.9276302967505355, "g2": 14.060236496486185, "logK": 0.38351077628936636, "loc": 0.12211417232796702, "logScale": 1.5166475679847369}