{"g1": 0.99915320941476, "g2": 10.751115756721086, "logK": -2.1410316900034947, "loc": -0.020364238841933023, "logScale": -3.9812663525616148}