{"g1": 0.9591281786992155, "g2": 14.22582497837062, "logK": 0.6398818401905662, "loc": -0.12513228307073618, "logScale": -0.5216825221433026}