{"g1": 0.9803817033711537, "g2": 14.092758179259498, "logK": 0.9768942013776094, "loc": -0.04657357586519634, "logScale": -0.6275744714380809}