{"g1": 0.9974955390777235, "g2": 12.952776963258037, "logK": 0.7052909387967647, "loc": -0.10113854292381347, "logScale": -2.9445431412082974}