{"g1": 0.993058098799851, "g2": 14.50994489924767, "logK": -0.6470871637097879, "loc": 0.013015573668912261, "logScale": 1.9027889256340598}