{"g1": 0.920567103443893, "g2": 14.953001847166288, "logK": -3.801751634643546, "loc": 0.12863316702909577, "logScale": 2.3482858453876236}