{"g1": 0.9993493884028639, "g2": 12.803424406070192, "logK": -2.8944337814752386, "loc": 0.0035693789648067777, "logScale": -3.9876770727314907}