{"g1": 0.9696985529930815, "g2": 13.069669447036228, "logK": 0.9889235164287342, "loc": -0.013961464659447996, "logScale": 0.6068682071714555}