{"g1": 0.9388031390110974, "g2": 14.572457951380255, "logK": 0.6285502530740068, "loc": 0.025171375500966982, "logScale": 0.5993910043523691}