{"g1": 0.9992501785377226, "g2": 12.846638113309174, "logK": -2.463053715130122, "loc": 0.023416877751383035, "logScale": -3.413644225578296}