{"g1": 0.8666237668939386, "g2": 13.591550590681669, "logK": 0.9562363839950998, "loc": 0.10062704750865956, "logScale": 1.4110189972500593}