{"g1": 0.7967879508389779, "g2": 14.998629729014402, "logK": 0.13523811584900414, "loc": -0.008049237692991047, "logScale": 1.945040772735768}