{"g1": 0.9997447247388309, "g2": 12.375411153567466, "logK": -3.037780168902699, "loc": 0.005228962932152612, "logScale": -3.380134230749523}