{"g1": 0.9760164269746963, "g2": 12.339354971135855, "logK": -3.268475299198614, "loc": 0.026235740965492416, "logScale": -3.226591302429178}