{"g1": 0.6670847288081194, "g2": 14.996466770448578, "logK": -2.548948692459067, "loc": 0.06786276660313575, "logScale": 3.786611607473741}