{"g1": 0.9319482577266833, "g2": 14.808843774594052, "logK": 0.6645410537639578, "loc": -0.030455752141048453, "logScale": 1.0541534395919698}