{"g1": 0.7731898660416275, "g2": 14.902616219044567, "logK": -0.08171408069909378, "loc": 0.055509489153093255, "logScale": 1.981107677008584}