{"g1": 0.9811058317283634, "g2": 14.920695124891191, "logK": 0.809579526338561, "loc": -0.042896650945459296, "logScale": 0.6936585926002348}