{"g1": 0.9958173160352082, "g2": 12.014982709980716, "logK": -1.4984266276074254, "loc": -0.024901729445469152, "logScale": -3.6342359212000623}