{"g1": 0.8644793613990803, "g2": 14.9970403486219, "logK": 0.9902949130840663, "loc": -0.12954291020265438, "logScale": 0.9728850728265572}