{"g1": 0.9554077432325906, "g2": 14.96760078474213, "logK": 0.25677960816641704, "loc": 0.060855302201821386, "logScale": 1.303424324077329}