{"g1": 0.8697582585238088, "g2": 14.746218130309009, "logK": 0.6504284019436316, "loc": 0.03774590497518789, "logScale": 1.5975727062039515}