{"g1": 0.9976910158348512, "g2": 12.711045609737601, "logK": -2.018811335584706, "loc": 0.01161298798365345, "logScale": -3.66812958114296}