{"g1": 0.9533380085917061, "g2": 14.505229271960191, "logK": 0.935731799893649, "loc": -0.14996306817283878, "logScale": 0.19088015101964537}