{"g1": 0.9850043136145256, "g2": 14.98468751210886, "logK": -0.34240028673069334, "loc": -0.02573620571137968, "logScale": -3.829409420087888}