{"g1": 0.9989432055931209, "g2": 11.313270063350544, "logK": -4.076274965227554, "loc": -0.024019313180912938, "logScale": -3.1127508239027124}