{"g1": 0.9919032641727562, "g2": 14.488262741877689, "logK": -2.073702695810563, "loc": -0.016822350835676757, "logScale": 1.9040217701947202}