{"g1": 0.9981731554012963, "g2": 14.31062490801692, "logK": 0.6185536987007552, "loc": -0.12433010178793834, "logScale": 0.5472550069023565}