{"g1": 0.9985050726919482, "g2": 13.81893087921258, "logK": 0.8545824587142938, "loc": -0.03560246185004333, "logScale": 1.0545150447649028}