{"g1": 0.8772854101969861, "g2": 14.638484322015518, "logK": -0.1946924018982652, "loc": -0.010071302565346723, "logScale": 1.619946916615402}