{"g1": 0.9477780626089467, "g2": 14.483277030197627, "logK": 0.9988091538692991, "loc": 0.11541768103570332, "logScale": 0.9096360471641016}