{"g1": 0.9965764843924116, "g2": 14.963868471712066, "logK": 0.6446242266600928, "loc": 0.09615333794011219, "logScale": 0.8460357252301314}