{"g1": 0.9482692401290924, "g2": 13.787302529038685, "logK": 0.9542831223353198, "loc": -0.0329717771206249, "logScale": -2.0300280008358906}