{"g1": 0.9777764248728437, "g2": 13.338665871684475, "logK": 0.885234188186957, "loc": -0.015145495145498424, "logScale": -3.843064257039959}