{"g1": 0.8719186269602497, "g2": 14.965013287484874, "logK": 0.9962845360665824, "loc": -0.022241267319675316, "logScale": -0.2866686138879453}