{"g1": 0.9961706500013454, "g2": 14.91524134363922, "logK": -1.5635536700248154, "loc": 0.06054238225088978, "logScale": 1.8586045408055363}