{"g1": 0.9502982731091355, "g2": 13.943639188027095, "logK": 0.8373981982461851, "loc": -0.12290382939919413, "logScale": -0.24807065286502278}