{"g1": 0.9796743089273751, "g2": 14.090774778072296, "logK": -0.4176533700808911, "loc": -0.055065253302793896, "logScale": -2.8932672128569124}