{"g1": 0.9722541490229966, "g2": 14.94969744136966, "logK": 0.6350571566379776, "loc": 0.14958554802386012, "logScale": 1.136276210763686}