{"g1": 0.9825027631886751, "g2": 14.759511515260604, "logK": -3.9803377344993267, "loc": 0.12049810983561557, "logScale": 2.618239304614376}