{"g1": 0.9916137843684665, "g2": 12.877054246820068, "logK": 0.9714664470778097, "loc": -0.14430388397651797, "logScale": -1.4592131462572004}