{"g1": 0.9682281165973206, "g2": 14.915728167409512, "logK": 0.5756502833581667, "loc": -0.05486230611749111, "logScale": 1.7364080326777689}