{"g1": 0.9963779555375901, "g2": 14.746270886243627, "logK": -2.3732139387258657, "loc": 0.013842787197920488, "logScale": -3.2652953298711083}