{"g1": 0.9401704736879293, "g2": 14.99179866425402, "logK": -2.7280341083608173, "loc": 0.13912289286055934, "logScale": 2.414038646518168}