{"g1": 0.9490145659189114, "g2": 12.141064801846028, "logK": 0.9983060712529541, "loc": -0.148900765703266, "logScale": -0.7180587108911429}