{"g1": 0.999514777938861, "g2": 13.983588152497918, "logK": 0.9983587969965821, "loc": -0.07299220549537506, "logScale": 0.4944231780702321}