{"g1": 0.9086239501703971, "g2": 14.984035656487007, "logK": 0.3817425753556859, "loc": -0.09124609146186913, "logScale": 0.7183924599049368}