{"g1": 0.9994622631926847, "g2": 13.788410688513585, "logK": 0.026155400251572897, "loc": -0.003933691653294116, "logScale": -3.488275449230202}