{"g1": 0.9956513764734654, "g2": 14.881012296372717, "logK": -2.752634552172853, "loc": -0.11134504853947894, "logScale": -1.434546724706181}