{"g1": 0.8868806970909039, "g2": 13.714671372847581, "logK": -0.1166560856734259, "loc": -0.029929940675934796, "logScale": 1.0429667029069731}