{"g1": 0.999387816272726, "g2": 13.475387520130534, "logK": -2.215051208540051, "loc": -0.009113147582339484, "logScale": -2.866774774973641}