{"g1": 0.9136755660740471, "g2": 14.08592379732793, "logK": 0.991553131909388, "loc": 0.07356177203749006, "logScale": -0.08546354571537006}