{"g1": 0.8976795739788055, "g2": 14.991619843486319, "logK": 0.9088232095472155, "loc": -0.1047707177618442, "logScale": 0.940339389024242}