{"g1": 0.8739954634842603, "g2": 13.388520771799552, "logK": 0.8021015691693347, "loc": 0.0519169000132291, "logScale": 0.7306897776858119}