{"g1": 0.986762188551747, "g2": 13.7830899659942, "logK": 0.31635596972966334, "loc": -0.06142150678810355, "logScale": -2.432257227625158}