{"g1": 0.8719500048156112, "g2": 14.509893669379696, "logK": 0.9843865615277101, "loc": 0.14638002918926965, "logScale": 0.5843272688991994}