{"g1": 0.5624507522846157, "g2": 14.629663867396344, "logK": 0.4087324020758494, "loc": 0.028623779992133176, "logScale": 2.632192985591783}