{"g1": 0.891290542946489, "g2": 14.995413451230252, "logK": 0.8786858603542805, "loc": -0.043760628657988215, "logScale": 1.967271395099445}