{"g1": 0.8842274603147809, "g2": 10.13345606518133, "logK": 0.7133651046996602, "loc": 0.008674747397663402, "logScale": -1.1142470138381533}