{"g1": 0.9471350609247429, "g2": 14.849910362308577, "logK": 0.9918197491287195, "loc": 0.13895398563449957, "logScale": 0.5109915136096914}