{"g1": 0.9765218356231203, "g2": 13.40091532254515, "logK": 0.7166240673485671, "loc": -0.1392454408734619, "logScale": 1.040909091057646}