{"g1": 0.9507769973642946, "g2": 14.635930610845094, "logK": 0.35413904354338005, "loc": -0.027514114627533767, "logScale": 0.9484119819482819}