{"g1": 0.9996177510443573, "g2": 14.412847782256053, "logK": 0.4729522650495975, "loc": -0.0068836995087685, "logScale": -3.5629200051921}