{"g1": 0.8899679091348102, "g2": 13.330968858536862, "logK": 0.45268508369931254, "loc": -0.028206066091023344, "logScale": 0.7208701602074266}