{"g1": 0.9698032122588437, "g2": 7.986118670026817, "logK": -1.4542882563253081, "loc": -0.02100272743082052, "logScale": -3.6446868526633125}