{"g1": 0.9262345337080661, "g2": 14.273381398684982, "logK": 0.14618623327366392, "loc": 0.0016964364719299074, "logScale": 0.8241880366290801}