{"g1": 0.9958543040620345, "g2": 14.775897165551509, "logK": 0.26716271979821715, "loc": -0.06207896015816331, "logScale": 1.1787111599275921}