{"g1": 0.7274999654454535, "g2": 14.707371715766843, "logK": 0.7705469953880763, "loc": -0.08449601862550066, "logScale": 1.4530967408096644}