{"g1": 0.963070796267043, "g2": 14.983826363346491, "logK": 0.8739296841290627, "loc": -0.04916254070168348, "logScale": -0.8031013176670269}