{"g1": 0.9736173156755568, "g2": 13.410808091662195, "logK": 0.22907565817198527, "loc": -0.012923922433578589, "logScale": -3.815824419735913}