{"g1": 0.9987779551838409, "g2": 12.552564211586779, "logK": -3.261303999899027, "loc": 0.01932794038332627, "logScale": -2.961141456695582}