{"g1": 0.9674281274823475, "g2": 14.623536744834624, "logK": 0.644468168555278, "loc": 0.003921419734922861, "logScale": 1.1498723304981069}