{"g1": 0.9997390397617635, "g2": 14.609869381158221, "logK": -2.232493451926301, "loc": 0.02394077843037394, "logScale": -2.741544616701581}