{"g1": 0.9484128696757849, "g2": 14.358348438158359, "logK": 0.7741011658928543, "loc": 0.021769214718815474, "logScale": -1.442450721967302}