{"g1": 0.991661850934819, "g2": 13.214213629450896, "logK": 0.18200249745945918, "loc": -0.03138497537317061, "logScale": 0.8659122576785103}