{"g1": 0.9992983996157917, "g2": 14.987566542344533, "logK": -1.7315667554680652, "loc": -0.08841889579400311, "logScale": 0.6750730125561869}