{"g1": 0.9988385164306214, "g2": 13.74383803803902, "logK": -4.252271702177465, "loc": 0.003852103586617252, "logScale": -3.0112849975248457}