{"g1": 0.8717280513914865, "g2": 14.99781740527361, "logK": 0.2384881662630658, "loc": -0.01418499608326714, "logScale": 1.3038124934748345}