{"g1": 0.9980961458419418, "g2": 12.27818099051655, "logK": -4.239999997330036, "loc": 0.02127798612818158, "logScale": -3.402548504134691}