{"g1": 0.9664717788612368, "g2": 14.491861553344544, "logK": -3.9808412573211744, "loc": -0.08302328112674545, "logScale": 2.1706222923698477}