{"g1": 0.9973057249427566, "g2": 13.2092780186084, "logK": 0.6120664695403712, "loc": 0.12575252865678355, "logScale": 0.7492350157782108}