{"g1": 0.8813440893365869, "g2": 14.973395525944687, "logK": 0.853165554420761, "loc": -0.02294898690563483, "logScale": 0.7007312541401731}