{"g1": 0.9276008338119411, "g2": 14.861834194074325, "logK": -4.392848997427152, "loc": -0.1201815014145009, "logScale": 2.264688475792947}