{"g1": 0.986040722197926, "g2": 14.924832660167102, "logK": -3.574415814299651, "loc": 0.008449901189718223, "logScale": -2.605886679994765}