{"g1": 0.9391327956920383, "g2": 14.976313498390434, "logK": 0.7565305442050707, "loc": -0.05686076601210768, "logScale": -1.4290189445506012}