{"g1": 0.9967554298056723, "g2": 12.682404912190794, "logK": 0.8722922117066767, "loc": -0.09241610551490853, "logScale": 0.5295249171615066}