{"g1": 0.9989569875913672, "g2": 14.981719999048407, "logK": 0.5877327721751002, "loc": -0.12259803396243937, "logScale": 1.3606808608571996}