{"g1": 0.7911101786072213, "g2": 14.317762508303801, "logK": 0.8163163161306646, "loc": 0.09120199267853685, "logScale": 2.4684109541050043}