{"g1": 0.998669101732269, "g2": 14.427709291920829, "logK": -0.2620340234285955, "loc": -0.03130322975667958, "logScale": -3.1511526651167707}