{"g1": 0.9288254554934028, "g2": 9.03815641579214, "logK": 0.9967162503525557, "loc": -0.08680898245273055, "logScale": -1.0991842435435144}