{"g1": 0.9984089609328144, "g2": 14.372024748600865, "logK": 0.6141290959086672, "loc": -0.10009370902686439, "logScale": -0.42574518182754817}