{"g1": 0.9848708373682156, "g2": 13.412666825967182, "logK": -0.03908642338260382, "loc": 0.05126361855850793, "logScale": 1.589109957576961}