{"g1": 0.907965823274123, "g2": 14.990016662622562, "logK": 0.5901309222809636, "loc": 0.022527868675259993, "logScale": 0.9267296991442538}