{"g1": 0.9804090849262862, "g2": 14.981259831979715, "logK": 0.8829104481613851, "loc": 0.025944886957161083, "logScale": 0.5546918726173301}