{"g1": 0.9415933736968511, "g2": 8.582428834897545, "logK": 0.7423585037235472, "loc": -0.0802310033957015, "logScale": -0.818893576433553}