{"g1": 0.9191490042654862, "g2": 14.98204966117145, "logK": 0.19495422600350443, "loc": 0.04025541218810238, "logScale": 1.5810436155709353}