{"g1": 0.9956307828475, "g2": 13.435871770485601, "logK": -0.1848492246284199, "loc": -0.030569649010434068, "logScale": -3.8837437910901516}