{"g1": 0.9532672774552989, "g2": 14.686056178522232, "logK": 0.5652766187222937, "loc": -0.024527121605220296, "logScale": 1.462819834741951}