{"g1": 0.9962857331783868, "g2": 14.117101045963368, "logK": -4.267417048374889, "loc": 0.018144153049278508, "logScale": -3.6730464622076613}