{"g1": 0.9748030296243487, "g2": 14.004013737937209, "logK": 0.9939986869050546, "loc": -0.029290353571575854, "logScale": 0.48162534173561683}