{"g1": 0.9989919745182875, "g2": 14.559308750227931, "logK": -0.4536218381916016, "loc": -0.023376852233030907, "logScale": -3.346992188875302}