{"g1": 0.9985162640966994, "g2": 12.921002274032137, "logK": -1.0519181457495028, "loc": -0.03807569133668509, "logScale": -3.0861931200174375}