{"g1": 0.9992190598393459, "g2": 13.027364707309921, "logK": -2.7608097898639947, "loc": -0.11932265563613541, "logScale": 0.4153599903757102}