{"g1": 0.9206600322918012, "g2": 14.202906631039355, "logK": 0.37739788334208035, "loc": 0.011009908514196788, "logScale": 0.33574659596111167}