{"g1": 0.9986126259309653, "g2": 14.934131973613567, "logK": -1.4921730677274643, "loc": -0.07572264963273713, "logScale": -2.569127405114207}