{"g1": 0.9376224565716831, "g2": 14.098863560972674, "logK": 0.851032950164228, "loc": -0.11605645324333895, "logScale": -1.2788284910352348}