{"g1": 0.9850677697759513, "g2": 8.494307305677758, "logK": -0.47400605923172, "loc": -0.011731971914821317, "logScale": -3.8458226491781065}