{"g1": 0.9210640929864173, "g2": 13.025431526634327, "logK": 0.8890732507454362, "loc": 0.046563116807122155, "logScale": 0.38517791656124156}