{"g1": 0.9985373494326998, "g2": 14.995443334985394, "logK": -3.153644717121859, "loc": -0.00460084326199805, "logScale": -3.992858458336877}