{"g1": 0.9980795401243782, "g2": 13.079582288047797, "logK": -0.8001157132639056, "loc": 0.0045423844912520425, "logScale": -3.5533280647376753}