{"g1": 0.9653415873727186, "g2": 11.650771514640379, "logK": 0.9997840722012208, "loc": -0.001501330158105274, "logScale": -0.41551423705068313}