{"g1": 0.8397593448530487, "g2": 14.992988815387072, "logK": -3.3672905943550644, "loc": -0.0886376923577169, "logScale": 2.4929236952802993}