{"g1": 0.9416426477337783, "g2": 9.67120622930111, "logK": -0.5801169118861991, "loc": -0.009911675309832831, "logScale": -3.983918045461486}