{"g1": 0.6835051887409392, "g2": 7.103789892029882, "logK": -1.693428760621552, "loc": 0.006523837891956705, "logScale": -3.9948473214045745}