{"g1": 0.9301193990570417, "g2": 6.921141986607214, "logK": -4.823392746010084, "loc": 0.008468058991164496, "logScale": -2.3980049199105906}