{"g1": 0.9413704499434983, "g2": 4.621937955367331, "logK": -0.23120893730118652, "loc": 0.0014511797256901715, "logScale": -3.3371719592362368}