{"g1": 0.9570404459558759, "g2": 13.609618357702708, "logK": 0.3429297232891689, "loc": -0.03476540661727646, "logScale": -3.3391023564836315}