{"g1": 0.9798912283288461, "g2": 4.062965890848631, "logK": -4.379518787998385, "loc": 0.0018456491371145797, "logScale": -3.816421310194843}