{"g1": 0.9727474575598923, "g2": 2.327322031060786, "logK": -3.426023916841892, "loc": 0.004841458295014261, "logScale": -3.8291291442763082}