{"g1": 0.9666708578386264, "g2": 13.528722892241209, "logK": 0.8034823911312747, "loc": -0.05922598125312353, "logScale": -3.3102630151942325}