{"g1": 0.9305005122325514, "g2": 11.8809859923542, "logK": -1.0473482969452486, "loc": -0.019412243967218017, "logScale": -2.4536204488267535}