{"g1": 0.796568338734103, "g2": 3.834519250367481, "logK": 0.2258337486194386, "loc": -0.0032972276683390905, "logScale": -3.6614585603829672}