{"g1": 0.9062169635423906, "g2": 8.121247332522882, "logK": -1.3586740136038253, "loc": -0.0021153478936949887, "logScale": -2.8770122841283627}