{"g1": 0.9273414307733602, "g2": 14.182957846042326, "logK": -4.004588363942793, "loc": -0.012956948749075714, "logScale": -2.9464319139620874}