{"g1": 0.9348478346610485, "g2": 0.2993515462186318, "logK": 0.06446676975649046, "loc": -0.02963826123469756, "logScale": -3.197522151118975}