{"g1": 0.8984155181629248, "g2": 4.2217126650024595, "logK": 0.7321386376112382, "loc": -0.03579663650223236, "logScale": -3.500325960070149}