{"g1": 0.7858214822564784, "g2": 10.674071568147797, "logK": -1.8469101490639277, "loc": 0.011664139569219807, "logScale": -3.9931592222111636}