{"g1": 0.7863622283558538, "g2": 6.136353544192066, "logK": -3.699960451947191, "loc": 0.006063346054754823, "logScale": -3.990283946008919}