{"g1": 0.8792707286513124, "g2": 2.2123687118719855, "logK": -3.845895171695864, "loc": -0.008716208855292333, "logScale": -3.975193476225105}