{"g1": 0.8013342214214535, "g2": 1.4542094421808018, "logK": -4.827178823056335, "loc": 0.004732217027411343, "logScale": -3.991750924034537}