{"g1": 0.7275429869373873, "g2": 1.175859932284208, "logK": -2.2590342811105555, "loc": 0.007518464234928404, "logScale": -3.997957564313827}