{"g1": 0.6499581057621793, "g2": 9.071699592817561, "logK": -1.7290697140417204, "loc": -0.011328443912015887, "logScale": -3.983753561884049}