{"g1": 0.7670335680256908, "g2": 0.3996992186898112, "logK": -0.44861544316126833, "loc": -0.00849353086859337, "logScale": -3.823482431462499}