{"g1": 0.787742402833902, "g2": 0.5419555996443566, "logK": -0.030231282382620517, "loc": -0.01673017970102772, "logScale": -3.9969451230257063}