{"g1": 0.9570039239291487, "g2": 5.8412693955436, "logK": -1.1280831839904333, "loc": 0.038932936593032284, "logScale": -1.6889049714553128}