{"g1": 0.8143006541097955, "g2": 12.999818737328624, "logK": 0.8860161309011052, "loc": 0.004790099795427355, "logScale": -3.202408850931349}