{"g1": 0.9117752818453565, "g2": 10.967900918013624, "logK": -2.2978769162749826, "loc": -0.06516023071995505, "logScale": -1.698250698520899}