{"g1": 0.9729450038040457, "g2": 9.565305861658413, "logK": -4.376040309847938, "loc": 0.0613523289439529, "logScale": -1.6498707407326758}