{"g1": 0.931724082428606, "g2": 4.248818547924457, "logK": 0.04477075456864377, "loc": -0.01279995116704545, "logScale": -2.4480619543464153}