{"g1": 0.9699295733505567, "g2": 7.443281406239202, "logK": -2.743960398198012, "loc": 0.023789030496367426, "logScale": -2.0548518055454803}