{"g1": 0.9089580284154848, "g2": 6.6659953633875855, "logK": 0.11050845172584167, "loc": 0.00382494653815124, "logScale": -2.0878023782870367}