{"g1": 0.9715868671940997, "g2": 3.3097319023409213, "logK": 0.4386951666971104, "loc": 0.0004034217640139365, "logScale": -2.352412207085264}