{"g1": 0.8845457120948085, "g2": 12.54934252795136, "logK": -0.5843467129700524, "loc": -0.06440065048909997, "logScale": -1.8577572988220472}