{"g1": 0.9678947592073482, "g2": 1.6464746084245654, "logK": -4.859192564431947, "loc": -0.023554922151250934, "logScale": -2.522092224907488}