{"g1": 0.9121417355314624, "g2": 7.788415540572396, "logK": 0.446546797648653, "loc": -0.009303103891371671, "logScale": -3.2988443889444925}