{"g1": 0.956715348124866, "g2": 1.5061221363872956, "logK": 0.4931416134303428, "loc": -0.0819261204904781, "logScale": -2.913521016819816}