{"g1": 0.8716483191397454, "g2": 1.3409206847773683, "logK": -0.21560520728957322, "loc": -0.02869819037294873, "logScale": -3.676176123832008}