{"g1": 0.9973236571481718, "g2": 4.436258896182106, "logK": -4.026339630028531, "loc": 0.0061098297738819436, "logScale": -3.5144449113924106}