{"g1": 0.8649936262442658, "g2": 8.330082974771646, "logK": -4.27685653691418, "loc": 0.0029048847117788892, "logScale": -3.6381553186758686}