{"g1": 0.8997495763007081, "g2": 1.7196031741490718, "logK": -3.879855228322404, "loc": 0.009510674283785978, "logScale": -3.9060617491171734}