{"g1": 0.9603542751707462, "g2": 13.622902800580995, "logK": -0.2078939849655881, "loc": -0.012234558795948971, "logScale": -3.8178088951035725}