{"g1": 0.9627873693636055, "g2": 11.196313770430336, "logK": -1.0907785505278922, "loc": 0.009880842353159901, "logScale": -3.556814553901535}