{"g1": 0.861056596133085, "g2": 4.765621099968424, "logK": 0.1687779918002288, "loc": 4.3085910286524975e-05, "logScale": -3.779904211257707}