{"g1": 0.9995795881756597, "g2": 14.493951054932067, "logK": -3.165854150888497, "loc": -0.00704416491899796, "logScale": -3.7232866984508464}