{"g1": 0.3532439522799433, "g2": 0.00404162904558592, "logK": -2.300830306138044, "loc": -0.001503824992608933, "logScale": -3.2622771313220174}