{"g1": 0.8163219831647781, "g2": 14.207180466848826, "logK": 0.7707156827177376, "loc": -0.010999961083507169, "logScale": 3.96569178371214}