{"g1": 0.9979089544028279, "g2": 9.399532045397388, "logK": 0.45567501963644363, "loc": -0.009001253389785267, "logScale": -3.7693012796048855}