{"g1": 0.15248915417398076, "g2": 0.005677623237725743, "logK": -3.810446351290538, "loc": -0.062251576946495184, "logScale": -0.1278885430217338}