{"g1": 0.9981779078925881, "g2": 14.958644120114506, "logK": 0.1253085360179663, "loc": -0.043030211737166035, "logScale": -3.71830692119411}