{"g1": 0.2291992206095722, "g2": 12.683653101219413, "logK": 0.7575531407098752, "loc": -0.11093790754244698, "logScale": 3.9958172602419144}