{"g1": 0.4864768267377307, "g2": 0.00881061002636416, "logK": -2.2168939849731277, "loc": -0.003144261932873718, "logScale": -0.6749558939945075}