{"g1": 0.9087083143498611, "g2": 0.004161991191071792, "logK": -0.62358395651373, "loc": 0.03708357912843324, "logScale": -2.017031453890215}