{"g1": 0.3773730331866799, "g2": 0.004420694689576416, "logK": 0.09867108288139714, "loc": -0.08078030510334173, "logScale": 1.8278696078788144}