{"g1": 0.9953384025072766, "g2": 14.62448882990861, "logK": -2.0939135461655565, "loc": -0.01332888898870245, "logScale": -2.9188562766024173}