{"g1": 0.9766851409491398, "g2": 13.927792126135229, "logK": -0.600504230119606, "loc": -0.011139497476373258, "logScale": -3.634111675149074}