{"g1": 0.2906794503819956, "g2": 0.002366748459866296, "logK": -3.818009493757672, "loc": -0.0539592315665335, "logScale": -3.2180906385703043}