{"g1": 0.9415412756325714, "g2": 13.394241684970167, "logK": 0.9970428868188228, "loc": -0.09066134810722688, "logScale": 0.10625615665331622}