{"g1": 0.5229045472243474, "g2": 14.982736449463626, "logK": 0.9512126046449119, "loc": 0.13760181036054595, "logScale": 2.0312424278087544}