{"g1": 0.9502034829980759, "g2": 11.996435793072303, "logK": -3.979582612330272, "loc": 0.007881665265310023, "logScale": -3.997437668956689}