{"g1": 0.9991541916233257, "g2": 13.96427213204521, "logK": 0.41713513189208973, "loc": -0.13749862595587486, "logScale": 0.5958056677925238}