{"g1": 0.9195555782823432, "g2": 12.53534481752491, "logK": 0.9288786459716538, "loc": -0.14113791615426194, "logScale": -0.07067284316401821}