{"g1": 0.3729206459621154, "g2": 14.556400407469312, "logK": 0.726155191189887, "loc": 0.06639280615557827, "logScale": 3.9922524985919576}