{"g1": 0.9982127280668052, "g2": 0.002242045782871349, "logK": 0.9864702567972402, "loc": 0.03585659094369659, "logScale": -1.6830701529620957}