{"g1": 0.7848129395154482, "g2": 0.0030787143357092726, "logK": -1.7293003528327953, "loc": -0.03261486959630844, "logScale": -3.410069007814622}