{"g1": 0.9994611261880662, "g2": 1.1207969650743137, "logK": -3.2441767327052453, "loc": 0.011426792600467021, "logScale": -3.747201990004276}