{"g1": 0.9036733631867332, "g2": 4.9265563964495644, "logK": -0.35917566267753853, "loc": -0.023592841099000623, "logScale": -3.0998168560017256}