{"g1": 0.9294902413542582, "g2": 14.676884635004086, "logK": 0.33972507357323256, "loc": -0.12929990455362805, "logScale": -2.2226938207817306}