{"g1": 0.9275462356716522, "g2": 1.1193048856862597, "logK": -1.4217226729911379, "loc": 0.013474809390367418, "logScale": -1.649031282036573}