{"g1": 0.9221741430500683, "g2": 8.83387457477454, "logK": -4.744981324875722, "loc": -0.030073292789190968, "logScale": -2.3204775359108685}