{"g1": 0.6090512874358125, "g2": 0.33986088972958495, "logK": -2.7288108438706047, "loc": -0.04111366075273847, "logScale": 0.6096661854796216}