{"g1": 0.05349911685321382, "g2": 1.2807405567774017, "logK": -2.986924594900411, "loc": -0.12800104110137517, "logScale": -0.05618112547464173}