{"g1": 0.187958889402201, "g2": 5.814905205756587, "logK": 0.6376871166666207, "loc": 0.04210342998169396, "logScale": -0.2234651309281842}