{"g1": 0.057329729081294065, "g2": 5.675072520553725, "logK": -0.029155646622041953, "loc": -0.05416453479313606, "logScale": 0.005918137297843462}