{"g1": 0.10450008650650353, "g2": 10.330642493772734, "logK": -4.227780937244766, "loc": -0.14199907139753817, "logScale": 0.55546685340567}