{"g1": 0.17229728753095858, "g2": 0.00583548460992489, "logK": -3.2377105926535927, "loc": 0.11349282407988368, "logScale": 0.4084802067332204}