{"g1": 0.02107031608301546, "g2": 0.010608315575811433, "logK": -4.0566931298631825, "loc": -0.10525940313419242, "logScale": 0.8277827186244392}