{"g1": 0.1007410619449265, "g2": 0.09862405691426646, "logK": -4.19868271761907, "loc": -0.022377033484873535, "logScale": 0.27951952972159727}