{"g1": 0.02929231065809812, "g2": 3.8906260629915876, "logK": -2.140344565000132, "loc": 0.11092471967712954, "logScale": -2.256469907638343}