{"g1": 0.19398688753748164, "g2": 6.725634220314477, "logK": -0.09265831986602868, "loc": 0.02758876277542898, "logScale": 0.4066669620038002}