{"g1": 0.01927715102753162, "g2": 13.101290663607466, "logK": -0.17204624243726363, "loc": -0.07897726198517743, "logScale": 0.35906517052879594}