{"g1": 0.1185777284097752, "g2": 9.032824484304504, "logK": 0.49391492364420664, "loc": -0.033262834104961385, "logScale": 0.14180527695895917}