{"g1": 0.07358886524770616, "g2": 0.5610965321335835, "logK": -4.3604525451456455, "loc": 0.010801288571478634, "logScale": 1.206892074103021}