{"g1": 0.11764794028591197, "g2": 0.007040169014171482, "logK": 0.49294983814139, "loc": 0.03234972717005158, "logScale": -0.36568586270026526}