{"g1": 0.014323705217844686, "g2": 1.3121824252156924, "logK": -0.06035967568590017, "loc": 0.03722336702838708, "logScale": -0.13108845064773522}