{"g1": 0.6411667231593695, "g2": 0.062456464756728114, "logK": -1.971734962561936, "loc": -0.0920725283275061, "logScale": 0.4902271884318663}