{"g1": 0.07435883121833742, "g2": 0.013391852847912666, "logK": -2.84166325781636, "loc": -0.11180098818916312, "logScale": 0.2914057533859442}