{"g1": 0.003587530350417683, "g2": 4.823440791414893, "logK": 0.6856568728249524, "loc": 0.07568505411744275, "logScale": -1.158992743403947}