{"g1": 0.004049680129436557, "g2": 0.7454196611428667, "logK": -0.2135017329800113, "loc": 0.01568639882566711, "logScale": 0.01701567418480241}