{"g1": 0.02012138404816266, "g2": 12.51142967516794, "logK": -0.7439610188004253, "loc": -0.1073334649259736, "logScale": 0.3210551587270109}