{"g1": 0.08396820496443291, "g2": 14.032851274532563, "logK": -3.027479038964367, "loc": -0.11608146546950071, "logScale": 0.49799426243307937}