{"g1": 0.6198652245342212, "g2": 0.2803946077204792, "logK": -2.903055739227625, "loc": -0.05362183803680954, "logScale": 0.26743588703821186}