{"g1": 0.05531044317014311, "g2": 0.4768392270895981, "logK": -2.0254969350214793, "loc": -0.0849666892965815, "logScale": 0.2882559911550173}