{"g1": 0.019285903300185363, "g2": 0.4333617578550708, "logK": 0.10838828929338362, "loc": -0.012260585830536491, "logScale": 0.002874450381522342}