{"g1": 0.0023812319145428695, "g2": 2.624477162033468, "logK": -4.2586173973402826, "loc": -0.043363670846656835, "logScale": 0.37539067565662226}