{"g1": 0.008151781559004673, "g2": 4.346372742463856, "logK": -3.081896547789897, "loc": 0.014731969656168145, "logScale": 0.6099385329243534}