{"g1": 0.2680604204979742, "g2": 0.34438825516130045, "logK": 0.9378894099265053, "loc": -0.0925962821302539, "logScale": -0.030041369095855613}