{"g1": 0.183699176339309, "g2": 0.007938643154642907, "logK": -2.7746768292006196, "loc": 0.011934427357475703, "logScale": -0.520575775891589}