{"g1": 0.0324515475607913, "g2": 6.770495871283563, "logK": 0.33811700199475325, "loc": -0.05334618914246566, "logScale": 0.033388126571381724}