{"g1": 0.008022970815080785, "g2": 3.215706436077669, "logK": 0.03841757658857497, "loc": 0.14746451533144836, "logScale": -0.24580799524118008}