{"g1": 0.19712043739910343, "g2": 7.24806162927448, "logK": -3.6977831818918334, "loc": 0.03863727177705552, "logScale": 0.3927156147394747}