{"g1": 0.019251677899748687, "g2": 7.127611893862351, "logK": -3.034403731748712, "loc": -0.021168312520224462, "logScale": 0.4616605122645685}