{"g1": 0.8583313335084279, "g2": 0.017644518200460826, "logK": 0.6909366507241318, "loc": -0.015354178767649183, "logScale": -0.4152890066489563}