{"g1": 0.5721926503312185, "g2": 0.0030334926723885047, "logK": -0.5523284562120508, "loc": 0.05629795382518596, "logScale": 0.10896469770469075}