{"g1": 0.01936205944684857, "g2": 1.4104268770183004, "logK": -0.30180514129990643, "loc": 0.13520219195064498, "logScale": 0.0220488505336017}