{"g1": 0.044570968812515745, "g2": 0.006612481479622678, "logK": -0.9811004193331636, "loc": -0.06984391406775767, "logScale": 0.11913314660609553}