{"g1": 0.06034306897252898, "g2": 0.01259316539486699, "logK": -0.23103630255937962, "loc": -0.07821467111737575, "logScale": -0.399582684223973}