{"g1": 0.005340733164651612, "g2": 6.0369518237945465, "logK": -2.1130472923834076, "loc": 0.07369236338937023, "logScale": 0.3748604320463029}