{"g1": 0.06289048175223377, "g2": 0.0640989598763797, "logK": -2.102672066445236, "loc": -0.07784324811603086, "logScale": 0.491841173757054}