{"g1": 0.00437897373194222, "g2": 7.365883387794896, "logK": -2.5018448877333226, "loc": 0.01884534721084028, "logScale": 0.3779050178185745}