{"g1": 0.10381140792922822, "g2": 11.967394755622035, "logK": 0.25112799272172226, "loc": -0.07143603004934736, "logScale": -0.0893530577628433}