{"g1": 0.01954838286720629, "g2": 9.445753894134333, "logK": 0.7863888802107908, "loc": -0.041587558262853944, "logScale": -0.837957678210286}