{"g1": 0.11407646393952084, "g2": 0.9976780701589419, "logK": 0.6489844888213341, "loc": -0.10593318507319824, "logScale": -0.6290452002201032}