{"g1": 0.1637602789151713, "g2": 0.8719421527782645, "logK": 0.6197218807950746, "loc": 0.1431862218345508, "logScale": 0.0980160845551784}