{"g1": 0.022657058944202432, "g2": 9.079173640077043, "logK": -0.016119159564732588, "loc": 0.032862511984696974, "logScale": -0.055153646871249185}