{"g1": 0.02217392890397614, "g2": 12.16498659969692, "logK": -4.865832587341142, "loc": -0.09447355163963339, "logScale": 0.8063676068636308}