{"g1": 0.014113473441879455, "g2": 14.623339990700517, "logK": -2.195316032857658, "loc": -0.026983763664165744, "logScale": 0.32918317547295084}