{"g1": 0.4712604176365461, "g2": 0.011664203019227048, "logK": 0.38284397353360905, "loc": -0.0025877939756444174, "logScale": 0.4517324918613807}