{"g1": 0.4266724849293738, "g2": 0.007804654549758998, "logK": -0.04687646433470943, "loc": -0.04606249415991035, "logScale": 0.1246671453656304}