{"g1": 0.10418898495981851, "g2": 0.3280661398846405, "logK": -1.697097492915887, "loc": 0.0935933053386659, "logScale": 0.6139808973560854}