{"g1": 0.046292027045823456, "g2": 11.262167901893525, "logK": -0.451084248934175, "loc": 0.0361951804168467, "logScale": 0.19616375286144877}