{"g1": 0.04585652535625042, "g2": 7.018935205328416, "logK": -3.232780798417481, "loc": -0.08415907483597371, "logScale": 0.7819791411877124}