{"g1": 0.29866511362652753, "g2": 0.10867936309666448, "logK": 0.9750769196620868, "loc": -0.05827644129172788, "logScale": -0.8578318564321634}