{"g1": 0.20221592050675802, "g2": 0.03202728323371, "logK": -2.2765252354921475, "loc": -0.04874492584284028, "logScale": 0.9748208426541123}