{"g1": 0.010459858443219457, "g2": 2.66774602211431, "logK": 0.8710967864118103, "loc": 0.036425941590925465, "logScale": -0.18921354914980504}