{"g1": 0.04626766818928509, "g2": 0.02337859206851345, "logK": 0.9759605812632269, "loc": -0.05791339788363565, "logScale": -0.648750258288481}