{"g1": 0.07663555741159839, "g2": 0.7826151585665834, "logK": 0.9363569285354588, "loc": 0.10924058370002868, "logScale": -1.1333697341442142}