{"g1": 0.00242494694955756, "g2": 8.642347767639595, "logK": -1.1444101119535803, "loc": 0.07368599829811634, "logScale": 0.20192945157631753}