{"g1": 0.024299573304578603, "g2": 0.014242917308141964, "logK": -1.9799716511649335, "loc": -0.03592914002859561, "logScale": 0.25904895045647636}