{"g1": 0.06465685913444087, "g2": 5.150107316839296, "logK": -0.057871729643767966, "loc": 0.0253824407490456, "logScale": -0.6484950695756216}