{"g1": 0.17212425489463415, "g2": 11.272476234859516, "logK": -0.6392600836580853, "loc": -0.12799300583740444, "logScale": 0.3102738361709576}