{"g1": 0.010313284915229329, "g2": 2.0701659466111413, "logK": -4.30519230011331, "loc": -0.09408254443303887, "logScale": 0.4523319258058372}