{"g1": 0.02841473913435468, "g2": 6.424334201035245, "logK": -1.7236070823057876, "loc": -0.14809244120543605, "logScale": 0.37158143087977724}