{"g1": 0.4375827675635482, "g2": 0.5428950710390245, "logK": -4.263868932185177, "loc": -0.007592381888731233, "logScale": 0.0726334838266631}