{"g1": 0.09810570264131485, "g2": 5.5692461853337925, "logK": 0.9925562003036471, "loc": -0.0852387738078659, "logScale": -0.9734572051984124}