{"g1": 0.11031905918377269, "g2": 4.312573347344436, "logK": 0.15859814579496723, "loc": -0.002404602530736103, "logScale": 0.07817025134796368}