{"g1": 0.2409051508555281, "g2": 0.10012611634173614, "logK": -2.001725378408656, "loc": 0.06598127918698765, "logScale": 0.4987609232539058}