{"g1": 0.03885631461166226, "g2": 8.647904685370582, "logK": -2.7033180051301473, "loc": 0.10469550200020196, "logScale": 0.4383582638960334}