{"g1": 0.04750844743550966, "g2": 7.233915661585385, "logK": -0.40981655828007146, "loc": 0.08158189113495676, "logScale": -0.031046680089211992}