{"g1": 0.06520294078001047, "g2": 3.9548623405123324, "logK": -4.628623381538273, "loc": -0.021829353158781303, "logScale": 0.47213546800319417}