{"g1": 0.049189869530064795, "g2": 7.506597931825449, "logK": -0.33676832710435445, "loc": -0.0009457594446388162, "logScale": -0.01958944224828979}