{"g1": 0.028756620978093034, "g2": 4.5115006385043515, "logK": -2.6188429274514418, "loc": -0.14184442320823917, "logScale": 0.371970259232942}