{"g1": 0.07703771197269005, "g2": 5.388785143992016, "logK": 0.40563010604470384, "loc": 0.06639594871124462, "logScale": -0.4195077840193906}