{"g1": 0.5277181420230098, "g2": 0.1455188278108706, "logK": 0.937137020732454, "loc": 0.04140520720861479, "logScale": -0.4410720491073543}