{"g1": 0.011682415325439935, "g2": 8.042860594879526, "logK": -1.8760161604555707, "loc": 0.053820954607140196, "logScale": 0.3489296134857659}