{"g1": 0.4615846812042515, "g2": 0.026099608399381635, "logK": 0.31085539870391155, "loc": -0.026395961737894245, "logScale": -0.26861212233126974}