{"g1": 0.29262025676078135, "g2": 0.08148605736374517, "logK": 0.6106997928508978, "loc": -0.008907958698307308, "logScale": -0.06190656652134707}