{"g1": 0.08039986819794721, "g2": 1.6155328928222326, "logK": 0.6381040514956435, "loc": 0.088823448968112, "logScale": -0.5720413664327493}