{"g1": 0.00148481012606861, "g2": 8.626774861200776, "logK": -0.8481782138228063, "loc": 0.023537070789879353, "logScale": 0.38469092225477874}