{"g1": 0.006383957422827075, "g2": 0.16828673815507322, "logK": -4.851759970025844, "loc": 0.05285768290136811, "logScale": 0.7346342521099698}