{"g1": 0.16524100431399674, "g2": 0.06339561681364869, "logK": -2.124746966117231, "loc": -0.023869106335441, "logScale": 0.1627455728464136}