{"g1": 0.6233189714964098, "g2": 0.2786947853363868, "logK": -4.199065120317939, "loc": 0.08906261111826488, "logScale": 0.5578075719874351}