{"g1": 0.31550981359469504, "g2": 0.005243805249720346, "logK": 0.4021528380872382, "loc": -0.13696626654866956, "logScale": -0.4615442538725696}