{"g1": 0.0445314875342158, "g2": 13.616356461430083, "logK": -2.8170894926877086, "loc": 0.03742467695061008, "logScale": 0.6831305562015973}