{"g1": 0.7890450580853561, "g2": 0.024703479507955373, "logK": -3.966721567319637, "loc": 0.11081520846501519, "logScale": 0.0753352739591979}