{"g1": 0.016601064679815397, "g2": 3.604725357807382, "logK": -3.2749327867097264, "loc": 0.07932018622527391, "logScale": 0.41924845719477893}