{"g1": 0.018775969739690257, "g2": 5.16629993300802, "logK": 0.17544496022307332, "loc": -0.09378578394490061, "logScale": 0.12198121734680967}