{"g1": 0.04113533741416181, "g2": 9.575711307826761, "logK": -0.0977144349888921, "loc": 0.14437439226959511, "logScale": -0.31607516036459526}