{"g1": 0.21559996922685254, "g2": 0.028426962470402106, "logK": -0.105088591053212, "loc": -0.026663061491921557, "logScale": 0.33734193894213876}