{"g1": 0.06501532984855596, "g2": 2.2868961291064895, "logK": -3.2248175527259035, "loc": 0.06725093944623758, "logScale": 0.44566767247440675}