{"g1": 0.025136394452575622, "g2": 13.77537163951504, "logK": -2.294245273453051, "loc": 0.043306432902171996, "logScale": 0.3792119237962463}