{"g1": 0.6410629410655516, "g2": 0.08916115853285832, "logK": -4.733325181754618, "loc": 0.015069258985592901, "logScale": 0.26544619724724633}