{"g1": 0.21133290787528108, "g2": 0.031142019826675874, "logK": -1.6186925505651168, "loc": 0.11680030112522627, "logScale": 0.1906407058277888}