{"g1": 0.05477980782989425, "g2": 2.032522112825885, "logK": -2.9061273358703845, "loc": -0.10644446661239954, "logScale": 0.31214645069437386}