{"g1": 0.02897772167679257, "g2": 14.609965615924855, "logK": 0.4187580018008348, "loc": 0.024160483376477356, "logScale": -0.3523840631099547}