{"g1": 0.003301641549946277, "g2": 2.6345576147650247, "logK": -3.1295788326017195, "loc": 0.016083106329839544, "logScale": 0.7490899601964724}