{"g1": 0.10099272187859845, "g2": 5.5581791895155845, "logK": -0.1813292732983598, "loc": -0.06441352992921873, "logScale": 0.1272677623827566}