{"g1": 0.05569269513431413, "g2": 8.022712361626837, "logK": -3.345610045753139, "loc": 0.045193332924133994, "logScale": 0.35714924776686674}