{"g1": 0.02002526253777715, "g2": 4.617258011124983, "logK": -4.668426049239262, "loc": 0.0625586402002081, "logScale": -1.9737488234855594}