{"g1": 0.13596012734723584, "g2": 14.977333590671194, "logK": -3.8601235914688603, "loc": -0.0584370055412072, "logScale": 0.5281218475762979}