{"g1": 0.02356035908047546, "g2": 10.465989440170272, "logK": -4.169034283452017, "loc": 0.05007568671562672, "logScale": 0.21077007088908878}