{"g1": 0.022792303918923992, "g2": 9.753397943295244, "logK": -3.107916624831876, "loc": -0.12228090058242727, "logScale": 0.2834821678365989}