{"g1": 0.8044161141851762, "g2": 0.05438110759546542, "logK": -3.850707387619669, "loc": 0.024129562508328165, "logScale": 0.054049243485102705}