{"g1": 0.06676271093750116, "g2": 0.0784578496203494, "logK": -1.0850543897091796, "loc": -0.03134958842587446, "logScale": 0.4147877235956961}