{"g1": 0.035459484157516416, "g2": 4.435871114118834, "logK": 0.8382496800549085, "loc": 0.13873179744058295, "logScale": -0.7187767777386174}