{"g1": 0.6243637758138488, "g2": 0.012022384852091922, "logK": -4.347630723885821, "loc": 0.020564027762078663, "logScale": 0.2828332124428366}