{"g1": 0.0025564478210360186, "g2": 7.519075158013092, "logK": -1.3018372948103512, "loc": 0.10472944033188245, "logScale": 0.30513434124872035}