{"g1": 0.0045158633156862395, "g2": 0.9635348466300204, "logK": -4.800471363148999, "loc": 0.09473616533791525, "logScale": 0.27059306782056736}