{"g1": 0.0011827718130020051, "g2": 14.133459027764912, "logK": -1.3455584658192876, "loc": 0.06241136742727191, "logScale": -2.149798847950791}