{"g1": 0.14126487211656208, "g2": 0.09486908556511853, "logK": 0.1901763548073535, "loc": 0.14647741888475477, "logScale": -0.40292520414969285}