{"g1": 0.7984658141036645, "g2": 0.29289734337371554, "logK": -4.669324254173115, "loc": -0.08780949691021861, "logScale": 0.43543284399159354}