{"g1": 0.7101281674200817, "g2": 0.012173081401858021, "logK": -0.2860001119731419, "loc": 0.02198887592514651, "logScale": 0.31246209238566963}