{"g1": 0.017485075109562064, "g2": 0.8259124441432134, "logK": -0.01773029476279031, "loc": -0.018071825205263233, "logScale": 1.013406702503437}