{"g1": 0.030094911884960655, "g2": 13.340482140551526, "logK": -3.602972120270129, "loc": 0.04351243618043299, "logScale": 0.2341736459016785}