{"g1": 0.05915949884393804, "g2": 3.0363950222603773, "logK": -0.32174083775603723, "loc": 0.0498803831875328, "logScale": 0.2174460532780625}