{"g1": 0.06690707624191727, "g2": 0.34653951667456806, "logK": -0.4418971374554348, "loc": 0.09634210553984665, "logScale": -0.013832798318277578}