{"g1": 0.13632168039208187, "g2": 0.0014361344100599638, "logK": -4.467085553363294, "loc": 0.06223637570508054, "logScale": 0.5901520338891116}