{"g1": 0.04427924212427167, "g2": 14.352254895465192, "logK": 0.263318153995759, "loc": -0.051469126222944195, "logScale": -0.21291620737828398}