{"g1": 0.6990089183603047, "g2": 0.023982628215371227, "logK": -0.7273280712339542, "loc": 0.07001279122313575, "logScale": 0.4005159676819636}