{"g1": 0.42384173696384864, "g2": 0.0019334253366274368, "logK": -4.273254485326133, "loc": 0.023854467898625456, "logScale": 0.1945304081753055}