{"g1": 0.06838918316628534, "g2": 2.1899316849811097, "logK": 0.5911718466399164, "loc": -0.09072625652294156, "logScale": -0.2995512903219638}