{"g1": 0.17431986806365268, "g2": 0.08288522594105138, "logK": 0.7565759073968528, "loc": 0.1273190605423131, "logScale": -0.672003293246859}