{"g1": 0.0158755684868944, "g2": 7.541295059241991, "logK": -1.0649197455428188, "loc": 0.05965104957076234, "logScale": 0.07745760709780869}