{"g1": 0.002023534308783226, "g2": 14.927467395528573, "logK": -4.353811356668858, "loc": 0.14833222539627225, "logScale": 0.4540341107837685}