{"g1": 0.5391967313746501, "g2": 0.023935805899025553, "logK": 0.3148805592627042, "loc": 0.07695564821164948, "logScale": -0.03234948423920522}