{"g1": 0.00550969846454924, "g2": 1.3634475000211923, "logK": -3.9708048434384926, "loc": 0.09342358866371855, "logScale": 0.47711577524189264}