{"g1": 0.9578517411239422, "g2": 0.0321202548647454, "logK": 0.8163517556334687, "loc": -0.08659790703892324, "logScale": -1.8580486632027091}