{"g1": 0.001437633194819429, "g2": 8.620911433740185, "logK": -0.30061676001897397, "loc": 0.013267991726815379, "logScale": -0.004594280370080195}