{"g1": 0.30675424212570046, "g2": 0.029872391807005627, "logK": 0.604926699859213, "loc": -0.08055667154006921, "logScale": -0.6341199221818307}