{"g1": 0.3177668316076405, "g2": 0.040866776064333754, "logK": -1.0340868329475463, "loc": -0.02750149817548658, "logScale": 0.39548746315111105}