{"g1": 0.04044967780496023, "g2": 0.4036329325790145, "logK": -3.0919005788793115, "loc": 0.1344492713215922, "logScale": 0.2817158806815647}