{"g1": 0.16085130690706742, "g2": 2.6978678225642088, "logK": -3.824340764449773, "loc": 0.10549925328296825, "logScale": 0.5006184190757127}