{"g1": 0.055405279402625816, "g2": 5.95914201778697, "logK": -3.6301909364793317, "loc": 0.1049841222445129, "logScale": 0.31642771298293115}