{"g1": 0.1625193792448552, "g2": 0.030304966085321447, "logK": -4.363991488531335, "loc": -0.1364732971659649, "logScale": 0.7322541625345808}