{"g1": 0.021796127899310236, "g2": 0.2397424205912021, "logK": -0.7900152700527119, "loc": 0.11955958624804904, "logScale": 0.24320760460435625}