{"g1": 0.17993104289776496, "g2": 0.028585764753840642, "logK": -2.332072974766676, "loc": 0.08888293098503958, "logScale": 0.11959004435273166}