{"g1": 0.07284767931652249, "g2": 0.1662324808042588, "logK": -0.03429167547010126, "loc": 0.09752940943425778, "logScale": 0.0966527565389468}