{"g1": 0.26342687290613453, "g2": 0.6246140283490083, "logK": -0.31185717974708826, "loc": 0.045057610047986904, "logScale": -0.2630410292642267}