{"g1": 0.02546199826663053, "g2": 10.238993938173259, "logK": -3.4365163103105894, "loc": -0.016204378614797794, "logScale": 0.4145199820754237}