{"g1": 0.00633132695746047, "g2": 3.9753910598186972, "logK": -4.493861617031006, "loc": -0.055131758584203376, "logScale": 0.27894896147784337}