{"g1": 0.04625535977936403, "g2": 14.182706717051952, "logK": 0.673980327540921, "loc": 0.009155878114781581, "logScale": -0.537970017968382}