{"g1": 0.027391264690172862, "g2": 0.18591869959480528, "logK": -0.46201527359563443, "loc": 0.015946705452676083, "logScale": 0.2455714897241367}