{"g1": 0.015389578537174847, "g2": 7.107361859042957, "logK": 0.5444040063124824, "loc": -0.02415549643882557, "logScale": -0.672477013724626}