{"g1": 0.18209536787488462, "g2": 0.4036869588075511, "logK": 0.8634094570038437, "loc": 0.12313534513587038, "logScale": 0.026966577957130866}