{"g1": 0.036693110495222954, "g2": 3.305428461238257, "logK": -3.6553450829126928, "loc": -0.10694354018132983, "logScale": 0.8122962081157168}