{"g1": 0.11159505529238606, "g2": 10.261557594675214, "logK": -0.5706433889332718, "loc": 0.0014131810246503674, "logScale": 0.23216489969190424}