{"g1": 0.03429962152937086, "g2": 1.238232768516717, "logK": -4.983342508476026, "loc": 0.10054119440881061, "logScale": 0.4433783475471704}