{"g1": 0.43762242706056564, "g2": 14.346282526324169, "logK": 0.334605006768796, "loc": 0.09420930186022007, "logScale": 0.07450505276967312}