{"g1": 0.07614051837429878, "g2": 0.306385822418183, "logK": -0.4834135048473287, "loc": -0.1104131786514519, "logScale": 0.76616876900876}