{"g1": 0.11609111602309252, "g2": 1.0499159834756266, "logK": 0.621975290031653, "loc": -0.10740694332420014, "logScale": -0.4877657789826687}