{"g1": 0.23069971842969134, "g2": 0.02060716247978687, "logK": -2.635910735167416, "loc": 0.02212241756627585, "logScale": 0.4803228994302715}