{"g1": 0.015292109831150043, "g2": 10.534490444269926, "logK": -1.8838076291527115, "loc": -0.035943017436422635, "logScale": 0.3933754745530921}