{"g1": 0.02203494302449941, "g2": 7.5410254416451545, "logK": -4.044842694676949, "loc": -0.008437256374757566, "logScale": 0.32006429495381605}