{"g1": 0.0029318891723359997, "g2": 14.437954143875485, "logK": -0.10874294306482535, "loc": 0.14529845724443258, "logScale": -0.18329329551455634}