{"g1": 0.9117281305872715, "g2": 0.045215906082545665, "logK": -2.6999737058961, "loc": 0.0888425489376516, "logScale": 0.642540138274166}