{"g1": 0.2608790785257819, "g2": 0.03430631924104288, "logK": -2.1021240509837695, "loc": -0.0636915807060647, "logScale": 0.5722682995425916}