{"g1": 0.014303733302919452, "g2": 6.43417054613833, "logK": -4.916040485137648, "loc": 0.05128988664919635, "logScale": 0.2534035812598596}