{"g1": 0.44544406830968963, "g2": 0.0024924526276388637, "logK": -0.5933450970664987, "loc": -0.11082047260828023, "logScale": -1.4072698791303413}