{"g1": 0.8587510151840793, "g2": 0.0483359233184491, "logK": -3.239832209260548, "loc": 0.02688556188371742, "logScale": 0.33393381398383615}