{"g1": 0.05975106981149714, "g2": 5.37715576852921, "logK": -1.7713486332112005, "loc": 0.02469116798638426, "logScale": 0.751437429550457}