{"g1": 0.0697082409953532, "g2": 10.377162491004995, "logK": -3.7296585540784024, "loc": -0.13968635638854576, "logScale": 0.49573307423175017}