{"g1": 0.38317417027138323, "g2": 0.6890781957937975, "logK": -1.5883321705701157, "loc": -0.0252196530653164, "logScale": 0.5895175541096729}