{"g1": 0.019159223510073004, "g2": 14.085008456964205, "logK": -4.828659000835871, "loc": -0.14958192551969365, "logScale": 0.36537521784880256}