{"g1": 0.14908938273774305, "g2": 10.687615320151387, "logK": -0.27439091868539806, "loc": 0.09317443745916343, "logScale": 0.6958065129973654}