{"g1": 0.05083694459953525, "g2": 3.5737009481121937, "logK": 0.3145387313224175, "loc": 0.14330938185738448, "logScale": -0.5436673208412008}