{"g1": 0.055150391396804256, "g2": 10.610870556801816, "logK": -3.7204322883358825, "loc": 0.08101749419950685, "logScale": 0.3347709401823266}