{"g1": 0.0041195298526775035, "g2": 10.826550366033887, "logK": -0.8103177329767535, "loc": -0.021546517398771895, "logScale": 0.14390108349062852}