{"g1": 0.004346566792922377, "g2": 10.886148879808896, "logK": -3.319595795024812, "loc": -0.07700041624780943, "logScale": 0.38268672902097917}