{"g1": 0.024374997122258435, "g2": 8.43979215747279, "logK": -4.88190329601394, "loc": -0.14169824525628444, "logScale": 1.1161675039267809}