{"g1": 0.029843088664320394, "g2": 0.04264041282689018, "logK": -0.0023200038320356775, "loc": -0.12244941579887948, "logScale": -0.0987607569188381}