{"g1": 0.01852801837334533, "g2": 8.674588587360017, "logK": -0.40442783373877855, "loc": 0.06811764660268668, "logScale": 0.0355548759098077}