{"g1": 0.6863624194936412, "g2": 0.06472915430044579, "logK": 0.3821575604899987, "loc": 0.014887992760789968, "logScale": 0.07826248336466812}