{"g1": 0.38585217666458566, "g2": 0.09135638065182339, "logK": -2.785278693314843, "loc": -0.07836377370344241, "logScale": 0.45852013934141794}