{"g1": 0.032494420964283975, "g2": 1.4961195942995857, "logK": -0.8316533143905767, "loc": -0.06348239634494006, "logScale": 0.2683823229857355}