{"g1": 0.026793458973737028, "g2": 6.621624522612114, "logK": -2.3748320836303907, "loc": -0.026435132946739718, "logScale": 0.29955510202019636}