{"g1": 0.0015942873341480285, "g2": 11.952007318404528, "logK": -4.797427734645256, "loc": -0.018632905775785483, "logScale": 0.8020440906588113}