{"g1": 0.031748292195434714, "g2": 2.455135926054517, "logK": -0.19741043851691886, "loc": -0.06860794310544313, "logScale": -0.045261733290761}