{"g1": 0.4055604508687978, "g2": 0.03629122206231149, "logK": -4.701035395296145, "loc": 0.055731741015595304, "logScale": -0.007077623892517496}