{"g1": 0.8917431155490574, "g2": 0.0021798893655970986, "logK": -0.11710323354322005, "loc": -0.04042885573594798, "logScale": 0.08019884792061466}