{"g1": 0.5729709726011712, "g2": 0.031534671577186646, "logK": -3.9970755440808743, "loc": 0.038868326329317304, "logScale": 0.23001991886085335}