{"g1": 0.003599220652803825, "g2": 7.1472468126748225, "logK": -3.344754622245188, "loc": 0.11090913633332011, "logScale": 0.25012335110440637}