{"g1": 0.002885659285219083, "g2": 14.871552386412741, "logK": -3.6618083605840925, "loc": -0.09781633845191279, "logScale": 0.12549076544210114}