{"g1": 0.12261216922526753, "g2": 0.03597847267704857, "logK": -2.355421998620585, "loc": -0.036929982294552674, "logScale": 0.41429354850235434}