{"g1": 0.007267524397577239, "g2": 13.174391653333895, "logK": -4.825340246517868, "loc": -0.0877594352135235, "logScale": 0.45456514235058054}