{"g1": 0.3988856433345141, "g2": 0.0018602537333232139, "logK": -0.5294635801540833, "loc": 0.09991258733424169, "logScale": -0.41878723816453733}