{"g1": 0.1927174295953929, "g2": 0.008698195553611995, "logK": -3.658568877239206, "loc": -0.015579509932553304, "logScale": 0.138786880306831}