{"g1": 0.05297033789702966, "g2": 4.698490307363819, "logK": -3.6828649459892864, "loc": -0.12573093649588113, "logScale": 0.29667072949833084}