{"g1": 0.04529724136184715, "g2": 8.834978536879479, "logK": -1.6061185027450868, "loc": -0.031788175934197194, "logScale": 0.7761426245138819}