{"g1": 0.022367009183904107, "g2": 14.643497622043553, "logK": 0.7238189795637223, "loc": 0.03598700718945455, "logScale": -0.18565547107913816}