{"g1": 0.3197088852114408, "g2": 0.025120900820884126, "logK": -4.066297123602764, "loc": 0.041251042434018684, "logScale": 0.4933886312684324}