{"g1": 0.02200438383728035, "g2": 11.824046873534542, "logK": -2.942829261248886, "loc": -0.08027948420501275, "logScale": 0.4305153409705029}