{"g1": 0.2216089456581962, "g2": 0.042880941480448964, "logK": 0.9903015509855426, "loc": 0.11763190241237528, "logScale": -0.6756328843492854}