{"g1": 0.03376799472418174, "g2": 4.073501846862544, "logK": 0.27195859530188937, "loc": -0.06823646735377514, "logScale": 0.1753133604133737}