{"g1": 0.029987106752560735, "g2": 12.11680435609938, "logK": -3.9178415949476957, "loc": -0.00012522182763952117, "logScale": 0.4225627052633398}