{"g1": 0.02673619208658974, "g2": 2.6867841939474393, "logK": -3.500085790263011, "loc": 0.12028370129720765, "logScale": 0.26843867318497516}