{"g1": 0.06066489248253326, "g2": 5.467125892986861, "logK": 0.5319556820059934, "loc": 0.12960124056219782, "logScale": -0.2972190002115551}