{"g1": 0.034579468356291033, "g2": 13.79941798594521, "logK": -4.426541547246457, "loc": 0.03122001508236832, "logScale": 0.4222114431436176}