{"g1": 0.012689476284232865, "g2": 0.41399423156578763, "logK": -0.7240691781619244, "loc": 0.14900392747681124, "logScale": 0.14099678026897156}