{"g1": 0.00205106488663806, "g2": 0.9698856911704774, "logK": -1.176982012362855, "loc": -0.02326686723277742, "logScale": 0.3439653247724887}