{"g1": 0.06655804002881088, "g2": 0.08955382807487498, "logK": -0.06242334209463776, "loc": -0.12684488112963832, "logScale": -0.04246884377468646}