{"g1": 0.04832302588159572, "g2": 0.22666913338504768, "logK": -3.37272244568367, "loc": 0.047854208094546775, "logScale": 0.34430753703084593}