{"g1": 0.009613146398768313, "g2": 14.456156825325898, "logK": -1.4893485933958925, "loc": 0.06599184669589446, "logScale": 0.18361997180341838}