{"g1": 0.025062417443924928, "g2": 1.5584165697428913, "logK": -2.2352180853927135, "loc": 0.032626024692414525, "logScale": 1.1475695128291266}