{"g1": 0.02070791214332628, "g2": 2.354345047749875, "logK": -1.0717728116978367, "loc": -0.10198703885144074, "logScale": 0.5059436996550365}