{"g1": 0.21511979816620314, "g2": 0.023543572844877993, "logK": -4.123239987761858, "loc": -0.05187450190656534, "logScale": -1.399837198780974}