{"g1": 0.3482750063099767, "g2": 0.05404099288267794, "logK": -4.908273966997986, "loc": 0.012098646114306583, "logScale": 0.48208874178773736}