{"g1": 0.018453180095179628, "g2": 6.888237871193096, "logK": -2.0481373938839895, "loc": 0.0020898825051385676, "logScale": -2.062190678811427}