{"g1": 0.08588433831377468, "g2": 0.6981810512663051, "logK": 0.23344740960100108, "loc": -0.028233985416976373, "logScale": -0.2613289289651322}