{"g1": 0.24565136822218495, "g2": 0.5512182576831567, "logK": -0.7559646623870209, "loc": 0.09370586116575028, "logScale": 0.7270519462473639}