{"g1": 0.025877472173424558, "g2": 1.3211420659253927, "logK": 0.850151986388587, "loc": -0.03611031819044483, "logScale": -0.24472969336120343}