{"g1": 0.0419262083604378, "g2": 6.247642818521975, "logK": 0.027315968000030222, "loc": -0.03871643308402171, "logScale": -0.29026559345359476}