{"g1": 0.04077263335660106, "g2": 6.034542223871148, "logK": 0.43007729914246234, "loc": 0.0638506938317656, "logScale": -0.41228558144751803}