{"g1": 0.06866086496076718, "g2": 3.2991622743086313, "logK": -0.3463052722152852, "loc": 0.13295906358496087, "logScale": 0.19973683678667886}