{"g1": 0.510661567182215, "g2": 0.04628880133715021, "logK": -0.9526170379152272, "loc": -0.033080316738818435, "logScale": 0.2564444027445888}