{"g1": 0.5634760964517943, "g2": 0.026690991200429948, "logK": -4.219057033517171, "loc": 0.1051494944361521, "logScale": -0.02728164966396726}