{"g1": 0.005799952422576534, "g2": 14.632178021735143, "logK": -3.9389244583543457, "loc": -0.09853383367828412, "logScale": 1.0656159523300541}