{"g1": 0.0016068214593227548, "g2": 4.9240699495986116, "logK": -0.9499460254073312, "loc": 0.0605695352943592, "logScale": 0.07099149111989522}