{"g1": 0.044882780139422776, "g2": 1.4487728511587392, "logK": 0.033331124075171414, "loc": 0.12867982845560014, "logScale": -0.25429398437612066}