{"g1": 0.0023450680810969543, "g2": 4.8676771882041905, "logK": -4.434128906116696, "loc": 0.03243697656857239, "logScale": -1.9729200241585374}