{"g1": 0.666466815532979, "g2": 0.05848495928359604, "logK": -0.18142674424885846, "loc": 0.12854111916280095, "logScale": 0.5632230775038076}