{"g1": 0.04544047549085104, "g2": 4.848126737794798, "logK": -3.8837465627311185, "loc": 0.017839764977343978, "logScale": 0.3874412564781772}