{"g1": 0.00566206098539538, "g2": 0.20378120810863076, "logK": -4.29036560695957, "loc": 0.08264757132555944, "logScale": 0.2889517986104426}