{"g1": 0.02788547979728563, "g2": 2.527437235036059, "logK": -4.705595407197748, "loc": -0.1414068818925997, "logScale": 0.32668634258797846}