{"g1": 0.07322901456713163, "g2": 0.4094852124767572, "logK": 0.482408362352779, "loc": -0.05742622258387725, "logScale": -0.8934049572593659}