{"g1": 0.0709686045052696, "g2": 0.3673034799809029, "logK": -2.8191891290976137, "loc": 0.04983875672543733, "logScale": 1.197857392530789}