{"g1": 0.15186893516347855, "g2": 2.2244512346497527, "logK": 0.8158879306415944, "loc": -0.14943246105826347, "logScale": 0.20708150539018133}