{"g1": 0.049325574116639015, "g2": 0.17763729283376062, "logK": -0.1228479672478926, "loc": -0.1307139534558924, "logScale": 0.10650728127882503}