{"g1": 0.21019823835286922, "g2": 0.426668829073631, "logK": -4.607934546400415, "loc": 0.14968712305732293, "logScale": 1.1708621081445538}