{"g1": 0.02662358233702219, "g2": 13.32636826641773, "logK": -4.003753315566197, "loc": 0.04167731855063262, "logScale": -1.804069959486592}