{"g1": 0.08832608292921951, "g2": 0.7499692427745497, "logK": -1.0133835115219236, "loc": 0.1113972921206354, "logScale": 0.49567450781656575}