{"g1": 0.03982330356315977, "g2": 12.874548245800932, "logK": -2.2981661248685503, "loc": 0.1429129926712706, "logScale": 0.32179338798323065}