{"g1": 0.11319986375625053, "g2": 4.399426520008863, "logK": -2.619817829791511, "loc": -0.12198034277018313, "logScale": 0.7735506291328976}