{"g1": 0.1631621026842864, "g2": 9.593783912954517, "logK": 0.7595482519136594, "loc": 0.01900163129000553, "logScale": -0.275743243275786}