{"g1": 0.028508109436870432, "g2": 10.058901808022199, "logK": 0.779276172315047, "loc": 0.011606700181368026, "logScale": -0.3878737620094986}