{"g1": 0.053214910495649276, "g2": 0.7474595179583252, "logK": 0.09137092389735615, "loc": -0.12894923885048518, "logScale": -0.16776143355696166}