{"g1": 0.022599799001579525, "g2": 1.7494491910907823, "logK": -1.284420662143356, "loc": -0.12615044937980754, "logScale": 0.37041721425041185}