{"g1": 0.07407327005258302, "g2": 9.365975061892803, "logK": -2.41316158641838, "loc": -0.09790160864020137, "logScale": 0.32258934180223214}