{"g1": 0.003845079115919546, "g2": 11.878853686341678, "logK": 0.6856849629371637, "loc": 0.07979158594712114, "logScale": -0.8968824318044634}