{"g1": 0.22146915252336755, "g2": 0.02323308787237871, "logK": 0.06748338615826133, "loc": -0.13640428767082877, "logScale": -1.6467789683689693}