{"g1": 0.005302862343649215, "g2": 10.041746806249158, "logK": -2.287614976100139, "loc": -0.11874119388383567, "logScale": 0.8021157477269807}