{"g1": 0.054315957850600116, "g2": 1.1861291219553263, "logK": -0.19215629019966785, "loc": 0.0666201246494085, "logScale": 0.32628823686273845}