{"g1": 0.1504980540378142, "g2": 0.8804104811233429, "logK": -3.764908444954678, "loc": -0.14891908698441658, "logScale": 0.4204968798606236}