{"g1": 0.015911528152126785, "g2": 6.852550996295976, "logK": -1.663590214084555, "loc": 0.14060974694495468, "logScale": 0.22954281173882457}