{"g1": 0.13251203701016742, "g2": 14.128284227368727, "logK": 0.1461740580407369, "loc": 0.09906807630350274, "logScale": 0.09847627255664998}