{"g1": 0.04639502279253013, "g2": 6.649121520245627, "logK": -0.6568232129531038, "loc": 0.08400416265053709, "logScale": 0.21202468670766184}