{"g1": 0.023544125691296935, "g2": 3.5951838198734185, "logK": 0.44396956965929213, "loc": -0.0038048512787757054, "logScale": -0.1893020947979982}