{"g1": 0.08966040927294905, "g2": 0.821596655925088, "logK": 0.2819682950586062, "loc": -0.1499101049489664, "logScale": -0.06902067883976659}