{"g1": 0.07898514552283753, "g2": 0.044653736639591074, "logK": -0.22367044429648486, "loc": -0.13219497784586873, "logScale": 0.03227378675060738}