{"g1": 0.04073409482426227, "g2": 14.734646309636107, "logK": 0.36657074129861567, "loc": 0.013905103972990395, "logScale": -1.0589668015784997}