{"g1": 0.013959064611607295, "g2": 9.720480552384865, "logK": -1.2247313453077078, "loc": -0.10664319176942577, "logScale": 0.7720407739409887}