{"g1": 0.11062571163203466, "g2": 0.2182682260201252, "logK": -4.576413220225647, "loc": 0.00864561495257074, "logScale": 0.4598682997552107}