{"g1": 0.049280192444731676, "g2": 0.8884687694157747, "logK": 0.18476454960813848, "loc": -0.025010622329025907, "logScale": -0.22833833684550553}