{"g1": 0.5306631068378486, "g2": 0.509260571692689, "logK": 0.46599175544008165, "loc": 0.13376981710393301, "logScale": -0.556521207399014}