{"g1": 0.10695431131803258, "g2": 12.48167651771207, "logK": 0.1894302592319922, "loc": 0.039300405342952316, "logScale": 0.7848203886993096}