{"g1": 0.001170234870114275, "g2": 1.4348408747536312, "logK": -2.104050770918392, "loc": 0.14924362281820922, "logScale": 0.35407214371616186}