{"g1": 0.023623510986589866, "g2": 7.955452417645255, "logK": 0.5718390879525155, "loc": 0.05820171893782411, "logScale": -0.13569872843079406}