{"g1": 0.4418860969665527, "g2": 0.014032320768457895, "logK": -1.987676083053957, "loc": -0.07618584638409794, "logScale": 0.626062344359547}