{"g1": 0.14461569853490092, "g2": 10.638914928645548, "logK": 0.5117744831961297, "loc": -0.0631190911679495, "logScale": -0.225156425229615}