{"g1": 0.03842673668481422, "g2": 0.12985114259496203, "logK": 0.9943432237423468, "loc": -0.06883518704135405, "logScale": -0.7011558789276413}