{"g1": 0.21672346159313377, "g2": 0.04087473760557467, "logK": -1.941507543491785, "loc": 0.05496796568977952, "logScale": 0.6897161642924132}