{"g1": 0.06721900974694178, "g2": 0.12889159393537764, "logK": -1.50830648228796, "loc": -0.10963700087387225, "logScale": 0.2518592489381269}