{"g1": 0.20121830490075532, "g2": 0.22016342619361878, "logK": 0.8682335004951709, "loc": -0.07590967725680527, "logScale": -0.49712066797295984}