{"g1": 0.046180145935550254, "g2": 8.761551267715245, "logK": -0.6212386926284312, "loc": 0.09222269959184232, "logScale": 0.10633462637874017}