{"g1": 0.03577322572995639, "g2": 0.25056097456400883, "logK": 0.3401246427789991, "loc": 0.04047110078109239, "logScale": -0.310417698827925}