{"g1": 0.056137863631225526, "g2": 0.8570076563107589, "logK": -4.186721556323814, "loc": -0.029030143877714156, "logScale": 0.6028279571990479}