{"g1": 0.6670648398003541, "g2": 0.057400767656315285, "logK": -4.107920808613313, "loc": 0.021334515220279154, "logScale": 0.7463264261210771}