{"g1": 0.013791012794214033, "g2": 0.22867840604539325, "logK": -4.3070128920450355, "loc": -0.03315178001677059, "logScale": 0.32217463176407946}