{"g1": 0.9221538228796522, "g2": 0.013458802678398482, "logK": -2.156499620826164, "loc": 0.08466978820122764, "logScale": 0.2552412850436765}