{"g1": 0.07814873839403963, "g2": 0.10562892281158165, "logK": 0.8695823879611224, "loc": -0.14873046402869464, "logScale": -0.8745329634050593}