{"g1": 0.05680109403477027, "g2": 2.0382793248203193, "logK": -2.750184200775289, "loc": -0.05916497990833742, "logScale": 0.3796514337889194}