{"g1": 0.03252326711669554, "g2": 1.3176150033274245, "logK": 0.5733735610221427, "loc": 0.037166722271810726, "logScale": -0.48831923253163256}