{"g1": 0.021560589969061753, "g2": 6.676334389927742, "logK": -3.141895536801427, "loc": 0.14265590080947227, "logScale": 0.3398906674153101}