{"g1": 0.2972407786376582, "g2": 0.02123676050456884, "logK": -3.3963428186639093, "loc": -0.09421440953717503, "logScale": 0.2995274307841391}