{"g1": 0.41627647899669346, "g2": 0.01710246761266282, "logK": -0.6623511419394541, "loc": -0.14295305748328654, "logScale": 0.3842798942070861}