{"g1": 0.49752375984220165, "g2": 0.0015151555543808726, "logK": -2.299436519992099, "loc": 0.051289352471086826, "logScale": 0.45696321783384203}