{"g1": 0.12603422699252964, "g2": 0.10875709225084873, "logK": -2.6177259309027447, "loc": 0.149773400436828, "logScale": 0.9122541955076342}