{"g1": 0.1293851709976433, "g2": 10.793547234623077, "logK": -0.40818388377173687, "loc": -0.10011590378790262, "logScale": 0.022975824170092973}