{"g1": 0.03015816944352215, "g2": 5.958728500525669, "logK": -1.0231212371980367, "loc": 0.0576663802271398, "logScale": 0.10616413846871314}