{"g1": 0.08275686154570111, "g2": 5.983555103992552, "logK": 0.21886702385049764, "loc": 0.04345521300958973, "logScale": -0.022079330240764198}