{"g1": 0.059994240132117405, "g2": 13.350113757449007, "logK": -0.37254459470480106, "loc": 0.08055968076343938, "logScale": 0.42165088828683267}