{"g1": 0.15537836723081697, "g2": 0.02174414839020641, "logK": -0.07176972295360906, "loc": 0.023067767181837583, "logScale": -0.5570016964697913}