{"g1": 0.04622130665709862, "g2": 0.05199327077471105, "logK": -0.25281362183036055, "loc": -0.04824835833171854, "logScale": -0.005243773704326604}