{"g1": 0.019254693002764257, "g2": 2.988507432590519, "logK": -1.9666486609263707, "loc": 0.0358304763182585, "logScale": 0.5326476036442541}