{"g1": 0.10746602760748249, "g2": 0.0165726198899514, "logK": 0.9703795724215767, "loc": 0.08894056070195624, "logScale": -0.7817701363445202}