{"g1": 0.003846735709501836, "g2": 12.713995307336614, "logK": -3.1890410953044372, "loc": 0.046879565859494536, "logScale": 0.3299433919388891}