{"g1": 0.6289025850587558, "g2": 0.02783714142991516, "logK": -3.2055795907123517, "loc": -0.14354492708307492, "logScale": 1.0073406868476154}