{"g1": 0.10320736940178483, "g2": 0.7094798876854068, "logK": -4.977654601147413, "loc": 0.026056173852766058, "logScale": 0.7210707291939307}