{"g1": 0.03855496843849682, "g2": 8.598986720694162, "logK": -1.9223247339444733, "loc": 0.06103105896604166, "logScale": -2.0952852689814274}