{"g1": 0.5068284937591718, "g2": 0.07186979257999315, "logK": -0.3299384410881476, "loc": 0.05007694603202283, "logScale": 0.22395855677268944}