{"g1": 0.019759211512441633, "g2": 13.11615331182372, "logK": 0.5282536177480668, "loc": -0.07925497585766395, "logScale": -0.041897343686162936}