{"g1": 0.010278601799995558, "g2": 7.62631801531222, "logK": -2.3135561607077184, "loc": -0.09035797497691522, "logScale": -2.1135919735925373}