{"g1": 0.01841379149311838, "g2": 14.097617350053014, "logK": -2.6123535607100328, "loc": -0.11368237997914715, "logScale": 0.3772694089896234}