{"g1": 0.021252556697156814, "g2": 11.911397773700921, "logK": -3.096926334704902, "loc": 0.11910746485119676, "logScale": 0.3664156268690655}