{"g1": 0.06513810316608934, "g2": 12.23580812902265, "logK": 0.8403079530333932, "loc": 0.10917399118263374, "logScale": -0.7612434342846754}