{"g1": 0.09702068114912549, "g2": 1.493255120968545, "logK": -3.0071425480174527, "loc": 0.08858770700185589, "logScale": 0.2648560428925188}