{"g1": 0.041782868975070726, "g2": 9.048302611142923, "logK": -4.642615591777339, "loc": -0.14948952853970376, "logScale": 0.3388980080739104}