{"g1": 0.11952934277743947, "g2": 2.875737975173336, "logK": -0.40876838284753214, "loc": -0.07379221292525968, "logScale": 0.5025995507834462}