{"g1": 0.7450387894320377, "g2": 0.22886841471337352, "logK": 0.24435424894101454, "loc": -0.10832700613376911, "logScale": -0.9192106105642422}