{"g1": 0.23359875773849548, "g2": 0.06420764008384738, "logK": -2.8589320577930053, "loc": -0.10286893071200809, "logScale": 0.6680291824963271}