{"g1": 0.46412889243659883, "g2": 0.3086012062841703, "logK": -0.36329725332877294, "loc": 0.0166729007317234, "logScale": 0.45448285688707313}