{"g1": 0.10899815634748546, "g2": 4.352613010894874, "logK": -1.9682283551973545, "loc": -0.003408683275052622, "logScale": 0.4069852340841241}