{"g1": 0.06452793068897253, "g2": 4.1797694376796075, "logK": -1.3175550747884197, "loc": 0.019372197579446256, "logScale": 0.3709113044661612}