{"g1": 0.06200891351173979, "g2": 8.385855811714913, "logK": -0.14613669269096097, "loc": 0.09167153064046528, "logScale": 0.692597703770373}