{"g1": 0.7386475163461417, "g2": 0.013115562676499812, "logK": 0.2932574564571291, "loc": -0.08533771537905464, "logScale": -0.05058457863798155}