{"g1": 0.0358538255918557, "g2": 3.140073582305747, "logK": -3.2004462829218077, "loc": -0.04128797953984753, "logScale": 0.29980261466371305}