{"g1": 0.45137570241889724, "g2": 0.011274737703152585, "logK": 0.47325498571333086, "loc": 0.024443105403359172, "logScale": -0.06623001110557503}