{"g1": 0.5130072047871994, "g2": 0.04381004898964885, "logK": -3.121594669883225, "loc": -0.0017891369035398967, "logScale": -0.7267364814483108}