{"g1": 0.08674114479911335, "g2": 0.30316838281697733, "logK": 0.9851822157710274, "loc": -0.012996392881472456, "logScale": -0.6743019014491562}