{"g1": 0.10137524417698493, "g2": 2.5199240968072054, "logK": -3.0066434379099336, "loc": -0.07847549141009252, "logScale": 0.3768959786579277}