{"g1": 0.002328983003877326, "g2": 0.7338108326295244, "logK": -3.7093141128076534, "loc": 0.014582401154512342, "logScale": -2.053714575319211}