{"g1": 0.024737402426813333, "g2": 4.954622621664829, "logK": -4.722780049602989, "loc": 0.029120273953421247, "logScale": 0.5577588713921448}