{"g1": 0.01446217659037282, "g2": 10.067196081117919, "logK": 0.015528862475017391, "loc": 0.033793365940317475, "logScale": 0.07323740176254512}