{"g1": 0.023130786290043195, "g2": 0.04379667724840593, "logK": -1.592995467466439, "loc": 0.13745321946791994, "logScale": 0.44155486810936334}