{"g1": 0.04273100720952313, "g2": 8.752793070854166, "logK": -4.111992876980723, "loc": 0.03488147650080166, "logScale": 0.5601546488678031}