{"g1": 0.05531470218515916, "g2": 1.0837774336234631, "logK": -0.622033992815253, "loc": -0.10747656149501969, "logScale": 0.28336003430636314}