{"g1": 0.6155166256786667, "g2": 0.03229364996434558, "logK": -3.083701439537722, "loc": -0.1151746167974404, "logScale": 0.20722949349653258}