{"g1": 0.0010604824236059504, "g2": 5.939261172299392, "logK": -1.9972724849682841, "loc": -0.12096812876092011, "logScale": 0.3365051143656008}