{"g1": 0.38554061659114874, "g2": 0.046730226704231034, "logK": -0.6365687410940248, "loc": 0.10177992675064299, "logScale": 0.22488446101401127}