{"g1": 0.13955975662192704, "g2": 4.773494778813189, "logK": 0.15917786467459483, "loc": 0.10349593214557062, "logScale": 0.22142325160670023}