{"g1": 0.06105604328989185, "g2": 10.404052734974353, "logK": -0.354359100407288, "loc": 0.09429733297384382, "logScale": 0.15501248934920298}