{"g1": 0.20179404049631727, "g2": 11.15307460158678, "logK": 0.056635218185808966, "loc": -0.1206458412264297, "logScale": 0.06513773642031723}