{"g1": 0.01896034215758815, "g2": 4.756955372977942, "logK": -0.575770939598272, "loc": -0.11558637110370293, "logScale": 0.1085733678975847}