{"g1": 0.08314328771922991, "g2": 7.336161650487417, "logK": -3.7701684549492853, "loc": 0.012937537940755273, "logScale": 0.8706682492254726}