{"g1": 0.001105544848329032, "g2": 0.005950986752431553, "logK": -3.9001828613763956, "loc": -0.02903476314391971, "logScale": 0.4722219332971175}