{"g1": 0.06915644094659357, "g2": 3.3069809492405984, "logK": -2.364284711657811, "loc": -0.011446009667582802, "logScale": 0.500820158461886}