{"g1": 0.07482866156728081, "g2": 0.3765071305307744, "logK": -3.3513554672395216, "loc": -0.06162644463909803, "logScale": 0.2776132407551296}