{"g1": 0.045239888107770965, "g2": 1.9865352670375573, "logK": -1.131545747986902, "loc": -0.026868652299499772, "logScale": 0.9370284788279712}