{"g1": 0.8332233049086567, "g2": 0.06761335065181229, "logK": 0.8021083284826666, "loc": 0.06690675199155043, "logScale": -1.2597754568789734}