{"g1": 0.14061485630510778, "g2": 0.07729196010850192, "logK": -4.188639829132727, "loc": 0.04889438027503575, "logScale": 0.3289560864327226}