{"g1": 0.07413290336465111, "g2": 9.884766768593714, "logK": -4.119635054458715, "loc": -0.06689963340466301, "logScale": 0.37781234817239695}