{"g1": 0.004146763388886463, "g2": 0.007883295428743328, "logK": 0.7916194251064863, "loc": 0.12261506935765262, "logScale": -0.9222684309856318}