{"g1": 0.044513691923082965, "g2": 8.10288334963632, "logK": -2.758056062432146, "loc": 0.05795921846342565, "logScale": 0.5854636104382556}