{"g1": 0.025015425870108198, "g2": 1.2146959994269697, "logK": -0.9237109786725907, "loc": -0.0717583764068036, "logScale": 0.3291950724524814}