{"g1": 0.06953579021735269, "g2": 10.423254104196186, "logK": -0.8872192091328484, "loc": -0.022645964754474647, "logScale": 0.2306049943356534}