{"g1": 0.07084025085518944, "g2": 10.476806490062161, "logK": -4.1923772349157815, "loc": 0.09010580823735322, "logScale": 0.7361912202697489}