{"g1": 0.9640876845797985, "g2": 0.018385082472564873, "logK": 0.9658738302393488, "loc": 0.07008975542633204, "logScale": -0.4660535408026971}