{"g1": 0.0019887363289955995, "g2": 0.02389063820652515, "logK": -0.09504432681482022, "loc": 0.08548749351399504, "logScale": -0.09385229441276931}