{"g1": 0.07742601815931661, "g2": 10.922647973247768, "logK": 0.3575149122198258, "loc": 0.028827392325171945, "logScale": -0.8659785801321669}