{"g1": 0.04669853871706748, "g2": 0.2865791931682482, "logK": -0.92521732335034, "loc": -0.14076957421850161, "logScale": 0.17951645095610136}