{"g1": 0.056301936038493205, "g2": 2.2247232415155476, "logK": -0.8025945972647032, "loc": 0.006897719409976844, "logScale": 0.21809695554092745}