{"g1": 0.1431899216473853, "g2": 0.04963673829795547, "logK": 0.981696688812816, "loc": -0.12157444830611579, "logScale": -0.7252598353234581}