{"g1": 0.0427522803649114, "g2": 0.4343313618633944, "logK": -3.16186484928144, "loc": 0.06576786176848468, "logScale": 0.31132611928711695}