{"g1": 0.04633113796347942, "g2": 8.98198362558831, "logK": -4.3063429515685785, "loc": 0.06314657808486396, "logScale": 0.34303936371781457}