{"g1": 0.4058657881599016, "g2": 0.02129304524376789, "logK": 0.5615285973558919, "loc": 0.05366058105513315, "logScale": 0.027782456147084078}