{"g1": 0.11471292610018001, "g2": 10.87820347904873, "logK": 0.23726404851428196, "loc": -0.1381228733031249, "logScale": 0.708798649756516}