{"g1": 0.027225337375434783, "g2": 0.21016024716891132, "logK": 0.6839449111849393, "loc": -0.08670439095630712, "logScale": -0.515629162079865}