{"g1": 0.8830751048310681, "g2": 0.057589037953656504, "logK": -0.39853734840799543, "loc": -0.06458841785711306, "logScale": 0.059961155460705545}