{"g1": 0.02401224581990502, "g2": 0.0037507600891674153, "logK": -1.1720860563416022, "loc": -0.05026210860715305, "logScale": 0.17678052086572366}