{"g1": 0.05907124764578443, "g2": 12.75856149937153, "logK": -0.252355221531402, "loc": 0.14840355816373485, "logScale": 0.4559843094328746}