{"g1": 0.004616798564388777, "g2": 10.47398691463974, "logK": 0.46855233838852595, "loc": -0.1054801799257674, "logScale": -0.6312008871757246}