{"g1": 0.0971503388022688, "g2": 7.338299897175058, "logK": -0.37836375336624994, "loc": 0.11924990307029663, "logScale": 0.5853317797193494}