{"g1": 0.05955736879581414, "g2": 9.634122104201003, "logK": 0.9593018026914999, "loc": -0.07802355073296616, "logScale": -0.4833350336417358}