{"g1": 0.04143533414869641, "g2": 2.510357129048643, "logK": 0.718503958343083, "loc": 0.09082519098366594, "logScale": -0.9492378607842136}