{"g1": 0.05948913172224421, "g2": 8.617545810192375, "logK": -0.1642824472793445, "loc": -0.13021705263123012, "logScale": 0.473791480315284}