{"g1": 0.09511122048883384, "g2": 5.604568612562938, "logK": -3.204137708820533, "loc": -0.009055643853286471, "logScale": 0.3859125796908206}