{"g1": 0.17307800605931767, "g2": 0.9017285586924044, "logK": -0.005129844074285295, "loc": -0.027795195681487386, "logScale": 0.09606328842696787}