{"g1": 0.6179322609245673, "g2": 0.06673719605114115, "logK": -1.059722270052218, "loc": 0.14312683349985686, "logScale": 0.7695239378825594}