{"g1": 0.2408100318999562, "g2": 0.016986665420405445, "logK": -3.8938818177059593, "loc": -0.07423666708250085, "logScale": 0.1508108366873153}