{"g1": 0.22276335063100733, "g2": 0.025958345549962125, "logK": 0.685679280762262, "loc": 0.0632436309103411, "logScale": -0.7679977210793258}