{"g1": 0.13424865165755134, "g2": 2.652822050402174, "logK": -4.0106046720095705, "loc": 0.14030907262396516, "logScale": 0.6925438653932166}