{"g1": 0.6276156780395248, "g2": 0.009032767643460976, "logK": -3.5022665829792223, "loc": -0.07349462454206167, "logScale": 0.7684638144130839}