{"g1": 0.054469693407481735, "g2": 4.362508266890989, "logK": -0.891398085251137, "loc": 0.012846345777075052, "logScale": 0.4611416482532483}