{"g1": 0.0372674820596467, "g2": 3.0293352675940093, "logK": -1.959364360812764, "loc": -0.08634367493639447, "logScale": 0.24139444549206734}