{"g1": 0.8650764229933774, "g2": 0.019765718290958967, "logK": -3.495332419966469, "loc": -0.02791719241697481, "logScale": 0.5314487411853821}