{"g1": 0.0062014079250804904, "g2": 7.198078752780974, "logK": -1.197512368227712, "loc": -0.08145665805015877, "logScale": 0.2964158065961575}