{"g1": 0.034555030397235925, "g2": 6.820623244718596, "logK": -4.614484947543151, "loc": -0.07646638227299814, "logScale": 0.5530444638445492}