{"g1": 0.022578041722243525, "g2": 6.044549359471476, "logK": -1.6235971523431523, "loc": 0.10973031233021954, "logScale": 0.29186560284749063}