{"g1": 0.02564054767219942, "g2": 2.3878013487545138, "logK": -1.3410553614764855, "loc": -0.14979590173326804, "logScale": 0.40477992852969874}