{"g1": 0.20015113164788595, "g2": 0.272381636870347, "logK": 0.25224283353516835, "loc": 0.02097981809182231, "logScale": 0.36791098955828366}