{"g1": 0.174896766989522, "g2": 0.5772044165950572, "logK": 0.9519274181127959, "loc": 0.045546482790209154, "logScale": -0.6853329517540889}