{"g1": 0.0018621484845340536, "g2": 12.572816684430535, "logK": -2.1924429991188314, "loc": -0.08894337316735493, "logScale": -2.198510414656881}