{"g1": 0.01648304379984552, "g2": 5.659308235693155, "logK": 0.25337634859637026, "loc": -0.14958238643529287, "logScale": -0.06740142542084239}