{"g1": 0.023753966728011902, "g2": 14.765078353746887, "logK": 0.6254869853792959, "loc": 0.0047399811492468205, "logScale": -0.6872195932367133}