{"g1": 0.1782987912698041, "g2": 0.19904507104483882, "logK": -4.656507177139092, "loc": 0.03306690415023701, "logScale": 0.41801357236723136}