{"g1": 0.28044395077129414, "g2": 0.003797137773841608, "logK": 0.9931258073454032, "loc": 0.034323940504992906, "logScale": -0.30918950238830634}