{"g1": 0.10403277108003965, "g2": 7.623714173854388, "logK": -1.8200359761842955, "loc": -0.12917712982039894, "logScale": 0.9952891901365499}