{"g1": 0.035368358610124245, "g2": 13.11757355024619, "logK": 0.9961341360988131, "loc": -0.1090329828743147, "logScale": -0.9445570973514865}