{"g1": 0.5768471455915671, "g2": 0.1267457966171559, "logK": -1.5171687611523095, "loc": 0.03326296448943868, "logScale": 0.4896299941522254}