{"g1": 0.4142425042961093, "g2": 0.0014251620200487203, "logK": 0.5958856445965344, "loc": -0.04158042688427543, "logScale": 0.18078287771831358}