{"g1": 0.018753428852052677, "g2": 13.882475476694747, "logK": -4.246182258204957, "loc": -0.020136538268816617, "logScale": 0.34799653888788906}