{"g1": 0.0378697065200723, "g2": 11.479835220631065, "logK": -3.916299197556602, "loc": 0.05026112169189856, "logScale": 0.6199099484231854}