{"g1": 0.73292431183015, "g2": 0.0031023075599532074, "logK": -0.8378452444152185, "loc": 0.036769090993171265, "logScale": -1.1432604083527158}