{"g1": 0.49789549477236605, "g2": 0.009694422680199117, "logK": -3.298994036134376, "loc": 0.1346353266559359, "logScale": 0.4019296158910741}