{"g1": 0.03049309627573343, "g2": 0.4780976859382917, "logK": 0.5722286992340473, "loc": 0.14744276544748364, "logScale": -0.49477511138309055}