{"g1": 0.02253275892714629, "g2": 1.047443411010681, "logK": -2.4504227442988356, "loc": -0.14348262635589715, "logScale": 0.6382480186349561}