{"g1": 0.055671489223687545, "g2": 4.319326775307935, "logK": -1.893041262463931, "loc": 0.09794838169834189, "logScale": 0.3771069987153255}