{"g1": 0.04671239248996546, "g2": 2.2790766964174565, "logK": -4.863178492489572, "loc": 0.08090669951016873, "logScale": 0.5334272597457639}