{"g1": 0.5681784569732933, "g2": 0.10654852263584846, "logK": -0.32674363476215573, "loc": 0.0387701711607336, "logScale": -0.16911982212466933}