{"g1": 0.10915279440258013, "g2": 6.1144352687161625, "logK": -4.122847070183797, "loc": -0.08656805315773768, "logScale": 0.5936431494611036}