{"g1": 0.01773040448952147, "g2": 0.9534198605607627, "logK": -3.445512095466131, "loc": 0.10148888437458972, "logScale": 0.5305491047933278}