{"g1": 0.15505019401008818, "g2": 0.48433650082542723, "logK": 0.7189425744471926, "loc": -0.08737954065904895, "logScale": -0.7713577088978171}