{"g1": 0.030868716473604632, "g2": 11.84797903457231, "logK": -0.08873672487181872, "loc": -0.018335637900708412, "logScale": 0.4194280691946446}