{"g1": 0.25778610257416407, "g2": 0.027736700909246292, "logK": -0.5449115577212014, "loc": 0.1154849054292614, "logScale": 0.18454281159693592}