{"g1": 0.23811018081345214, "g2": 0.44807025403463374, "logK": 0.2623716921550874, "loc": 0.06556786712983088, "logScale": 0.03354176703068196}