{"g1": 0.04742474252709287, "g2": 4.657872808926557, "logK": -3.5009598016467587, "loc": -0.11518432937901449, "logScale": 0.3125832803022472}