{"g1": 0.25116323594286566, "g2": 0.43497108628401304, "logK": -0.739752856174426, "loc": 0.1275302070414225, "logScale": 0.3025182937413635}