{"g1": 0.031244069564603363, "g2": 6.123959857469426, "logK": -1.5745641628138416, "loc": 0.08927836929005968, "logScale": 0.3363654752192328}