{"g1": 0.5675109088744864, "g2": 0.07039564706877081, "logK": 0.4060892320212409, "loc": 0.10145053208991968, "logScale": -0.12163245353984659}