{"g1": 0.9915724485731173, "g2": 8.832443860384679, "logK": 0.42584758671656564, "loc": -0.04649542311565305, "logScale": -3.591129418090389}