{"g1": 0.799933391093208, "g2": 1.7550522839175535, "logK": 0.5385671649337347, "loc": -0.03621650596986719, "logScale": -3.472740692371416}