{"g1": 0.8890655472169545, "g2": 1.8673927171857165, "logK": -2.515023071404893, "loc": -0.0003328469255810679, "logScale": -3.6406320635003486}