{"g1": 0.7438576795757921, "g2": 4.462948744353847, "logK": -0.486841448917985, "loc": -0.001771719423726923, "logScale": -3.7797418043094138}