{"g1": 0.9804444890718734, "g2": 6.229300878504367, "logK": -1.9009051201153278, "loc": 0.00306591754131504, "logScale": -3.9840231413891596}