{"g1": 0.9192519381738913, "g2": 0.4388075021401009, "logK": -4.638566173656155, "loc": -0.0031360928702515575, "logScale": -3.9816045675573237}