{"g1": 0.9419776128407397, "g2": 11.022759854762313, "logK": -2.2759303334946663, "loc": 0.010945995642781918, "logScale": -3.147449305970213}