{"g1": 0.8293670271283575, "g2": 5.582423539595162, "logK": -0.4203135638923992, "loc": -0.05256413210975167, "logScale": -2.607190943743273}