{"g1": 0.9584011324286884, "g2": 5.394236037254618, "logK": 0.6192118149268968, "loc": -0.012157202429687125, "logScale": -3.9753198545764095}