{"g1": 0.9531007384683162, "g2": 3.4588819521581136, "logK": -2.1894015269314573, "loc": 0.037263086098842754, "logScale": -1.8540922446749648}