{"g1": 0.8242281905795686, "g2": 4.277924333115617, "logK": -3.8341145520862776, "loc": 0.04716051395175633, "logScale": -1.9934753661806288}