{"g1": 0.10253570471193173, "g2": 0.2722683212306296, "logK": -1.870983408123074, "loc": 0.013424682280834724, "logScale": -0.7810135401935998}