{"g1": 0.043857115170091304, "g2": 12.691793576872548, "logK": -2.2877739681310487, "loc": 0.043945598795275716, "logScale": -0.9428143010563848}