{"g1": 0.07895046156828932, "g2": 0.9088903761776859, "logK": 0.6001130683777864, "loc": -0.004012236385986301, "logScale": -2.196034919392554}