{"g1": 0.02575319655956828, "g2": 3.2109533811150213, "logK": -3.4000795249673974, "loc": -0.06936552357416965, "logScale": -0.8778383118113451}