{"g1": 0.0013726389040937198, "g2": 3.844755086682957, "logK": 0.9926131789556811, "loc": -0.023344092197953012, "logScale": -2.372947353496882}