{"g1": 0.06643141494872362, "g2": 2.0752871636032517, "logK": 0.06980472294941198, "loc": -0.14806234794113274, "logScale": -1.3616877958076623}