{"g1": 0.35355659745274975, "g2": 0.01613403489612031, "logK": 0.734387983928651, "loc": -0.13949629825020615, "logScale": -1.9491790215250562}