{"g1": 0.032368954654004245, "g2": 10.477725888844978, "logK": 0.6405347860784226, "loc": -0.05620179140746994, "logScale": -1.9863344781806722}