{"g1": 0.13866621391048645, "g2": 0.05398213747744185, "logK": 0.5180042774651046, "loc": -0.13009282784698573, "logScale": -1.4996376355571543}