{"g1": 0.04443827283703994, "g2": 5.849293587946156, "logK": -0.5333701693689263, "loc": 0.007854899786454133, "logScale": -2.224833942761086}