{"g1": 0.014885047615494654, "g2": 14.34059229114732, "logK": -0.7842237036205009, "loc": -0.05607636205994044, "logScale": -2.247598105326407}