{"g1": 0.09491254550613637, "g2": 8.833781961580094, "logK": -0.43807478925529597, "loc": 0.0011665681378003057, "logScale": -2.1094995929718734}