{"g1": 0.059919025974574755, "g2": 8.749083275321196, "logK": -2.0048012195285785, "loc": -0.04269494633243503, "logScale": -2.235633911268285}