{"g1": 0.089407303107229, "g2": 13.478158195779493, "logK": -0.18274047613889088, "loc": -0.019723993846188975, "logScale": -2.309561803548641}