{"g1": 0.1657873423371456, "g2": 0.2666751227244659, "logK": 0.0729736808960888, "loc": -0.024753259757029192, "logScale": 0.3808551417470308}