{"g1": 0.0016438055452544093, "g2": 1.9986440504071648, "logK": 0.28037063510807536, "loc": 0.09788304772318361, "logScale": 0.1435729692132781}