{"g1": 0.025302017864226936, "g2": 2.5906962576593853, "logK": -0.025731781730206293, "loc": 0.00650815863560859, "logScale": 1.0257503912145296}