{"g1": 0.4315562475458528, "g2": 0.7065442334209107, "logK": 0.9103819641646491, "loc": -0.11469355804324967, "logScale": 0.4484138922170729}