{"g1": 0.01737214034408727, "g2": 14.818563051504466, "logK": 0.17820402354167086, "loc": 0.13223531909148228, "logScale": 0.10618473999415445}