{"g1": 0.03939862978604135, "g2": 3.5336310970864506, "logK": -4.696068695264824, "loc": 0.04275811622037003, "logScale": 0.8573081245353882}