{"g1": 0.05271212973365739, "g2": 13.136666848587874, "logK": 0.3559400816436659, "loc": 0.032832330522830994, "logScale": 0.6060042345198613}