{"g1": 0.04516737651490653, "g2": 8.516104292941577, "logK": 0.7924175313776272, "loc": -0.12824788529366146, "logScale": 0.5027487868832594}