{"g1": 0.05471051858637801, "g2": 3.674387847658293, "logK": -3.663078372549803, "loc": 0.09376490289439565, "logScale": 0.783543878737706}