{"g1": 0.050814236585118924, "g2": 9.802092032739697, "logK": -4.994174454768916, "loc": 0.028970080818665304, "logScale": 1.667416438111252}