{"g1": 0.04094150592194597, "g2": 11.175953195158941, "logK": 0.6262205123291289, "loc": 0.05820606230301635, "logScale": -0.020376722670307656}