{"g1": 0.012952667018850172, "g2": 2.6853055976655824, "logK": 0.7163783976833888, "loc": 0.09067635532541282, "logScale": -0.059052916034344816}