{"g1": 0.06987471517298768, "g2": 11.331862839152475, "logK": -1.086462692975785, "loc": -0.06075221381167923, "logScale": 1.4692728875659553}