{"g1": 0.057698460560785335, "g2": 14.039818966636497, "logK": 0.4500905846238656, "loc": 0.044485235516612605, "logScale": 0.3943789091280485}