{"g1": 0.02398124756838453, "g2": 9.672647852753535, "logK": 0.9370386141245216, "loc": 0.11791386899809263, "logScale": -0.12506295697837766}