{"g1": 0.8917797311397316, "g2": 11.400454815094955, "logK": -1.507755952426728, "loc": -0.008633079399648198, "logScale": -2.9125949639141346}