{"g1": 0.8939572333083503, "g2": 6.956051894600829, "logK": -2.931503448311941, "loc": 0.02152868478522879, "logScale": -3.247546163052359}