{"g1": 0.5701935466117396, "g2": 3.9817476164615213, "logK": -4.047933160503957, "loc": 0.0027421281756159254, "logScale": -3.9990274329243967}