{"g1": 0.6032751280879485, "g2": 2.846553012566973, "logK": -1.8657662695061454, "loc": -0.008361997989201515, "logScale": -3.9958913457122285}