{"g1": 0.288834487642331, "g2": 12.709517387899782, "logK": -2.47547955193298, "loc": -0.0030381583369270496, "logScale": -3.988289905729876}