{"g1": 0.40510726809550424, "g2": 3.54204626062106, "logK": -0.6678348421796667, "loc": -0.013869426177619062, "logScale": -3.996292688654734}