{"g1": 0.8783177186733416, "g2": 5.4516995586179195, "logK": -0.07753212339111193, "loc": -0.008915113540586269, "logScale": -3.6062692924045745}