{"g1": 0.9986261107465478, "g2": 6.192643863085856, "logK": -2.017521859283479, "loc": -0.009616420454458553, "logScale": -3.9863220744221217}