{"g1": 0.638939135841956, "g2": 2.2663160511200084, "logK": -4.753802208340212, "loc": 0.0022058172059172074, "logScale": -3.993250783672215}