{"g1": 0.5397140636833576, "g2": 10.258785078516892, "logK": -1.7312484794897163, "loc": -0.0042959977959192725, "logScale": -3.986015219540838}