{"g1": 0.6702146816632508, "g2": 8.579759933213346, "logK": -1.7478779628933419, "loc": -0.009222935725125246, "logScale": -3.686752709955587}