{"g1": 0.7406644994936828, "g2": 7.084743393956803, "logK": -3.2311464380910215, "loc": -0.0032165036847111948, "logScale": -3.997897610368619}