{"g1": 0.9444826068707145, "g2": 2.7339915029134554, "logK": -2.683653382717706, "loc": 0.0012152267437869437, "logScale": -3.985869496290499}