{"g1": 0.8899663850876957, "g2": 4.1768780225387925, "logK": -2.7137819717209926, "loc": -0.0002712014584750263, "logScale": -3.984573159994923}