{"g1": 0.8388627843133014, "g2": 10.40434680793346, "logK": -4.539989494690644, "loc": -0.008666706742934155, "logScale": -3.9864288859424826}