{"g1": 0.3691577000867684, "g2": 7.727751456324981, "logK": -0.9089868891884327, "loc": -0.0058034761613067545, "logScale": -3.998816240325554}