{"g1": 0.6551431860120451, "g2": 13.860419158641033, "logK": -2.5323358479183615, "loc": -0.004328580585751612, "logScale": -3.9975656085385265}