{"g1": 0.8460652750415629, "g2": 7.926513382117426, "logK": -0.9649799074998663, "loc": -0.008151234946543186, "logScale": -3.9957200806093023}