{"g1": 0.9123886070010186, "g2": 11.430997391125798, "logK": -2.486598544856343, "loc": -0.002451688847487572, "logScale": -3.7630258413722113}