{"g1": 0.27108190059237364, "g2": 13.888854852030212, "logK": -3.1312439456952266, "loc": 0.0013638187461565273, "logScale": -3.9992955692338357}