{"g1": 0.9771115459956009, "g2": 4.50653215134155, "logK": -3.4498264214401035, "loc": 0.023731142888470773, "logScale": -2.617022773767868}