{"g1": 0.8859769142466233, "g2": 10.5024444578502, "logK": 0.692457626338041, "loc": -0.04560152426350046, "logScale": -2.665768729334559}