{"g1": 0.39650111963806495, "g2": 3.693024354236204, "logK": -3.431823267236678, "loc": 0.003895154108761692, "logScale": -3.9929573217245333}