{"g1": 0.89377157753374, "g2": 10.12117328237881, "logK": -3.2000076587028374, "loc": 0.012370543000767238, "logScale": -1.956246396460339}