{"g1": 0.9011451902974715, "g2": 13.004094281923107, "logK": -0.5995688735176798, "loc": -0.010749431939561387, "logScale": -3.234012137080293}