{"g1": 0.6136905439388802, "g2": 8.24790273709047, "logK": -1.8753825911439395, "loc": 0.0008907825271360689, "logScale": -3.9505803572938527}