{"g1": 0.9976839558022824, "g2": 7.145809286125511, "logK": -0.7198260727509587, "loc": -0.007304443177966392, "logScale": -3.3095600150544175}