{"g1": 0.9570842526460025, "g2": 14.04711124440797, "logK": 0.8581349301183888, "loc": -0.01917619954583393, "logScale": -3.2415316955609086}