{"g1": 0.9994539171740212, "g2": 0.8804400136083625, "logK": 0.5990379741934465, "loc": -0.0477031680349575, "logScale": -2.8770905982382184}