{"g1": 0.9802467222653906, "g2": 3.255394542167223, "logK": 0.2782352164172335, "loc": -0.07151326495557166, "logScale": -2.3957075864955333}