{"g1": 0.9805119129655989, "g2": 13.321070816118414, "logK": 0.12642650286518414, "loc": -0.0458274096294184, "logScale": -2.4232759100880905}