{"g1": 0.9993595432184161, "g2": 5.83440626662291, "logK": -0.7739924371828201, "loc": -0.011916596296128876, "logScale": -3.744551573040016}