{"g1": 0.9157063521895951, "g2": 10.145600632685163, "logK": 0.6522628904214367, "loc": -0.01798198580162881, "logScale": -3.9011694252688285}