{"g1": 0.7963287101053755, "g2": 2.7526090292564613, "logK": -0.11728587779285704, "loc": -0.014974744598065111, "logScale": -3.997367075505455}