{"g1": 0.7506069801970432, "g2": 9.030916528973295, "logK": 0.8618185722304719, "loc": -0.04064895243215859, "logScale": -3.818674285973377}