{"g1": 0.9593821471947708, "g2": 7.825568588851374, "logK": 0.47596253760720403, "loc": -0.012835524775115417, "logScale": -3.7924038921147885}