{"g1": 0.9993843378814088, "g2": 9.765290741500456, "logK": 0.9794812261103395, "loc": -0.038599482274844804, "logScale": -3.9927174948260262}