{"g1": 0.9778432901749872, "g2": 6.632203462999871, "logK": -1.720212566036193, "loc": 0.009069432515445196, "logScale": -3.4566038792129667}