{"g1": 0.9547702220495023, "g2": 13.033799322984974, "logK": -3.8143907857123094, "loc": -0.016001042400705035, "logScale": -3.3371966682238194}