{"g1": 0.9750240424826278, "g2": 14.59001301593905, "logK": -0.2540058613032439, "loc": -0.011622507158442376, "logScale": -3.4652270012847417}