{"g1": 0.9804901797928549, "g2": 11.130577137015926, "logK": -4.1038883748837325, "loc": 0.005127156842737273, "logScale": -3.4349373284191937}