{"g1": 0.994622457833807, "g2": 9.797144660014569, "logK": 0.839868835239696, "loc": -0.019006537247038376, "logScale": -3.991484063611558}