{"g1": 0.326222262023573, "g2": 6.066658965502097, "logK": -1.510180144244349, "loc": 0.001627961712439464, "logScale": -3.9849275247164124}