{"g1": 0.5631171117942971, "g2": 1.1039043734054932, "logK": -3.8815191359145955, "loc": 0.007390822430957682, "logScale": -3.987493304039351}