{"g1": 0.7962905734846452, "g2": 11.058325169259277, "logK": -0.7451084860764325, "loc": -0.010404045118087428, "logScale": -3.833932990842889}