{"g1": 0.7899726592761356, "g2": 1.7880847477469857, "logK": 0.9971522380322423, "loc": -0.08489044978042283, "logScale": -3.2245770006382344}