{"g1": 0.916674218564321, "g2": 1.4275258605847738, "logK": -2.205765889970676, "loc": 0.008059236565801466, "logScale": -2.187425377782671}