{"g1": 0.7793104641501253, "g2": 6.1576865423100005, "logK": 0.4891375514893241, "loc": -0.026093080137645046, "logScale": -3.462840979112986}