{"g1": 0.973087517536891, "g2": 1.3792545249335126, "logK": -3.5373532707416655, "loc": -0.006416368188424849, "logScale": -3.9842075282002667}