{"g1": 0.9551009278871002, "g2": 7.697304577904796, "logK": -0.7999317732164766, "loc": -0.04636147518637364, "logScale": -2.434287880506008}