{"g1": 0.2878036803585534, "g2": 2.4451157783001607, "logK": -1.6310923641245234, "loc": -0.010166481710697053, "logScale": -3.998367787045793}