{"g1": 0.9600340624393539, "g2": 12.45283795089543, "logK": 0.9170586832028431, "loc": -0.0479828918397816, "logScale": -3.2844983414563296}