{"g1": 0.9611679163945385, "g2": 4.982593795579698, "logK": -4.486973534095728, "loc": -0.019368146323606797, "logScale": -2.622971871627629}