{"g1": 0.9613889859532474, "g2": 8.64342187844658, "logK": -2.0717070696757878, "loc": 0.0026576099124814316, "logScale": -3.8192097945072043}