{"g1": 0.9993680138133059, "g2": 14.988951991515275, "logK": -4.988304329794054, "loc": 0.0077502649992524635, "logScale": -3.6590624840608665}