{"g1": 0.8401765853169759, "g2": 6.086427163003115, "logK": 0.9996303684605892, "loc": 0.007737276386438854, "logScale": -3.423982610366122}