{"g1": 0.955525103007418, "g2": 2.580595338807461, "logK": -4.442946253200226, "loc": 0.009429625034758264, "logScale": -3.2901007303282377}