{"g1": 0.9741060592010953, "g2": 10.524878858152952, "logK": 0.03425929374454828, "loc": -0.025362610910099483, "logScale": -2.902038088877782}