{"g1": 0.9799349509810035, "g2": 5.9859594616642315, "logK": 0.7195203266002069, "loc": -0.014198543716591197, "logScale": -3.83816331278442}