{"g1": 0.9641358224775787, "g2": 2.073588893101589, "logK": -4.278922382952636, "loc": -0.0010895279761607309, "logScale": -2.476232148400282}