{"g1": 0.9437115892695781, "g2": 12.978720671967558, "logK": -2.9508675756984695, "loc": 0.0077348920967967106, "logScale": -3.972603233159159}