{"g1": 0.9970207324853331, "g2": 4.845734997356322, "logK": -2.5094204706651126, "loc": -0.01462123925849225, "logScale": -3.385883634450379}