{"g1": 0.981849686616779, "g2": 5.375936230371535, "logK": 0.33260867892919893, "loc": -0.0011093333621446317, "logScale": -3.9685341658757785}