{"g1": 0.8683735582668302, "g2": 8.556159945127812, "logK": 0.2630994315698054, "loc": -0.023366047283924864, "logScale": -3.965960274453571}