{"g1": 0.8825361278263174, "g2": 8.508713646120466, "logK": -2.714257157034574, "loc": -0.056564440069475926, "logScale": -1.9263245762851255}