{"g1": 0.9951071968371967, "g2": 2.4145265052404596, "logK": -3.7701405212014776, "loc": 0.00037526249034456444, "logScale": -3.466278979504859}