{"g1": 0.8701303137209369, "g2": 8.829213996699306, "logK": -1.5549144593159228, "loc": -0.04932109367911331, "logScale": -1.959185223165604}