{"g1": 0.9669024957388271, "g2": 12.312019037839038, "logK": 0.8662170203515183, "loc": -0.0469795130719749, "logScale": -3.1416662320841913}