{"g1": 0.9879508162744041, "g2": 10.659851617741264, "logK": -1.462488540847954, "loc": -0.0009534533973011919, "logScale": -3.961458542491516}