{"g1": 0.9938740700669765, "g2": 13.176873305264715, "logK": 0.21441059679014474, "loc": -0.01701271608669096, "logScale": -3.975820628270978}