{"g1": 0.9663187921148817, "g2": 8.254728107222316, "logK": -4.5440710829465, "loc": 0.01511797876726783, "logScale": -2.0394919108039966}