{"g1": 0.12243579386774574, "g2": 5.715526824496456, "logK": -2.7158089398244316, "loc": 0.0014475331476520893, "logScale": -3.989157379483286}