{"g1": 0.8924577222632806, "g2": 13.132449277993453, "logK": 0.7650341135072187, "loc": -0.0373243757179829, "logScale": -3.6596097158571563}