{"g1": 0.9981868134791538, "g2": 11.020468134469828, "logK": -3.846266627775183, "loc": 0.004383238870880324, "logScale": -2.6559669190948294}