{"g1": 0.934101296531725, "g2": 9.484483058090573, "logK": -0.08004163378490398, "loc": -0.006867822217993719, "logScale": -2.415359587650517}