{"g1": 0.045358133589350605, "g2": 7.734813397492467, "logK": -1.8159474069681618, "loc": 0.003970935538981039, "logScale": -3.9934892752904827}