{"g1": 0.8496103592954272, "g2": 7.516747211699004, "logK": -4.319153708916558, "loc": 0.00010270510174943681, "logScale": -3.9896541387567424}