{"g1": 0.9517797896752693, "g2": 3.1499007954572336, "logK": -0.2871890378170212, "loc": -0.012299381214492493, "logScale": -3.8982169963954854}