{"g1": 0.026720956104968108, "g2": 14.963591189565351, "logK": -4.019390129472281, "loc": -0.004691063391661272, "logScale": -3.9729804629576053}