{"g1": 0.8353318075602081, "g2": 14.298041971696131, "logK": -0.6184564224387223, "loc": -0.003888735247029663, "logScale": -3.5353734194832103}