{"g1": 0.9882450912327441, "g2": 2.8499180765536454, "logK": 0.5179505131305292, "loc": -0.05794473722809185, "logScale": -2.4935997954019915}