{"g1": 0.92420892915097, "g2": 6.044573904763165, "logK": -2.1996117195383134, "loc": -0.010434540644874469, "logScale": -3.7927351496158437}