{"g1": 0.4265256276548828, "g2": 2.88087596957209, "logK": -2.359416327020371, "loc": 0.0011420493080058734, "logScale": -3.9844604157293957}