{"g1": 0.22340618061682005, "g2": 1.4973824688837052, "logK": -2.7441220303565204, "loc": 0.0028776375488830264, "logScale": -3.98624481797387}