{"g1": 0.25301399803954017, "g2": 8.59099002003184, "logK": -0.8056717421790118, "loc": -0.013827283337843032, "logScale": -3.9315784567703167}