{"g1": 0.002335394821684572, "g2": 11.699566542106124, "logK": -3.0531589460826796, "loc": -0.0012902397861568743, "logScale": -3.9581940633757986}