{"g1": 0.5505140554075536, "g2": 8.238000820137927, "logK": -3.415869985570316, "loc": 0.00318104331888603, "logScale": -3.9881740271024277}