{"g1": 0.9969282536666204, "g2": 9.459496716903947, "logK": -4.141384621578579, "loc": 0.003111877064408372, "logScale": -3.9657622465925777}