{"g1": 0.9504252663507188, "g2": 12.569293668360798, "logK": 0.12840683332209296, "loc": -0.020777749274349604, "logScale": -3.6937569427296193}