{"g1": 0.9682112414014511, "g2": 10.033756313298971, "logK": 0.7663724958276914, "loc": -0.028950996526626444, "logScale": -3.786289888106077}