{"g1": 0.9890963237826131, "g2": 3.017775841188718, "logK": -1.4602310498196232, "loc": -0.0016130918518683164, "logScale": -3.9793676057172163}