{"g1": 0.9126518611411479, "g2": 9.381117796859096, "logK": 0.6058687674366459, "loc": -0.014613169745941164, "logScale": -3.8136625449453723}