{"g1": 0.7992928212284263, "g2": 7.230886332443303, "logK": 0.7495115924986017, "loc": -0.00798882121125023, "logScale": -3.6308205377682947}