{"g1": 0.46025279508911643, "g2": 7.5521089181814975, "logK": -2.156040660540561, "loc": -0.0016482324224669602, "logScale": -3.977263202982101}