{"g1": 0.9013118962517938, "g2": 5.249541586793704, "logK": 0.2600288704579108, "loc": -0.06817588249748863, "logScale": -2.788806255574347}