{"g1": 0.859841261601596, "g2": 3.9095716633361404, "logK": -3.984121881734534, "loc": 0.0025659911470828772, "logScale": -3.9941653949004947}