{"g1": 0.9146335622922993, "g2": 0.8290505413301292, "logK": 0.3363650515234733, "loc": -0.03832991925078551, "logScale": -3.0712393719674917}