{"g1": 0.9109918028689501, "g2": 7.640655649107764, "logK": -3.098377654253901, "loc": 0.0005942018621334603, "logScale": -3.672455203014369}