{"g1": 0.8999016740856759, "g2": 3.758405099549112, "logK": 0.2614982131610194, "loc": -0.03910650496709727, "logScale": -2.554699776720908}