{"g1": 0.7893813435342664, "g2": 3.5555056781310777, "logK": 0.664463578082271, "loc": -0.04106919357667049, "logScale": -3.6263208113602516}