{"g1": 0.9021449030512451, "g2": 8.914381925348994, "logK": -0.5399316591644321, "loc": -0.011471266509570043, "logScale": -3.2982825441036967}