{"g1": 0.8177892565146817, "g2": 10.885405160057925, "logK": 0.6607976687092423, "loc": -0.024623633212413194, "logScale": -3.8042251970019096}