{"g1": 0.9127199454542865, "g2": 1.414745358037841, "logK": 0.722393922873416, "loc": -0.034194408621505225, "logScale": -3.670155157866431}