{"g1": 0.9619184503184066, "g2": 11.283029572587765, "logK": -2.6662523299036573, "loc": 0.005127459583415056, "logScale": -3.1899525298029126}