{"g1": 0.9057997823731561, "g2": 8.760879113617293, "logK": 0.8308457406732854, "loc": 0.012702961249258637, "logScale": -3.150568475719748}