{"g1": 0.9965059825762839, "g2": 4.236827357340213, "logK": -0.17527339259937402, "loc": -0.012809224937275026, "logScale": -3.3860916385107367}