{"g1": 0.34222558441318174, "g2": 3.287558799762989, "logK": -1.1714113103402781, "loc": -0.003194335595705029, "logScale": -3.992576096881384}