{"g1": 0.7251637878636809, "g2": 14.509702427980862, "logK": -3.5282664135586472, "loc": -0.005825820036295726, "logScale": -3.946439881043365}