{"g1": 0.8786889306217734, "g2": 14.979700479200071, "logK": -3.6800754242219273, "loc": -0.0015953676182542502, "logScale": -3.9754912290609674}