{"g1": 0.9261664392641866, "g2": 1.6929286239443648, "logK": 0.202926961056538, "loc": -0.006230761958364894, "logScale": -3.992496428178463}