{"g1": 0.8982453452203113, "g2": 2.752587224738969, "logK": -4.9029389358745785, "loc": 0.0009169079648404391, "logScale": -3.99519296007351}