{"g1": 0.9273741940060545, "g2": 10.364613401291548, "logK": -0.037323290033929646, "loc": -0.000983153483472827, "logScale": -2.581499326749858}