{"g1": 0.9504926044243776, "g2": 7.780910280715002, "logK": -3.4763985559774104, "loc": -0.0118006383991557, "logScale": -3.8268963445533037}