{"g1": 0.8681824078968938, "g2": 9.151083620424094, "logK": 0.5598431958046088, "loc": -0.023262731191809667, "logScale": -3.3803865976208534}