{"g1": 0.9992852511808371, "g2": 13.295102148061801, "logK": 0.3532341155261022, "loc": -0.011643411423836729, "logScale": -2.940912023218943}