{"g1": 0.6714731882523002, "g2": 9.052239093076036, "logK": -2.766947385523393, "loc": 0.0010020200550546286, "logScale": -3.9782685786011496}