{"g1": 0.8622502845949443, "g2": 8.9609524842835, "logK": 0.23173478000230852, "loc": -0.08973828135527351, "logScale": -2.417197591633836}