{"g1": 0.31467788756702564, "g2": 6.519474071760404, "logK": -1.56967237365649, "loc": -0.0010928716047511463, "logScale": -3.9768560250234413}