{"g1": 0.20042579657732995, "g2": 5.958235963273847, "logK": -0.5065739041663704, "loc": -0.017242889947112237, "logScale": -3.996384157940361}