{"g1": 0.9996082341969937, "g2": 13.486461452706568, "logK": 0.8791256090605758, "loc": -0.013892740066200268, "logScale": -3.8677010748687746}