{"g1": 0.9993081993960261, "g2": 3.906455221469357, "logK": -2.3322671950200005, "loc": -0.029528870447739754, "logScale": -2.3118431443082095}