{"g1": 0.9880164454111576, "g2": 9.410410566279905, "logK": 0.5733024508076494, "loc": -0.02042786226864848, "logScale": -3.8562424186694026}