{"g1": 0.6817200779821654, "g2": 9.638876044227032, "logK": -1.9340383298989026, "loc": 0.0010204519730793527, "logScale": -3.996732831227171}