{"g1": 0.9520299404867618, "g2": 6.633424103361753, "logK": -3.926259302349811, "loc": -0.010716574687164804, "logScale": -2.952715459275242}