{"g1": 0.7130661681575651, "g2": 9.433509548603956, "logK": -2.6967014124000546, "loc": 0.0012767156980079998, "logScale": -3.9811638204874926}