{"g1": 0.955481753921193, "g2": 8.971947255156792, "logK": -2.3673262054550213, "loc": -0.005142323338863875, "logScale": -3.1831637794866516}