{"g1": 0.9814665732386301, "g2": 7.556186432537979, "logK": 0.7452235075348124, "loc": -0.07959078287036381, "logScale": -2.737829459632409}