{"g1": 0.43173215292481615, "g2": 0.2943135194929729, "logK": -3.004396230893266, "loc": 0.0024384399911364274, "logScale": -3.9939131253216407}