{"g1": 0.6011623431303137, "g2": 10.309133781684448, "logK": -1.9853135845574506, "loc": -0.003739893258915215, "logScale": -3.9945149171308683}