{"g1": 0.9198176535411812, "g2": 12.07290058755257, "logK": -4.201464815076253, "loc": 0.00225156935668825, "logScale": -3.8635831098548437}