{"g1": 0.6110394862233967, "g2": 10.727718830724996, "logK": 0.811783129395302, "loc": -0.012248389611951037, "logScale": -3.3179463044231943}