{"g1": 0.4362435838856834, "g2": 9.018541096343194, "logK": -2.5461684881418973, "loc": -0.0026154389028527256, "logScale": -3.9986685839864764}