{"g1": 0.9656229293783732, "g2": 7.031675079221101, "logK": -2.740923771187182, "loc": 0.012015693241956006, "logScale": -3.2225889574466025}