{"g1": 0.5719848052916542, "g2": 7.118691988633698, "logK": -2.3574380872385317, "loc": -0.008873144764834542, "logScale": -3.9950335541713735}