{"g1": 0.9795971233704145, "g2": 10.865768424090115, "logK": 0.4147080905920717, "loc": -0.019377561074530404, "logScale": -3.030418911837452}