{"g1": 0.9813410368284605, "g2": 3.3647747302914217, "logK": -4.246743709927963, "loc": -0.01845566311468992, "logScale": -2.785997251967676}