{"g1": 0.8352203118231202, "g2": 9.63289172231441, "logK": 0.615282839504066, "loc": -0.005640629704045818, "logScale": -3.9914641309221786}