{"g1": 0.8594998162272918, "g2": 5.520043030404314, "logK": 0.334757695296942, "loc": -0.0007921810866882706, "logScale": -3.583430930623371}