{"g1": 0.9524874487265339, "g2": 2.5591862741941642, "logK": 0.8339655735632248, "loc": -0.02325374672903277, "logScale": -3.8117625891618827}