{"g1": 0.8627240952182637, "g2": 12.685833844531306, "logK": 0.5511907697257898, "loc": -0.02084569782155332, "logScale": -3.8107919564379698}