{"g1": 0.9915894338119859, "g2": 9.545760184534448, "logK": 0.49980555975998064, "loc": 0.009103346165695619, "logScale": -2.8826236976899233}