{"g1": 0.9575963936783771, "g2": 7.684227208278482, "logK": -2.9074905108927105, "loc": -0.007959381425533894, "logScale": -3.978416290824896}