{"g1": 0.6399977710642547, "g2": 10.980980946492691, "logK": 0.7950930571319612, "loc": -0.013803864980797984, "logScale": -3.877772173524967}