{"g1": 0.5485227485236289, "g2": 10.612412079335954, "logK": -4.0239793674981055, "loc": 0.001970349369471305, "logScale": -3.9863907036529236}