{"g1": 0.9495911416470262, "g2": 12.457918975667374, "logK": 0.6249368490625666, "loc": -0.02892996554968455, "logScale": -3.990890247390829}