{"g1": 0.9284863925574771, "g2": 9.719301860693712, "logK": 0.39817122853177844, "loc": -0.03104867142558744, "logScale": -3.596252201305153}