{"g1": 0.65953160352386, "g2": 2.785306258752014, "logK": -4.249579815216141, "loc": -5.4174865407792885e-05, "logScale": -3.8814168442681893}