{"g1": 0.32948728516881354, "g2": 0.17220947708316992, "logK": -1.3570990447697493, "loc": -0.009144605636195676, "logScale": -3.988911938805691}