{"g1": 0.8882088933644935, "g2": 11.71705999459219, "logK": -0.026435432836106665, "loc": -0.04867681258859177, "logScale": -2.3056757415706195}