{"g1": 0.9821637322820107, "g2": 7.76833965692862, "logK": -1.981019451673208, "loc": 0.014565801023545873, "logScale": -3.2802203157444287}