{"g1": 0.9989927427782115, "g2": 1.096204291031466, "logK": 0.4776123384738762, "loc": -0.008898231781976098, "logScale": -2.724757230693532}