{"g1": 0.8237178252694326, "g2": 9.670466050822192, "logK": -4.568333570713482, "loc": 0.0024505515816416554, "logScale": -3.9877270921706787}