{"g1": 0.9710267203568572, "g2": 3.0353375804651406, "logK": -2.44967832895042, "loc": -0.007001366034578918, "logScale": -3.4673535417742958}