{"g1": 0.9069577101261854, "g2": 4.033274744494226, "logK": -0.7449125755251675, "loc": 0.00525624994734801, "logScale": -2.387983452479224}