{"g1": 0.999382652581033, "g2": 13.40805905047852, "logK": 0.2641342402909148, "loc": -0.01594098532360326, "logScale": -3.9976582764095214}