{"g1": 0.9311869808729706, "g2": 4.883822155445719, "logK": -0.6693299986321453, "loc": -0.05423630256125059, "logScale": -2.3840520767044224}