{"g1": 0.14665585248473806, "g2": 12.153602437125159, "logK": -4.46713879895138, "loc": -0.005352291319495562, "logScale": -3.999474368797081}