{"g1": 0.8724890787391867, "g2": 3.8335785092091825, "logK": -1.9151756203499446, "loc": -0.025014044421481058, "logScale": -1.9870517289021072}