{"g1": 0.9165853884803673, "g2": 5.807963339859897, "logK": 0.7469375816207698, "loc": -0.026678715493802182, "logScale": -3.971386449178918}