{"g1": 0.5319845343237852, "g2": 7.558845056021787, "logK": -3.6387424387520193, "loc": 0.0021095791275136835, "logScale": -3.9999510164279313}