{"g1": 0.852653052744194, "g2": 14.306090230177018, "logK": 0.8443534282172265, "loc": -0.039813354213519586, "logScale": -3.763283787960974}