{"g1": 0.8734810299568618, "g2": 10.262518002570946, "logK": 0.6479653605813365, "loc": -0.01290138590960775, "logScale": -3.5800530599925717}