{"g1": 0.7496073270223023, "g2": 5.155565380151114, "logK": 0.7857091404285423, "loc": -0.021334692725989236, "logScale": -2.9945027216904028}