{"g1": 0.08522339441865268, "g2": 10.88873161500116, "logK": -4.232530789284888, "loc": -0.0006352194333157312, "logScale": -3.960539041813787}