{"g1": 0.998174124742726, "g2": 14.844714642829222, "logK": 0.647658725586031, "loc": -0.04137352770365124, "logScale": -3.7226225670725146}