{"g1": 0.8881335337749664, "g2": 5.374308710605471, "logK": 0.5045764067212059, "loc": -0.02422630695003583, "logScale": -3.9859337295904}