{"g1": 0.26040321994918203, "g2": 14.569356835545843, "logK": -1.5365071521834912, "loc": -0.0073639196195983535, "logScale": -3.989244130944845}