{"g1": 0.2279781675604836, "g2": 5.566993319639965, "logK": -4.164752899814562, "loc": -0.010856970011040992, "logScale": -3.9749969920765533}