{"g1": 0.9094393688872506, "g2": 13.003304343785896, "logK": 0.997053646144118, "loc": -0.023481292907646712, "logScale": -3.9913306129937753}