{"g1": 0.9984055092239903, "g2": 9.265321944840752, "logK": 0.2196884030034869, "loc": -0.03359797631382568, "logScale": -2.4648655148710272}