{"g1": 0.9831256590361787, "g2": 3.0913651959552717, "logK": -2.8645003197242427, "loc": -0.0001399226671326085, "logScale": -3.9725944022750266}