{"g1": 0.8270000421450743, "g2": 8.433190864654895, "logK": -3.7084350981992964, "loc": -0.035812912353401255, "logScale": -2.6541319104264014}