{"g1": 0.9433724858056836, "g2": 6.706053441233766, "logK": -3.77521617027106, "loc": 0.0056024636409424365, "logScale": -3.036272433468385}