{"g1": 0.9525143194375096, "g2": 8.275413584623927, "logK": 0.7931608042385143, "loc": -0.011002400175421962, "logScale": -3.866511606099073}