{"g1": 0.09681931393079676, "g2": 5.512355742732386, "logK": -1.0120103476194695, "loc": -0.014344156208567119, "logScale": -3.9533797880836232}