{"g1": 0.8636408644195626, "g2": 13.385700090226525, "logK": -4.619758535045993, "loc": 0.02450081485139021, "logScale": -2.2199050864688075}