{"g1": 0.7018153244621126, "g2": 12.805357157096747, "logK": -4.500664141200815, "loc": 0.0021248478882828076, "logScale": -3.9952890884534713}