{"g1": 0.9985780423971291, "g2": 11.782801758081211, "logK": 0.8382902213559149, "loc": -0.10709179746949755, "logScale": -2.9369780590789416}