{"g1": 0.8857896560159181, "g2": 3.835525912678028, "logK": -4.81653819478069, "loc": -0.010216619537634867, "logScale": -3.2809571681073555}