{"g1": 0.8828999091909175, "g2": 9.12927379688112, "logK": 0.734759075051787, "loc": -0.027711063636385636, "logScale": -3.9986515698625116}