{"g1": 0.9952747262004908, "g2": 12.925652651286812, "logK": 0.7251702127567139, "loc": -0.11113192201229187, "logScale": -2.628522489068188}