{"g1": 0.963602956419531, "g2": 13.506093218745109, "logK": -2.708489620723145, "loc": 0.0052454318891651495, "logScale": -3.8656065284565555}