{"g1": 0.11000226001667028, "g2": 12.36197072214311, "logK": -2.4937152502593474, "loc": 0.0023938203265727685, "logScale": -3.8803049519423376}