{"g1": 0.8835850163925573, "g2": 10.503715218447256, "logK": -3.2044149355899307, "loc": -0.02823814690883167, "logScale": -1.931115353381052}