{"g1": 0.9675422079904318, "g2": 6.17528556817169, "logK": -0.8855080221869457, "loc": -0.004233842888075998, "logScale": -3.9836676113815592}