{"g1": 0.9992544676338713, "g2": 9.862781635815018, "logK": -3.467754181475745, "loc": -0.04208270833062856, "logScale": -2.2047541156020887}