{"g1": 0.8153241572197817, "g2": 3.3702538134230435, "logK": -0.324830515532653, "loc": -0.012727286916126004, "logScale": -3.9904337926629507}