{"g1": 0.8986933149082476, "g2": 1.075117111577837, "logK": 0.9912611124798407, "loc": -0.014538065236512009, "logScale": -3.87479567152027}