{"g1": 0.9752587075766133, "g2": 4.475864042039785, "logK": -3.8966139564049276, "loc": 0.00798381860358912, "logScale": -3.995230452445849}