{"g1": 0.08992330834107355, "g2": 10.237382925371659, "logK": -3.2876577795240767, "loc": 0.006202873117298813, "logScale": -3.993364541107719}