{"g1": 0.7366690325576566, "g2": 8.814175528937502, "logK": -4.092586375632708, "loc": -0.0001016272688267282, "logScale": -3.9891511845265852}