{"g1": 0.9730386907870959, "g2": 14.384505488629312, "logK": -2.5764216898801022, "loc": -0.0060096520434970695, "logScale": -3.5881676505435065}