{"g1": 0.9952406475433438, "g2": 7.33043833993121, "logK": -2.2105254501739235, "loc": -0.006422388148710569, "logScale": -3.9908664111657575}