{"g1": 0.9983187205806346, "g2": 10.662488943288313, "logK": -4.290810355953517, "loc": -0.0036118012365649803, "logScale": -3.8431303323722794}