{"g1": 0.8543654042260963, "g2": 6.838288137051908, "logK": 0.8391040796642754, "loc": -0.07498057557204879, "logScale": -2.824719389290102}