{"g1": 0.9355155613956634, "g2": 5.480332979284721, "logK": 0.13138894753375752, "loc": -0.014930441040469165, "logScale": -2.9060144285214005}