{"g1": 0.9979290292174684, "g2": 10.177688990378279, "logK": -0.4577987830262503, "loc": 0.0006822472691162048, "logScale": -2.7546124709444157}