{"g1": 0.9305504680944432, "g2": 14.661739533824141, "logK": -3.6198372422762333, "loc": -0.00843264272097423, "logScale": -3.5513623943539665}