{"g1": 0.7094836576037821, "g2": 10.916812312261905, "logK": -2.89830715930752, "loc": -0.012607420702421417, "logScale": -3.945985440369582}