{"g1": 0.8545997671949105, "g2": 4.620436306956197, "logK": 0.8042184316840212, "loc": -0.017459742681830974, "logScale": -3.0132868931572245}