{"g1": 0.9695699082152248, "g2": 9.783678516694716, "logK": 0.3827609123170745, "loc": -0.03029701781918924, "logScale": -3.519943290947914}