{"g1": 0.928636348506485, "g2": 12.795270326008549, "logK": -0.4205229525145442, "loc": -0.010582956628648676, "logScale": -2.170095923585553}