{"g1": 0.7116410468085392, "g2": 3.2547720631953725, "logK": -0.7516432159615644, "loc": -0.007496596784823411, "logScale": -3.9744624842209757}