{"g1": 0.20555806682687813, "g2": 6.791050806071705, "logK": -4.2153671773596235, "loc": 0.0006606631319677789, "logScale": -3.8390671065770214}