{"g1": 0.5273128117605347, "g2": 1.6846224738507816, "logK": -2.222390112368971, "loc": 0.0036687406632540213, "logScale": -3.998680028487973}