{"g1": 0.9970061919938581, "g2": 8.921596191841422, "logK": 0.36700679169806916, "loc": -0.0781745551206458, "logScale": -2.9099331584849657}