{"g1": 0.9707619174733986, "g2": 8.363608428795482, "logK": -0.8426700359320468, "loc": 0.006412043710419534, "logScale": -3.716763755426034}