{"g1": 0.999565771470963, "g2": 11.907638037642506, "logK": 0.33648547082300695, "loc": -0.0778988270375, "logScale": -2.9883069774990343}