{"g1": 0.9758252292654264, "g2": 14.308803364711698, "logK": -1.603653946940618, "loc": -0.0029215334698298612, "logScale": -3.9529503051642103}