{"g1": 0.4095409434107179, "g2": 9.253608501215044, "logK": -4.472293428057656, "loc": -0.002465610264264049, "logScale": -3.99297549081868}