{"g1": 0.9717427215335189, "g2": 6.6090545801870855, "logK": 0.9417079908809847, "loc": -0.029840988711313084, "logScale": -3.999018449087382}