{"g1": 0.9824448066704546, "g2": 9.541439204721037, "logK": 0.4765824339370457, "loc": -0.024713290604404012, "logScale": -3.9997637164068447}