{"g1": 0.8313073375216149, "g2": 0.5356125773438822, "logK": 0.5600742596305368, "loc": 0.002383894087093698, "logScale": -3.229678326217696}