{"g1": 0.9523840040501619, "g2": 9.822109288753165, "logK": 0.7547127652161426, "loc": -0.012585168922152869, "logScale": -3.4668191238746227}