{"g1": 0.9690216838207619, "g2": 12.897151602413823, "logK": -1.1135487993300026, "loc": 0.023437879600058394, "logScale": -2.2050733983614488}