{"g1": 0.1834135452402227, "g2": 10.3437031154827, "logK": -3.881891594381097, "loc": -0.009606137350213399, "logScale": -3.9840322427694588}