{"g1": 0.0471613186466347, "g2": 10.435334253348953, "logK": -2.3119544871899205, "loc": -0.0034496479021556923, "logScale": -3.9510824259285413}