{"g1": 0.9054382573748708, "g2": 1.1922019956484804, "logK": -3.255794608402411, "loc": 0.005975401690788324, "logScale": -3.9960533180588933}