{"g1": 0.9034486304132032, "g2": 12.088101628220532, "logK": -4.326960912118483, "loc": -0.023796150964907278, "logScale": -2.527378446978343}