{"g1": 0.9802647503574063, "g2": 10.621061865394305, "logK": 0.032021073140335865, "loc": -0.0035252385945014203, "logScale": -2.1825271631444587}