{"g1": 0.8869309082489762, "g2": 13.047787713852886, "logK": 0.8527094725884876, "loc": -0.01396593644423488, "logScale": -3.3373586034728597}