{"g1": 0.9410276733811429, "g2": 2.4013600161663673, "logK": 0.1733346820874463, "loc": -0.012436916282838734, "logScale": -3.7435167992855902}