{"g1": 0.9574177634588854, "g2": 5.199399771144048, "logK": -0.16370189180448247, "loc": -0.0906981906002014, "logScale": -2.3733327248517564}