{"g1": 0.4789639395277551, "g2": 1.4704986556793584, "logK": -4.766385355144732, "loc": 0.0013745420595234438, "logScale": -3.985972183360133}