{"g1": 0.4920829321123924, "g2": 2.822437897098715, "logK": -2.5159084816002575, "loc": -0.002096856070158886, "logScale": -3.9970444957457927}