{"g1": 0.9715820573704383, "g2": 6.369703499706979, "logK": -1.2896273406993417, "loc": -0.06416255197913953, "logScale": -2.0339419024010295}