{"g1": 0.9213716158449577, "g2": 14.345830808333385, "logK": 0.61233969501161, "loc": -0.01860422329149082, "logScale": -2.982646259733807}