{"g1": 0.9973697417042874, "g2": 11.840358642531848, "logK": -1.6028503936058311, "loc": -0.030969503762237713, "logScale": -3.1771277120589465}