{"g1": 0.9745889057208653, "g2": 11.462173393368092, "logK": -2.905705515442614, "loc": 0.0019816347047880017, "logScale": -3.7732791651028568}