{"g1": 0.5923289926344499, "g2": 5.6153731150398665, "logK": -1.7129940732724758, "loc": -0.009130947705363771, "logScale": -3.967343125942177}