{"g1": 0.5806155574937977, "g2": 2.633233344312667, "logK": -4.514548407266783, "loc": 0.0013373630647212503, "logScale": -3.997574889863444}