{"g1": 0.9993922319056294, "g2": 11.032374544815168, "logK": -2.8850330535599826, "loc": -0.008922619286094044, "logScale": -3.173710742800739}