{"g1": 0.7181996941120578, "g2": 8.005695370913884, "logK": 0.6411145372892042, "loc": -0.12249074516156479, "logScale": -2.5839673443572293}