{"g1": 0.9952757093860525, "g2": 10.247507868660652, "logK": -0.81652033680697, "loc": 0.0018219893241224958, "logScale": -3.994113607041107}