{"g1": 0.9687752575520048, "g2": 4.032826773182257, "logK": 0.9870079552186842, "loc": -0.01801685276854835, "logScale": -3.988309732649879}