{"g1": 0.927734279082651, "g2": 14.924305362075017, "logK": 0.5937212437940007, "loc": 0.0013816662741423617, "logScale": -3.987917386282903}