{"g1": 0.9985103560076611, "g2": 5.512565716196061, "logK": -4.132452400895671, "loc": -0.007280471358105478, "logScale": -3.12355537357043}