{"g1": 0.6590022557340843, "g2": 6.005379855162049, "logK": -1.3301189807051474, "loc": -0.006859006029620914, "logScale": -3.955824933252868}