{"g1": 0.7794016834620797, "g2": 0.7723043046487694, "logK": 0.6182574053197447, "loc": -0.013173913150942837, "logScale": -3.8414189527754763}