{"g1": 0.9493107965220368, "g2": 12.345796486610038, "logK": -0.8074299520485526, "loc": -0.015600509399801434, "logScale": -3.409588262198869}