{"g1": 0.9806417787773667, "g2": 5.436777155419978, "logK": -0.13570915392903382, "loc": -0.007942634013682384, "logScale": -3.9923177087417776}