{"g1": 0.44635657872601, "g2": 3.5408893211681205, "logK": -4.042475341663863, "loc": 0.010138233172725913, "logScale": -3.982732601168083}