{"g1": 0.9822318825981007, "g2": 9.226814454823165, "logK": 0.9942851565427353, "loc": -0.031443948073833126, "logScale": -3.974882381900128}