{"g1": 0.4919532196741137, "g2": 1.3448966533729547, "logK": -3.350390573729391, "loc": 0.0007281296478878659, "logScale": -3.9844087944003657}