{"g1": 0.8237134220371931, "g2": 9.729958466980404, "logK": -0.38085395210555095, "loc": -0.018387420666254643, "logScale": -3.0485659091413635}