{"g1": 0.910114544129274, "g2": 7.196950096903482, "logK": 0.7143993465550652, "loc": -0.09418713007909929, "logScale": -2.7434212436585024}