{"g1": 0.48418085879918765, "g2": 6.18778297210709, "logK": -1.50359680899721, "loc": -0.0033079882662344776, "logScale": -3.9953683843471124}