{"g1": 0.8838580439613959, "g2": 2.023208143096716, "logK": -4.372881946579997, "loc": -0.009207915469824293, "logScale": -2.256810563918717}