{"g1": 0.9145386159573072, "g2": 6.314246730244182, "logK": -4.0589254189052095, "loc": 0.00154425573458232, "logScale": -3.8589372008791267}