{"g1": 0.9766829795462942, "g2": 14.88278162981911, "logK": -0.09642059900899642, "loc": -0.04775972847906062, "logScale": -2.599366593259427}