{"g1": 0.718463175602482, "g2": 10.787151200129987, "logK": -2.5438501535308453, "loc": -0.0007535084833176463, "logScale": -3.9949196334156425}