{"g1": 0.9756044175760392, "g2": 2.708267397934662, "logK": -0.9537566430178055, "loc": -0.03177634745691327, "logScale": -2.5438382309000933}