{"g1": 0.9999982080380801, "g2": 12.654430970391179, "logK": -0.6218485227008254, "loc": -0.06992491087858477, "logScale": -1.8252001231659498}