{"g1": 0.9938202405376986, "g2": 2.0054022366783664, "logK": -3.899338100183796, "loc": -0.00790816114981829, "logScale": -3.335818938806354}