{"g1": 0.24841970306360198, "g2": 8.803949469184277, "logK": -4.707817561788896, "loc": -0.007087427322497269, "logScale": -3.9997611615437094}