{"g1": 0.9222804381425836, "g2": 7.9280499706095044, "logK": -2.651575899694804, "loc": -0.01003539052561878, "logScale": -3.5437536102570006}