{"g1": 0.997128019842931, "g2": 3.626942256671121, "logK": -0.058533335663357056, "loc": 0.008348515782276602, "logScale": -3.5161550131136257}