{"g1": 0.9969279624142191, "g2": 11.622657239208865, "logK": -0.7890870822394711, "loc": 0.09575110124823802, "logScale": -1.552520920012107}