{"g1": 0.9982736921058564, "g2": 5.596760792538607, "logK": -3.0062007297588975, "loc": -0.07024144711448232, "logScale": -1.6180562047695175}