{"g1": 0.7098316765999216, "g2": 7.181435288594505, "logK": -0.4154108074748055, "loc": -0.03327711780272838, "logScale": -3.105560150060199}