{"g1": 0.7394139258279755, "g2": 11.60601441242525, "logK": 0.6703813736922092, "loc": -0.014265542340922116, "logScale": -3.737003179021758}