{"g1": 0.9267316589879789, "g2": 13.86454660232181, "logK": 0.8502211760495866, "loc": -0.011034904889549706, "logScale": -3.7542580157679613}