{"g1": 0.9989385545592622, "g2": 11.124521678965317, "logK": -3.6977281057129443, "loc": -0.02648643725811766, "logScale": -2.598058435860857}