{"g1": 0.9563112918748304, "g2": 9.831329831216994, "logK": -4.872614814361548, "loc": 0.004768069431833766, "logScale": -3.980898449669441}