{"g1": 0.3425810368708171, "g2": 6.563332477262614, "logK": -2.5192568173212, "loc": -0.0048014246263495194, "logScale": -3.9836901325858136}