{"g1": 0.373753637285504, "g2": 10.461368459432371, "logK": -3.371571574348221, "loc": -0.0006551190440162551, "logScale": -3.999041746496906}