{"g1": 0.9761884938353808, "g2": 7.460490692149081, "logK": -1.833644069797851, "loc": -0.007128486992762438, "logScale": -3.981419517286674}