{"g1": 0.8287666620114699, "g2": 3.9125692646964243, "logK": -1.4075709463501376, "loc": -0.009987742884168633, "logScale": -3.992090966510191}