{"g1": 0.38812243159633897, "g2": 10.968015310260833, "logK": -2.5247787730459357, "loc": 0.006597237002333131, "logScale": -3.9503109469560758}