{"g1": 0.5014091488767214, "g2": 9.35834087556806, "logK": -2.165607489035897, "loc": -0.00846000796958001, "logScale": -3.9938149268202756}