{"g1": 0.7492678713872584, "g2": 7.046460745876258, "logK": -0.771921173868267, "loc": -0.003949154057260117, "logScale": -3.9874496031057647}