{"g1": 0.7503526053736497, "g2": 1.6673932317898328, "logK": -4.591371191962491, "loc": -0.0006671320828938333, "logScale": -3.9984489137763317}