{"g1": 0.5503541058043977, "g2": 7.226246048562404, "logK": -3.7351051090732046, "loc": 0.0009053201391838158, "logScale": -3.8538216806809777}