{"g1": 0.8967728359895988, "g2": 1.2787306776942629, "logK": -2.7018659638191744, "loc": 0.004714256854901207, "logScale": -3.996073382975531}