{"g1": 0.8310041778470239, "g2": 13.145958585143715, "logK": -2.1536965835179065, "loc": 0.00166538513443783, "logScale": -3.982146011173346}