{"g1": 0.46080964931881024, "g2": 8.26441239671481, "logK": -3.0086206080515936, "loc": -0.013304460711507947, "logScale": -3.992534235918668}