{"g1": 0.6643914955253697, "g2": 11.153538834718377, "logK": -1.7256798572342507, "loc": 0.006167290264731711, "logScale": -3.9796111406132884}