{"g1": 0.9117027198174117, "g2": 1.0417453584888048, "logK": -4.3164131508881445, "loc": 0.003850584340161803, "logScale": -3.978765324869906}