{"g1": 0.6970703817389603, "g2": 0.907862387180804, "logK": -4.7257501883312285, "loc": 0.00949882936380882, "logScale": -3.9943554920363145}