{"g1": 0.9809568826125473, "g2": 4.648126962581966, "logK": -0.3926020842202449, "loc": -0.0065638531127469295, "logScale": -3.997996264360698}