{"g1": 0.6893171417862416, "g2": 1.487589610927166, "logK": -2.5943980953875783, "loc": -0.0013883290817627292, "logScale": -3.993472044180215}