{"g1": 0.4860804983868894, "g2": 1.200888528659032, "logK": -3.6968956683895704, "loc": -0.0059058487195160995, "logScale": -3.9794443849566496}