{"g1": 0.8185925488753595, "g2": 9.929057856674364, "logK": -3.914185181527831, "loc": 0.011884150971602864, "logScale": -3.936642425333808}