{"g1": 0.6116490366648027, "g2": 13.97224944991794, "logK": -1.8906011737660378, "loc": -0.004078528329356068, "logScale": -3.8630188495612625}