{"g1": 0.7611302555250856, "g2": 1.0932531482217196, "logK": -4.75784879142729, "loc": -0.014148619174996055, "logScale": -3.9855107903271354}