{"g1": 0.485343916161214, "g2": 12.918784041231934, "logK": -1.4637271337015298, "loc": -0.0076683291763047536, "logScale": -3.8291525433370963}