{"g1": 0.5433541936303756, "g2": 8.486843627509538, "logK": -2.2906564268960268, "loc": -0.009479231701969138, "logScale": -3.9175272476486116}