{"g1": 0.7674335442495704, "g2": 1.7698300779794591, "logK": -2.804447384785479, "loc": 0.011547989310565117, "logScale": -3.866007811410551}