{"g1": 0.19767311309681343, "g2": 4.506373501812172, "logK": -3.221653068527085, "loc": 0.0036296399848732776, "logScale": -3.979378315735919}