{"g1": 0.841070836396232, "g2": 11.960570028040824, "logK": -3.625705889400651, "loc": -0.002932990694901494, "logScale": -3.9810584305201084}