{"g1": 0.16587028678693144, "g2": 2.728007509139897, "logK": -2.711705568432813, "loc": 0.0039038688286281717, "logScale": -3.9613705233029646}