{"g1": 0.7747773622040496, "g2": 4.585569006348988, "logK": -1.268751428918502, "loc": -0.008646810678984995, "logScale": -3.9967468225097456}