{"g1": 0.5064439899624787, "g2": 4.48397962443043, "logK": -4.371665366788315, "loc": 0.0032752309592454197, "logScale": -3.8991487230736195}