{"g1": 0.6112183082894668, "g2": 8.127275761703807, "logK": 0.09302320036548162, "loc": -0.011131544756175926, "logScale": -3.9842753948776664}