{"g1": 0.9085569799225987, "g2": 10.299238713570151, "logK": -3.925975703006278, "loc": 0.004332242299031791, "logScale": -3.9791635186925878}