{"g1": 0.6588904646331806, "g2": 7.571175877640677, "logK": -3.2372602119556233, "loc": 0.004522336299838094, "logScale": -3.912090441830772}