{"g1": 0.2817484989526204, "g2": 11.913905076144975, "logK": -1.5929629564865713, "loc": 0.002921290690598795, "logScale": -3.993835600737216}