{"g1": 0.8951723398016624, "g2": 7.8234428839089505, "logK": -4.979453233330836, "loc": 0.008070574866445076, "logScale": -3.974777959715213}