{"g1": 0.6739304608141952, "g2": 14.143598318230021, "logK": -4.769240628182769, "loc": 0.0003356495299540888, "logScale": -3.997254426193284}