{"g1": 0.7336384941665945, "g2": 6.320543520131238, "logK": -4.436640076824042, "loc": -0.00015942224971504312, "logScale": -3.9962184340459026}