{"g1": 0.8362831496335144, "g2": 14.985963823621413, "logK": -1.8653304504282402, "loc": 0.005638018938133692, "logScale": -3.9886387841734234}