{"g1": 0.26866991957118735, "g2": 1.8106040268052177, "logK": -4.863374104760259, "loc": -0.0020997343934857325, "logScale": -3.9862117965138895}