{"g1": 0.30037667791204054, "g2": 0.14089093708756018, "logK": -1.1391227319052122, "loc": -0.0012510008598765796, "logScale": -3.9069227711891847}