{"g1": 0.4361499714410879, "g2": 6.870386386505481, "logK": -2.0854384679369424, "loc": 0.0005195142974285284, "logScale": -3.9989577329619044}