{"g1": 0.8039206306400587, "g2": 10.197181720715239, "logK": -3.116045931032732, "loc": -0.008297472394027817, "logScale": -3.9702769692327804}