{"g1": 0.8310612742388757, "g2": 4.428830673248339, "logK": -1.7487188757069343, "loc": -0.004420429454203736, "logScale": -3.9970017433793386}