{"g1": 0.8607507342339933, "g2": 6.065393849929391, "logK": -1.5476500817739107, "loc": -0.0030519541658599082, "logScale": -3.949235000801646}