{"g1": 0.2940453508086589, "g2": 11.659678205028563, "logK": -3.621157765593755, "loc": -0.0022272364092287946, "logScale": -3.9988464476060295}