{"g1": 0.7711970933187811, "g2": 11.486060412787202, "logK": -3.7996582254824816, "loc": 0.005337779188879354, "logScale": -3.9905812659098694}