{"g1": 0.9937290395097746, "g2": 10.727067472475209, "logK": -1.741232755723232, "loc": 0.0019760670717736562, "logScale": -3.989622870153033}