{"g1": 0.9165792124532129, "g2": 7.481623116605109, "logK": -1.9083799238061858, "loc": -0.0018393612544008123, "logScale": -3.9967192752849305}