{"g1": 0.7428828946525495, "g2": 13.053523603903065, "logK": -0.4914040509723805, "loc": -0.010243061550919787, "logScale": -3.9912462625386826}