{"g1": 0.7976927014910319, "g2": 4.622109456130255, "logK": -4.557669640537576, "loc": -0.00043478102183035043, "logScale": -3.994837493081027}