{"g1": 0.5467888463684588, "g2": 8.153241035400494, "logK": -1.8238759959712134, "loc": -0.007591805391148827, "logScale": -3.796796811562956}