{"g1": 0.1524457548749687, "g2": 4.3128864806238685, "logK": -1.320761568237685, "loc": -0.009079041146088613, "logScale": -3.8464405512584037}