{"g1": 0.7288577158453975, "g2": 1.942550649987316, "logK": -4.6278696517625955, "loc": -0.005949748862695926, "logScale": -3.808617564516861}