{"g1": 0.6945107739156657, "g2": 10.799866263073783, "logK": -3.5481524672816116, "loc": -0.003516443910296497, "logScale": -3.9962497337232197}