{"g1": 0.7582454883032106, "g2": 11.29565395491282, "logK": -1.942079030196885, "loc": -0.0016400383858534637, "logScale": -3.7723738614785005}