{"g1": 0.5130478729198585, "g2": 14.982717684393698, "logK": -4.996747789282486, "loc": -0.002076799335599521, "logScale": -3.8568758654094086}