{"g1": 0.9997734302152559, "g2": 13.495516913983211, "logK": -4.489618432262952, "loc": 0.006424536409804521, "logScale": -3.991855181923674}