{"g1": 0.4129705647849875, "g2": 13.82695129788115, "logK": -1.8105462670865766, "loc": -0.004539451237759666, "logScale": -3.999560727856469}