{"g1": 0.4235924407014444, "g2": 10.70915903639936, "logK": -0.8560225544754054, "loc": -0.0049909427173533685, "logScale": -3.9991102371619465}