{"g1": 0.4875798242967648, "g2": 0.09951816366740163, "logK": -0.5830381435602985, "loc": -0.014672984140996291, "logScale": -3.994698997547616}