{"g1": 0.3743184384000449, "g2": 14.888477699791622, "logK": -2.4708257576644517, "loc": -0.0010714242488096852, "logScale": -3.978143385059713}