{"g1": 0.9992333551133714, "g2": 9.682923045674283, "logK": -1.999779641794662, "loc": -0.006482203253310486, "logScale": -3.9394443341139715}