{"g1": 0.6635702149598315, "g2": 12.0915531497767, "logK": -4.667381656853525, "loc": 0.004841435157549005, "logScale": -3.9995582311557123}