{"g1": 0.8776419355161545, "g2": 6.825239780722436, "logK": -4.182089041482559, "loc": 0.0009132019604025463, "logScale": -3.8469854550590834}