{"g1": 0.7342148524510823, "g2": 1.4934288125738449, "logK": -3.2524605291260413, "loc": -0.0071570683649504595, "logScale": -3.9957540959884223}