{"g1": 0.39597093983972986, "g2": 9.012877117665925, "logK": -1.507086632258067, "loc": -0.007429045463381318, "logScale": -3.8550512086731663}