{"g1": 0.5451629930596015, "g2": 14.45578589728667, "logK": -2.5719971289771495, "loc": 0.0025800102561418852, "logScale": -3.9986492127365727}