{"g1": 0.955378784915125, "g2": 1.7743450994801446, "logK": -2.639841617663934, "loc": -0.00970875800835878, "logScale": -3.982414677946612}