{"g1": 0.5505701030965259, "g2": 5.193308896328093, "logK": -1.7168771711840436, "loc": 0.007226727727353296, "logScale": -3.997279705672632}