{"g1": 0.7685741056954433, "g2": 9.852125509701892, "logK": -4.523935614388912, "loc": 0.003274525509389576, "logScale": -3.9882405914743377}