{"g1": 0.5506640665382061, "g2": 8.423507751363294, "logK": -1.5125208667086647, "loc": -0.013166682071277943, "logScale": -3.9705728915337217}