{"g1": 0.5419189638522293, "g2": 10.548056267810985, "logK": -1.853383717270746, "loc": -0.0030922279838263254, "logScale": -3.861761242221431}