{"g1": 0.8582843140684241, "g2": 4.161140441835538, "logK": -2.315869036611179, "loc": -0.001391021624406982, "logScale": -3.993410256163947}