{"g1": 0.5583859202600822, "g2": 1.9143249855875841, "logK": -1.7689002258774764, "loc": -0.0004523387045394702, "logScale": -3.990216620196694}