{"g1": 0.9300927721578083, "g2": 4.910036331429029, "logK": -3.746822855344269, "loc": -0.007341487892662389, "logScale": -3.914133804403812}