{"g1": 0.8360584601992297, "g2": 7.704638572767719, "logK": -1.64069497080132, "loc": -0.0056673213297857026, "logScale": -3.838202182448814}