{"g1": 0.9192808455293822, "g2": 11.749025252885318, "logK": -2.4081177818816495, "loc": -0.005277601236799178, "logScale": -3.9726317752246136}