{"g1": 0.6605495840334374, "g2": 11.898959562936382, "logK": -1.209376654838496, "loc": -0.011110522849275852, "logScale": -3.972477295371223}