{"g1": 0.7804742731656484, "g2": 7.580213131528861, "logK": -0.5027877406254089, "loc": -0.00992466393958791, "logScale": -3.9774575829890577}