{"g1": 0.8949181417004005, "g2": 6.261935942494175, "logK": -1.6589188007512565, "loc": -0.011402562750925088, "logScale": -3.9965397653737775}