{"g1": 0.02048683825420558, "g2": 2.0153513277648907, "logK": -0.11647738150540243, "loc": -0.12895718829538458, "logScale": -0.08002000903419082}