{"g1": 0.02922444103699022, "g2": 7.486785297824504, "logK": -4.0452256858962325, "loc": 0.003178014201283004, "logScale": 0.3651670499832159}