{"g1": 0.005506574011610421, "g2": 14.892065302640116, "logK": -4.995561401126302, "loc": 0.01454544020378639, "logScale": 0.269301778369217}