{"g1": 0.04757334845895793, "g2": 14.770384588435597, "logK": 0.6100199758017566, "loc": 0.0022134817036068496, "logScale": -0.5800101821148069}