{"g1": 0.03260284363613934, "g2": 9.21713421654963, "logK": -1.1976718844378407, "loc": -0.0991652464263643, "logScale": 0.2641277461221324}