{"g1": 0.02272163096578389, "g2": 6.9588904652274275, "logK": 0.5031940945184774, "loc": 0.14324812262032688, "logScale": -0.6446242799170763}