{"g1": 0.030794011033099478, "g2": 10.740491687185248, "logK": -0.14317856603828244, "loc": -0.10019795118536579, "logScale": -0.02507944401115242}