{"g1": 0.9629301502363975, "g2": 9.133865437267138, "logK": 0.42272137528680853, "loc": -0.05537834096631019, "logScale": -3.3690691458132855}