{"g1": 0.890489250278116, "g2": 13.284270923420902, "logK": 0.6936895713046496, "loc": 0.0001849542567263114, "logScale": -3.6989663124423835}