{"g1": 0.9342020459510681, "g2": 13.175139692878341, "logK": -4.2713980915788206, "loc": 0.009778661873284255, "logScale": -2.7997822724115635}