{"g1": 0.9203304719805298, "g2": 10.858706385287473, "logK": -0.9241504589553768, "loc": -0.03253934695831419, "logScale": -2.1782293469842027}