{"g1": 0.953703904866171, "g2": 12.181122345982134, "logK": -4.829455170769686, "loc": 0.008148252806997644, "logScale": -3.9924373871708583}