{"g1": 0.9098737189577448, "g2": 12.408361334504388, "logK": -1.9618887827986933, "loc": 0.0014962096915718884, "logScale": -3.969201421955631}