{"g1": 0.8526915871211705, "g2": 9.261099117534767, "logK": -3.361547626735929, "loc": -0.0069092012714601645, "logScale": -3.973615736456015}