{"g1": 0.8889935776415948, "g2": 5.31633277764297, "logK": 0.44667405017998907, "loc": -0.02597039823203138, "logScale": -3.791979066675086}