{"g1": 0.8168954381464117, "g2": 2.170999922314669, "logK": -4.360425560314451, "loc": 0.004329952337495316, "logScale": -3.9930333758848424}