{"g1": 0.8724691610624353, "g2": 9.751222532280359, "logK": -1.192028145290411, "loc": 0.003304602147944702, "logScale": -3.109519493998824}