{"g1": 0.9410484633023155, "g2": 11.398346607510527, "logK": -4.925326888391475, "loc": 0.0008731395951957792, "logScale": -3.0457080478326946}