{"g1": 0.9787675458542973, "g2": 13.456806905960672, "logK": -4.109015766915592, "loc": 0.003862458439871033, "logScale": -3.213437702341867}