{"g1": 0.08420888535371229, "g2": 14.817578955713728, "logK": 0.33062213633711757, "loc": -0.023171925985431635, "logScale": 0.4434774005787747}