{"g1": 0.01866414195985413, "g2": 0.4341015574939827, "logK": 0.4288580070322069, "loc": 0.11108572569983385, "logScale": -0.9690712019065455}