{"g1": 0.09101443696600577, "g2": 5.284559031418933, "logK": 0.07494410842391937, "loc": 0.10465507181407524, "logScale": -0.5428047924830928}