{"g1": 0.03407767145921925, "g2": 13.799414580503331, "logK": 0.6976966779999386, "loc": -0.1085188063557298, "logScale": -0.8733900487568298}