{"g1": 0.8941546053303181, "g2": 11.091288689362024, "logK": 0.8202442696977275, "loc": -0.10724451378397842, "logScale": -2.513718840917879}