{"g1": 0.009243594306539286, "g2": 14.185770751472527, "logK": 0.8098498853164126, "loc": -0.05383773246307573, "logScale": -0.966413914585291}