{"g1": 0.0162952158414908, "g2": 12.204530527335372, "logK": -3.821523063373896, "loc": 0.09370113827236912, "logScale": 1.0496620679466473}