{"g1": 0.7972991890058925, "g2": 7.933141890648768, "logK": 0.6021870846901062, "loc": -0.032456815401048666, "logScale": -2.1946284196312704}