{"g1": 0.38830980911938606, "g2": 5.219628438686635, "logK": 0.9502726982822923, "loc": -0.00466379991349847, "logScale": -2.0320396737381365}