{"g1": 0.40980298108838586, "g2": 14.647626588058301, "logK": 0.862511795926663, "loc": -0.10058518702638194, "logScale": -1.8782302801301816}