{"g1": 0.15913297118211137, "g2": 14.596425855051304, "logK": 0.20647664552060818, "loc": -0.014042248600637394, "logScale": -2.5890458812028876}