{"g1": 0.12561367551321498, "g2": 4.148918538885783, "logK": 0.8120178071823736, "loc": -0.08575267866398398, "logScale": -1.969512964537457}