{"g1": 0.0010377392570632936, "g2": 4.043169738894769, "logK": 0.7480973712554733, "loc": 0.0982541492945112, "logScale": -1.7815254902473032}