{"g1": 0.266303131430418, "g2": 0.866321827446691, "logK": 0.568478037633962, "loc": -0.11512271833774301, "logScale": -1.8131900952589477}