{"g1": 0.9662350150362685, "g2": 13.645818684417678, "logK": 0.6988520047322034, "loc": 0.001639679292953472, "logScale": -2.7876151147454773}