{"g1": 0.2567423383031987, "g2": 0.06527205830997085, "logK": 0.10553584019751305, "loc": -0.09299097875665602, "logScale": -0.6326586241306291}