{"g1": 0.6800293791588791, "g2": 2.4281454021386137, "logK": 0.7836951841735448, "loc": -0.12807201593964154, "logScale": -2.3191298844836705}