{"g1": 0.05014540256907568, "g2": 7.673768492190913, "logK": 0.6524544288378838, "loc": -0.0005244565728492862, "logScale": -1.5016039224395188}