{"g1": 0.003325406817079657, "g2": 5.48967164089962, "logK": -3.1469033453360886, "loc": 0.12187486431759989, "logScale": -0.1938136809102171}