{"g1": 0.03756320559821571, "g2": 8.501353924017215, "logK": 0.7469390698618111, "loc": 0.02319281495404064, "logScale": -1.1028618794320004}