{"g1": 0.5935983176525071, "g2": 0.015555296232272475, "logK": 0.49621631820288825, "loc": 0.01575470431578678, "logScale": -1.509139425091677}