{"g1": 0.03391796895372998, "g2": 5.894597904611151, "logK": 0.3634540977370679, "loc": -0.01140278813162969, "logScale": 0.1830311925988552}