{"g1": 0.18105124733087158, "g2": 10.947672619985049, "logK": 0.5625858443886481, "loc": -0.07168319119475354, "logScale": -2.6099237463224725}