{"g1": 0.005543613917974078, "g2": 6.854740517415822, "logK": 0.8853410654530376, "loc": -0.11867914295933615, "logScale": -1.4536479192040463}