{"g1": 0.11828802109136002, "g2": 12.046441008228136, "logK": 0.5914053208538892, "loc": -0.003447240182728191, "logScale": -1.0356372800831446}