{"g1": 0.3984538790290837, "g2": 12.65072355093259, "logK": 0.8445412547869013, "loc": -0.024916412488394976, "logScale": -2.9182672105754484}