{"g1": 0.9641229995132605, "g2": 9.490625440692998, "logK": 0.6714034585006203, "loc": -0.06281068115770523, "logScale": -3.3360423105252526}