{"g1": 0.9996648172363128, "g2": 11.098568305167444, "logK": -2.5511368404615506, "loc": -0.047425519611242715, "logScale": -1.781654707637922}