{"g1": 0.9829116258757886, "g2": 14.968859670349785, "logK": 0.7441837899753789, "loc": -0.02018232238168364, "logScale": -2.7694404579357785}