{"g1": 0.9550597394523936, "g2": 11.57421357489371, "logK": -3.3454383765524742, "loc": 0.04038238176670655, "logScale": -2.0983357673901364}