{"g1": 0.951096751603783, "g2": 0.541789256787901, "logK": 0.9250225120906448, "loc": -0.1335614924651884, "logScale": 0.5673795577551682}