{"g1": 0.04838053049335938, "g2": 11.658617801981537, "logK": 0.25378085563184105, "loc": 0.00392028727651943, "logScale": -1.8437272772608033}