{"g1": 0.12390555713283695, "g2": 0.38500268579800767, "logK": 0.3693259066885881, "loc": -0.012080902079046964, "logScale": -2.0246377388269874}