{"g1": 0.02137000799592867, "g2": 9.26755501076915, "logK": -0.23113873264348028, "loc": -0.1229033999438906, "logScale": -1.6357036756309238}