{"g1": 0.05818906741874665, "g2": 0.04711690448793693, "logK": -4.665385740876781, "loc": 0.0710061776806848, "logScale": 0.39838375461899667}