{"g1": 0.1105950214509901, "g2": 0.041672669580331334, "logK": -1.0662228311805244, "loc": 0.10774159290349153, "logScale": 0.28083173803218775}