{"g1": 0.04086841273987783, "g2": 0.1883351360174994, "logK": -1.6271067941474868, "loc": -0.009285928615200712, "logScale": 0.18588597749118813}