{"g1": 0.0017683882622192004, "g2": 0.02031304102246434, "logK": -3.1240449855696903, "loc": -0.05514228056040667, "logScale": -0.2823660074179758}