{"g1": 0.1047058497992249, "g2": 0.027871817248105835, "logK": -1.5138867973628318, "loc": 0.03565742537060684, "logScale": -2.094204952422433}