{"g1": 0.019469654041125186, "g2": 14.367218657088833, "logK": -2.165640615670249, "loc": 0.0475205387093689, "logScale": -0.08018072251366126}