{"g1": 0.06903177937429081, "g2": 6.724963137874887, "logK": -3.1294222786933714, "loc": 0.14960537938036556, "logScale": 0.4316397778583138}