{"g1": 0.4274849649462334, "g2": 14.991845651838434, "logK": -0.3909759382523951, "loc": 0.044058641640277244, "logScale": -0.16854121208377285}