{"g1": 0.016959023983749405, "g2": 12.18124920772709, "logK": -0.06391112875065885, "loc": -0.015524421749991673, "logScale": -0.4057434341640374}