{"g1": 0.03631982953862203, "g2": 4.3170199218335235, "logK": -0.31164409179180635, "loc": -0.07683610176700198, "logScale": -0.03763404701178099}