{"g1": 0.063657949096533, "g2": 13.096699836229373, "logK": 0.5442893844367647, "loc": 0.10279762929556131, "logScale": -0.27303760966117196}