{"g1": 0.035330868545121824, "g2": 8.241367529489251, "logK": -3.6367947362005255, "loc": -0.028625467541399118, "logScale": 0.5095633641243421}