{"g1": 0.22970799607409587, "g2": 0.4789336691311933, "logK": -0.07537372874152863, "loc": -0.046188240840121485, "logScale": -0.6358554860415351}