{"g1": 0.37550694189555056, "g2": 9.648040300932097, "logK": 0.9631743808961137, "loc": -0.007366885416161376, "logScale": -0.9592255028996561}