{"g1": 0.3744374202743943, "g2": 14.834699895343658, "logK": -2.2385287754953214, "loc": -0.12983845749497647, "logScale": -0.1877488467179556}