{"g1": 0.3845611593773165, "g2": 0.011974857006966877, "logK": -4.327597536669166, "loc": -0.13449392258694537, "logScale": 0.2037638782841787}