{"g1": 0.04851234706029776, "g2": 5.19364712557202, "logK": 0.72062825786674, "loc": -0.09937383596749362, "logScale": -0.9938498512481545}