{"g1": 0.09051107094096776, "g2": 6.82168787249381, "logK": -0.08545778575026874, "loc": 0.08153094898492345, "logScale": -0.4983926652779438}