{"g1": 0.3299938260736741, "g2": 0.4410012798767642, "logK": 0.46747479046009166, "loc": 0.0030899400888414613, "logScale": -0.6175155115732684}