{"g1": 0.03829806910076622, "g2": 0.3613457094657714, "logK": -2.419815766245022, "loc": -0.04318019680041625, "logScale": 0.04724869355616709}