{"g1": 0.09111584599866127, "g2": 1.0264241005776091, "logK": -4.085127719766029, "loc": 0.05516144081818738, "logScale": -0.48376543097677693}