{"g1": 0.20555356468950087, "g2": 0.34693491486234135, "logK": -0.07138872063884105, "loc": -0.11656466784326135, "logScale": -0.13774143760302052}