{"g1": 0.38286503919221426, "g2": 0.3307181070743479, "logK": -4.489874081405087, "loc": 0.0033377109788088125, "logScale": -0.10987155280190085}