{"g1": 0.03959661627040269, "g2": 9.037880759422574, "logK": -3.1014101207686986, "loc": -0.1224045024730533, "logScale": 0.44837972433629747}