{"g1": 0.002683768499149657, "g2": 5.340866735187115, "logK": -2.942759487177559, "loc": 0.05161553974961579, "logScale": 0.28309079938678444}