{"g1": 0.026447375722575384, "g2": 3.3056535852746602, "logK": 0.14822466931008837, "loc": -0.04950855626615151, "logScale": -2.3516930089019863}