{"g1": 0.052288497403982066, "g2": 9.070370087644735, "logK": -4.181673266679201, "loc": 0.04882519822101931, "logScale": 0.5445273087765765}