{"g1": 0.43145656799262755, "g2": 0.09125719300064006, "logK": -4.983888283528964, "loc": 0.1260211037925391, "logScale": 0.3591446095305221}