{"g1": 0.03553020357654872, "g2": 9.557709329746181, "logK": 0.40882289367134483, "loc": -0.14234757080166077, "logScale": -0.7122767969615369}