{"g1": 0.0016804821862763247, "g2": 0.31900947044744044, "logK": -2.860359918814482, "loc": 0.038630165523933835, "logScale": 0.445735696450997}