{"g1": 0.10080214610346762, "g2": 1.6902960501517157, "logK": 0.23688666038129513, "loc": -0.10867790182706641, "logScale": -0.4605570222256507}