{"g1": 0.03558925709760764, "g2": 7.486886013781053, "logK": -4.10545068343937, "loc": -0.09996121711353573, "logScale": 0.35282831452410296}