{"g1": 0.7914059165102564, "g2": 0.018543918895297093, "logK": 0.9993068728345439, "loc": 0.027711256591239762, "logScale": -1.3819401594775758}