{"g1": 0.06158895197543798, "g2": 2.6560935530762455, "logK": -4.798512611858762, "loc": -0.13322303041915934, "logScale": 0.4778484184662899}