{"g1": 0.6885881200605414, "g2": 0.06133308655072041, "logK": -0.4070912294840082, "loc": 0.015667066053317212, "logScale": -0.37052110311175906}