{"g1": 0.3360016381749187, "g2": 0.34303512321397306, "logK": -0.8352178819049807, "loc": 0.009735136830596208, "logScale": 0.7351973029916224}