{"g1": 0.033456725298068576, "g2": 7.139259260979067, "logK": -4.09123908657001, "loc": 0.05143319303065938, "logScale": 0.21993161353283866}