{"g1": 0.05600143751495736, "g2": 0.6133288125460091, "logK": 0.4392810950091469, "loc": -0.13113563037627726, "logScale": -0.610787162100795}