{"g1": 0.10433307055868601, "g2": 0.18018646662435245, "logK": -2.817012542777855, "loc": -0.11335189314274718, "logScale": 0.22473698503816186}