{"g1": 0.09951446221862119, "g2": 6.767385549167765, "logK": 0.843106235166319, "loc": -0.07772232114230165, "logScale": -1.0485276392590628}