{"g1": 0.002292771520160032, "g2": 8.363138387022126, "logK": -2.3231501265242542, "loc": 0.01241246859718864, "logScale": 0.013823438487470904}