{"g1": 0.0379866817070573, "g2": 10.258461522750755, "logK": -3.2696976573192513, "loc": 0.05049276786971109, "logScale": 0.32128408658640734}