{"g1": 0.004809682415895064, "g2": 7.097309697423888, "logK": -4.260908235707284, "loc": 0.08492235280732162, "logScale": 0.64233483585208}