{"g1": 0.0020367710870260666, "g2": 6.4328060375812, "logK": 0.21235244156329203, "loc": -0.07149182847966945, "logScale": -0.05580936080280985}