{"g1": 0.05198557728020334, "g2": 5.147604961347301, "logK": -3.8376630241083056, "loc": 0.07526856597610768, "logScale": -2.0205507938791825}