{"g1": 0.02614642287647126, "g2": 2.1466761012981466, "logK": 0.8805215378162856, "loc": 0.06988585138898486, "logScale": -0.8996385103082687}