{"g1": 0.14842258251764143, "g2": 9.267555562651527, "logK": -0.07168750810229829, "loc": 0.07229017546928987, "logScale": 0.5710841913621398}