{"g1": 0.014156838652295388, "g2": 10.440431509867672, "logK": -3.0802455076352038, "loc": -0.017052932928369964, "logScale": 0.33901996576846133}