{"g1": 0.09669077165928869, "g2": 6.63487862221068, "logK": -0.14543305020141434, "loc": 0.013404659903958699, "logScale": 0.19078324150638054}