{"g1": 0.08240527954065967, "g2": 5.4950570261133755, "logK": 0.07405243533770178, "loc": 0.014862130308388496, "logScale": 0.054096324221170305}