{"g1": 0.023280049669170744, "g2": 0.7578313067820793, "logK": -0.420023056893034, "loc": 0.13771707352651366, "logScale": 0.033709727090010716}