{"g1": 0.03518657219790544, "g2": 8.03717234272902, "logK": 0.5296460124844353, "loc": 0.08499622430186261, "logScale": -0.23158888403359756}