{"g1": 0.03195855830403457, "g2": 9.519731814845457, "logK": -3.685682207568397, "loc": -0.10315949499431207, "logScale": 0.5069869374731968}