{"g1": 0.07076353511264051, "g2": 1.3489258016517534, "logK": 0.39272695136758196, "loc": -0.08291136713747865, "logScale": -0.4574087264710259}