{"g1": 0.02257411828796608, "g2": 7.395131474859365, "logK": -4.85878100375772, "loc": -0.08376033173650341, "logScale": -0.004137529305553944}