{"g1": 0.05828394582558719, "g2": 0.029166356469951624, "logK": -3.93877348576987, "loc": 0.11409239924962275, "logScale": 0.46567837902444265}