{"g1": 0.04648021244805209, "g2": 4.524304424240567, "logK": 0.09124851573765413, "loc": -0.06208468489534836, "logScale": 0.10650039704475456}