{"g1": 0.3159699125663784, "g2": 14.998646619477883, "logK": -2.7808190009338505, "loc": 0.0020882084622477065, "logScale": 0.3405231663234158}