{"g1": 0.05929540337921893, "g2": 7.232028850315583, "logK": -0.15444993402185592, "loc": 0.03519702140870083, "logScale": 0.5112489419048614}