{"g1": 0.02483038944266669, "g2": 0.32909514263710615, "logK": 0.6797355300562589, "loc": -0.10716460140705929, "logScale": -1.0646292151764523}