{"g1": 0.004596114017014589, "g2": 9.009258244739584, "logK": -2.514307316545551, "loc": 0.018158861311271465, "logScale": 0.24392649975603753}