{"g1": 0.059556818081637514, "g2": 13.706576102215644, "logK": 0.14891971584676367, "loc": -0.036344896610452065, "logScale": -0.9413989430606181}