{"g1": 0.02294077658657752, "g2": 6.092655515572854, "logK": -2.968597113339566, "loc": 0.0013869522472781115, "logScale": -0.1791812986143758}