{"g1": 0.03347486790829152, "g2": 8.186378575766113, "logK": 0.19934958875164877, "loc": 0.04489500248164549, "logScale": -0.30790632873060547}