{"g1": 0.07305524615656905, "g2": 0.6036457096935066, "logK": 0.21172024651611698, "loc": 0.007935205466696852, "logScale": -0.4388735121980168}