{"g1": 0.018109881896696822, "g2": 8.836945412945026, "logK": -3.9933139259684576, "loc": 0.001724862673655396, "logScale": 0.3076476436065679}