{"g1": 0.1598176672064789, "g2": 1.8454168245896179, "logK": 0.8729970363861363, "loc": 0.06500834564267861, "logScale": -0.5525387714054286}