{"g1": 0.04889773868509656, "g2": 1.4966561238491298, "logK": -1.8850047922781816, "loc": 0.0012507359142942404, "logScale": 0.10136367487927778}