{"g1": 0.030584108146063625, "g2": 3.345214433886809, "logK": -3.016337601793489, "loc": -0.013100650389134001, "logScale": 0.35185089573841766}