{"g1": 0.027047916972645636, "g2": 7.979948023644529, "logK": 0.43918948127535207, "loc": -0.04291023578223441, "logScale": -0.7044262362136631}