{"g1": 0.0016289361002156677, "g2": 13.715563009795654, "logK": -4.806729281188879, "loc": -0.08770984091100013, "logScale": 0.4392066188652087}