{"g1": 0.014389158033583344, "g2": 3.7048834556384644, "logK": -2.6474447867424478, "loc": 0.030634699939658235, "logScale": 0.3815203185629067}