{"g1": 0.05237809856239774, "g2": 0.03747911350983424, "logK": -0.35873364685703457, "loc": -0.13515224767718215, "logScale": 0.12479735575201575}