{"g1": 0.027478221844346187, "g2": 11.87676866493279, "logK": -0.8689745081684307, "loc": 0.04713416317468326, "logScale": 0.2342201820944277}