{"g1": 0.10120714544877844, "g2": 12.166020502773458, "logK": -1.8330979541254735, "loc": 0.015522433225565638, "logScale": 0.7738563884621548}