{"g1": 0.6544832903253806, "g2": 0.015407728354041167, "logK": 0.21185786301943532, "loc": 0.1341257010062064, "logScale": -0.45833274660301165}