{"g1": 0.13124025700659642, "g2": 0.15082176359671906, "logK": -3.5958599826916298, "loc": -0.12691914341529237, "logScale": -0.18925422406719422}