{"g1": 0.09220089189987515, "g2": 9.194299705659516, "logK": 0.37696624374541954, "loc": 0.10008827415444198, "logScale": -0.30349273166621693}