{"g1": 0.9478103687124834, "g2": 0.020092582386043, "logK": -0.6982290339873163, "loc": 0.036329706496379364, "logScale": 0.12724516958884888}