{"g1": 0.02244937115306016, "g2": 10.390320298417159, "logK": -4.252897066039565, "loc": -0.03261800117092788, "logScale": 0.34863274707046343}