{"g1": 0.017938755398160304, "g2": 13.818485947091734, "logK": -3.776494371154141, "loc": 0.08122555088801735, "logScale": 0.9120295795649065}