{"g1": 0.16392825393439922, "g2": 3.7500343247804917, "logK": -0.44143216501564, "loc": -0.04835635706606821, "logScale": 0.1695368940939353}