{"g1": 0.0861448673722898, "g2": 13.084708046007854, "logK": 0.6382572708027312, "loc": 0.14774945201058734, "logScale": -0.7850778978046615}