{"g1": 0.11355561288518931, "g2": 2.236045397350617, "logK": -4.060327862887677, "loc": 0.11035984765499597, "logScale": 0.7206797686304683}