{"g1": 0.006608627538815956, "g2": 3.754459758812874, "logK": -2.05834015721339, "loc": -0.05243459485552596, "logScale": 0.33587915178034417}