{"g1": 0.024607908168965076, "g2": 9.384596146303744, "logK": -1.2351383721088722, "loc": 0.0795336841424922, "logScale": 0.3050536529207341}