{"g1": 0.20982255933096516, "g2": 0.6003978719762004, "logK": -4.822071747035832, "loc": 0.021307850065099106, "logScale": -0.4870842815573365}