{"g1": 0.38246733501787045, "g2": 0.04333869680280422, "logK": -4.156987752801246, "loc": -0.10986180770027328, "logScale": 0.3524108771152229}