{"g1": 0.07346200183432525, "g2": 0.29543926898867945, "logK": -3.383685323214553, "loc": -0.12460027514336196, "logScale": 0.0029865149985966455}