{"g1": 0.2373891798376034, "g2": 1.959695815943655, "logK": -4.71594268195694, "loc": -0.04469233290900536, "logScale": 0.016426491540141724}