{"g1": 0.328593684129038, "g2": 0.03860568565510608, "logK": -3.763671916077547, "loc": 0.03463883770495423, "logScale": 0.1590019036947557}