{"g1": 0.08608610231673089, "g2": 0.005808782967914539, "logK": -1.0304243732105038, "loc": -0.0851148339634373, "logScale": -0.03830201825492102}