{"g1": 0.024937464832493317, "g2": 1.2192360930700958, "logK": -1.7630274140718702, "loc": -0.05263294434311003, "logScale": 0.2942710141971128}