{"g1": 0.43236974796694794, "g2": 0.001039444605079487, "logK": -1.0360813902465984, "loc": 0.010716051437657352, "logScale": -1.8237754715127346}