{"g1": 0.013353751725785616, "g2": 2.839843713460407, "logK": -3.2867984538310178, "loc": 0.0606329152873511, "logScale": 0.1757979048741888}