{"g1": 0.18992395029127962, "g2": 0.6868435592432149, "logK": -2.162371620031045, "loc": -0.07466444710751728, "logScale": -0.1527448492395635}