{"g1": 0.023746805334652288, "g2": 14.163726798714396, "logK": -3.6825605612112375, "loc": -0.12325413813059517, "logScale": 0.21090729764689797}