{"g1": 0.016399336228787975, "g2": 11.202627718503434, "logK": -4.790807970810943, "loc": 0.09067430119237507, "logScale": 0.3672509082143197}