{"g1": 0.025317661675802215, "g2": 8.481275386191276, "logK": -1.7017446863025572, "loc": 0.06136471423126902, "logScale": 0.32381755455305505}