{"g1": 0.17723881135670516, "g2": 0.019302565081071886, "logK": 0.3100941388934916, "loc": -0.05366158483735967, "logScale": -0.7435084783452367}