{"g1": 0.02341838033052674, "g2": 8.799622299904755, "logK": -4.1106980164427736, "loc": 0.14641411162266924, "logScale": 0.45666209033541927}