{"g1": 0.36827710420165216, "g2": 0.01420547053307307, "logK": 0.9951354498489484, "loc": 0.036468199881080195, "logScale": -1.6746536438413637}