{"g1": 0.04249517129717545, "g2": 0.6255364485586603, "logK": -2.4488169098550223, "loc": 0.12558825487414763, "logScale": 0.3170422588339807}