{"g1": 0.04940335494586569, "g2": 5.6157819419529345, "logK": -4.767737773670553, "loc": 0.10737898357974687, "logScale": -0.2120716827609722}