{"g1": 0.6312346471027976, "g2": 0.011924225154591572, "logK": -4.960521365250279, "loc": 0.029971263015266, "logScale": -0.6139333418612009}