{"g1": 0.11642111633436902, "g2": 2.1019599677431806, "logK": 0.402795911851354, "loc": 0.046636404682784786, "logScale": -0.5022821093358203}