{"g1": 0.08202078787581803, "g2": 2.3693027595708473, "logK": -0.07396802358919374, "loc": -0.11292589114558363, "logScale": -0.25319186826019774}