{"g1": 0.05891312321265868, "g2": 11.762645295103873, "logK": -1.2346113824594322, "loc": 0.10226583635290609, "logScale": 0.3065130123564851}