{"g1": 0.10304728664493512, "g2": 0.013758996576435534, "logK": -0.9170285971009293, "loc": -0.09976413675366692, "logScale": 0.2962155620762329}