{"g1": 0.06009853693472428, "g2": 7.642722250490619, "logK": -4.998578064559034, "loc": 0.02396985282825197, "logScale": 0.23011531976140112}