{"g1": 0.06937917932406693, "g2": 12.08160672180969, "logK": 0.9958780047131878, "loc": 0.04046421527650183, "logScale": -1.4571732895205283}