{"g1": 0.0014319270973160644, "g2": 10.48849687176779, "logK": -3.4313169477948358, "loc": -0.12507633321651704, "logScale": 0.5847235504154124}