{"g1": 0.02926047328037064, "g2": 9.275844340288016, "logK": 0.8825748823359312, "loc": 0.038419094285255105, "logScale": -0.7655366895105353}