{"g1": 0.0011365561841917462, "g2": 7.7199873975608835, "logK": -1.0770211188113223, "loc": 0.03997539235310742, "logScale": 0.06032653657759573}