{"g1": 0.0015381534107425376, "g2": 0.8039978090754794, "logK": 0.8686459166147674, "loc": 0.06643821452258578, "logScale": -1.1887958370389402}