{"g1": 0.35301067134108133, "g2": 0.06810258295458979, "logK": 0.5497323867502172, "loc": -0.016258278153421818, "logScale": -0.7466814299364393}