{"g1": 0.001428315502339646, "g2": 7.432991573567266, "logK": -2.484457398416362, "loc": 0.04798254803081997, "logScale": 0.43859309307863636}