{"g1": 0.028011894583169675, "g2": 1.6515982183297577, "logK": 0.287422739315542, "loc": 0.015886442136959347, "logScale": -1.1661454393257502}