{"g1": 0.10809743361149778, "g2": 7.527752435228335, "logK": 0.9993644500876435, "loc": 0.08799904735793423, "logScale": -0.8260443002367022}