{"g1": 0.04434204177871719, "g2": 2.534131994495877, "logK": 0.9922301529464821, "loc": 0.09203093414237436, "logScale": -1.9020544343157624}