{"g1": 0.2403478568326795, "g2": 0.011779806263483295, "logK": -3.827104286283309, "loc": -0.07403238231750263, "logScale": 0.0014872199309597378}