{"g1": 0.03149883951199476, "g2": 6.480880578023347, "logK": 0.29311629259179384, "loc": 0.06611877428306401, "logScale": -0.9418328796981073}