{"g1": 0.014265346501228848, "g2": 0.08195045263119205, "logK": -1.0717189449822033, "loc": 0.07848736052372075, "logScale": 0.17438863022561663}