{"g1": 0.02236641295915405, "g2": 10.37921312350398, "logK": -2.4988006280456228, "loc": -0.07101335583312846, "logScale": 0.10167113837164174}