{"g1": 0.04333861539600521, "g2": 0.36953235451654765, "logK": 0.8920190505426142, "loc": 0.09957036325512525, "logScale": -1.5819569351003828}