{"g1": 0.29314482184222085, "g2": 0.027032636121193, "logK": 0.1289035001206036, "loc": -0.05832095644218809, "logScale": -0.24833147214444015}