{"g1": 0.003927519027688009, "g2": 14.074549114996177, "logK": -1.9784849388761632, "loc": 0.05466259392282933, "logScale": 0.2957737386741103}