{"g1": 0.12508359076229686, "g2": 0.6945014714366402, "logK": -2.220364333957364, "loc": -0.02110788209215471, "logScale": 0.12490299561071441}