{"g1": 0.7180703644604272, "g2": 0.0041146505976770165, "logK": -0.9258630111925521, "loc": -0.06964987877506323, "logScale": -0.17141549256548377}