{"g1": 0.39355193073894473, "g2": 0.028150630614927508, "logK": 0.7306373602763223, "loc": 0.015225640523719702, "logScale": -0.7105968352664764}