{"g1": 0.020887347796594968, "g2": 3.643038211659983, "logK": -1.6920158919301773, "loc": -0.0424893009966756, "logScale": 0.3258682921154437}