{"g1": 0.08674074217510845, "g2": 0.001043877701016882, "logK": -1.9307384927401632, "loc": -0.09956948767089074, "logScale": -2.0326411823184536}