{"g1": 0.009336745020921269, "g2": 10.19707169602142, "logK": 0.30109154861841847, "loc": -0.07509894418993811, "logScale": -0.4417403691481221}