{"g1": 0.006278118601654021, "g2": 14.042743330564193, "logK": -1.860268782292209, "loc": 0.06833866970827457, "logScale": 0.10144520274513184}