{"g1": 0.0010842765684573596, "g2": 9.687524901040035, "logK": -2.835232194340835, "loc": 0.018952294001312264, "logScale": -0.4136167141166037}