{"g1": 0.0342659456870265, "g2": 9.624503443732705, "logK": -1.672557523982443, "loc": 0.08747975266458091, "logScale": 0.3837945909534016}