{"g1": 0.010579388693327897, "g2": 10.266959804637175, "logK": -0.810046763937025, "loc": 0.03921246717461114, "logScale": -2.3940086146180026}