{"g1": 0.044563167244132715, "g2": 7.665197385010904, "logK": 0.9747659768274859, "loc": 0.017441434635000908, "logScale": -1.344368787977709}