{"g1": 0.7174876486742466, "g2": 0.16057734664599918, "logK": -0.6099423877344332, "loc": -0.1261682192981016, "logScale": -0.14879058537798162}