{"g1": 0.5719598472294359, "g2": 0.10594434517757793, "logK": -0.1695231340821658, "loc": 0.05010790516363616, "logScale": -0.5939021859425576}