{"g1": 0.020326866391829693, "g2": 6.184645685741456, "logK": -1.6949804496769234, "loc": -0.0422013879076478, "logScale": -0.1368313437520416}