{"g1": 0.0016909568551807808, "g2": 9.24181046445365, "logK": -4.113239784713661, "loc": -0.07613767977271389, "logScale": 0.26913764391982453}