{"g1": 0.019171284240276115, "g2": 5.417209396144969, "logK": -1.9460664132043024, "loc": 0.0398743520527606, "logScale": 0.021287245896474155}