{"g1": 0.07830326522127647, "g2": 11.062231302396029, "logK": 0.9314411668201483, "loc": 0.06822457180095853, "logScale": -1.7673174728096663}