{"g1": 0.06957247713534453, "g2": 10.236410729944913, "logK": -2.0468484664902937, "loc": -0.10783141416764795, "logScale": 0.41873170057240405}