{"g1": 0.14478603082750485, "g2": 0.09041785562744131, "logK": 0.4930508430945322, "loc": -0.04590320088450914, "logScale": -1.2011150192880629}