{"g1": 0.0031228582106685248, "g2": 10.382281856518949, "logK": -2.5649164802798303, "loc": 0.00419972300028058, "logScale": 0.2816970945198819}