{"g1": 0.020742431763044758, "g2": 2.974985944028478, "logK": -1.6523995831251932, "loc": 0.11448586128694131, "logScale": 0.33275864491689533}