{"g1": 0.2388999710547434, "g2": 8.222056056633873, "logK": -4.879915163009306, "loc": -0.02423661115922403, "logScale": 0.20087406527733134}