{"g1": 0.016468974438998533, "g2": 10.064706156533338, "logK": -0.42952753715551795, "loc": 0.028059704005498384, "logScale": 0.2862720782960111}