{"g1": 0.0625790845673398, "g2": 2.1801083922794504, "logK": 0.9970043542687672, "loc": 0.011692595285396193, "logScale": -1.4079935237192913}