{"g1": 0.1271224243435342, "g2": 2.0849313746758993, "logK": 0.995322329801519, "loc": -0.05557354119493142, "logScale": -0.7954614220774351}