{"g1": 0.7008716398040795, "g2": 0.03757273449756669, "logK": -3.515055587682948, "loc": 0.03566373275802538, "logScale": 0.9435999115634564}