{"g1": 0.09668462933941506, "g2": 1.933687817368309, "logK": 0.04906060175782756, "loc": 0.04727937539185051, "logScale": -0.24654081960586363}