{"g1": 0.9489609064122874, "g2": 0.011501344799995261, "logK": -0.13524267436725812, "loc": -0.038698260972643374, "logScale": -0.056356883273640454}