{"g1": 0.00814917713319141, "g2": 0.052467205307997686, "logK": -3.840755737697918, "loc": -0.14992643374434278, "logScale": 0.14253889865485955}