{"g1": 0.05140052240791104, "g2": 1.3492601422253019, "logK": -0.7475299751072542, "loc": -0.03254732188780912, "logScale": -0.16743560147428385}