{"g1": 0.28474185172050204, "g2": 0.024432929406655646, "logK": -0.7014885136654682, "loc": 0.00556466804185491, "logScale": 0.19102159864196167}