{"g1": 0.03662878198671917, "g2": 10.79979162216458, "logK": -1.4576323917812342, "loc": 0.1413647753554682, "logScale": 0.756143398231407}