{"g1": 0.0179321373253859, "g2": 4.168675202343883, "logK": 0.2402772512210799, "loc": -0.006721633884671863, "logScale": -0.5896112418020958}