{"g1": 0.025996376336458966, "g2": 10.964138527370702, "logK": -1.9967210111110687, "loc": -0.01422660407720771, "logScale": 0.3141642702498249}