{"g1": 0.3921979341699692, "g2": 0.0914842968509717, "logK": 0.2384384676678095, "loc": -0.03442103537970587, "logScale": -0.7338525344503865}