{"g1": 0.040893762171139214, "g2": 12.466228805825926, "logK": -2.3497145708102396, "loc": 0.04674997137714298, "logScale": 0.35521267331402423}