{"g1": 0.03283159780613582, "g2": 12.093281132495047, "logK": -2.2911930923184913, "loc": -0.03793755567144963, "logScale": 0.28513538430992524}