{"g1": 0.03968100941768051, "g2": 11.026797157499034, "logK": -1.309520607039841, "loc": -0.1321888408764266, "logScale": 0.41839460742668566}