{"g1": 0.01965557832390897, "g2": 8.582358575950545, "logK": -4.381632322645743, "loc": 0.042831244135004484, "logScale": 0.3118538956050199}