{"g1": 0.03302171514251221, "g2": 0.19659555469523382, "logK": 0.2592465451059054, "loc": -0.0698927146943903, "logScale": -0.32040246864550725}