{"g1": 0.0025884968545552556, "g2": 9.579321315700343, "logK": 0.4407522135772093, "loc": -0.034672506490415825, "logScale": -0.4776919382199404}