{"g1": 0.024205572889282538, "g2": 4.970856556050509, "logK": 0.14823062395879505, "loc": -0.045327462850549956, "logScale": -0.33877890921105924}