{"g1": 0.04897004445475937, "g2": 0.14263655894035576, "logK": -4.200179920181524, "loc": -0.043153629708382664, "logScale": 0.47420795250909165}