{"g1": 0.9430600110915552, "g2": 0.2275669472461921, "logK": 0.3552878101370056, "loc": -0.03363295124248815, "logScale": -0.30155119527887453}