{"g1": 0.02009492748545793, "g2": 7.092174413758735, "logK": -0.730647157213816, "loc": -0.007044711400242501, "logScale": 0.2449326147683396}