{"g1": 0.04034995190659883, "g2": 6.248258659726418, "logK": -4.199446950741692, "loc": -0.07200521623489436, "logScale": 0.39551206178750914}