{"g1": 0.017602602203451112, "g2": 9.222256292195873, "logK": -3.575741005908175, "loc": -0.049921264317269246, "logScale": 0.2974394759412824}