{"g1": 0.03871638913034239, "g2": 4.078369619243157, "logK": -4.350012846165655, "loc": -0.1112147960646212, "logScale": 0.264870344189908}