{"g1": 0.04462379019912764, "g2": 10.603038926029829, "logK": -0.060892910475384365, "loc": 0.027399144506871746, "logScale": 0.001995101254043119}