{"g1": 0.0313975055497524, "g2": 14.276115157529269, "logK": -4.086993374733323, "loc": 0.01558321944788512, "logScale": 0.9123994906759891}