{"g1": 0.022554262965719246, "g2": 8.317082439553374, "logK": -4.271080156794975, "loc": 0.019024949274839567, "logScale": 0.2621251088304953}