{"g1": 0.03861576578929765, "g2": 9.373799117762761, "logK": -3.387616355731893, "loc": -0.013385023243625116, "logScale": 0.3091761662780179}