{"g1": 0.03871530180888795, "g2": 11.879705170000847, "logK": -1.4240535165850225, "loc": -0.01083523800248793, "logScale": 0.2716782596564888}