{"g1": 0.16869686452264315, "g2": 0.1371766119662725, "logK": -3.4364906425093533, "loc": 0.10516299911552122, "logScale": 0.22847974906046772}