{"g1": 0.9602891491453995, "g2": 0.05036690731281376, "logK": -3.158419120091751, "loc": -0.07302715392963374, "logScale": -0.2065028013215824}