{"g1": 0.3220977864504697, "g2": 0.004389692792578059, "logK": 0.9292302987777628, "loc": 0.053504502522847656, "logScale": -0.5597560129248111}