{"g1": 0.026518814567786327, "g2": 10.644660441401681, "logK": -2.0147338341323593, "loc": -0.10267378843541057, "logScale": 0.4417033882942094}