{"g1": 0.16353737295680357, "g2": 1.9516534963724328, "logK": 0.14174623233758726, "loc": 0.026886612253276026, "logScale": -0.31294327578023406}