{"g1": 0.04681803811794508, "g2": 0.011604309355401243, "logK": 0.9872380488846888, "loc": 0.04982178876577026, "logScale": -0.9212682720172454}