{"g1": 0.016607533848631763, "g2": 10.871600397774124, "logK": -4.419885525990785, "loc": -0.0034911023158234467, "logScale": 0.22399283989654006}