{"g1": 0.033493066177891814, "g2": 4.694246922982147, "logK": 0.30918456354359014, "loc": -0.005522682154175811, "logScale": 0.06806581838863812}