{"g1": 0.12034810443902694, "g2": 0.28517576452986937, "logK": -4.599003797137172, "loc": 0.05692076501496952, "logScale": -0.5043825208129734}