{"g1": 0.019203704126193655, "g2": 12.760726927189811, "logK": -3.0911502645981583, "loc": -0.06388781712344245, "logScale": 0.2821658267180631}