{"g1": 0.0012813227839587743, "g2": 8.392570280053386, "logK": -1.2443921937162377, "loc": 0.01667645308578853, "logScale": 0.28174564407707614}