{"g1": 0.1062172126678708, "g2": 5.293409403661612, "logK": -3.0989900990500177, "loc": -0.03337678236578952, "logScale": 0.40014091396441903}