{"g1": 0.0630935852556104, "g2": 2.3681922669248614, "logK": -0.4114572285040693, "loc": -0.02551580017715789, "logScale": 0.04884665298040438}