{"g1": 0.027309856497801405, "g2": 9.363793158786104, "logK": 0.023234402016269834, "loc": 0.08602015027436923, "logScale": 0.08446424863699227}