{"g1": 0.13076881188063916, "g2": 0.052177868118010284, "logK": 0.26928067885536877, "loc": -0.009878619090789771, "logScale": -1.0190754185787143}