{"g1": 0.04698163818948764, "g2": 5.144464689889672, "logK": -0.8909964904941443, "loc": -0.08497983605518125, "logScale": -0.12133678288253025}