{"g1": 0.6277789111230432, "g2": 0.06043450868138589, "logK": -2.31449884698039, "loc": 0.14827237385054642, "logScale": -0.12620568222221107}