{"g1": 0.011283759225726567, "g2": 10.624387338721252, "logK": -1.3608770869299507, "loc": -0.02436519960944949, "logScale": 0.2431128905173116}