{"g1": 0.002039212445112959, "g2": 4.798671552186145, "logK": 0.03109456749033379, "loc": 0.08425034615981429, "logScale": -0.23893861393191018}