{"g1": 0.041631388557371904, "g2": 2.913746635733191, "logK": -4.778558236381853, "loc": 0.061576061828603305, "logScale": 0.2643677993904415}