{"g1": 0.0611215516789545, "g2": 1.4645426659077256, "logK": -1.892524496722523, "loc": -0.12352250204158287, "logScale": 0.4608024771226578}