{"g1": 0.20592606613896713, "g2": 2.562146146267863, "logK": 0.2522384287641146, "loc": -0.14881974754794175, "logScale": -0.51215395519648}