{"g1": 0.0021909741002012536, "g2": 13.731865702111925, "logK": -2.9984867607573995, "loc": -0.015246689315157453, "logScale": 0.5747421749373287}