{"g1": 0.11956364479848632, "g2": 5.831577396506024, "logK": 0.39306883854494146, "loc": -0.07215226126437252, "logScale": 0.026891265774154127}