{"g1": 0.04703128611740211, "g2": 8.578972111286019, "logK": -0.15910206493437595, "loc": -0.03371579111486892, "logScale": -0.07797871178385107}