{"g1": 0.01684815615624728, "g2": 7.63685704008644, "logK": -1.1406369143330857, "loc": 0.14862328409357248, "logScale": 0.20640185713747627}