{"g1": 0.0031880605438826953, "g2": 8.874454168914433, "logK": 0.7923389475807487, "loc": -0.03197904290382432, "logScale": -0.6341816424991156}