{"g1": 0.31112617929763087, "g2": 0.041255980136445825, "logK": 0.6341710683935495, "loc": 0.04212342854153493, "logScale": -1.0147613674297884}