{"g1": 0.09827140899472375, "g2": 0.466724784756531, "logK": 0.14619164939906493, "loc": -0.029663837460089486, "logScale": -0.4210355670840933}