{"g1": 0.044644709726736384, "g2": 9.25942740224214, "logK": -4.315171477643685, "loc": -0.14486896076750322, "logScale": 0.3265680331495536}