{"g1": 0.05504127691407262, "g2": 13.326877277017331, "logK": 0.8904083673897474, "loc": 0.13501555333785284, "logScale": -1.2053744661303134}