{"g1": 0.08231268133464215, "g2": 3.283127092955975, "logK": 0.03605227993738333, "loc": -0.045273874386226605, "logScale": 0.11925521908436673}