{"g1": 0.007330869874205559, "g2": 6.4758370753375285, "logK": 0.2121608368217447, "loc": 0.09225803524572986, "logScale": -0.8985016448322677}