{"g1": 0.025591046837761477, "g2": 9.997628894712323, "logK": 0.45464656472439297, "loc": -0.049121008537588724, "logScale": -0.6153551083726049}