{"g1": 0.0019458896686788026, "g2": 0.22231910076074168, "logK": -3.903793266084577, "loc": -0.14611327707847807, "logScale": 0.5078644612452815}