{"g1": 0.043645310248059406, "g2": 9.632692600995338, "logK": -1.8723297953661844, "loc": -0.04511538096338813, "logScale": 0.3998634474307678}