{"g1": 0.07301737549367589, "g2": 13.526775926331068, "logK": -0.22669880760778494, "loc": -0.10450061241865416, "logScale": -0.22323260677278262}