{"g1": 0.10594170842812384, "g2": 10.271194612599956, "logK": 0.77926184708343, "loc": -0.02151622907296992, "logScale": 0.008199220151611786}