{"g1": 0.06692683490694652, "g2": 6.969019197741562, "logK": -1.3346220397317543, "loc": -0.10400005798503323, "logScale": 0.0279861046253721}