{"g1": 0.020272956500332312, "g2": 9.496366472012964, "logK": -2.928830373323567, "loc": 0.015198187165330196, "logScale": 0.2936940345134138}