{"g1": 0.0751542583544191, "g2": 9.63911544391858, "logK": -0.7720971897676808, "loc": 0.06702041465111813, "logScale": 0.20292161703509237}