{"g1": 0.03647959072819826, "g2": 10.478428310440936, "logK": 0.6888994293788224, "loc": -0.012977067480031215, "logScale": -0.5878863975231884}