{"g1": 0.27061934290080825, "g2": 0.051403672493346875, "logK": -0.5417714740805705, "loc": -0.11783321816184576, "logScale": -0.6686839074598201}