{"g1": 0.025830156137813677, "g2": 14.60378686631299, "logK": -0.1522669983463698, "loc": 0.11524320101214908, "logScale": -0.10296493626715486}