{"g1": 0.32245611220492576, "g2": 0.020111689407112707, "logK": -0.5520249704745692, "loc": -0.09214821440454667, "logScale": -1.4032097808875448}