{"g1": 0.0822173730416686, "g2": 0.2791857244036846, "logK": -3.0599278734056385, "loc": -0.08887626851617123, "logScale": 0.21923800455179884}