{"g1": 0.062316026115521395, "g2": 2.1304518125219793, "logK": -1.8006374663743145, "loc": -0.049040565870531294, "logScale": 0.7387060145817952}