{"g1": 0.3201222358814343, "g2": 14.998996061149443, "logK": -4.558160355622017, "loc": -0.01086664089573875, "logScale": 0.3227546465695492}