{"g1": 0.13069439493738638, "g2": 0.017596327716559834, "logK": -4.52425602328719, "loc": -0.023415387257974905, "logScale": 0.5645694638941372}