{"g1": 0.7771749630281285, "g2": 0.033118102301532476, "logK": 0.3400138276784137, "loc": 0.09299283315829673, "logScale": -0.39884603497163873}