{"g1": 0.01729337281841109, "g2": 8.480351628847547, "logK": -4.515646210726411, "loc": -0.012367759435103542, "logScale": 0.4187279397721674}