{"g1": 0.0619355897966752, "g2": 0.15855057259595418, "logK": -2.557915148476007, "loc": -0.02671616595235847, "logScale": -0.044396430676484744}