{"g1": 0.21708629610005548, "g2": 0.06818161456434879, "logK": -0.48598273401019265, "loc": 0.10405938615352606, "logScale": 0.7258207672074606}