{"g1": 0.012506613144506906, "g2": 7.294656442513646, "logK": -4.4653031882403225, "loc": -0.12124912503001835, "logScale": 0.24666974917089046}