{"g1": 0.0016313925358871246, "g2": 3.149972389613751, "logK": -0.6619895387193742, "loc": 0.05161693523094605, "logScale": 0.08091339440142378}