{"g1": 0.048612568223991445, "g2": 6.4138726003100555, "logK": -0.006029611367314058, "loc": -0.135432311263474, "logScale": -2.36430204109418}