{"g1": 0.030625889396892945, "g2": 11.06613258636027, "logK": -0.7527359356581842, "loc": -0.026373000836237198, "logScale": 0.18224393709191136}