{"g1": 0.03034712301163807, "g2": 7.736493855432348, "logK": -2.927050869696462, "loc": 0.037075996188567203, "logScale": 0.3257389171150258}