{"g1": 0.05230576817485644, "g2": 14.510887693508929, "logK": 0.7431166842690056, "loc": 0.06382865461459492, "logScale": -1.160447981353621}