{"g1": 0.0026987495070227227, "g2": 13.107392986341464, "logK": -4.651149582058249, "loc": 0.08284808257545334, "logScale": 0.24050326474135358}