{"g1": 0.03448628563045628, "g2": 6.992286730222335, "logK": -1.5157206065632631, "loc": -0.140250697860022, "logScale": 0.39092968029468256}