{"g1": 0.03555524213549001, "g2": 12.969426641160986, "logK": 0.4346968146732144, "loc": -0.00991799829406877, "logScale": -0.40707419583511695}