{"g1": 0.4022680752809811, "g2": 0.008626407825676495, "logK": -1.5652333034251753, "loc": 0.010286307104256223, "logScale": 0.28960077143762164}