{"g1": 0.03920946515626261, "g2": 12.017921433330049, "logK": -1.8972952725060754, "loc": 0.032045155638258875, "logScale": 0.35364787028911426}