{"g1": 0.021982373493644743, "g2": 4.8610278215792, "logK": 0.9636620958293516, "loc": -0.0008266825542596543, "logScale": -1.0804929258765341}