{"g1": 0.0018024201660851724, "g2": 8.179156403139244, "logK": -2.035023095210629, "loc": -0.07020260783368407, "logScale": 0.5673541825904737}