{"g1": 0.2528310936047013, "g2": 0.10991405145435722, "logK": 0.843556842172718, "loc": 0.0635040431310222, "logScale": -0.7102328968936351}