{"g1": 0.03522569804801455, "g2": 14.409079898029653, "logK": -0.49932129449803453, "loc": 0.08875482963348273, "logScale": -0.006516220002152628}