{"g1": 0.0378866806421671, "g2": 3.4449146451235464, "logK": -3.100795512467033, "loc": -0.10275330335806644, "logScale": -0.10587632185540881}