{"g1": 0.13169651153546508, "g2": 0.06884477649790988, "logK": -1.9429687005233451, "loc": -0.06590949737463653, "logScale": 0.4285160953243985}