{"g1": 0.03735245237410357, "g2": 9.758022530968198, "logK": -4.858211912795553, "loc": 0.006387827000078075, "logScale": 0.5827320087466635}