{"g1": 0.025485534063856577, "g2": 7.566971691152937, "logK": 0.6510535739915705, "loc": 0.023608619352266397, "logScale": -0.5397640748508248}