{"g1": 0.17085523818753526, "g2": 0.029479814595609888, "logK": -0.18161005018293544, "loc": 0.11311759820867888, "logScale": 0.35461499449973344}