{"g1": 0.2024465693975791, "g2": 0.05432794051790024, "logK": -0.5970647302245846, "loc": -0.01574776344119541, "logScale": -0.06251002764516222}