{"g1": 0.0026876107451814374, "g2": 0.9827323369554228, "logK": 0.4785496264549085, "loc": -0.07197967948616807, "logScale": -0.8513597758474454}