{"g1": 0.0422939567047392, "g2": 13.959177374829617, "logK": -3.4906321755628293, "loc": 0.025753764173158458, "logScale": 0.4421418314544887}