{"g1": 0.006239125847500859, "g2": 4.185303491235388, "logK": -1.495393979770236, "loc": 0.03637944758344918, "logScale": 0.23335801162538145}