{"g1": 0.03720684561752681, "g2": 11.90511840663714, "logK": -0.37532136071060096, "loc": -0.09917178289141108, "logScale": -0.2592834332358396}