{"g1": 0.002594573235034689, "g2": 3.4763819571111663, "logK": -0.4496730764632877, "loc": -0.021449675800435337, "logScale": 0.1418377584904106}