{"g1": 0.02692147334048789, "g2": 4.5666988900979275, "logK": -3.471292208264511, "loc": -0.1494399394044955, "logScale": 0.39644330592628235}