{"g1": 0.0023260842064505337, "g2": 7.793674406225124, "logK": -4.446831827750033, "loc": 0.025907869830675154, "logScale": 0.2789811138739255}