{"g1": 0.17239486358952638, "g2": 0.037279769509961314, "logK": -1.125250323363808, "loc": -0.1363256622146131, "logScale": -0.03711615464214348}