{"g1": 0.02800886649011428, "g2": 11.442692532539372, "logK": -2.735878381713643, "loc": -0.05850037506530208, "logScale": 0.2596086835760497}