{"g1": 0.21687049070219933, "g2": 0.01725734077870758, "logK": -3.7912262423910663, "loc": -0.02717191278118807, "logScale": 0.3474922203170196}