{"g1": 0.02893770808332203, "g2": 11.92653277617058, "logK": -0.5898915117679853, "loc": 0.018185587855218344, "logScale": 0.17342875291046211}