{"g1": 0.3929333251009834, "g2": 0.036511054813890276, "logK": -4.099167837673036, "loc": -0.008832647560487978, "logScale": 0.40251926200108024}