{"g1": 0.037317692633649285, "g2": 10.278892252840109, "logK": -1.8585956495907012, "loc": 0.0005541958370274269, "logScale": 0.9637222473290847}