{"g1": 0.5886497542072127, "g2": 0.1844793962452329, "logK": -4.381306811300199, "loc": 0.0003929474137318381, "logScale": 0.11122811457240721}