{"g1": 0.0446280165185208, "g2": 0.354071568116999, "logK": 0.4019720403824808, "loc": -0.09267324477502456, "logScale": -0.10978918102092006}