{"g1": 0.7008092957647536, "g2": 0.262531567374382, "logK": -0.8690849993161671, "loc": 0.01764587179358045, "logScale": -0.10494677306273856}