{"g1": 0.09273524066535796, "g2": 0.20341269686124086, "logK": 0.3865124928642511, "loc": 0.01819273564308807, "logScale": -0.9586671897887811}