{"g1": 0.045416745687397814, "g2": 12.27279268347676, "logK": -2.098394590948847, "loc": 0.14847155749144106, "logScale": 0.3255472594934676}