{"g1": 0.03683195151736464, "g2": 0.6494201450108656, "logK": 0.13016907007321643, "loc": 0.011463030460879632, "logScale": -0.6745077530244818}