{"g1": 0.02321157705409828, "g2": 3.8390508490625184, "logK": -0.3023084644627918, "loc": 0.06627371205309515, "logScale": -0.03128155966642643}