{"g1": 0.035172162639853954, "g2": 8.51140803784877, "logK": -0.05214791842856914, "loc": 0.005925107715191072, "logScale": -0.2997506710388943}