{"g1": 0.0023457641336749775, "g2": 2.6663835736671055, "logK": -4.021089841210029, "loc": -0.07864304846560777, "logScale": -2.219140354422612}