{"g1": 0.10823536016082796, "g2": 12.684083958433769, "logK": 0.2760920129272362, "loc": 0.016938340339222042, "logScale": -0.9327310833826017}