{"g1": 0.0019079413482714913, "g2": 5.682562474346476, "logK": -1.1214893402882393, "loc": 0.12258436314666779, "logScale": 0.18046897379000001}