{"g1": 0.020850707395903157, "g2": 14.454154265928423, "logK": 0.49901964018757106, "loc": -0.08578167877741256, "logScale": -0.757963312964339}