{"g1": 0.6174802699190488, "g2": 0.01253667593908353, "logK": -0.09796619615072538, "loc": 0.03581497034896658, "logScale": -0.3812877243051207}