{"g1": 0.05303940052823953, "g2": 12.676123834520087, "logK": -1.1117105066833466, "loc": -0.005251002279860112, "logScale": 0.8260469041619194}