{"g1": 0.040085689919813455, "g2": 3.25453846256118, "logK": -2.8007695535456127, "loc": 0.012814821227047635, "logScale": 0.27499113772461264}