{"g1": 0.053528635177553976, "g2": 0.07820703724295908, "logK": 0.6804681386559561, "loc": 0.05113352635901636, "logScale": -0.8800583315483899}