{"g1": 0.0012556161232060575, "g2": 3.7402216368903782, "logK": -0.49152438254831254, "loc": -0.135044583589743, "logScale": -0.36848310854091704}