{"g1": 0.008508595135547914, "g2": 1.2094337165980817, "logK": -0.8589883512458916, "loc": -0.12020901867226078, "logScale": 0.3833523698348362}