{"g1": 0.04322162974719178, "g2": 12.056010252007335, "logK": 0.02459701401932013, "loc": -0.018452322060534234, "logScale": -0.4203203182841416}