{"g1": 0.018990176933640655, "g2": 11.741853597517755, "logK": -3.592972724365352, "loc": 0.04734889506576554, "logScale": -0.10251573301554215}