{"g1": 0.3361892792061526, "g2": 0.033120839092024415, "logK": 0.4314242807697818, "loc": -0.04966965067046489, "logScale": 0.017761391671970606}