{"g1": 0.03547761487679386, "g2": 0.8125727471519832, "logK": -0.11925674816936635, "loc": -0.0087560117056531, "logScale": 0.10541665648144266}