{"g1": 0.20980077693406965, "g2": 1.499874271353375, "logK": 0.2873187262703087, "loc": -0.06080515372144115, "logScale": -0.45637725135075174}