{"g1": 0.016212544258812647, "g2": 3.215904270748852, "logK": 0.7855993023733645, "loc": -0.0776958656524426, "logScale": -0.7878414693818949}