{"g1": 0.02207279468622334, "g2": 3.8595530110362963, "logK": -1.0837660097929014, "loc": -0.12538901247184256, "logScale": 0.12108118674932863}