{"g1": 0.1688831981593239, "g2": 7.661938005725659, "logK": -4.606608254680574, "loc": -0.07810323818489043, "logScale": -1.7754451949475765}