{"g1": 0.003916999773358271, "g2": 2.453644313274502, "logK": 0.29282429549710653, "loc": -0.12693541141356007, "logScale": -0.4319366676525032}