{"g1": 0.03935829828152156, "g2": 12.365736859398412, "logK": -3.1225096688259697, "loc": 0.0029297278040329375, "logScale": 0.3462396692500935}