{"g1": 0.0018551904554903187, "g2": 6.549773282626523, "logK": 0.9374604103553621, "loc": 0.07168961047096895, "logScale": -1.0874440608387452}