{"g1": 0.9996321144663034, "g2": 0.003521748816156389, "logK": 0.6468623478220628, "loc": 0.028237876264597464, "logScale": -1.4825462040023814}