{"g1": 0.018548382858205648, "g2": 0.044315154592087846, "logK": -2.890675763293989, "loc": -0.033489598016900254, "logScale": 0.33221671193191404}