{"g1": 0.020707470262782843, "g2": 14.922467089462337, "logK": -1.0928662825939086, "loc": -0.034981609642668235, "logScale": 0.19514720078978398}