{"g1": 0.0035336526840896443, "g2": 2.3495781860428346, "logK": -1.139034759461954, "loc": -0.057116750000154974, "logScale": 0.23320762434082992}