{"g1": 0.24124594146230197, "g2": 2.2900642058558645, "logK": 0.6468740586065073, "loc": -0.09350025079101552, "logScale": -0.9661716160356787}