{"g1": 0.9493685738375159, "g2": 0.038857735149548045, "logK": -4.143246990679784, "loc": 0.009377068746404003, "logScale": -0.3234034163777582}