{"g1": 0.33126112540405084, "g2": 0.4364062844143709, "logK": 0.44658847823087333, "loc": 0.07860033153023303, "logScale": -0.6527813441925042}