{"g1": 0.3307477383336227, "g2": 0.07329176244932534, "logK": -2.4814008521524684, "loc": -0.11275376431831385, "logScale": 0.967655185663978}