{"g1": 0.030672181082214194, "g2": 14.184853635137532, "logK": -4.111915900380367, "loc": -0.030764296867266873, "logScale": 0.6072483440515368}