{"g1": 0.043188896327224766, "g2": 12.446842074260276, "logK": 0.12526706210841176, "loc": -0.12304627648311908, "logScale": -0.03859090047601782}