{"g1": 0.2804509254484717, "g2": 0.5563913174398343, "logK": 0.5369327859501306, "loc": -0.11740993404032554, "logScale": -1.0125169368964546}