{"g1": 0.4331841740456357, "g2": 0.002879318321084184, "logK": -3.5714063673924565, "loc": -0.039531673882610696, "logScale": 0.22188979752403792}