{"g1": 0.0688428905122852, "g2": 2.416989806313518, "logK": 0.9999531114183449, "loc": -0.02649059983657162, "logScale": -0.7218641920934497}