{"g1": 0.0077914805425537415, "g2": 1.698921456872576, "logK": -1.6949058132108896, "loc": -0.08404610951889604, "logScale": 0.4448836962921423}