{"g1": 0.006593716638587433, "g2": 12.370416707491817, "logK": -0.8206139155836771, "loc": 0.01597970844424168, "logScale": 0.12630485951783044}