{"g1": 0.03476072182025815, "g2": 7.532489190070833, "logK": 0.8901697664992495, "loc": 0.041374309851822055, "logScale": -0.8864237011812119}