{"g1": 0.038378160808413164, "g2": 9.075735592127595, "logK": 0.5078359643769446, "loc": -0.02310110132949339, "logScale": -0.6008497483249441}