{"g1": 0.1324594865686749, "g2": 0.01882191330393937, "logK": -0.9345516803122753, "loc": 0.03420327195498399, "logScale": -0.23582802633650604}