{"g1": 0.0014074077821257468, "g2": 5.026383663250772, "logK": -1.888939981998258, "loc": -0.07836701116883549, "logScale": 0.3770198064397283}