{"g1": 0.043347772423694086, "g2": 5.726229787227563, "logK": -4.064248862008088, "loc": 0.009436847704849954, "logScale": 0.030140295378534174}