{"g1": 0.38396394338508877, "g2": 0.0386001542559437, "logK": 0.9968846189988381, "loc": -0.05656064419400177, "logScale": -1.3412684871948501}