{"g1": 0.01853576701645037, "g2": 7.9968687215692, "logK": -1.0668936003259777, "loc": -0.13070156778839906, "logScale": 0.4879010995760386}