{"g1": 0.04083193877364453, "g2": 6.502020260110581, "logK": -4.020562726387512, "loc": -0.01606857235330413, "logScale": 0.39307194297498227}