{"g1": 0.9206611750075663, "g2": 0.010623989785038129, "logK": -1.4531253491605576, "loc": -0.1398872872348944, "logScale": 0.2416542452027972}