{"g1": 0.9767221632010947, "g2": 0.015636306188086535, "logK": 0.05102719817349877, "loc": 0.07594686295586699, "logScale": -0.7249221703180002}