{"g1": 0.3295134703027553, "g2": 0.031156453325526856, "logK": -0.1653961005002966, "loc": -0.06548154336184506, "logScale": -0.6959867241827682}