{"g1": 0.03248932978017613, "g2": 0.0658785357692501, "logK": -0.17116967306579264, "loc": -0.05096144854956759, "logScale": -0.43522232388867105}