{"g1": 0.02915341130219657, "g2": 14.988207431915457, "logK": 0.01140628815731548, "loc": 0.06769894267577588, "logScale": -0.28270577921291384}