{"g1": 0.3750904376858472, "g2": 0.005755110579001688, "logK": 0.2891914894558152, "loc": -0.059867958873450935, "logScale": -0.3612964332736185}