{"g1": 0.14232958947238186, "g2": 9.618356530190677, "logK": 0.9921476842876067, "loc": 0.04029558206000686, "logScale": -0.9384402726365215}