{"g1": 0.016673771225433592, "g2": 4.879303760980405, "logK": -0.0030078197083378555, "loc": 0.020592634061383452, "logScale": -0.09870892284226139}