{"g1": 0.1069684303351775, "g2": 0.022363190600016535, "logK": -4.902774773812078, "loc": -0.012015382690566583, "logScale": 0.21661581930726337}