{"g1": 0.14876142653518087, "g2": 6.556892675915524, "logK": 0.5553182128708349, "loc": -0.03533555680800365, "logScale": -0.19394944727472696}