{"g1": 0.6090949137071302, "g2": 0.02296629658904059, "logK": -2.1460259506001633, "loc": 0.012012686663243188, "logScale": 0.16718039965126474}