{"g1": 0.2530882384328256, "g2": 0.034656607963102215, "logK": 0.3972907141364994, "loc": 0.0025527318678956884, "logScale": -0.7264126671119517}