{"g1": 0.044988034141215896, "g2": 10.8372518761249, "logK": 0.2524319142856783, "loc": 0.01886386291202167, "logScale": -0.36299673981213787}