{"g1": 0.1346602193321188, "g2": 0.23930410711896388, "logK": 0.25702218305824753, "loc": 0.032678498679762566, "logScale": -0.8247843022549527}