{"g1": 0.0024100788217325054, "g2": 13.709031790055569, "logK": -2.2082200764944453, "loc": 0.052091577607478304, "logScale": 0.32489123431820716}