{"g1": 0.0058785168795812415, "g2": 9.151558807611512, "logK": -1.0902654469595234, "loc": 0.0894370775435748, "logScale": 0.30950362353498684}