{"g1": 0.16942628775956065, "g2": 0.017984991504590764, "logK": -1.1527913623098163, "loc": -0.12502920247825153, "logScale": 0.10616809548399005}