{"g1": 0.7638798713526538, "g2": 0.24501524957381807, "logK": 0.9807145264976658, "loc": 0.010691098102478425, "logScale": -1.6932144092830006}