{"g1": 0.022510387903699185, "g2": 0.006284219042540065, "logK": -1.1541588513993024, "loc": -0.14995678757040928, "logScale": 0.14265968172299345}