{"g1": 0.002144772958227348, "g2": 2.9591047041256617, "logK": -0.2134387853593711, "loc": -0.0857390428052703, "logScale": 0.007664309869797048}