{"g1": 0.396725172091402, "g2": 0.02678689037089832, "logK": -4.197236449087237, "loc": 0.0444521356245167, "logScale": -0.9231662714315354}