{"g1": 0.03960365646020636, "g2": 5.394429349929374, "logK": -3.702106710671566, "loc": -0.1288709405030332, "logScale": -0.37077009897321006}