{"g1": 0.23366014534999385, "g2": 0.018482060461323002, "logK": -2.970198468578548, "loc": -0.07231770666652168, "logScale": 0.0045748036865542185}