{"g1": 0.7151084364504725, "g2": 2.271782687595782, "logK": 0.6811413557476652, "loc": -0.055944394856509164, "logScale": -1.1349777461699002}