{"g1": 0.20315376367758187, "g2": 0.006336168685997734, "logK": -4.745236192896323, "loc": -0.07015373777753656, "logScale": 0.3881918678357342}