{"g1": 0.13919564895684683, "g2": 8.464016772917942, "logK": -2.8323841740502473, "loc": 0.01415200097729298, "logScale": 0.26692172294082195}