{"g1": 0.0033350942518295262, "g2": 11.9548212962709, "logK": 0.8729184012677544, "loc": 0.028888284127829622, "logScale": -1.374712919597316}