{"g1": 0.0842187471769715, "g2": 0.41390518929192266, "logK": -4.997892354622862, "loc": 0.12622563647696583, "logScale": 0.33775407653159895}