{"g1": 0.04969487309263601, "g2": 8.103770364992634, "logK": -0.7543905216300097, "loc": 0.025870152202366766, "logScale": 0.2354858488516659}