{"g1": 0.023411419903613347, "g2": 11.34182627418029, "logK": -1.2052734801755063, "loc": 0.06096715828760104, "logScale": 0.2969465217787838}