{"g1": 0.26443442568518866, "g2": 0.01041479640269416, "logK": 0.4587384602956515, "loc": 0.09525049160188082, "logScale": -0.22684853939421526}