{"g1": 0.05577882950471542, "g2": 3.069905400708215, "logK": -0.5428107364666954, "loc": -0.016358815362029017, "logScale": 0.1833475404627041}