{"g1": 0.5555644701371704, "g2": 0.06191458809922762, "logK": -4.546647913537429, "loc": 0.050933740458871696, "logScale": 0.0973366991333088}