{"g1": 0.015308110562515544, "g2": 8.864645836665177, "logK": -3.243350508812886, "loc": -0.03837133569085354, "logScale": 0.5600483765581491}