{"g1": 0.007372996503501858, "g2": 9.218874910657014, "logK": 0.5076121972474211, "loc": -0.07694564366969787, "logScale": -0.23796169392425184}