{"g1": 0.030009292818334594, "g2": 1.1341269626780561, "logK": -4.619852614192057, "loc": -0.09546440531305177, "logScale": 0.26189869200392046}