{"g1": 0.4443715403133433, "g2": 0.028233837942518436, "logK": -4.974686211954462, "loc": 0.06911400748265875, "logScale": 0.13335861886044956}