{"g1": 0.002861225752740726, "g2": 3.8424242451770727, "logK": 0.2291667031368051, "loc": 0.11508984993880346, "logScale": -0.4943355612660345}