{"g1": 0.032938861487818126, "g2": 5.104069135869295, "logK": -1.8982397717130528, "loc": 0.03423397408216798, "logScale": 0.7412320825925626}