{"g1": 0.09533927721770118, "g2": 14.621942511047825, "logK": 0.8423170557815975, "loc": -0.14693936632009022, "logScale": -0.9410610799379056}