{"g1": 0.18529797089280606, "g2": 14.208219706095594, "logK": 0.3700452204836171, "loc": -0.1110729015858039, "logScale": -0.15433783584745064}