{"g1": 0.06429550151868824, "g2": 0.007768054856176283, "logK": 0.8175547646437555, "loc": -0.10676287856900492, "logScale": -0.888801660862494}