{"g1": 0.0454167990710458, "g2": 6.875673344003928, "logK": -4.251894826954152, "loc": 0.05742319194886589, "logScale": 0.4188072654180558}