{"g1": 0.029273215406370207, "g2": 7.125491290683232, "logK": -4.6704357442439415, "loc": -0.015715327597398205, "logScale": 0.27125755284609054}