{"g1": 0.06402905905997819, "g2": 4.836624811375589, "logK": -1.8428875857129063, "loc": -0.1331047059232277, "logScale": 0.2528910129601566}