{"g1": 0.0016710211936045716, "g2": 5.258854366545135, "logK": -3.5926082171251092, "loc": -0.040169223805739965, "logScale": 0.31113757995694935}