{"g1": 0.09393307971634363, "g2": 8.519817135906758, "logK": 0.6173552902637609, "loc": -0.08360721199798171, "logScale": -0.059135841471528505}