{"g1": 0.03732593276164377, "g2": 3.283671467996225, "logK": -1.2556946182547546, "loc": 0.08337268845039177, "logScale": 0.09081852595248341}