{"g1": 0.04436039824833134, "g2": 0.017677204900876875, "logK": -0.413531996199448, "loc": 0.0995860564710114, "logScale": -0.0813887577155886}