{"g1": 0.022183452368717285, "g2": 7.467691492209522, "logK": -3.6430646286837813, "loc": 0.11985479384285357, "logScale": 0.31815060755366853}