{"g1": 0.03780327859843191, "g2": 6.886071142590308, "logK": -3.55253276729754, "loc": -0.054821550416971024, "logScale": 0.4375528095288759}