{"g1": 0.0040926916432204585, "g2": 2.8256203158461624, "logK": -1.727771520334891, "loc": 0.13486010414709565, "logScale": 0.311539268593882}