{"g1": 0.04491949970468136, "g2": 1.9608330565453782, "logK": -3.4906026661735816, "loc": 0.022054382868941656, "logScale": 0.30719612141466524}