{"g1": 0.522699960360394, "g2": 0.1376708650953513, "logK": -0.8333074680916037, "loc": 0.06954122569258196, "logScale": 0.3957452767562256}