{"g1": 0.057591292750232614, "g2": 6.848217388411966, "logK": -1.9703437073902674, "loc": 0.009654426259760082, "logScale": 0.5658525085702937}