{"g1": 0.0392972410445611, "g2": 9.83816908100877, "logK": -1.0749383670123875, "loc": -0.0411638301133505, "logScale": 0.18947731034227566}