{"g1": 0.12543526696607188, "g2": 0.005513734562266892, "logK": -0.7056391268033965, "loc": 0.09900863000723112, "logScale": -0.0920430523093107}