{"g1": 0.05755703665243351, "g2": 8.922204050812404, "logK": 0.07873408640688906, "loc": 0.10743370189709461, "logScale": -0.7573205893577049}