{"g1": 0.22586783708492117, "g2": 7.116904743284841, "logK": 0.43149019480031886, "loc": -0.02585951422117402, "logScale": -0.7171347941215204}