{"g1": 0.35635088389182035, "g2": 0.08943929729974043, "logK": -3.0170635933354317, "loc": -0.0896099087845784, "logScale": 0.3361467056503104}