{"g1": 0.10822519627709258, "g2": 1.6335954551087428, "logK": -0.11732562060732299, "loc": -0.05554523965842147, "logScale": -0.057947729789798785}