{"g1": 0.06483069007240487, "g2": 3.8798290891364537, "logK": -2.1598558929553016, "loc": 0.09648459121491065, "logScale": 0.2978876149900309}