{"g1": 0.38199694850548604, "g2": 0.046353248326848825, "logK": 0.12064110808026063, "loc": 0.08196862660147557, "logScale": -0.12565220150310186}