{"g1": 0.0013214389733609555, "g2": 9.307455794613453, "logK": -2.3271275684760853, "loc": -0.0614315440712372, "logScale": 0.2725517789545365}