{"g1": 0.027305190685689498, "g2": 10.355550341887085, "logK": -3.2288613177039154, "loc": -0.05436821127588609, "logScale": 0.331016866244079}