{"g1": 0.7309616193261063, "g2": 0.012784546982743186, "logK": 0.7337698781075189, "loc": -0.004489750608570969, "logScale": -1.6270572903415892}