{"g1": 0.011491893916197052, "g2": 1.8031824572713293, "logK": -0.03174762374634743, "loc": 0.12036679923487416, "logScale": -0.3087857551670217}