{"g1": 0.03974478148220578, "g2": 0.9901078967686083, "logK": -0.8417378543299932, "loc": -0.05828737011172562, "logScale": 0.029860450628828528}