{"g1": 0.17224728602273504, "g2": 0.06235230443851947, "logK": -0.22775423522816507, "loc": 0.0037430002935681748, "logScale": -0.37294240008024343}