{"g1": 0.061100939224100786, "g2": 1.8199717885759559, "logK": -0.614459827489295, "loc": 0.08240242617813925, "logScale": 0.12376926592473564}