{"g1": 0.04591323616647518, "g2": 11.745175699075986, "logK": 0.6025981380960928, "loc": 0.05342037842971465, "logScale": -0.5681997980836392}