{"g1": 0.38910193526855036, "g2": 14.963398821946633, "logK": -4.202555330041633, "loc": 0.03950920789697584, "logScale": 0.3504268654480197}