{"g1": 0.01444334950408066, "g2": 14.012756228689335, "logK": -3.523841138702222, "loc": -0.020536406020420853, "logScale": 0.3707286928803693}