{"g1": 0.26399037598511144, "g2": 0.16151055368823725, "logK": -3.2007617311831895, "loc": 0.021999567363247242, "logScale": 0.6006102688559742}