{"g1": 0.9346412430677582, "g2": 1.1238507827985238, "logK": -2.835900485450771, "loc": 0.027913783323510855, "logScale": 3.9929287103194615}