{"g1": 0.7345473335376578, "g2": 0.015520471012049418, "logK": 0.9089825917886734, "loc": 0.07909689725766905, "logScale": 2.159965029401215}