{"g1": 0.7023884290520305, "g2": 0.025509040938007287, "logK": 0.893797509693606, "loc": -0.1139912772628702, "logScale": 3.286588933827225}