{"g1": 0.6679168088247457, "g2": 10.740644115202677, "logK": -0.8633108489505298, "loc": -0.1373188774984175, "logScale": 3.992856376030334}