{"g1": 0.36111720752520005, "g2": 11.50025851072126, "logK": -4.387433753625323, "loc": -0.09780006431697516, "logScale": 3.951006854732063}