{"g1": 0.604042919277837, "g2": 0.016343602580809573, "logK": -0.24552645845372423, "loc": -0.05695413862855966, "logScale": 1.7419882367533914}