{"g1": 0.8101611377102463, "g2": 9.680619497381425, "logK": 0.8995107631592911, "loc": 0.12566155058097486, "logScale": 3.9984628107503033}