{"g1": 0.19232488946094373, "g2": 0.035291298188088335, "logK": 0.2911505889908915, "loc": 0.0960077335368704, "logScale": 3.9277699781135973}