{"g1": 0.2114259853926174, "g2": 5.314372205143247, "logK": 0.9555820814643721, "loc": -0.015168736491525971, "logScale": 3.9930022683496724}