{"g1": 0.3295743320054523, "g2": 0.002942809668389679, "logK": -3.4595834876075715, "loc": -0.10983248309918485, "logScale": 0.6397123578162918}