{"g1": 0.6219473704602396, "g2": 8.48511488550096, "logK": 0.9962280383356859, "loc": 0.1324250707291474, "logScale": 3.580712242424829}