{"g1": 0.30408567057411934, "g2": 0.9151044292274865, "logK": -2.0707224909621584, "loc": 0.06057064365741277, "logScale": 3.756277130215615}