{"g1": 0.36344474240412916, "g2": 0.006469079750741805, "logK": -3.3456979003909066, "loc": 0.08499991831855419, "logScale": 0.06766822070984117}