{"g1": 0.36185886293428576, "g2": 0.00831195202638696, "logK": -2.097155196417849, "loc": 0.020785934478012226, "logScale": -1.1945462807535192}