{"g1": 0.28720010042252303, "g2": 2.919667839933809, "logK": 0.7473092821847177, "loc": -0.012128321195658778, "logScale": 3.979387742006425}