{"g1": 0.9934205017531125, "g2": 12.772729044724624, "logK": 0.9541485736470421, "loc": 0.039881107697479795, "logScale": 3.9816372570457834}