{"g1": 0.5719308762613624, "g2": 1.8155999212301404, "logK": -4.640008375129186, "loc": 0.03795248545554418, "logScale": 3.5732859493028}