{"g1": 0.33418510765082365, "g2": 0.046521048744389656, "logK": -2.0899076520408126, "loc": -0.05510806272677318, "logScale": 1.570111129144443}