{"g1": 0.6801412477195623, "g2": 7.822234099070057, "logK": -0.15901795137705643, "loc": -0.09631224013235609, "logScale": 3.756114989963932}