{"g1": 0.3849211411527258, "g2": 0.03303770479393042, "logK": -0.8302773427264425, "loc": 0.06112510694792778, "logScale": 3.995940741378773}