{"g1": 0.5334932879280746, "g2": 0.014742180280892612, "logK": 0.7722703854099009, "loc": 0.1441378280800204, "logScale": 3.801762553836781}