{"g1": 0.28655570661267066, "g2": 0.552959289510184, "logK": 0.1339253202128971, "loc": 0.13727233609815415, "logScale": 3.985207239656171}