{"g1": 0.7546234791274081, "g2": 0.4926821856307281, "logK": 0.6498487196965993, "loc": -0.030824532511773535, "logScale": 3.701652539302525}