{"g1": 0.9999305236329458, "g2": 12.150864887741053, "logK": -1.5558925243320894, "loc": 0.003026874479684445, "logScale": 3.9850476393605225}