{"g1": 0.04443682457924608, "g2": 5.1361311768113636, "logK": 0.5576931053940131, "loc": -0.11229598485736603, "logScale": 3.980742842523615}