{"g1": 0.42472879014536025, "g2": 0.003392664684678323, "logK": -1.8633059460528973, "loc": 0.10666503576113456, "logScale": -0.6401672001150074}