{"g1": 0.27437163601909115, "g2": 7.093542476366155, "logK": 0.8488955522616514, "loc": 0.007358633015784849, "logScale": 3.9798494161136007}