{"g1": 0.4053843395775992, "g2": 0.001024184678665425, "logK": -2.155348950491916, "loc": 0.06490446832724958, "logScale": 0.8564670037952933}