{"g1": 0.8730486500338777, "g2": 0.002043530620165171, "logK": -0.8163449406230813, "loc": 0.12380173513719472, "logScale": 3.9989016678165843}