{"g1": 0.248756666633705, "g2": 0.044665477679174614, "logK": -0.5753666299137103, "loc": 0.08664704708597075, "logScale": 3.7964715370268243}