{"g1": 0.5033988536890946, "g2": 0.0014554469010383615, "logK": -4.512197197211097, "loc": 0.12406682353765432, "logScale": -0.9120785637970538}