{"g1": 0.08439207939775742, "g2": 0.25289179352096824, "logK": -4.866043861062565, "loc": -0.051472580129895, "logScale": 3.9845966821932963}