{"g1": 0.7362310581788183, "g2": 7.8592648008115455, "logK": 0.7411989296614983, "loc": -0.061807328112824016, "logScale": 3.9900701593035106}