{"g1": 0.7501988905270037, "g2": 0.9048790068984938, "logK": 0.9122410734201272, "loc": 0.10335270678021802, "logScale": 3.9642094844660964}