{"g1": 0.11590487640154518, "g2": 0.04268206535001643, "logK": -0.5117911914280879, "loc": 0.031020213950116143, "logScale": -0.7512454131554717}