{"g1": 0.13967926290194432, "g2": 6.200246109726797, "logK": 0.997694175119527, "loc": -0.02519062241585907, "logScale": 3.9935586104305654}