{"g1": 0.9506073132527307, "g2": 0.030792097405442087, "logK": 0.8079653064063185, "loc": -0.10807626140678032, "logScale": 0.6274279480956911}