{"g1": 0.6529350036391492, "g2": 4.05245385683167, "logK": 0.9576782577156134, "loc": -0.09840579216419029, "logScale": 3.5720382168312073}