{"g1": 0.7287743733435547, "g2": 14.574446726240472, "logK": 0.9911863405419274, "loc": -0.08350797426131011, "logScale": 3.998418090812826}