{"g1": 0.24407851688121857, "g2": 12.955398346424289, "logK": 0.9940685437414232, "loc": -0.08936648982260359, "logScale": 3.998997108793787}