{"g1": 0.7748009444059731, "g2": 0.006093423181481074, "logK": -3.2201489979203712, "loc": 0.11049409019881988, "logScale": -1.3880214317964312}