{"g1": 0.8699624803156126, "g2": 4.687541442330327, "logK": -2.8293733261901637, "loc": -0.1257067305483131, "logScale": 3.994738730238877}