{"g1": 0.3041056098436625, "g2": 2.2089247482177536, "logK": 0.7915108902064848, "loc": -0.020015308570392423, "logScale": 3.975033759371292}