{"g1": 0.33128275662334195, "g2": 0.004321650618763572, "logK": 0.4566622959309904, "loc": 0.14144396095814057, "logScale": -1.649828347483234}