{"g1": 0.6309052726819101, "g2": 0.00942749546390112, "logK": -2.988350341089445, "loc": 0.0117406671308465, "logScale": 2.4050786023920683}