{"g1": 0.6687893169139094, "g2": 0.020076946859535687, "logK": -2.9777246696977446, "loc": -0.07355140550447696, "logScale": 1.980017277442349}