{"g1": 0.31510378460167393, "g2": 0.6122484963978305, "logK": 0.6518824855829946, "loc": 0.09504670529640061, "logScale": 3.742793475306518}