{"g1": 0.04590542055864533, "g2": 0.00620198831453056, "logK": 0.7544296133245962, "loc": 0.11758057605319036, "logScale": 3.9616033849688663}