{"g1": 0.5446465699456088, "g2": 1.3867684762311225, "logK": 0.7540965926063316, "loc": -0.03944702704607374, "logScale": 3.995897717598935}