{"g1": 0.48536162115330206, "g2": 0.008024887003358577, "logK": -2.1711172875640754, "loc": -0.0587873802242147, "logScale": -2.4510234583919956}