{"g1": 0.9493569796343884, "g2": 0.07906634895089945, "logK": 0.8352791733634632, "loc": 0.12033630008611113, "logScale": 3.852391182816246}