{"g1": 0.7672190516504868, "g2": 0.04598262033572415, "logK": -3.3400507182688024, "loc": -0.03463981523408162, "logScale": 1.2163539519313735}