{"g1": 0.5965536091320577, "g2": 0.1176549995344427, "logK": 0.06029588956120524, "loc": -0.020583960009790042, "logScale": 3.895439435756507}