{"g1": 0.7134307647231497, "g2": 0.003606360987350731, "logK": -4.230969442227412, "loc": -0.006003349502912501, "logScale": 1.4989766990630478}