{"g1": 0.6454395851733835, "g2": 0.010186773002875918, "logK": -4.8637714299002095, "loc": 0.07309763197972713, "logScale": 1.5782145231181555}