{"g1": 0.925242816467423, "g2": 0.01571007427599399, "logK": -1.0501893336502892, "loc": -0.055522002421212927, "logScale": 2.221031524627824}