{"g1": 0.9080496990082044, "g2": 1.0475630720008997, "logK": 0.6862529059016969, "loc": 0.14456699751393476, "logScale": 3.783020754629893}