{"g1": 0.3316665317530342, "g2": 0.006269334369180296, "logK": -3.6026597098351267, "loc": -0.13733282908331523, "logScale": -0.27913250585665905}