{"g1": 0.3732522265206675, "g2": 0.016719479763720457, "logK": 0.7312492967520895, "loc": 0.007585188053229844, "logScale": 1.6786929618412987}