{"g1": 0.5636399703424925, "g2": 0.0038485656018956062, "logK": -3.30931122216426, "loc": -0.10424017785538439, "logScale": -0.3010823544818293}