{"g1": 0.801402575362127, "g2": 0.011517394874453444, "logK": 0.4716298139561311, "loc": 0.11243859893329806, "logScale": 0.5316191019724912}