{"g1": 0.8644558617780523, "g2": 12.392539515291354, "logK": 0.5354540076540925, "loc": 0.10468291334719605, "logScale": 3.967985548071555}