{"g1": 0.4831098345532802, "g2": 0.3230645568317664, "logK": -1.6311250362760608, "loc": -0.09294887454621928, "logScale": 3.850470525256041}