{"g1": 0.2830207602209954, "g2": 0.0038815875362863198, "logK": -0.8428584453510706, "loc": 0.045104545685040034, "logScale": 2.0874180682557237}