{"g1": 0.888248030566704, "g2": 0.5612573031934398, "logK": 0.8696358384072851, "loc": -0.09408761896831465, "logScale": 3.986327030122026}