{"g1": 0.9219007594384627, "g2": 0.005022170991141963, "logK": -1.4775348747692827, "loc": 0.02772771809969879, "logScale": 1.054281894107771}