{"g1": 0.7674284139477571, "g2": 0.11985803448348026, "logK": -2.2482054612054894, "loc": -0.11594409262255079, "logScale": 3.9792573286958146}