{"g1": 0.37994346060206374, "g2": 9.13742834529235, "logK": -4.6112111960388456, "loc": -0.07305164614212745, "logScale": 3.9669201914173273}