{"g1": 0.6721623407711478, "g2": 6.553579165589422, "logK": 0.9992962806990889, "loc": 0.017309718343779618, "logScale": 1.4878493576900473}