{"g1": 0.22130266071128835, "g2": 0.03512737508153588, "logK": -0.7069311906709841, "loc": -0.1385443181014186, "logScale": 2.5199846565560207}