{"g1": 0.2778289635114042, "g2": 0.0013606532544017114, "logK": -0.008767594830824788, "loc": 0.002000599738549937, "logScale": -2.6689810164259664}