{"g1": 0.2737586554770273, "g2": 1.7648281434490143, "logK": 0.9555791160917891, "loc": 0.05414434609815545, "logScale": 3.8810849268176764}