{"g1": 0.31698057227722615, "g2": 9.662475858968477, "logK": 0.7482866455917575, "loc": 0.013974434800690272, "logScale": 3.9910034113479447}