{"g1": 0.21323124560271406, "g2": 14.568544458859133, "logK": -0.5853965934871871, "loc": 0.11168761777411049, "logScale": 3.997854249830578}