{"g1": 0.6832408017895646, "g2": 0.004364760544226778, "logK": -1.690033760068848, "loc": -0.11039516214616008, "logScale": 1.5079402802152586}