{"g1": 0.4687915018006469, "g2": 0.3741408714514174, "logK": 0.7317579848608059, "loc": -0.11857090976079965, "logScale": 3.727271523088522}