{"g1": 0.5851721531104409, "g2": 0.0031182898696324648, "logK": -3.7698731232527867, "loc": -0.004926201332261804, "logScale": 2.1708444761053824}