{"g1": 0.08380394506518252, "g2": 0.009077516292687937, "logK": -0.9662563239413979, "loc": 0.013970186708648032, "logScale": -0.2617198736051707}