{"g1": 0.02304464736250057, "g2": 0.12578811734528478, "logK": 0.7279924118482622, "loc": 0.04151954174995896, "logScale": 3.9992269239126843}