{"g1": 0.6357187560240428, "g2": 0.0037116952087140253, "logK": -1.590163313458766, "loc": 0.12296212019272955, "logScale": -2.5186166417643467}