{"g1": 0.46942491546775084, "g2": 0.0465210883657445, "logK": 0.5766769541036781, "loc": 0.07206293917684437, "logScale": -1.6186471363545594}