{"g1": 0.4289458582691066, "g2": 10.527767344995164, "logK": 0.9915444079917943, "loc": -0.07611345868968886, "logScale": 3.9930666247415}