{"g1": 0.31176543734878387, "g2": 0.02384505643564504, "logK": -4.465511581180563, "loc": 0.00034175405669467293, "logScale": 1.6597040109507408}