{"g1": 0.9634741594448146, "g2": 0.006735587062204789, "logK": -2.1080804409573366, "loc": -0.06670566056244848, "logScale": -2.7148579275836626}