{"g1": 0.4548762846679941, "g2": 0.03798200604310172, "logK": -4.819863804807467, "loc": 0.1112187149169722, "logScale": 1.7928575098054524}