{"g1": 0.7181404179574574, "g2": 11.140910981199784, "logK": 0.020126809475994878, "loc": -0.03360021069377641, "logScale": 3.7550870455974157}