{"g1": 0.8409555764259627, "g2": 0.018019964757686618, "logK": -3.4842968836453503, "loc": 0.1427965266527029, "logScale": 3.926963716695882}