{"g1": 0.8960009383596261, "g2": 0.009178411642507604, "logK": -0.6691280424316401, "loc": -0.05511264797744699, "logScale": 2.128835735577406}