{"g1": 0.5627839323458226, "g2": 10.208195489131441, "logK": 0.8542751474255624, "loc": -0.03676715601231983, "logScale": 3.949444343330643}