{"g1": 0.5973424865406165, "g2": 0.006359017817409884, "logK": -3.1404082306717855, "loc": 0.008664863553140605, "logScale": 1.3419295952659476}