{"g1": 0.17971981228080502, "g2": 12.500370526419434, "logK": 0.5715742239508056, "loc": 0.01513378916487828, "logScale": 3.9953626586502553}