{"g1": 0.5804042440582747, "g2": 0.003233360986678868, "logK": 0.8417235928424277, "loc": -0.1493366284521704, "logScale": 3.791242850009398}