{"g1": 0.6312389898059116, "g2": 0.27152116320717734, "logK": -4.281860549848491, "loc": 0.11416601334267368, "logScale": 3.9780139241186636}