{"g1": 0.538283254629292, "g2": 0.494922965813577, "logK": 0.5114423245723523, "loc": 0.04272954912961223, "logScale": 3.9803518956243678}