{"g1": 0.9997661901504737, "g2": 6.006383492300747, "logK": 0.9904813457837742, "loc": -0.003946250336349981, "logScale": 3.794333079055358}