{"g1": 0.7977404514207489, "g2": 0.0023479557677985596, "logK": -3.5832816761448205, "loc": -0.033700750246592144, "logScale": 1.7986151160308277}