{"g1": 0.39313821088192424, "g2": 0.8886065771112428, "logK": 0.9408131227106857, "loc": 0.02114183328050507, "logScale": 2.620715702310585}