{"g1": 0.524157852139422, "g2": 7.009669004876528, "logK": 0.9802744313786083, "loc": -0.07981556893729616, "logScale": 3.99199870180552}