{"g1": 0.17737011670192232, "g2": 0.03213331512528228, "logK": -3.292066673367785, "loc": -0.07211654120054431, "logScale": 2.753209477104204}