{"g1": 0.9175957777131967, "g2": 12.784684115261921, "logK": 0.3591546260907683, "loc": 0.09545081190846112, "logScale": 3.481949319316711}