{"g1": 0.2510634345837872, "g2": 12.626773257456945, "logK": 0.9970570193909126, "loc": -0.06129902409043298, "logScale": 3.8346921655546}