{"g1": 0.2677909643735699, "g2": 14.410042454890746, "logK": 0.7877652704794759, "loc": 0.0050964352171013584, "logScale": 3.9108598688280303}