{"g1": 0.40981009237612037, "g2": 0.03845613354210557, "logK": -0.6548984461453016, "loc": 0.05061148632049811, "logScale": 3.8556802297115502}