{"g1": 0.27165401788467863, "g2": 0.004982533759930449, "logK": -1.8377899845456875, "loc": 0.12652810901013203, "logScale": -0.4553647414796229}