{"g1": 0.6626321907384931, "g2": 1.2856186772087788, "logK": 0.8435482923425339, "loc": 0.04100149213091879, "logScale": 3.999480112445527}