{"g1": 0.9424040359602256, "g2": 0.024951589935562034, "logK": 0.05652266344367063, "loc": 0.05578746316736817, "logScale": -2.1766258800168643}