{"g1": 0.7495833271692418, "g2": 11.194152626201964, "logK": -4.326711411180194, "loc": 0.09778479260570964, "logScale": 3.9989529506119212}