{"g1": 0.8890030102865732, "g2": 0.06680516483919785, "logK": 0.9672058459734093, "loc": 0.01790541299840885, "logScale": 3.9436618135084025}