{"g1": 0.4896413884855317, "g2": 0.004186009626860396, "logK": -2.7567749853272883, "loc": -0.07539013232762952, "logScale": -3.085489719614208}