{"g1": 0.6027029662491523, "g2": 14.45189436716544, "logK": 0.9885363797157862, "loc": -0.0325962463550775, "logScale": 3.9870775738278694}