{"g1": 0.6688036157362525, "g2": 0.0016171806563071087, "logK": -2.8710789604259004, "loc": -0.032391546158846686, "logScale": -0.3218532878972312}