{"g1": 0.25687753882482045, "g2": 0.004383189909266944, "logK": -4.040044473863242, "loc": 0.10468577996687406, "logScale": -1.30940038635165}