{"g1": 0.9155307166549975, "g2": 0.004702879087566132, "logK": -2.639804644189759, "loc": -0.0647392868599241, "logScale": -0.015276543126456}