{"g1": 0.2921230689610305, "g2": 9.382232527992553, "logK": 0.687073078147324, "loc": 0.06330798356623432, "logScale": 3.9902385672613447}