{"g1": 0.7371118302417218, "g2": 0.00719613224065895, "logK": -3.048180524226577, "loc": 0.0054105929612660204, "logScale": -1.1570704584987657}