{"g1": 0.03772558961111214, "g2": 3.407291994400083, "logK": 0.8883318870404162, "loc": -0.13692034962579755, "logScale": 3.95068159880512}