{"g1": 0.24432083652710157, "g2": 0.04529472171899229, "logK": -0.48781974323748156, "loc": 0.003508520490341085, "logScale": 2.398683990070492}