{"g1": 0.4642036726531912, "g2": 0.049226410994346104, "logK": 0.9916849559979863, "loc": -0.10384713114069652, "logScale": 3.4183400801015784}