{"g1": 0.6385517233906504, "g2": 5.883041591500399, "logK": -2.5928220227285683, "loc": -0.021495471038270153, "logScale": 3.9879387375987974}