{"g1": 0.37562428672384074, "g2": 0.005392647235324739, "logK": -4.238269176117766, "loc": -0.08901826547228828, "logScale": 1.810097478177396}