{"g1": 0.25292914141408573, "g2": 13.56229190751956, "logK": 0.6694652205743479, "loc": 0.003327725939351777, "logScale": 3.988207528946754}