{"g1": 0.04398423813759135, "g2": 0.3881807357270238, "logK": 0.6393024425756008, "loc": -0.10375189352738762, "logScale": 3.9740961349227852}