{"g1": 0.9132118737956465, "g2": 0.01959357547224825, "logK": -3.6541203972141743, "loc": 0.01348820685287883, "logScale": 2.226123823396883}