{"g1": 0.533385625409679, "g2": 0.30472362584853363, "logK": 0.9839140921062345, "loc": 0.05023301785025436, "logScale": 3.3215477179018222}