{"g1": 0.0339126121653317, "g2": 0.011727194260939378, "logK": -0.5306535487500863, "loc": 0.027616727609629976, "logScale": 3.4693673092916604}