{"g1": 0.4706349988287166, "g2": 0.0023632510355114213, "logK": 0.49583453043790016, "loc": -0.08368023863978083, "logScale": -2.3336527283476385}