{"g1": 0.9017920539676652, "g2": 10.77075730456723, "logK": 0.9861599653249392, "loc": -0.07169231088164257, "logScale": 3.984424230821684}