{"g1": 0.5478075309936682, "g2": 4.581041762098045, "logK": 0.9126045696036887, "loc": 0.09930041475668097, "logScale": 3.9718196950816655}