{"g1": 0.0027012108617093245, "g2": 0.07044485475727755, "logK": 0.9310090807832141, "loc": 0.1391832641694279, "logScale": 3.940086023970824}