{"g1": 0.9545681609476759, "g2": 0.018776349194790057, "logK": 0.10231397325894986, "loc": -0.06219695712452446, "logScale": 3.9939333385879734}