{"g1": 0.9126448319037089, "g2": 0.005052302814144483, "logK": -4.569970639358042, "loc": 0.05968925315953399, "logScale": 0.22008508099673607}