{"g1": 0.8525406499346296, "g2": 5.9069534567325235, "logK": -0.2900505226022012, "loc": 0.07076615205066561, "logScale": 3.976122342649558}