{"g1": 0.576358781831918, "g2": 0.03951337508700224, "logK": 0.2469076278914164, "loc": -0.031172468655194387, "logScale": 1.9268750561786994}