{"g1": 0.5827267764326551, "g2": 0.0036367395929222113, "logK": 0.5679485387966672, "loc": 0.06544395651791193, "logScale": 3.999441541917215}