{"g1": 0.2573036920494908, "g2": 0.04323446595107061, "logK": 0.8584780783671725, "loc": 0.11546383574543387, "logScale": 3.6421590637329064}