{"g1": 0.22726697427037773, "g2": 8.712186041248799, "logK": 0.9960742879997896, "loc": 0.11675025238300488, "logScale": 3.9956961825067756}