{"g1": 0.22775447059802711, "g2": 0.002423322326572887, "logK": 0.7145002970867891, "loc": 0.000672069595949397, "logScale": -0.0553133338564484}