{"g1": 0.8650253482706443, "g2": 0.27740627577843263, "logK": -4.146103445781858, "loc": -0.13649245485467554, "logScale": 3.9681806999511235}