{"g1": 0.9323899319656426, "g2": 0.008510137185920641, "logK": -0.1642143611416842, "loc": -0.13045175498461292, "logScale": 3.9902906215520155}