{"g1": 0.9474038459461083, "g2": 0.001655318110317161, "logK": 0.29526887538923385, "loc": 0.07246199373810852, "logScale": 3.7967726662435273}