{"g1": 0.7454168768821501, "g2": 0.029086957825597105, "logK": -1.8328686232669988, "loc": -0.04366524242808256, "logScale": 1.8849203264627437}