{"g1": 0.917695073114995, "g2": 0.006683478118634171, "logK": -4.280849813084573, "loc": 0.08598661150010539, "logScale": -2.3222471573281345}