{"g1": 0.37376308983421386, "g2": 14.99200866524529, "logK": 0.8486397947569224, "loc": 0.035038120127370675, "logScale": 3.3670279277244353}