{"g1": 0.17646818833388833, "g2": 0.04139165869228317, "logK": -1.5026899027628786, "loc": -0.09107196750451205, "logScale": 2.4125176107544037}