{"g1": 0.8650109149805464, "g2": 0.09324522551520786, "logK": 0.8566941259845188, "loc": -0.10009858843618957, "logScale": 3.839713073825843}