{"g1": 0.7577457373942083, "g2": 0.04708184225943718, "logK": 0.35867537958437745, "loc": -0.023427331955273977, "logScale": 3.818531083929632}