{"g1": 0.5425061466123327, "g2": 0.012760505737431597, "logK": -3.286128481828058, "loc": -0.10261464422396474, "logScale": 0.8900557106131992}