{"g1": 0.29557333308917444, "g2": 0.0037413126265395495, "logK": -3.506024218099304, "loc": -0.05939501835369126, "logScale": 2.2817743734726292}