{"g1": 0.5283531022294098, "g2": 0.9898993631440034, "logK": 0.9705538457119335, "loc": -0.14214858744140396, "logScale": 3.64880838070929}