{"g1": 0.27767304062133924, "g2": 0.006788451799447105, "logK": -0.4099728897502639, "loc": -0.0633285205297696, "logScale": 2.971138178143396}