{"g1": 0.9994067373677099, "g2": 10.919980251138073, "logK": -0.028300482298413754, "loc": 0.08656126393095466, "logScale": 3.7165707063524955}