{"g1": 0.35347352134165777, "g2": 0.4433445230760648, "logK": -1.4339699466459281, "loc": -0.12986046161095535, "logScale": 3.766030941885291}