{"g1": 0.5033135818539148, "g2": 0.025323672819118848, "logK": -0.9516853315451205, "loc": 0.09307780425975537, "logScale": 1.800218101766173}