{"g1": 0.8032012131791646, "g2": 9.853623210350435, "logK": 0.17736883032286271, "loc": -0.020612289626508212, "logScale": 3.7052994500644156}