{"g1": 0.9952793270508299, "g2": 0.4720901141929712, "logK": 0.9287181181271452, "loc": -0.07323883936972304, "logScale": 3.8040294530730385}