{"g1": 0.6649473511070848, "g2": 11.632089475890089, "logK": 0.9993532213867848, "loc": 0.1494836085957982, "logScale": 3.6851591815257723}