{"g1": 0.44588344539912916, "g2": 0.004911100631168499, "logK": -1.3612923774855277, "loc": -0.0015569678793323632, "logScale": -1.802460215657249}