{"g1": 0.924793507141875, "g2": 4.007240033609541, "logK": -4.4564150887850555, "loc": 0.05227727286500165, "logScale": 3.9696248981102213}