{"g1": 0.904012955892092, "g2": 4.413649307330755, "logK": 0.8054220795183796, "loc": -0.04044062145595188, "logScale": 3.8211429328886815}