{"g1": 0.8806453139574806, "g2": 13.132132904872003, "logK": 0.5129039801672093, "loc": 0.0011280305897089782, "logScale": 3.9971653246323506}