{"g1": 0.4430395720092713, "g2": 0.21393367993866863, "logK": -0.4856917075995373, "loc": 0.010934086492534289, "logScale": 3.7451113658331123}