{"g1": 0.5256780619143614, "g2": 14.146784002127712, "logK": -0.9762100099683471, "loc": -0.046726712112314446, "logScale": 3.997885489749372}