{"g1": 0.9286810919126149, "g2": 0.003388306138420812, "logK": -3.2026982186867374, "loc": -0.08749330837022634, "logScale": 2.5964889956739956}