{"g1": 0.7488450669627704, "g2": 0.006699267618240627, "logK": -2.63595093070842, "loc": 0.04275726511605933, "logScale": 2.010905871025771}