{"g1": 0.4374939012314243, "g2": 0.005241036129375673, "logK": -1.109351121791236, "loc": -0.13118071515360663, "logScale": 1.6271046329223904}