{"g1": 0.20815922259754469, "g2": 0.009638459834074076, "logK": 0.3788722243779119, "loc": 0.11540463232239401, "logScale": 3.965444766475414}