{"g1": 0.432856179917929, "g2": 0.068093723719995, "logK": 0.8211163647467464, "loc": -0.13061690789153768, "logScale": 3.4035800573851573}