{"g1": 0.9272456885597914, "g2": 9.857419698393866, "logK": 0.748152226033856, "loc": 0.054222409135968624, "logScale": 3.250648606677612}