{"g1": 0.4732307675556645, "g2": 0.04320407677298749, "logK": -2.4948931181432394, "loc": -0.11674748892490328, "logScale": 1.3910565059459397}