{"g1": 0.9259252305004748, "g2": 10.894128575435566, "logK": 0.8412740513444997, "loc": -0.0919593766780679, "logScale": 3.4663027419969223}