{"g1": 0.32371749418709517, "g2": 0.16953843268442104, "logK": 0.18371298775005168, "loc": -0.04093324565146642, "logScale": 3.9872560095307197}