{"g1": 0.6913548684879788, "g2": 0.22207153451959094, "logK": 0.302817948107479, "loc": 0.07806096924062705, "logScale": 1.9858915576460174}