{"g1": 0.8656408223757122, "g2": 0.0024067367847637744, "logK": -0.3979382561396867, "loc": 0.12037602916816087, "logScale": 1.111452281694494}