{"g1": 0.46796793414210675, "g2": 7.574732853434629, "logK": 0.9788113456496538, "loc": -0.10790105434249529, "logScale": 3.936400729843538}