{"g1": 0.1599501714243774, "g2": 0.0031355487488360693, "logK": -0.17245413162457907, "loc": -0.10719838253689111, "logScale": 0.7945739055012515}