{"g1": 0.7432066036622895, "g2": 0.8109973560279592, "logK": -4.8212471283796345, "loc": 0.14909030336529244, "logScale": 3.963790287042857}