{"g1": 0.6335546496205396, "g2": 0.006604327602071525, "logK": -2.586572672539013, "loc": 0.11968248336241813, "logScale": 2.090638422655263}