{"g1": 0.26000186531277975, "g2": 0.32734806876414346, "logK": 0.712128952068707, "loc": -0.12438872830347066, "logScale": 3.8916796803912916}