{"g1": 0.48366944892645736, "g2": 0.5904035239186012, "logK": 0.9981215995879757, "loc": -0.07651886111043966, "logScale": 3.740392439463401}