{"g1": 0.5850477240341427, "g2": 0.0023226844489867317, "logK": -2.061679059689375, "loc": -0.11152889451816458, "logScale": -0.2595795505776053}