{"g1": 0.34151036678356045, "g2": 0.14489487047140193, "logK": 0.8118481716637072, "loc": 0.1313887295571901, "logScale": 3.983089418203452}