{"g1": 0.9497871727751395, "g2": 0.01651386521902866, "logK": 0.5609301649622291, "loc": -0.016741080803382623, "logScale": 0.7190785029593374}