{"g1": 0.980342784941842, "g2": 0.004358279260735787, "logK": -0.3044272908610409, "loc": -0.03161315193484235, "logScale": -2.6845943048987357}