{"g1": 0.09729413795373335, "g2": 5.580610035617465, "logK": 0.7441047707920365, "loc": 0.0460312923730829, "logScale": 3.996407048713589}