{"g1": 0.801803127187273, "g2": 0.9449136462557817, "logK": -4.187754198828885, "loc": 0.10193217692174747, "logScale": 3.789002627656361}