{"g1": 0.2293215139037127, "g2": 0.008538285578508088, "logK": 0.9913532849197101, "loc": -0.09035978207768791, "logScale": -0.2030807674379005}