{"g1": 0.4703883628390518, "g2": 0.0142187020400413, "logK": -1.515607163578719, "loc": -0.10690698544034219, "logScale": 0.7874800251614642}