{"g1": 0.7002824222471931, "g2": 11.33108191245526, "logK": 0.9815022989067237, "loc": 0.01727140376654098, "logScale": 3.9819075039975353}