{"g1": 0.6734917908898884, "g2": 14.65105895602502, "logK": -3.0167102822727263, "loc": 0.12082011914380107, "logScale": 3.9963521561683932}