{"g1": 0.4977938186371845, "g2": 0.0022971182389764384, "logK": -1.2734845296410253, "loc": -0.0937648449874339, "logScale": -0.7912205958123409}