{"g1": 0.9781434362426389, "g2": 0.09528618858052307, "logK": 0.05158931990907878, "loc": -0.14086388121688767, "logScale": 3.9975037878369384}