{"g1": 0.36103266295665165, "g2": 14.945479576554854, "logK": 0.8374474088868328, "loc": -0.033471437484482565, "logScale": 3.811142631224698}