{"g1": 0.09402808562226389, "g2": 0.014617685237171857, "logK": -4.333734022829184, "loc": -0.10934558426312566, "logScale": 2.045535768218442}