{"g1": 0.8530717308729943, "g2": 0.0694353759046411, "logK": -0.39269029545380274, "loc": -0.05789333281114176, "logScale": 2.3356660709038803}