{"g1": 0.5046342699169024, "g2": 13.224590264947864, "logK": 0.3230390221155265, "loc": -0.07223877939747851, "logScale": 3.555731465570609}