{"g1": 0.37362133193379055, "g2": 13.892262394863739, "logK": 0.5798865719831265, "loc": 0.037145596385205745, "logScale": 3.9897087484232108}