{"g1": 0.870776690709872, "g2": 13.685054928284945, "logK": 0.9904612118898433, "loc": 0.10645726623366536, "logScale": 3.9801839357937783}