{"g1": 0.20851948605385684, "g2": 0.004346170904832469, "logK": -1.5531471304493976, "loc": 0.09437807815753144, "logScale": 3.917341672436807}