{"g1": 0.11175393733268388, "g2": 0.00121253971664027, "logK": -2.24815007858042, "loc": 0.06292480663702421, "logScale": -2.4330675174187766}