{"g1": 0.45899547813021613, "g2": 10.307706646704101, "logK": -1.028606306562419, "loc": -0.14654864891375702, "logScale": 3.992264718618599}