{"g1": 0.8143803905058455, "g2": 0.005985032901198117, "logK": 0.376599552561645, "loc": -0.13911512523257774, "logScale": 1.1538155135491488}