{"g1": 0.3184153383094854, "g2": 8.701418484805886, "logK": -3.9413184260464993, "loc": -0.054350567582052506, "logScale": 3.867862967212083}