{"g1": 0.737703045670851, "g2": 0.010915880306029635, "logK": -1.3770922436683968, "loc": -0.09528582727730922, "logScale": 3.9669331792758493}