{"g1": 0.352317757357913, "g2": 0.459418074389584, "logK": 0.9547034962293681, "loc": 0.06769946283816039, "logScale": 3.838956994716392}