{"g1": 0.17949956477980478, "g2": 11.410249508696305, "logK": 0.7951043742305094, "loc": 0.10787259830978957, "logScale": 3.99728090727136}