{"g1": 0.40079592238292133, "g2": 0.009137200084665665, "logK": -2.541442896603841, "loc": 0.131023429975414, "logScale": 1.1977290304369899}