{"g1": 0.9824897065209525, "g2": 1.464819714539523, "logK": 0.8160896179469104, "loc": 0.07967151512616866, "logScale": 3.8215794917274835}