{"g1": 0.4536333719301948, "g2": 0.002189639627706583, "logK": -3.6048293870238632, "loc": -0.13251389375387973, "logScale": -0.7867599751192635}