{"g1": 0.34810446017914687, "g2": 6.55685858523376, "logK": 0.9690892020706224, "loc": 0.09566078756960948, "logScale": 3.788599237039158}