{"g1": 0.8696671821576183, "g2": 0.0025694111193043656, "logK": 0.6042682131695409, "loc": -0.05426532522883251, "logScale": 3.6974951055592684}