{"g1": 0.2933706025435536, "g2": 0.027706643749700888, "logK": 0.5300160356133463, "loc": -0.06134315906371447, "logScale": 1.0148408567461271}