{"g1": 0.655596067476744, "g2": 0.15347161874523063, "logK": 0.7867082160665917, "loc": 0.13842809865245728, "logScale": 3.988534765141671}