{"g1": 0.6537989314958692, "g2": 0.06489803234140532, "logK": 0.8619901853712184, "loc": -0.1495545401960443, "logScale": 3.5455519096885997}