{"g1": 0.003861739522203922, "g2": 0.03912987607156917, "logK": -4.235993725826461, "loc": 0.040104088287820853, "logScale": 1.9010601643600284}