{"g1": 0.5893358681200613, "g2": 0.23348851756555788, "logK": 0.8514207509439816, "loc": 0.003493683368121888, "logScale": 3.817386964402644}