{"g1": 0.6640300729483635, "g2": 2.1994203622957538, "logK": 0.9796304789493144, "loc": -0.06135544786212984, "logScale": 3.89180627983305}