{"g1": 0.6558170945367022, "g2": 14.980579942673511, "logK": 0.9895489944753895, "loc": -0.09874402284421735, "logScale": 3.2401145668987623}