{"g1": 0.9998306163268811, "g2": 12.842649148491283, "logK": 0.9986064788716267, "loc": 0.0992970068755811, "logScale": 3.9877164452282003}