{"g1": 0.7293873711182709, "g2": 13.921584084385062, "logK": 0.9917990049960013, "loc": 0.06134733981352086, "logScale": 3.993896234182561}