{"g1": 0.3258961809656883, "g2": 0.00917228752519354, "logK": -2.5663847793038697, "loc": 0.05683979586841251, "logScale": 2.4135997190638694}