{"g1": 0.17989049400728682, "g2": 0.0019470009731474038, "logK": -3.2332742303798927, "loc": -0.0516139209607359, "logScale": -1.8423104084594133}