{"g1": 0.5385530394735358, "g2": 0.0043212747936432275, "logK": 0.0279156007985204, "loc": -0.0004202657225872014, "logScale": 1.7627643247238554}