{"g1": 0.765993409634831, "g2": 0.026056157727748608, "logK": 0.9808820611720682, "loc": -0.14229088162999093, "logScale": 3.9846722068197247}