{"g1": 0.42265348880179143, "g2": 12.070235785388455, "logK": -4.291257410668206, "loc": 0.030543739824129, "logScale": 3.9575775309822676}