{"g1": 0.4880053329643099, "g2": 0.004764157584069561, "logK": 0.6390659048657767, "loc": 0.0075509911294806735, "logScale": 3.8379837844006484}