{"g1": 0.2001827067465461, "g2": 9.117377121600757, "logK": 0.9954891389822118, "loc": 0.12479928943721018, "logScale": 3.890768541979991}