{"g1": 0.2452110894867191, "g2": 0.004394818708919654, "logK": -4.989751049757054, "loc": 0.13033135245696825, "logScale": 0.3357470334722197}