{"g1": 0.2818195926652997, "g2": 0.012278784567401975, "logK": -0.19075777064924404, "loc": 0.05972034073376084, "logScale": 3.8373604024814054}