{"g1": 0.6364541285142082, "g2": 0.04806806736846614, "logK": 0.9966650568062678, "loc": -0.08212931132768211, "logScale": 2.5403405797431393}