{"g1": 0.16027147122870106, "g2": 0.35784287136136017, "logK": 0.9531506610683042, "loc": 0.13495873114736756, "logScale": 2.7460209832154443}