{"g1": 0.09930524556175874, "g2": 0.09265840002888594, "logK": 0.9561813059152071, "loc": -0.026401389621561785, "logScale": 3.503756020688965}