{"g1": 0.5720047653349027, "g2": 0.048375731652044174, "logK": -4.3035940000401, "loc": -0.06424709555486134, "logScale": 1.958360206008004}