{"g1": 0.7613099615903377, "g2": 11.762130929406974, "logK": -0.9612886436990036, "loc": -0.08275735296590009, "logScale": 3.9979004724593086}