{"g1": 0.2958361554594588, "g2": 0.2237463237886782, "logK": 0.4265897695792873, "loc": 0.10880225677738858, "logScale": 3.6285048328933676}