{"g1": 0.05926764087141548, "g2": 4.5410899431459475, "logK": -1.0590754945907697, "loc": 0.03262271178499837, "logScale": 0.27770406789570423}