{"g1": 0.17655752457061963, "g2": 0.4427100621203318, "logK": -2.0720922071046752, "loc": 0.10377138010301487, "logScale": 0.5340698816936145}