{"g1": 0.048244147516357985, "g2": 14.51319065402684, "logK": -0.816330046632266, "loc": 0.1168950045358817, "logScale": 0.20151182867395417}