{"g1": 0.0305875578599752, "g2": 5.154264497468312, "logK": 0.8543840800638978, "loc": 0.030814829908955316, "logScale": -0.4201028263749288}