{"g1": 0.12587423084806804, "g2": 1.748739898297968, "logK": -4.967955192867182, "loc": -0.14562056575181442, "logScale": 0.4051181372615624}