{"g1": 0.18085608587455976, "g2": 0.01053911486717174, "logK": -3.5954195635982957, "loc": -0.04633423867204442, "logScale": 0.45817922350451756}