{"g1": 0.04199057863325864, "g2": 0.0202098944874205, "logK": -0.7149951757046558, "loc": -0.0008990027280833951, "logScale": 0.3497811252304197}