{"g1": 0.016191183072485685, "g2": 3.229584269864491, "logK": -0.1990485679431746, "loc": 0.09804433361991624, "logScale": 0.4458468328563985}