{"g1": 0.19628541591741006, "g2": 0.008640799643711894, "logK": -1.8110388510141, "loc": -0.09020840369703417, "logScale": 0.7094016825319291}