{"g1": 0.030962233379561686, "g2": 1.12111405282341, "logK": -2.302756062083424, "loc": -0.03031774915387083, "logScale": 0.33128234701194387}