{"g1": 0.1527873246278184, "g2": 4.222486701265676, "logK": 0.6428882549192432, "loc": -0.09762611690518824, "logScale": -0.026012398279186333}