{"g1": 0.02614246531380548, "g2": 14.161384556109578, "logK": 0.830960147691481, "loc": 0.10456668853226277, "logScale": -0.37708052799107106}