{"g1": 0.29902892997481684, "g2": 0.16322947392115397, "logK": -0.8615245231026832, "loc": -0.0285127197926263, "logScale": 0.4750950863826042}