{"g1": 0.026405922879091093, "g2": 5.4394636011107576, "logK": 0.5179898054156618, "loc": 0.03992178339429845, "logScale": 0.0009757378019878971}