{"g1": 0.0027397429036619195, "g2": 13.666276678671554, "logK": 0.33376283710835275, "loc": 0.08775327111152728, "logScale": -0.33089554383275843}