{"g1": 0.017971523829686444, "g2": 6.050382258584157, "logK": 0.4833396021823497, "loc": 0.09583974892371987, "logScale": -0.3253264039175924}