{"g1": 0.9015506186119566, "g2": 0.007699079206893278, "logK": -2.904115605932482, "loc": -0.09635291579058558, "logScale": 0.42613651954684634}