{"g1": 0.6619489486984855, "g2": 0.11198462679050523, "logK": -0.43748432645831437, "loc": 0.04387618885910667, "logScale": 0.3418238131718908}