{"g1": 0.001373200243453332, "g2": 12.46426119808912, "logK": -1.48848036236862, "loc": -0.004997027493136585, "logScale": 0.3086231188472274}