{"g1": 0.04155431738902059, "g2": 4.962394194273502, "logK": -0.7304143596456532, "loc": 0.08961763459131782, "logScale": 0.6490904265321871}