{"g1": 0.027314268750113793, "g2": 8.244447913405912, "logK": -3.1765732665922077, "loc": 0.06701058097543258, "logScale": 0.6371787674649083}