{"g1": 0.49060490191562856, "g2": 0.052080875055702386, "logK": -3.00324019824117, "loc": -0.04845613772186586, "logScale": 0.4670889085924266}