{"g1": 0.08065406875492434, "g2": 0.023868186784562262, "logK": -4.969672611615145, "loc": 0.040777094622081456, "logScale": 0.42810052858655606}