{"g1": 0.04160264980244581, "g2": 9.273806367798802, "logK": -0.8309667739204549, "loc": -0.08837690091345486, "logScale": 0.8886581295944755}