{"g1": 0.04655141701472532, "g2": 0.2506896412807975, "logK": 0.8764079994592787, "loc": 0.0722505258566272, "logScale": -0.26450304442057165}