{"g1": 0.7041758928657529, "g2": 0.019289144617847337, "logK": 0.9646579402897332, "loc": -0.04634512206761426, "logScale": -0.8793247250322979}