{"g1": 0.4945842550143543, "g2": 0.0235889338446178, "logK": 0.9921672302917354, "loc": 0.10761871430436469, "logScale": -0.5898164343878702}