{"g1": 0.06733052860674492, "g2": 5.647769628133535, "logK": -0.7609634074465261, "loc": -0.12123463023344393, "logScale": 0.7995846129989902}