{"g1": 0.03136314492040823, "g2": 8.310203646275962, "logK": 0.8151166023223699, "loc": -0.005256677656033042, "logScale": -0.1460247696443524}