{"g1": 0.02256940745301156, "g2": 14.338874707344296, "logK": -3.695452446720257, "loc": -0.0010610111177027023, "logScale": 0.3891316414732225}