{"g1": 0.9726592090546198, "g2": 0.019801870384513975, "logK": -0.4463483314764458, "loc": -0.14932565420573413, "logScale": 0.36174731881419653}