{"g1": 0.004089977682246185, "g2": 6.864216341621602, "logK": 0.2077341534415711, "loc": -0.07228148115644138, "logScale": 0.350521060176884}