{"g1": 0.6879496089957703, "g2": 0.06081230117848757, "logK": -1.5759139084311555, "loc": 0.10550380968782695, "logScale": 0.5375172169453841}