{"g1": 0.15690199939259103, "g2": 0.025720374873992702, "logK": -4.9925707325988515, "loc": -0.012838537739374907, "logScale": 0.32054231584558834}