{"g1": 0.038260959981011845, "g2": 6.538800348821854, "logK": 0.15236184332936276, "loc": 0.095610800017225, "logScale": -0.26620931493378264}