{"g1": 0.02222061962976181, "g2": 1.289801896872544, "logK": -1.3856958782233162, "loc": -0.09310696141146318, "logScale": -1.0779104076945745}