{"g1": 0.008978482637829882, "g2": 3.6832924650677676, "logK": -0.4898938300614992, "loc": 0.04176437767682011, "logScale": -1.498341076380526}