{"g1": 0.019338501990003476, "g2": 9.059519324958984, "logK": -1.7473923947843444, "loc": 0.12006390415173859, "logScale": -1.1712401331183608}