{"g1": 0.027432404722747498, "g2": 3.3660468012259703, "logK": -2.932454063565901, "loc": -0.0327747559647325, "logScale": -0.5743109298391207}