{"g1": 0.03507989390201569, "g2": 1.2348092737316492, "logK": -0.7876257944959141, "loc": -0.0394830577715809, "logScale": -1.2735190555553277}