{"g1": 0.8809415037686534, "g2": 12.376534120395117, "logK": -1.544086593237965, "loc": 0.013599028158804025, "logScale": -2.856594661878136}