{"g1": 0.9442024634728128, "g2": 11.971062479090556, "logK": -3.076702897426994, "loc": -0.010405513783836915, "logScale": -3.4229425666779187}