{"g1": 0.23738795858090359, "g2": 8.434154450270835, "logK": 0.7888702175425847, "loc": -0.08657924913209893, "logScale": -1.3077926890537808}