{"g1": 0.10781755185337752, "g2": 9.470388069905528, "logK": 0.8849655748863658, "loc": -0.02018351091984886, "logScale": -1.9831680432743535}