{"g1": 0.18610139713289814, "g2": 6.812141205838368, "logK": 0.4314845343018905, "loc": -0.07450592860265004, "logScale": -1.3352259800920674}