{"g1": 0.22240625764532296, "g2": 11.241853414005048, "logK": 0.8473047438520616, "loc": -0.022901382962674265, "logScale": -2.1542069392608907}