{"g1": 0.05684708779395923, "g2": 8.950307399632637, "logK": 0.9838710968723394, "loc": -0.037872585950417606, "logScale": -1.863697756017919}