{"g1": 0.152272649485808, "g2": 0.6491104028640752, "logK": 0.9058284089598021, "loc": -0.07134739634749449, "logScale": -1.81190619042119}