{"g1": 0.43543054125252556, "g2": 0.021237511318382474, "logK": -0.11711234275294868, "loc": -0.11827298939254717, "logScale": -0.9989711404890026}