{"g1": 0.16069683335768298, "g2": 6.131875695714727, "logK": -0.33343827423665995, "loc": -0.12254242084881059, "logScale": -0.8830165292167188}