{"g1": 0.06770407646852482, "g2": 9.013114467532116, "logK": 0.9970654956308105, "loc": -0.10956954409272751, "logScale": -1.8313692882269965}