{"g1": 0.1150102315150261, "g2": 8.724727809057317, "logK": 0.7073603473590813, "loc": -0.06132806401785468, "logScale": -1.6492280566852462}