{"g1": 0.15406424140691052, "g2": 4.9612665690465265, "logK": 0.986349341054775, "loc": -0.10815388650622497, "logScale": -1.9931284909692395}