{"g1": 0.20902364210341728, "g2": 10.363156561067246, "logK": 0.8281893563073515, "loc": -0.13026267020936055, "logScale": -1.8015318873869561}