{"g1": 0.07740249105629729, "g2": 6.065301787072398, "logK": 0.4484729199410341, "loc": 0.022418434261206373, "logScale": -1.6600179985549985}