{"g1": 0.12095682755164307, "g2": 7.2480080315073785, "logK": 0.6739125626386369, "loc": -0.06192860482957275, "logScale": -1.3216473277443161}