{"g1": 0.07099844905464653, "g2": 9.061647833652284, "logK": 0.5975278082440296, "loc": -0.13970653015797835, "logScale": -1.7608601874828984}