{"g1": 0.11805879900340195, "g2": 1.2232762135675914, "logK": 0.5758590997340902, "loc": -0.1014136006589457, "logScale": -1.558378443063992}