{"g1": 0.12618826007545597, "g2": 11.195363810637382, "logK": 0.23565445501562354, "loc": -0.022552630414842373, "logScale": -1.1421869593298197}