{"g1": 0.13555870254603322, "g2": 5.665926835624498, "logK": 0.9828803690435479, "loc": 0.026926413281753533, "logScale": -2.0368255786612863}