{"g1": 0.16590301235706578, "g2": 10.107899799368216, "logK": 0.983028965522105, "loc": -0.13572172201012356, "logScale": -1.7392304462891375}