{"g1": 0.1555403372151246, "g2": 1.2000319371721304, "logK": -3.4056097668337917, "loc": 0.09045841991462943, "logScale": -0.7346835679608092}