{"g1": 0.07367180994783899, "g2": 0.2607911705957579, "logK": 0.8343911013697278, "loc": -0.1271081033741631, "logScale": -1.8169585455344324}