{"g1": 0.15052883303912387, "g2": 11.962365794798114, "logK": 0.60725933773637, "loc": -0.04225123694211508, "logScale": -1.645750870522414}