{"g1": 0.10129613616424583, "g2": 14.912179008659388, "logK": 0.7843057330943608, "loc": -0.14228377175525223, "logScale": -1.6416782790019422}