{"g1": 0.15492986709598036, "g2": 1.4033798801939201, "logK": 0.7076044989086765, "loc": -0.09016123303142676, "logScale": -1.527699736676753}