{"g1": 0.03973906407982003, "g2": 9.933246032304542, "logK": 0.7726655746791825, "loc": 0.009156280108418083, "logScale": -2.0406596805571717}