{"g1": 0.10110507971829522, "g2": 5.430479067917587, "logK": 0.7074009400735537, "loc": 0.06150887493974226, "logScale": -1.9460697688919257}