{"g1": 0.162467278867777, "g2": 14.847205247217822, "logK": 0.4885284445064615, "loc": -0.013111764664218754, "logScale": -1.634653037983432}