{"g1": 0.12864925990159878, "g2": 1.4019411811788154, "logK": 0.8215919356723336, "loc": 0.022537279029412216, "logScale": -1.9644794536123824}