{"g1": 0.18952531242383538, "g2": 0.13244105459995148, "logK": 0.4359357613075254, "loc": 0.03751320311272511, "logScale": -1.744902113235898}