{"g1": 0.16052880158794047, "g2": 5.6632370190904595, "logK": 0.8473682718003399, "loc": -0.12124108045444981, "logScale": -1.4716969530657664}