{"g1": 0.11799107886411457, "g2": 0.49820299701964943, "logK": 0.6284081242607193, "loc": 0.01659116854402419, "logScale": -1.8537303865935666}