{"g1": 0.026207823960543594, "g2": 7.331937079397108, "logK": 0.7398765002534204, "loc": -0.13038772786442476, "logScale": -1.793942924934386}