{"g1": 0.16795697870162946, "g2": 4.749843735004203, "logK": 0.5968124886543539, "loc": -0.06053684147835956, "logScale": -1.713524015267488}