{"g1": 0.27615229038974975, "g2": 0.8805832725820464, "logK": 0.8543628866132542, "loc": -0.04675746216458753, "logScale": -1.7262615887615476}