{"g1": 0.034989121455150235, "g2": 12.996793246193258, "logK": 0.9119196460230771, "loc": -0.06075825292715015, "logScale": -2.112720189119495}