{"g1": 0.9322724507905334, "g2": 1.5148144249070854, "logK": 0.18378664248584853, "loc": -0.0519354642499725, "logScale": -3.501262349696178}