{"g1": 0.817477285719564, "g2": 4.0893280341790055, "logK": 0.5940894693747764, "loc": -0.03572274328134233, "logScale": -3.418908055721523}