{"g1": 0.9804961691155103, "g2": 2.8026210596946255, "logK": -2.7149950757658656, "loc": 0.007005479923974775, "logScale": -3.1366412544936875}