{"g1": 0.7792555778706654, "g2": 2.721071649728998, "logK": 0.9762018628117385, "loc": -0.06625778718249342, "logScale": -2.377598755482742}