{"g1": 0.8419956452453112, "g2": 11.049228709868695, "logK": 0.9977253495737186, "loc": -0.1106891771590999, "logScale": -2.6154102755422803}