{"g1": 0.999339093447767, "g2": 12.777379578850107, "logK": 0.5565969198242827, "loc": -0.12917691501251602, "logScale": -1.547868808545327}