{"g1": 0.932087845468397, "g2": 8.85057911631931, "logK": 0.5967429489158391, "loc": -0.14442809603736487, "logScale": -1.275505332547726}