{"g1": 0.7515079730061092, "g2": 8.73609276588111, "logK": 0.9966554679357031, "loc": -0.04311506536953596, "logScale": -2.5685779922366496}