{"g1": 0.9440477052771477, "g2": 14.981254118668778, "logK": 0.8879607899104043, "loc": 0.009405669452883868, "logScale": -2.0641584033137335}