{"g1": 0.8123517987310256, "g2": 9.55199644286369, "logK": 0.9689193528046375, "loc": -0.05368922258674956, "logScale": -2.349104391765911}