{"g1": 0.9253833971678894, "g2": 12.20853864773591, "logK": 0.8940135697249146, "loc": -0.0518901151909121, "logScale": -2.123265184931465}