{"g1": 0.9965618886933272, "g2": 13.112025722589458, "logK": 0.9824564167027428, "loc": -0.030175213086988215, "logScale": -2.696581449082979}