{"g1": 0.8849527847246299, "g2": 9.11739490391564, "logK": 0.9941514475582505, "loc": -0.14404470151392232, "logScale": -1.802790915964899}