{"g1": 0.9985872049349204, "g2": 13.616649829349843, "logK": 0.7881384478889911, "loc": -0.13155669596946712, "logScale": -1.9646404378714961}