{"g1": 0.9761029105976649, "g2": 13.412011341067918, "logK": 0.9913198585943628, "loc": -0.038810053880332394, "logScale": -2.105980097410412}