{"g1": 0.4460138443480046, "g2": 10.162350387673357, "logK": -0.7850987393155104, "loc": 0.005140121256897334, "logScale": -3.087598383771618}