{"g1": 0.9874667335101102, "g2": 4.0086896013495945, "logK": -4.721474280484415, "loc": 0.010898042168003202, "logScale": -3.2694083367877216}