{"g1": 0.27699567896039173, "g2": 2.029923302191232, "logK": -3.8586864470661837, "loc": 0.0036879907315774257, "logScale": -2.772003249639161}