{"g1": 0.23004260454836079, "g2": 3.849793724513595, "logK": -4.59319163467018, "loc": -0.0417033450596824, "logScale": -2.504521920246562}