{"g1": 0.14381805044073803, "g2": 10.100753169618779, "logK": -2.233285659003136, "loc": 0.030112192849939177, "logScale": -2.861184872949353}