{"g1": 0.055784644013521206, "g2": 8.999782141212005, "logK": 0.7469761067435596, "loc": 0.1408544700136823, "logScale": -2.741832185317333}