{"g1": 0.0498728104824167, "g2": 9.946914931480892, "logK": -2.7691771319812934, "loc": -0.08942894418662885, "logScale": -1.1832042689663365}