{"g1": 0.9253583382253403, "g2": 7.118333930507279, "logK": 0.39037495792742427, "loc": -0.010125408238132004, "logScale": -3.984869212607712}