{"g1": 0.5533827351427432, "g2": 8.301148625604876, "logK": -4.656963950045148, "loc": -0.004915455935711657, "logScale": -3.9132964579200147}