{"g1": 0.2480316448365065, "g2": 4.42034371806562, "logK": 0.22277747671099069, "loc": -0.013554740500262306, "logScale": -3.3720339304919045}