{"g1": 0.18071734053965965, "g2": 9.42135550091077, "logK": -4.430111368597234, "loc": -0.030080022413538347, "logScale": -2.831825936544382}