{"g1": 0.5265630479828146, "g2": 8.841420789753094, "logK": -0.16600023687990095, "loc": -0.016089796970650022, "logScale": -3.509332660688207}