{"g1": 0.36843320211629216, "g2": 4.752277075692161, "logK": -3.2286458095348127, "loc": -0.0024739150580506963, "logScale": -2.701065669906464}