{"g1": 0.3157932662113397, "g2": 9.7738046502882, "logK": 0.6786624380162647, "loc": -0.005457892933562777, "logScale": -3.9811880025972832}