{"g1": 0.16371387338472643, "g2": 2.7394781849401664, "logK": -0.9863364735098519, "loc": -0.016676395219358292, "logScale": -2.9964239796978327}