{"g1": 0.028908273191902423, "g2": 6.577704919384409, "logK": 0.9780017899358464, "loc": -0.14422335709655376, "logScale": -2.77028229097478}