{"g1": 0.716828064313384, "g2": 11.413275204189837, "logK": 0.10924412157243579, "loc": -0.013579201061242448, "logScale": -2.6627778489636906}