{"g1": 0.4602961200331751, "g2": 5.213469812633611, "logK": 0.738128674716987, "loc": -0.00837005072515884, "logScale": -3.8677747848500488}