{"g1": 0.9629966450605456, "g2": 5.085418913838778, "logK": 0.8593482595764002, "loc": -0.015924537625842294, "logScale": -3.9957088640581673}