{"g1": 0.21307695545203006, "g2": 4.732036983027991, "logK": 0.30857692795587444, "loc": -0.07618797078146392, "logScale": -2.831150134081182}