{"g1": 0.9465720516163308, "g2": 8.883593006047931, "logK": 0.24812138868810418, "loc": -0.019079572235155117, "logScale": -3.889923033340516}