{"g1": 0.1519725656602399, "g2": 3.3113827220783936, "logK": -2.5870973084676114, "loc": 0.037036276751734876, "logScale": -2.458373619583833}