{"g1": 0.2599483349420295, "g2": 4.544202237858318, "logK": -2.29247781746353, "loc": 0.03662308385581976, "logScale": -2.5209061172209024}