{"g1": 0.672343405387352, "g2": 14.28735445218528, "logK": -0.552763554874944, "loc": -0.0005770236757693063, "logScale": -3.8505597397078923}