{"g1": 0.1373914381352339, "g2": 6.451176634026986, "logK": 0.6852451300082766, "loc": -0.03333557708288733, "logScale": -3.6072015110872613}