{"g1": 0.11923717489402251, "g2": 8.01791476937813, "logK": -3.311704532162233, "loc": 0.011322738948485277, "logScale": -2.904448716146727}