{"g1": 0.4613725634521896, "g2": 13.36177751749127, "logK": 0.8908396793790592, "loc": -0.015526350978815969, "logScale": -3.7116690370817436}