{"g1": 0.22990080176712543, "g2": 12.021978728209264, "logK": -1.417854653761065, "loc": -0.004451526998844123, "logScale": -2.6702149374573203}