{"g1": 0.407878078578453, "g2": 4.915315577662886, "logK": -0.796982784216854, "loc": 0.012652223136694037, "logScale": -3.025416118378067}