{"g1": 0.2432319203676303, "g2": 14.295730020102052, "logK": -0.9651026644846392, "loc": -0.01544608418366017, "logScale": -2.9148754509842814}