{"g1": 0.9198549667650643, "g2": 8.110185001861103, "logK": 0.28897039441621564, "loc": -0.0045874422401125485, "logScale": -3.5996827154446462}