{"g1": 0.3156699771097098, "g2": 4.767355527628288, "logK": -2.542560513842689, "loc": -0.013075458461490767, "logScale": -2.8640904088579924}