{"g1": 0.41667083326067256, "g2": 5.548987375629263, "logK": -4.813402046626689, "loc": -0.004483041788384471, "logScale": -3.9876106600139205}