{"g1": 0.25335734608597255, "g2": 11.302456810169675, "logK": -4.143175823325525, "loc": -0.016744058713134224, "logScale": -2.8996768479775326}