{"g1": 0.8554497998593401, "g2": 12.690907396268182, "logK": 0.6339762298126944, "loc": -0.02075387247028814, "logScale": -3.885926256524428}