{"g1": 0.17495152215849222, "g2": 7.359261368748022, "logK": -2.104603639369917, "loc": -0.037176940220147565, "logScale": -2.7803646509704856}