{"g1": 0.9379363282144956, "g2": 0.0789164506127823, "logK": 0.41491371655027276, "loc": 0.0016776651840217024, "logScale": -3.9446009318174178}