{"g1": 0.16338872062869286, "g2": 11.03104979929005, "logK": -3.857993643769256, "loc": 0.00019667708013639505, "logScale": -2.6991683256971277}