{"g1": 0.1860139237154188, "g2": 1.7096219152630754, "logK": -1.6098025049618196, "loc": 0.006064477587270585, "logScale": -2.777858828933204}