{"g1": 0.18483556856085848, "g2": 1.438930638201149, "logK": 0.35749065606023833, "loc": -0.06703741512604713, "logScale": -3.1018862679029504}