{"g1": 0.14186861092953937, "g2": 11.633847428152729, "logK": -0.18763463161976784, "loc": -0.05991653279454685, "logScale": -3.1037815250980834}