{"g1": 0.04046742412480503, "g2": 14.258744937767982, "logK": 0.6667009394892247, "loc": -0.07207042034227719, "logScale": -2.964431946984331}