{"g1": 0.8539804921229069, "g2": 7.240870938490567, "logK": 0.6025607083216957, "loc": -0.027845235302598578, "logScale": -3.9913219787021443}