{"g1": 0.1987172417289666, "g2": 7.196765516566302, "logK": -0.1277535970441841, "loc": -0.04970279999550164, "logScale": -3.0614975205950947}