{"g1": 0.3134173840622811, "g2": 0.1694700395349522, "logK": 0.6658668197595171, "loc": -0.09400059114331265, "logScale": -3.0652483196674374}