{"g1": 0.2960007269274027, "g2": 1.7930484859321547, "logK": -2.5190595080562876, "loc": -0.005408333695834494, "logScale": -3.9972904465172054}