{"g1": 0.5545849841391146, "g2": 1.464111822916923, "logK": 0.1702680430490815, "loc": 0.0004577745674855301, "logScale": -3.4731783093020017}