{"g1": 0.9344496319615455, "g2": 8.994266680612727, "logK": 0.2692911924845543, "loc": -0.00670676931173899, "logScale": -3.8586399862292966}