{"g1": 0.09906882284945595, "g2": 9.578463251584639, "logK": -2.8835531673130275, "loc": 0.0010092846169416627, "logScale": -3.9995847086463785}