{"g1": 0.28599107291735504, "g2": 5.450520308245111, "logK": -4.755053918404537, "loc": 0.00928835149767175, "logScale": -3.3856034457056747}