{"g1": 0.16716390699411468, "g2": 2.792887788966855, "logK": -4.26644664834323, "loc": -0.007785334052511737, "logScale": -3.976126796375923}