{"g1": 0.546236140849499, "g2": 0.7727331419565567, "logK": 0.026230759667031367, "loc": -0.0006381765522879695, "logScale": -2.8588348058865263}