{"g1": 0.7060193190508968, "g2": 1.5493530429063558, "logK": 0.18669994190436773, "loc": -0.053654952082867836, "logScale": -3.2625576209662976}