{"g1": 0.47221155315021246, "g2": 13.560128419043533, "logK": -2.8375724027196343, "loc": -0.0009520159266096824, "logScale": -3.9911943649746493}