{"g1": 0.23543039747251898, "g2": 7.820730656603864, "logK": -0.9495798583450371, "loc": 0.015981837049556746, "logScale": -2.6207879116918513}