{"g1": 0.34234332169175674, "g2": 6.610227511972155, "logK": 0.14473466172447436, "loc": -0.007588386507796024, "logScale": -3.3870205272513094}