{"g1": 0.9354852804488989, "g2": 13.951002241429416, "logK": 0.7384347248569931, "loc": -0.021911202263443973, "logScale": -3.5574839726904868}