{"g1": 0.04186114104601543, "g2": 2.9955397745237247, "logK": -1.9139496595295533, "loc": -0.005827302975532368, "logScale": -3.9856147437116993}