{"g1": 0.07228173683090633, "g2": 13.924489365008583, "logK": 0.0755659916480187, "loc": 0.0018748922748652776, "logScale": -3.6405690551850007}