{"g1": 0.24224917317440725, "g2": 4.84596093992954, "logK": -0.7200882035937054, "loc": -0.02277363197229697, "logScale": -3.2528545696517837}