{"g1": 0.22993630711711005, "g2": 9.022401659551937, "logK": -0.6295075776006733, "loc": -0.03837222137439736, "logScale": -2.752076395670153}