{"g1": 0.17804127205924786, "g2": 3.265451680564281, "logK": -0.5528160338954504, "loc": -0.029657520955652633, "logScale": -2.9188303325402614}