{"g1": 0.3010260779720924, "g2": 3.7720749313858755, "logK": -0.6230897649588352, "loc": 0.00444117172633509, "logScale": -3.115413571782746}