{"g1": 0.07529069761344664, "g2": 8.622770150659477, "logK": -4.106835561907736, "loc": 0.015219719716574473, "logScale": -1.575783214948941}