{"g1": 0.05925551427741056, "g2": 9.678136089448353, "logK": 0.6371108740416108, "loc": -0.02968278721679145, "logScale": -3.9154816552239007}