{"g1": 0.613175822150585, "g2": 3.8068173351420778, "logK": -0.247413542938965, "loc": -0.008768636359531422, "logScale": -3.2480697180633245}