{"g1": 0.17605515802471527, "g2": 11.589258687468613, "logK": -0.29704830596936527, "loc": 0.011573506186285045, "logScale": -3.1899304560896984}