{"g1": 0.34686388011209396, "g2": 3.6924709551822272, "logK": -4.96429340936179, "loc": 0.011433896260602348, "logScale": -2.2350847061195576}