{"g1": 0.34851347759217416, "g2": 7.009147897676382, "logK": -3.2288164584642964, "loc": -0.00200229167595864, "logScale": -3.9815304814096684}