{"g1": 0.35267335198647143, "g2": 7.913429608100001, "logK": -0.050440942632936095, "loc": -0.04841612994718529, "logScale": -3.0060259299882315}