{"g1": 0.20074817756149863, "g2": 11.567920495036535, "logK": 0.0697232466347601, "loc": -0.04531057230002917, "logScale": -3.2220533881272737}