{"g1": 0.172890784429979, "g2": 11.110442254956117, "logK": 0.5431623480260637, "loc": -0.048095305336916146, "logScale": -3.2903769036184887}