{"g1": 0.41556748621501693, "g2": 2.606833690704719, "logK": -0.1796029889330577, "loc": -0.04967575984521901, "logScale": -2.94841036306903}