{"g1": 0.23510105522156333, "g2": 12.071383623117937, "logK": -4.67770213846667, "loc": 0.007541392357101918, "logScale": -2.9873415948849424}