{"g1": 0.05250964627287266, "g2": 5.369018207638028, "logK": 0.026203723862216075, "loc": -0.0180460497351458, "logScale": -3.9976813878088793}