{"g1": 0.31909819462543154, "g2": 9.232020387586433, "logK": -0.8437109455194793, "loc": 0.008132161441231321, "logScale": -2.9342853830838207}