{"g1": 0.21328249901666105, "g2": 6.876882851190408, "logK": -2.3700246018231046, "loc": -0.013769064939960642, "logScale": -2.976578499617697}