{"g1": 0.43192919010452246, "g2": 2.61918153122989, "logK": -0.629462991854717, "loc": -0.009397567080895675, "logScale": -3.9713233770660037}