{"g1": 0.1763724629878516, "g2": 10.11561550090153, "logK": -2.602713057845392, "loc": 0.025879620125171334, "logScale": -2.498441068495028}