{"g1": 0.08486905898329254, "g2": 2.423829326185668, "logK": 0.034104622125507245, "loc": -0.01296327510520616, "logScale": -2.149494039984142}