{"g1": 0.5529793507072911, "g2": 13.24189569334915, "logK": 0.46686873459465794, "loc": -0.04412868726468028, "logScale": -3.5355335775428403}