{"g1": 0.26428705475251224, "g2": 13.03679174880183, "logK": 0.6757179782996019, "loc": -0.0589392254273788, "logScale": -3.4063686726050557}