{"g1": 0.3246904797004023, "g2": 11.575087111021656, "logK": -2.1863479560775225, "loc": -0.023241358488649597, "logScale": -2.7443702369305996}