{"g1": 0.22155822218970914, "g2": 6.612021785246891, "logK": 0.3862919912435294, "loc": -0.012168962964676216, "logScale": -3.85091543031791}