{"g1": 0.7604684203334267, "g2": 4.981989312661044, "logK": -0.7176694414109486, "loc": 0.007748634521970797, "logScale": -2.8213676479062264}