{"g1": 0.17192040669009584, "g2": 9.426581663127147, "logK": -0.6286688876251516, "loc": 0.0021442716148797475, "logScale": -3.258219750765008}