{"g1": 0.1712559583337116, "g2": 4.073616718833923, "logK": -2.9274903091960587, "loc": -0.049058022973690676, "logScale": -2.5310286295381816}