{"g1": 0.2253648833215209, "g2": 9.07696009520527, "logK": -2.531844556369873, "loc": -0.0014633284154161614, "logScale": -2.2704490760787106}