{"g1": 0.21864576158400587, "g2": 3.6775660112441404, "logK": 0.28409235393614296, "loc": -0.015542311855677896, "logScale": -3.7089503926170457}