{"g1": 0.21116061973945477, "g2": 8.66593498323269, "logK": 0.5442887829765128, "loc": -0.0008130539071151965, "logScale": -3.310348713446449}