{"g1": 0.5902705744815407, "g2": 4.863710370573834, "logK": 0.8371463879685122, "loc": -0.014350759855824013, "logScale": -3.735939788080202}