{"g1": 0.26255469298630174, "g2": 3.5819260025737445, "logK": -1.0824089510669705, "loc": -0.019003473062668405, "logScale": -2.93823016953656}