{"g1": 0.3742268199614631, "g2": 6.46112161080213, "logK": 0.6454996898378222, "loc": -0.005952937797459007, "logScale": -3.7944295785667164}