{"g1": 0.6493457979219478, "g2": 9.045521593363919, "logK": -2.228806834141196, "loc": -0.009156138461015977, "logScale": -3.99676557623705}