{"g1": 0.0017314389185611734, "g2": 7.37117607146368, "logK": -4.179591718794584, "loc": -0.0011971065712028976, "logScale": -3.763060179246448}