{"g1": 0.133039898212605, "g2": 0.8821152967259094, "logK": -0.19035146502059158, "loc": 0.017951340192984618, "logScale": -3.4079040180939195}