{"g1": 0.8503030920734728, "g2": 4.936645558678419, "logK": -0.5968544423284093, "loc": -0.003659769840358951, "logScale": -3.9666247594335657}