{"g1": 0.35809647227726044, "g2": 4.583362698545694, "logK": 0.006198662221652995, "loc": -0.009007963491702657, "logScale": -3.894213248544973}