{"g1": 0.20701758018568067, "g2": 8.15660863604625, "logK": -0.052325627442913136, "loc": -0.058491815270405395, "logScale": -3.2376982752898575}