{"g1": 0.36900476711567987, "g2": 1.546709242174916, "logK": -0.5830432518203855, "loc": 0.0031878238537286236, "logScale": -2.9140480565647815}