{"g1": 0.22540509058686492, "g2": 12.434847220127159, "logK": -1.2193750166190545, "loc": -0.022084815696741568, "logScale": -2.9187746000686716}