{"g1": 0.5585389092772199, "g2": 10.921367950355098, "logK": -4.816573082019313, "loc": 0.0011518943740467524, "logScale": -3.980098085711403}