{"g1": 0.6737036842837364, "g2": 12.156792350275882, "logK": -0.2890581069252236, "loc": -0.0065316288523366035, "logScale": -3.968462839277567}