{"g1": 0.41004141641966796, "g2": 14.133854140291659, "logK": -0.6276905889884796, "loc": 0.0017672030787691355, "logScale": -3.1159824370702722}