{"g1": 0.20322821136828892, "g2": 3.161750817825755, "logK": -4.766476510693314, "loc": 0.017783698244508983, "logScale": -2.9973425109848266}