{"g1": 0.7556104765653294, "g2": 3.485229335905741, "logK": -0.5493569780464064, "loc": -0.0248332816803399, "logScale": -3.46761989558652}