{"g1": 0.1895864084274701, "g2": 7.515586260821509, "logK": -1.1383757704423263, "loc": -0.04234304849491094, "logScale": -3.0105778053479466}