{"g1": 0.3042151475359942, "g2": 10.223886130873659, "logK": 0.1946503442948196, "loc": -0.08225419503711107, "logScale": -2.818499945028489}