{"g1": 0.4223199654905321, "g2": 3.1625005393350367, "logK": -0.5070920990269716, "loc": 0.0019884725963330054, "logScale": -3.1311474886532324}