{"g1": 0.31102911480541, "g2": 12.105032139905084, "logK": -1.421609661241106, "loc": -0.014985865776828453, "logScale": -3.647043003724975}