{"g1": 0.2041833171995788, "g2": 10.124845567454768, "logK": -0.3491561488383277, "loc": -0.02119315599836854, "logScale": -3.3229457439914674}