{"g1": 0.18556938115212485, "g2": 1.8134190665912557, "logK": -0.9677969439387466, "loc": 0.009283134980266889, "logScale": -3.1690905084668954}