{"g1": 0.9742449404550778, "g2": 7.757289845432853, "logK": 0.8706946394565909, "loc": -0.024600968258503247, "logScale": -3.828644397201477}