{"g1": 0.17882402597561592, "g2": 9.66182819824435, "logK": -3.732672874895939, "loc": 0.003232939727520527, "logScale": -2.310821231928204}