{"g1": 0.16138712679270356, "g2": 5.244176302490631, "logK": -4.183304629717206, "loc": -0.01864609505417522, "logScale": -2.8023890499957513}