{"g1": 0.00164457653260347, "g2": 11.726535602899174, "logK": 0.18180309194623412, "loc": -0.00498905336718241, "logScale": -3.576349631191472}