{"g1": 0.16803718703672516, "g2": 5.180256811268666, "logK": -0.033528176451314895, "loc": -0.05468945808856057, "logScale": -3.1786638764210027}