{"g1": 0.1508817942677358, "g2": 11.610803816882617, "logK": -0.38707267202287876, "loc": -0.004291265139568205, "logScale": -3.346307781452539}