{"g1": 0.25065774457891127, "g2": 0.8583567770528966, "logK": -0.7454185751803297, "loc": 0.008037637279665034, "logScale": -3.021529669513285}