{"g1": 0.14805021839730861, "g2": 8.481306355654207, "logK": 0.43815696122647374, "loc": 0.011453028526097836, "logScale": -3.784483941879741}