{"g1": 0.11706597439195576, "g2": 4.311489933119475, "logK": -4.164041961362168, "loc": -0.005471480789820769, "logScale": -3.971498962794296}