{"g1": 0.17551932567588005, "g2": 2.7655019145189943, "logK": 0.6631740982396334, "loc": -0.08864667036218718, "logScale": -3.3128391313638015}