{"g1": 0.11600863750192462, "g2": 9.057858806091057, "logK": -2.576745880611483, "loc": -0.02070377693787505, "logScale": -2.824404860729431}