{"g1": 0.40000416451233684, "g2": 11.781901861763307, "logK": -1.2074076048618734, "loc": -0.002412612663360063, "logScale": -3.971013158677027}