{"g1": 0.25514636253569256, "g2": 7.087737189799198, "logK": -0.303088804972126, "loc": -0.037808352799690595, "logScale": -2.792372097902377}