{"g1": 0.24524985571493144, "g2": 12.171951747296356, "logK": 0.3392006324958321, "loc": -0.011192452081064442, "logScale": -3.8623936265819276}