{"g1": 0.16978059628402195, "g2": 10.073193355139145, "logK": -1.2238293094341042, "loc": -0.014762812789812757, "logScale": -2.582186285916607}