{"g1": 0.35677033814480297, "g2": 8.38328990888434, "logK": -2.533967140688325, "loc": 0.0024517150420831292, "logScale": -2.7444860194390963}