{"g1": 0.6908416498864987, "g2": 0.05277582712042772, "logK": -3.542013054090294, "loc": -0.010257599915477623, "logScale": -3.9933249021915076}