{"g1": 0.2754947111534406, "g2": 9.066638553543125, "logK": -1.8266771127815293, "loc": -0.015927935220215843, "logScale": -3.100098883075951}