{"g1": 0.27767505597566855, "g2": 13.489702721407559, "logK": -0.13423286299569281, "loc": 0.0025207175744698853, "logScale": -3.9916706095177865}