{"g1": 0.1342634749072354, "g2": 9.3474641553562, "logK": 0.8932373862113994, "loc": -0.07264449967356988, "logScale": -3.6671829885827685}