{"g1": 0.1999032218276925, "g2": 6.448216541908291, "logK": -3.4592579564159576, "loc": 0.016652616494656443, "logScale": -2.9480622487069685}