{"g1": 0.20914892508425353, "g2": 0.5375343256916505, "logK": -3.828756289442633, "loc": 0.0032650865929782225, "logScale": -2.6233508378035904}