{"g1": 0.13440962448131075, "g2": 8.59308266455271, "logK": -2.284484846333389, "loc": 0.01777528175968284, "logScale": -2.8505760083602745}