{"g1": 0.17335934887284601, "g2": 9.973042821058328, "logK": -0.8021372333065059, "loc": -0.05926343823508798, "logScale": -2.5030730401694736}