{"g1": 0.3585428498774703, "g2": 11.067996935640451, "logK": 0.6795789185433065, "loc": -0.029796534601911447, "logScale": -3.8761533027840027}