{"g1": 0.13584312096816356, "g2": 2.355567476410592, "logK": 0.529548985355003, "loc": -0.013814739482880731, "logScale": -3.9961288845403953}