{"g1": 0.2735109504651848, "g2": 0.08746690698454174, "logK": -2.4984225824907327, "loc": -0.015328970259293327, "logScale": -2.655774411187645}