{"g1": 0.6889089929174133, "g2": 2.415299043615721, "logK": -2.8176682085720106, "loc": 0.0007859456669775627, "logScale": -3.9963959934491644}