{"g1": 0.24112591538188516, "g2": 0.7840979252350478, "logK": 0.5577103120374851, "loc": 0.0002852676835106958, "logScale": -3.7884681902671087}