{"g1": 0.9968183702522473, "g2": 0.7446191121209429, "logK": -2.4860784662064463, "loc": -0.013406066611362599, "logScale": -3.387769242171802}