{"g1": 0.8290155862191, "g2": 4.079983168057076, "logK": 0.736944631852728, "loc": -0.04147114936977502, "logScale": -3.960801542295012}