{"g1": 0.9978507471573762, "g2": 2.6521752918233648, "logK": -2.6710149221299258, "loc": 0.028782837751551715, "logScale": -3.147535598845847}