{"g1": 0.8573232182353616, "g2": 1.3468552068860111, "logK": -3.6411875502983815, "loc": -0.008417274651645892, "logScale": -3.995671318204669}