{"g1": 0.014712537771270167, "g2": 13.776942965207438, "logK": -3.941195378128613, "loc": -0.014958162916305308, "logScale": -2.977909691011538}