{"g1": 0.0012100851083309558, "g2": 0.3415955644013494, "logK": -3.0435746285861374, "loc": 0.026474411641899842, "logScale": -2.8357592370531592}