{"g1": 0.0035786593113192877, "g2": 4.148108980879772, "logK": 0.9936513086660477, "loc": -0.0038678751533705383, "logScale": -3.7151358136559822}