{"g1": 0.43957616652321596, "g2": 0.016685930779440555, "logK": 0.7921312487896913, "loc": -0.031571723242346084, "logScale": -3.9957975977916376}