{"g1": 0.0029464574448522995, "g2": 4.4090766212012165, "logK": -2.5736584346636553, "loc": -0.009573345124763112, "logScale": -3.459628465582286}