{"g1": 0.0028950708355397576, "g2": 7.560175443217813, "logK": -2.0938426025284462, "loc": 0.01088598418480671, "logScale": -3.214320486398769}