{"g1": 0.005284234404414834, "g2": 1.819962676727006, "logK": 0.9174755682716653, "loc": -0.00019461589694032277, "logScale": -3.96650959177051}