{"g1": 0.021981010511510718, "g2": 1.590118081034364, "logK": 0.08570377033303878, "loc": -0.05647753482334594, "logScale": 0.2930947582549549}