{"g1": 0.23619074780390098, "g2": 0.3005717641850447, "logK": -4.077348016982361, "loc": 0.12550081444891686, "logScale": 0.9910942878100573}