{"g1": 0.10565428259177623, "g2": 0.014962785685621094, "logK": -0.2304266014498253, "loc": -0.08942219169099583, "logScale": 0.18701143252503316}