{"g1": 0.16280482813821903, "g2": 0.37423079432466155, "logK": -0.5226726487787008, "loc": -0.028873147578974002, "logScale": 0.6094629482789815}