{"g1": 0.16726997205808516, "g2": 0.3413601776139043, "logK": -1.1556493951787756, "loc": 0.01097034007337582, "logScale": 1.2671282403000965}