{"g1": 0.781988297754486, "g2": 0.46230536308940007, "logK": 0.4114636319184599, "loc": -0.04292242570996649, "logScale": 0.10406902455911649}