{"g1": 0.202472582754453, "g2": 0.06467386502859185, "logK": -2.511792331232833, "loc": -0.0952712754434714, "logScale": 1.3339337523373314}