{"g1": 0.6782723741433113, "g2": 0.04632738002267093, "logK": 0.42158602588642025, "loc": -0.08969443755842849, "logScale": 0.5058539106409374}