{"g1": 0.5310192775931073, "g2": 0.017898407677410244, "logK": -3.1311505492230696, "loc": -0.09020689376711069, "logScale": 0.9723447926179484}