{"g1": 0.06675175725938011, "g2": 3.232184789447037, "logK": -2.37111971003159, "loc": 0.009560512415156278, "logScale": 1.2637718401192422}