{"g1": 0.05622169702821528, "g2": 2.4106526223721034, "logK": -1.1517282797046855, "loc": -0.08090325221463479, "logScale": 0.2941040258566774}