{"g1": 0.3869163999003254, "g2": 0.21969175723589274, "logK": 0.4372850904053406, "loc": -0.055221804617720305, "logScale": 0.9185381204896218}