{"g1": 0.6289686476640833, "g2": 0.03019633315243263, "logK": -2.156854488742512, "loc": -0.04459924231360861, "logScale": 1.4180927394372318}