{"g1": 0.05637235032343504, "g2": 3.548549154358578, "logK": 0.13605673041039068, "loc": -0.09131186308728934, "logScale": 0.6943977606409077}