{"g1": 0.04376154876905967, "g2": 7.764085412587105, "logK": -0.6925196905367645, "loc": -0.012441840167807638, "logScale": 0.23931795030704062}