{"g1": 0.084175072743082, "g2": 0.4457149026363275, "logK": 0.6683854305012494, "loc": -0.015223728417339724, "logScale": 0.12767819703503025}