{"g1": 0.16732000319481466, "g2": 0.5026604247695509, "logK": 0.6031861781652706, "loc": -0.12553681775853442, "logScale": 0.07730666048634327}