{"g1": 0.4967661908341131, "g2": 0.28262243721863706, "logK": -4.265263271886327, "loc": 0.10885188103269, "logScale": 0.7980386683453046}