{"g1": 0.034311071361137147, "g2": 0.8151421404171341, "logK": -0.43078266164156886, "loc": 0.12191175775222841, "logScale": 0.9734130176656256}