{"g1": 0.23743910601185347, "g2": 0.05920752623791703, "logK": -0.6536258213908273, "loc": 0.04332354189189346, "logScale": 0.8974579614973776}