{"g1": 0.06758112011136222, "g2": 4.43169608793397, "logK": 0.26027597669750246, "loc": 0.02852997647537484, "logScale": 0.0547576054846427}