{"g1": 0.02018305714991074, "g2": 7.427428919629904, "logK": -1.0191861241083282, "loc": -0.05039513123231268, "logScale": 1.3475845629658896}