{"g1": 0.04485454815665834, "g2": 5.313774091275992, "logK": -2.69894684513587, "loc": -0.05147790221424744, "logScale": 1.5011083992441863}