{"g1": 0.05822248391763227, "g2": 0.3993489455381796, "logK": -0.03702138062001982, "loc": -0.05151626745349853, "logScale": 0.3583280649298277}