{"g1": 0.055638866127100575, "g2": 2.5050441019328398, "logK": -4.992481310922361, "loc": 0.12327426596698157, "logScale": 1.5344344621886041}