{"g1": 0.026833537843469868, "g2": 2.845527085817853, "logK": -3.8993859553361014, "loc": 0.09478604740639282, "logScale": 0.41647279429522543}