{"g1": 0.07896358468680859, "g2": 0.5732595405750869, "logK": 0.9988231840858569, "loc": 0.02297599484872624, "logScale": -0.7783700236574514}