{"g1": 0.8526434753044574, "g2": 0.13301268970353433, "logK": -0.9120474918753454, "loc": -0.03503350856464513, "logScale": 0.8107771048455483}