{"g1": 0.01479621919751943, "g2": 14.025223198701134, "logK": -2.14053296867497, "loc": 0.018880493776654787, "logScale": 1.0317683398723003}