{"g1": 0.2905225878872672, "g2": 0.054907649847351275, "logK": -0.5669299168904418, "loc": -0.07682341281703589, "logScale": 1.142499700934397}