{"g1": 0.14815539216211993, "g2": 0.02469468160394872, "logK": -0.6914158939862013, "loc": 0.026328353347223284, "logScale": 0.5388039754593378}