{"g1": 0.02041598807803513, "g2": 1.667734177867759, "logK": -0.565199064558699, "loc": 0.06271288597782868, "logScale": 0.19310192976424728}