{"g1": 0.10166764392453163, "g2": 1.6449602674710686, "logK": -4.663596783855291, "loc": 0.036889527587934144, "logScale": 0.5685641522686306}