{"g1": 0.5074866083599636, "g2": 0.5822279465407177, "logK": -3.702004576224855, "loc": -0.10119141210389007, "logScale": 0.8416014039354482}