{"g1": 0.06074872612111584, "g2": 9.96591699133392, "logK": 0.16430982848599152, "loc": 0.14971123928194713, "logScale": 0.3116153742210577}