{"g1": 0.024654497492485723, "g2": 8.919301490706648, "logK": -3.9450163570348966, "loc": 0.09699354911203817, "logScale": 0.27261069964779855}