{"g1": 0.027186072411173906, "g2": 0.20951987467997168, "logK": -2.836911142445692, "loc": 0.0605745586348906, "logScale": 0.9034837156155872}