{"g1": 0.36475545094759, "g2": 0.2881103789106625, "logK": -1.0303390976474125, "loc": -0.009083723469225868, "logScale": 0.6469973361617845}