{"g1": 0.01859421052311836, "g2": 9.59046926254614, "logK": -0.8583631217262266, "loc": -0.1175834168811905, "logScale": 1.418820264858776}