{"g1": 0.16028186971759525, "g2": 0.02947262831393885, "logK": -0.3072397162792519, "loc": -0.0844599755089312, "logScale": 0.855537184340547}