{"g1": 0.7313903451644233, "g2": 0.05913869711841091, "logK": -0.24783365430840432, "loc": 0.0871098177545711, "logScale": 1.3693344719166713}