{"g1": 0.11992546942712817, "g2": 4.209867144559009, "logK": 0.7218988186257032, "loc": -0.0437171757911763, "logScale": -0.3331790530114911}