{"g1": 0.01118827246400254, "g2": 14.093096996330464, "logK": -2.077467846825638, "loc": -0.0017506022479616614, "logScale": -1.9588285499708034}