{"g1": 0.020508973460522682, "g2": 3.8534752617295145, "logK": -0.8385564193457249, "loc": -0.06591282702184272, "logScale": 1.202772587393677}