{"g1": 0.40264223660395737, "g2": 0.20401787801148608, "logK": 0.6846682941203515, "loc": -0.14504880992358538, "logScale": -0.0049167004475070275}