{"g1": 0.03053476783067466, "g2": 5.221654560679589, "logK": -1.870747330594167, "loc": -0.031934559887113266, "logScale": 1.0040352737970921}