{"g1": 0.07317274751898607, "g2": 13.034506802557363, "logK": -0.012273304234665383, "loc": -0.08712183565530372, "logScale": 0.8706640647986672}