{"g1": 0.7005501359142848, "g2": 0.021920079668583628, "logK": -3.2494943779221193, "loc": -0.0037451151337864197, "logScale": 1.1004277806275005}