{"g1": 0.1916542102252196, "g2": 0.027220647906979423, "logK": -1.0430648707091876, "loc": -0.13481119192832342, "logScale": 0.8509817494256624}