{"g1": 0.39622880094060564, "g2": 0.03828882771233443, "logK": -1.866010170428227, "loc": 0.06552684748869027, "logScale": 0.32298805707264194}