{"g1": 0.007319485227587512, "g2": 12.663817335183138, "logK": -2.374238870195595, "loc": 0.05437884235288547, "logScale": 1.1455490519748381}