{"g1": 0.06663276140438298, "g2": 2.4626641722354403, "logK": -3.148386865424936, "loc": -0.0059390408247326915, "logScale": 1.4751594468523546}