{"g1": 0.02848841373231627, "g2": 9.19179627253288, "logK": -0.34651374510579586, "loc": -0.09978400379161063, "logScale": -2.126397389206526}