{"g1": 0.14789313567626405, "g2": 4.357003627104727, "logK": -4.086058965394538, "loc": -0.0077976974114377096, "logScale": 0.9074102368124812}