{"g1": 0.02541446522380797, "g2": 8.512171783545146, "logK": -0.20787357518024452, "loc": -0.11338043535998135, "logScale": 0.9600415673426591}