{"g1": 0.029867714849590152, "g2": 1.1284711365247344, "logK": -2.086977331148983, "loc": -0.13412214946959788, "logScale": 0.8689310554511421}