{"g1": 0.05378629982215563, "g2": 2.4743778717321296, "logK": -4.5362818862633665, "loc": 0.04637029643603546, "logScale": 1.3530975154495053}