{"g1": 0.0266496822824991, "g2": 0.5069785977932089, "logK": -0.8977821352668522, "loc": 0.0273601100490488, "logScale": 0.27484414095966414}