{"g1": 0.048757732940005294, "g2": 5.473830147136914, "logK": -1.7386000131060313, "loc": 0.029824808260077034, "logScale": 1.0262638001398516}