{"g1": 0.019856333436625476, "g2": 0.7380648412678978, "logK": 0.8278529867407388, "loc": -0.1276603236214747, "logScale": -0.16448351316902704}