{"g1": 0.08943915195803205, "g2": 2.7925934473755687, "logK": 0.12308503792312825, "loc": 0.01641961124816342, "logScale": 0.732708988340705}