{"g1": 0.14345464210602948, "g2": 0.831699172923893, "logK": 0.4706007678038277, "loc": -0.1010516414189402, "logScale": 0.5612594589256198}