{"g1": 0.0459078023027901, "g2": 3.055212861383104, "logK": -2.3180825897412323, "loc": -0.025283627238405763, "logScale": 0.36948151285323955}