{"g1": 0.07040696476809657, "g2": 9.484464193645877, "logK": -0.08645694717896169, "loc": -0.06869275926859829, "logScale": 0.7780883291674102}