{"g1": 0.02459106843066576, "g2": 0.44430185850070486, "logK": -3.5794200945488273, "loc": -0.07275151664433528, "logScale": 0.4265814250624223}