{"g1": 0.05388136684994129, "g2": 5.0287136436988185, "logK": -2.1338536882237955, "loc": 0.12815681963383702, "logScale": 0.3938743428619857}