{"g1": 0.0016774269175118886, "g2": 12.489492400402284, "logK": -1.020448114890815, "loc": 0.06741291486489182, "logScale": 1.173875938830236}