{"g1": 0.02405327426853929, "g2": 9.822687199906543, "logK": -0.7530481921805419, "loc": 0.03394592774593133, "logScale": 0.775374564588614}