{"g1": 0.939798855744638, "g2": 0.13082369377002062, "logK": 0.6542918968910443, "loc": -0.08040091407777976, "logScale": -0.23340081159506917}