{"g1": 0.06417380375268718, "g2": 1.1192352384761515, "logK": 0.07842925183943583, "loc": -0.1306671391583447, "logScale": 0.5570064406785057}