{"g1": 0.49471661479743995, "g2": 0.024687345986748876, "logK": -3.452917053941162, "loc": -0.12307098134056191, "logScale": 0.5002699532368304}