{"g1": 0.2505264750789752, "g2": 2.013234342700455, "logK": 0.864612027546542, "loc": -0.1225821544015757, "logScale": 0.10895768103068315}