{"g1": 0.05284190100639316, "g2": 14.428855532533955, "logK": -0.9640003328670836, "loc": -0.14101958463753692, "logScale": 0.3610918652765883}