{"g1": 0.031222229187061107, "g2": 0.04395223505589979, "logK": -3.511750840128907, "loc": 0.06624317580317951, "logScale": 0.31637358163423257}