{"g1": 0.005792939307078374, "g2": 12.733235845876306, "logK": 0.9743091025850368, "loc": -0.07628137515533584, "logScale": -0.1038816242649625}