{"g1": 0.02609396090893966, "g2": 0.943837804061677, "logK": -0.7360792985239744, "loc": 0.1449371202035331, "logScale": 0.8775055621539838}