{"g1": 0.057128030418717446, "g2": 4.31606017392745, "logK": -2.233366554062541, "loc": -0.06047800347924339, "logScale": 1.7496086091725664}