{"g1": 0.019472784950963523, "g2": 1.4891854040788726, "logK": -4.509967840274086, "loc": -0.006305002947355268, "logScale": -1.946729592567122}