{"g1": 0.13913631395860115, "g2": 1.4383566794664806, "logK": -2.61085806876723, "loc": 0.04882584370287017, "logScale": 0.926065125273604}