{"g1": 0.037852452388210577, "g2": 6.880805331244689, "logK": -0.17846137329264078, "loc": 0.06486113150765413, "logScale": 1.0485104252043174}