{"g1": 0.001450035843623373, "g2": 9.736565078617996, "logK": 0.2689368020129158, "loc": -0.07038045595131928, "logScale": 0.5145254014994171}