{"g1": 0.003335853329873177, "g2": 8.448148958578116, "logK": -3.7245905505150265, "loc": -0.058987949109286654, "logScale": 1.4809619760547055}