{"g1": 0.06438122777119291, "g2": 6.9499109485043835, "logK": -0.07418497361660237, "loc": -0.05774732463338818, "logScale": 1.0614087969057147}