{"g1": 0.19465901494204446, "g2": 0.3048367656255615, "logK": 0.3533687385321559, "loc": 0.08173963532228375, "logScale": 0.2685375013306862}