{"g1": 0.7102677265987452, "g2": 0.04956769055666144, "logK": -3.349740162314749, "loc": -0.12846469094914484, "logScale": 0.7281788883477313}