{"g1": 0.07835522755706144, "g2": 2.053783960510356, "logK": 0.6799902879984998, "loc": -0.03707490447787126, "logScale": -0.2187551394065419}