{"g1": 0.09324928575257135, "g2": 0.0344593887868222, "logK": -2.5179395012373043, "loc": -0.14040931740074966, "logScale": 0.5573810717326966}