{"g1": 0.547130082295331, "g2": 0.16263368015604152, "logK": 0.2324110450689263, "loc": 0.019394071191270096, "logScale": 0.573549751522976}