{"g1": 0.6179117653296771, "g2": 0.008868074876344667, "logK": 0.10259909956879076, "loc": -0.0638051849799407, "logScale": -0.250614460659183}