{"g1": 0.07000753741261212, "g2": 7.643659814000498, "logK": 0.46567638253592225, "loc": -0.04552704374450221, "logScale": 0.5088888483227239}