{"g1": 0.3168679194259003, "g2": 0.017700382932767503, "logK": -3.343373421536184, "loc": 0.0415129965358005, "logScale": 1.563133544630298}