{"g1": 0.019234544769830192, "g2": 5.820695952998236, "logK": -4.095398080559996, "loc": 0.029225938601962913, "logScale": 0.36286046543025274}