{"g1": 0.16984131439809436, "g2": 0.6870324157835428, "logK": 0.38376166582141136, "loc": -0.014390129832085777, "logScale": 0.27459385826973115}