{"g1": 0.24468523418346771, "g2": 0.6039863486458155, "logK": -3.3741167788315307, "loc": 0.10768423468447688, "logScale": 0.5726325112516077}