{"g1": 0.012999234368122406, "g2": 4.959006949955334, "logK": -3.1320382492176893, "loc": 0.0646728795211484, "logScale": 1.5057970159428569}