{"g1": 0.03210204911824012, "g2": 7.781409536203993, "logK": 0.1846217804817576, "loc": 0.022855180386235855, "logScale": 0.36148933243209574}