{"g1": 0.03759169792454213, "g2": 1.6931280019962331, "logK": 0.2413532018290494, "loc": -0.13188467444149515, "logScale": 0.40025146292739333}