{"g1": 0.6735910654185617, "g2": 0.058312033508996386, "logK": -4.208378708738139, "loc": -0.06357749914419746, "logScale": 0.9585685359334524}