{"g1": 0.9040418435647127, "g2": 0.06479611537528657, "logK": -1.109879344064673, "loc": -0.007338210440888632, "logScale": 0.8147192304567378}