{"g1": 0.04982993367163807, "g2": 6.634028240279278, "logK": -0.10210008073937726, "loc": -0.11865548759061054, "logScale": 1.2511074732949585}