{"g1": 0.0016118141499903288, "g2": 12.515157290082545, "logK": 0.8140102175110454, "loc": 0.05451623147324536, "logScale": -0.19308177537513913}