{"g1": 0.041375296331692915, "g2": 7.095939535867471, "logK": -0.385724649785515, "loc": 0.02872246146055142, "logScale": 1.6216729751452068}