{"g1": 0.03602223816466262, "g2": 1.4834556707949904, "logK": -3.4675329987531542, "loc": -0.08395875235780151, "logScale": 1.1799284822217455}