{"g1": 0.04752270794206773, "g2": 1.26515824733778, "logK": -0.16386634808155298, "loc": 0.03052929130836174, "logScale": 0.44027324180482236}