{"g1": 0.24058172238766626, "g2": 0.364483268767611, "logK": 0.8144171009210598, "loc": -0.009401384240056834, "logScale": -0.5983978220279409}