{"g1": 0.017610166633892144, "g2": 9.803345927887033, "logK": -4.172107710470108, "loc": -0.1465893775871038, "logScale": 0.3571635110053768}