{"g1": 0.1692510083632871, "g2": 1.84120444175326, "logK": -2.142620961825169, "loc": 0.06537526043589414, "logScale": 1.6326838814949487}