{"g1": 0.02350545940681864, "g2": 1.0664815288303153, "logK": 0.40047989597875233, "loc": 0.10199349488058738, "logScale": 0.21544725246363378}