{"g1": 0.2239928179673048, "g2": 0.4778807597927136, "logK": -0.017271105559450772, "loc": 0.061255554365798506, "logScale": 0.07516587129258734}