{"g1": 0.02812889248051502, "g2": 13.302827548411978, "logK": -0.5537758258146588, "loc": 0.13458513156352656, "logScale": 0.05250877871485393}