{"g1": 0.0016691134068458138, "g2": 8.293670864208869, "logK": -2.8324494848938953, "loc": 0.09552226528676448, "logScale": 0.38434589017627013}