{"g1": 0.046264510765729044, "g2": 12.576635346848702, "logK": -0.03346403587713498, "loc": 0.034308910106538144, "logScale": 0.5865202449223403}