{"g1": 0.13234149491450603, "g2": 5.355091748206968, "logK": -2.0566028285914917, "loc": 0.10204505926038288, "logScale": 1.104375858450764}