{"g1": 0.24768665247102226, "g2": 0.6499957582497251, "logK": -2.801254286188298, "loc": 0.0778752721081876, "logScale": 1.1478573560104295}