{"g1": 0.7208788763481329, "g2": 0.4176672753647693, "logK": -4.028296270450646, "loc": -0.09107728765555076, "logScale": 0.8000474187939077}