{"g1": 0.15543003702807176, "g2": 0.006051680222867967, "logK": -1.446149949143812, "loc": 0.017141331615475444, "logScale": 0.2861267383947165}