{"g1": 0.2707357276976258, "g2": 0.025073290670185266, "logK": 0.0469591420639522, "loc": 0.12888931970068163, "logScale": 0.053632209296306244}