{"g1": 0.05361120179058499, "g2": 0.02700137387826329, "logK": -0.5759058184242541, "loc": 0.006159061153520433, "logScale": 0.48695820178448046}