{"g1": 0.22853618705111148, "g2": 0.05736321618137752, "logK": -1.0760723545455648, "loc": 0.13895852895856417, "logScale": 0.37591280979309116}