{"g1": 0.735355250303096, "g2": 0.03403718539799455, "logK": 0.4874106062695878, "loc": 0.13416612587925056, "logScale": -0.5330376090470168}