{"g1": 0.27487741065404603, "g2": 0.5181218369166515, "logK": 0.5253164469649803, "loc": 0.018753268218540564, "logScale": 0.697073832961096}