{"g1": 0.0022104234292335545, "g2": 5.252142216008261, "logK": 0.5364901004197443, "loc": 0.14714838399407704, "logScale": 0.3421618075253089}