{"g1": 0.12312899159557301, "g2": 3.40051965019617, "logK": -3.342609475299504, "loc": -0.026709158918076584, "logScale": 1.322776071279684}