{"g1": 0.6081753943374564, "g2": 0.060006511467718786, "logK": 0.8485735379132904, "loc": -0.01069134934781317, "logScale": -0.6052330083990596}