{"g1": 0.05479687858978083, "g2": 8.20487661322229, "logK": -0.8106865682462011, "loc": -0.03481557212036093, "logScale": 0.08889343760548224}