{"g1": 0.016067255847402206, "g2": 12.068213489911376, "logK": -0.7422266617226523, "loc": 0.1139360834998526, "logScale": 1.0159370908796195}