{"g1": 0.2942990475685124, "g2": 0.06505668326107492, "logK": -0.8284687192783102, "loc": -0.02513371624603967, "logScale": 0.5442478732363891}