{"g1": 0.07392458572727953, "g2": 2.4325387546897588, "logK": -2.220965881092542, "loc": 0.07017207985898709, "logScale": 0.46014502597091117}