{"g1": 0.03179220780138581, "g2": 3.056829955262106, "logK": -3.560942350762408, "loc": 0.04001426779405824, "logScale": 1.1625854699774354}