{"g1": 0.09115418520528885, "g2": 5.897230401278061, "logK": -3.393014916223783, "loc": -0.04776648877493267, "logScale": 0.37031751786786454}