{"g1": 0.24172361131211373, "g2": 5.279299477032643, "logK": 0.6751454030560934, "loc": -0.010084868196034463, "logScale": -0.1736955190559294}