{"g1": 0.99892352404902, "g2": 0.07745071540562005, "logK": -1.5518244108816277, "loc": -0.05845326963570947, "logScale": 0.9992781828466518}