{"g1": 0.6515082490583513, "g2": 0.07675047846301167, "logK": -1.5636996687866234, "loc": 0.10992402486325509, "logScale": 1.27926831101394}