{"g1": 0.07113341894588014, "g2": 0.8186355934857013, "logK": 0.32872572009326195, "loc": -0.14085542380150148, "logScale": 0.2407430750190036}