{"g1": 0.9313392189943464, "g2": 0.24782211466281084, "logK": -2.5471372274517385, "loc": 0.00020665743195727448, "logScale": 1.8044474617468145}