{"g1": 0.014004601757013707, "g2": 14.556072315639536, "logK": -1.1653139302024262, "loc": -0.017924508224743507, "logScale": 0.1317974757718478}