{"g1": 0.31604397609381374, "g2": 0.024524530160003888, "logK": -2.7090237289359895, "loc": 0.041940628261081844, "logScale": 0.8862968681736164}