{"g1": 0.6282359776492983, "g2": 0.36527524258930055, "logK": 0.4733741475519251, "loc": -0.03274781349423968, "logScale": 0.4798645937463135}