{"g1": 0.10603972866378875, "g2": 0.042165879894740854, "logK": -2.3484597012332555, "loc": -0.11956028312253195, "logScale": 1.149459193123849}