{"g1": 0.10133135160990125, "g2": 1.0731763383412654, "logK": -0.5696905956352758, "loc": -0.016227387422576373, "logScale": 1.5961622948097347}