{"g1": 0.11074852815700115, "g2": 3.5869586389552683, "logK": 0.3895482576735576, "loc": 0.08654689228585304, "logScale": 0.5575642930128912}