{"g1": 0.01757034408624386, "g2": 6.300799122277168, "logK": -2.400363243920734, "loc": 0.09909950955888536, "logScale": 0.29880950478786844}