{"g1": 0.06216151937659281, "g2": 0.004254243884542319, "logK": -4.141941288608823, "loc": -0.028723565140927027, "logScale": 0.6258503343665066}