{"g1": 0.032172349178793636, "g2": 11.754579140693577, "logK": -0.20621962912355007, "loc": -0.10499046012454137, "logScale": 0.5537126901722866}