{"g1": 0.012993474548678711, "g2": 4.531054434413521, "logK": 0.6366420434959058, "loc": 0.05090266518082294, "logScale": -0.2911627264623755}