{"g1": 0.0034110857278999603, "g2": 9.230238674161985, "logK": 0.6159216289785284, "loc": -0.11488980764463015, "logScale": 0.16053975400856646}