{"g1": 0.8125571328890883, "g2": 0.008539543160874356, "logK": 0.22209053260960587, "loc": -0.14205585057927925, "logScale": 0.09970403785160453}