{"g1": 0.07772245551573675, "g2": 10.614946554354873, "logK": 0.23644033933763153, "loc": 0.021882177960017624, "logScale": 0.766981969340341}