{"g1": 0.22137192606640502, "g2": 0.13451678007331436, "logK": 0.6133572884916647, "loc": -0.07483756973394744, "logScale": -0.4350593107278615}