{"g1": 0.07089063684267191, "g2": 10.944711362282437, "logK": -3.6552736179185774, "loc": 0.046351931800802465, "logScale": 0.42300344336966844}