{"g1": 0.13394250835677807, "g2": 9.941360064299353, "logK": 0.8729761644203924, "loc": -0.11355495255057411, "logScale": 0.20156416327404114}