{"g1": 0.13636223269827724, "g2": 0.1303425265508058, "logK": -4.557962312747275, "loc": 0.11829500294085968, "logScale": 1.1972725333482346}