{"g1": 0.03308057996278935, "g2": 12.161000273052467, "logK": -4.099675173362584, "loc": 0.12522777518551045, "logScale": 1.099500913022694}