{"g1": 0.02407378082110112, "g2": 0.8549293706903751, "logK": -0.16682882313378666, "loc": 0.11385034214942474, "logScale": 0.5879325413957516}