{"g1": 0.21826650286326815, "g2": 0.08268493269033712, "logK": -0.9208563983816767, "loc": 0.14291495411840763, "logScale": 0.6430324795518345}