{"g1": 0.7661930770884509, "g2": 0.011109764237997033, "logK": -0.32409214434080513, "loc": 0.02430173179346195, "logScale": -0.0030931314183270664}