{"g1": 0.603264324305831, "g2": 0.17235542534360182, "logK": 0.9320199075089153, "loc": 0.014693353297821815, "logScale": -0.7206932367289645}