{"g1": 0.002050065134975243, "g2": 4.797490711900982, "logK": -4.206255761422604, "loc": 0.07342738339552204, "logScale": 0.19784112966143877}