{"g1": 0.8884882111447856, "g2": 0.04577528806284353, "logK": -2.364226346561263, "loc": -0.0033294984478955125, "logScale": 0.9562513095085822}