{"g1": 0.05846286310654125, "g2": 0.9452734180702983, "logK": -0.1566483869739923, "loc": 0.0014564715387467009, "logScale": 0.47593249744360694}