{"g1": 0.1758352472475953, "g2": 2.0520137071792433, "logK": -0.3909549789003304, "loc": 0.012683181327046267, "logScale": 0.9328669704440725}