{"g1": 0.0014103744088871384, "g2": 4.606230481105102, "logK": 0.8494925177889905, "loc": 0.02852294109176751, "logScale": -0.8131316108553374}