{"g1": 0.024804289026521528, "g2": 3.3494108753454186, "logK": 0.5334361376348112, "loc": -0.11822701184449413, "logScale": 0.5052496032318058}