{"g1": 0.02502824961891715, "g2": 3.8144781418253344, "logK": -0.2264032912238087, "loc": -0.07210409337626171, "logScale": 0.5412480118937124}