{"g1": 0.0032515988715635475, "g2": 3.246130380282691, "logK": -4.652394648639122, "loc": 0.060329485240401146, "logScale": 0.2795920256316239}