{"g1": 0.020900464377016578, "g2": 8.96491695632411, "logK": 0.41224174382961465, "loc": 0.04440893868619316, "logScale": 0.5175192653126612}