{"g1": 0.11488597060145225, "g2": 0.004495675551858147, "logK": 0.10255966781288192, "loc": -0.08864361108483462, "logScale": 0.21694437164984598}