{"g1": 0.8227695130353677, "g2": 0.31139134657291834, "logK": -4.00850847870917, "loc": 0.06190106748488109, "logScale": 2.1061261990422793}