{"g1": 0.02773158620319695, "g2": 1.2561183333695671, "logK": -0.33111828516997305, "loc": -0.041638234187215406, "logScale": 1.1378085828239008}