{"g1": 0.07413851904987037, "g2": 0.06153242384200086, "logK": -0.9555710612884132, "loc": -0.0515940989688896, "logScale": 0.7004581165440321}