{"g1": 0.03040365415581741, "g2": 0.03668427356483539, "logK": -3.2945666443510326, "loc": 0.12702618392147474, "logScale": 0.7619524531824752}