{"g1": 0.9073387034697113, "g2": 0.0077462315450524954, "logK": -0.3088984695671685, "loc": -0.06636790016023585, "logScale": 1.0256682457602628}