{"g1": 0.15017864765434805, "g2": 0.24746612124713452, "logK": 0.9843324785430815, "loc": -0.030766230786942315, "logScale": 0.40080657583433627}