{"g1": 0.07580634780412204, "g2": 1.0376589085053864, "logK": 0.3203180837600126, "loc": 0.05002872349666318, "logScale": 0.30786974750209595}