{"g1": 0.08136431500994301, "g2": 7.6039280968368255, "logK": -0.37063150081052776, "loc": 0.08684223740174812, "logScale": 1.1079450469778205}