{"g1": 0.003184611741685466, "g2": 13.078037131884415, "logK": -4.47715463609372, "loc": -0.007106790637038892, "logScale": 0.5572413384444362}