{"g1": 0.006901614922785487, "g2": 5.563449868707366, "logK": 0.6835141765570637, "loc": 0.01112390804472264, "logScale": 0.3098743356987175}