{"g1": 0.022757917666982985, "g2": 8.05744469333442, "logK": -2.5852519580675897, "loc": 0.001072586413612367, "logScale": 0.9766573515513721}