{"g1": 0.03976930110658011, "g2": 0.9831010153613045, "logK": -1.1774187622303693, "loc": -0.0566708536289375, "logScale": 0.2883297742840323}