{"g1": 0.025813493783567433, "g2": 0.2893440368560345, "logK": -1.7918624613832188, "loc": 0.04773322447322643, "logScale": 1.427985312859092}