{"g1": 0.05416927907926471, "g2": 1.6943729522722317, "logK": -0.6413366786259833, "loc": -0.0011467384162701724, "logScale": 0.2766756057636589}