{"g1": 0.04758829818128751, "g2": 7.779810502625555, "logK": -2.2125078125440893, "loc": 0.017357880598493934, "logScale": 0.3658197343481717}