{"g1": 0.11928406795253167, "g2": 1.3616129566364399, "logK": -4.993717047360726, "loc": 0.017012009556447306, "logScale": 1.241811726129873}