{"g1": 0.14829453523147806, "g2": 0.03131253892237196, "logK": 0.209413089944884, "loc": 0.09687822731862546, "logScale": -0.27468781437159767}