{"g1": 0.8051053290292982, "g2": 0.06655647285469711, "logK": -2.967041016300423, "loc": -0.03256048562901741, "logScale": 0.4760971684649222}