{"g1": 0.04049849807889773, "g2": 3.4844813751950756, "logK": 0.2804577424555852, "loc": -0.1120406458972709, "logScale": 1.4192676667145114}