{"g1": 0.16614029761799853, "g2": 4.45965981088227, "logK": 0.3818380584890897, "loc": -0.06989630027440727, "logScale": -0.11434426314863139}