{"g1": 0.7077695178919315, "g2": 0.11069652853072487, "logK": -2.5015489482767697, "loc": 0.1299132898512829, "logScale": 0.35008820298046506}