{"g1": 0.023931448458764056, "g2": 6.037549044303001, "logK": -3.2115672009912863, "loc": 0.13509336564351698, "logScale": 0.3279504425282271}