{"g1": 0.10346526811227325, "g2": 0.5135819791472165, "logK": -0.7569272978745316, "loc": 0.019947684402006498, "logScale": 1.077635538256126}