{"g1": 0.019047127292618225, "g2": 4.747206802228899, "logK": -2.4135336198153143, "loc": 0.1266478567426111, "logScale": 0.44952557407572824}