{"g1": 0.150044672695424, "g2": 1.012898904633249, "logK": 0.7434476257957431, "loc": -0.09225073248170507, "logScale": 0.26856477457973665}