{"g1": 0.01900033615294201, "g2": 9.303985388635326, "logK": 0.6835591236554379, "loc": -0.0449462998376585, "logScale": -0.17572344941957033}