{"g1": 0.007164410923389042, "g2": 4.419220885170619, "logK": -1.3968030960742357, "loc": -0.035039977700892504, "logScale": 0.3457219601681528}