{"g1": 0.6071895071305329, "g2": 0.0432808403189091, "logK": -4.652104703476979, "loc": 0.10186721392939986, "logScale": 0.4468939409773387}