{"g1": 0.0063401510815308815, "g2": 5.2376286957774045, "logK": 0.22719557026832327, "loc": -0.02652041416927441, "logScale": 0.35600925269185374}