{"g1": 0.04008309406376925, "g2": 2.348845119058353, "logK": -3.988298743542003, "loc": -0.11312131916585001, "logScale": 1.6321246832815015}