{"g1": 0.8677426263138327, "g2": 0.011997873202112208, "logK": 0.5073437193267427, "loc": -0.09465581232633033, "logScale": 0.08876814907085648}