{"g1": 0.05626725793657672, "g2": 8.410646143623557, "logK": -0.03133562260877376, "loc": 0.019389678305090502, "logScale": 0.45647510561084714}