{"g1": 0.009444717198980854, "g2": 4.869080485162986, "logK": -2.908649694582722, "loc": -0.09560024439349527, "logScale": 1.426962338128639}