{"g1": 0.49875265479350883, "g2": 0.246020321329121, "logK": 0.6008723356674137, "loc": -0.1338255682217061, "logScale": 0.0008167145335583881}