{"g1": 0.0281822894223995, "g2": 2.771902798179314, "logK": -3.7081890238792927, "loc": -0.06550858059531789, "logScale": 1.2789787232324044}