{"g1": 0.27494898994842093, "g2": 0.07735016760281832, "logK": 0.6142609421341031, "loc": -0.09130861714680566, "logScale": -0.003904822879435055}