{"g1": 0.5115581218790382, "g2": 0.23501667099962076, "logK": 0.9991337808591105, "loc": -0.022528247166179127, "logScale": 0.1588746508705825}