{"g1": 0.03547719671818045, "g2": 8.336690065617724, "logK": 0.6734478905806079, "loc": -0.008886549813664282, "logScale": 0.29081510701021573}