{"g1": 0.08178619073806986, "g2": 0.3857612242520481, "logK": 0.0788164414948298, "loc": 0.00836564655625268, "logScale": 0.7055704093919662}