{"g1": 0.6708304498298117, "g2": 0.07862718606303709, "logK": -4.859472210333171, "loc": -0.021821301905933604, "logScale": 0.4648337012333248}