{"g1": 0.2998087412971038, "g2": 0.15883716569715212, "logK": -1.5576292275653982, "loc": -0.12541409756652797, "logScale": 1.121355254914428}