{"g1": 0.03224440299891769, "g2": 4.170655608961535, "logK": -0.3862817826501633, "loc": -0.016335039051584607, "logScale": 0.2034353087166127}