{"g1": 0.6171877721364231, "g2": 0.04397994519086604, "logK": -0.42923485965955277, "loc": 0.09278433597028946, "logScale": 1.2234809505849884}