{"g1": 0.02894921915288602, "g2": 3.1913113081168483, "logK": 0.8793005056906134, "loc": 0.129654560720314, "logScale": -0.2111276887302038}