{"g1": 0.022630886630536327, "g2": 1.305589523400153, "logK": -2.6564925998505635, "loc": 0.04156193851219094, "logScale": 1.1718825030234723}