{"g1": 0.07054471859766775, "g2": 6.124130859134693, "logK": -3.9653726264651943, "loc": -0.12959140267419714, "logScale": 1.4618438841078456}