{"g1": 0.03349346934312012, "g2": 0.20213852991131986, "logK": -0.5733544181061124, "loc": -0.00731569166928725, "logScale": 0.016446326390596427}