{"g1": 0.035622867713284365, "g2": 0.15899567781720925, "logK": 0.5208349812483616, "loc": 0.07942295088262018, "logScale": -0.2667800576428506}