{"g1": 0.018205481833884093, "g2": 9.081126230331325, "logK": -0.8962779980481823, "loc": -0.03550068111234064, "logScale": 1.076681255334972}