{"g1": 0.21418099594106435, "g2": 0.00898933694847831, "logK": -4.697524793512732, "loc": 0.021498449328257754, "logScale": 0.6568772223833241}