{"g1": 0.10617854375318758, "g2": 0.020058773773565797, "logK": 0.45161060231709405, "loc": 0.12333791686576477, "logScale": 0.018531943539163043}