{"g1": 0.0022500208398002694, "g2": 10.554009932585531, "logK": 0.15158513466983387, "loc": 0.08150838283871109, "logScale": 0.6864155573584492}