{"g1": 0.9080299951363232, "g2": 0.35780370567643494, "logK": -1.352244361664583, "loc": 0.10802326480397619, "logScale": 1.385334953853213}