{"g1": 0.2922803666597915, "g2": 0.021049716853310807, "logK": -0.21355077867849626, "loc": -0.035789238365508624, "logScale": 0.48428126461984505}