{"g1": 0.24578615716997754, "g2": 0.750748554542578, "logK": -0.22924321052094493, "loc": 0.09547949041764167, "logScale": 0.9031628716203802}