{"g1": 0.03503282026435014, "g2": 0.016374259808572433, "logK": -0.8102974493948163, "loc": -0.08493903766984874, "logScale": 0.3140782618385286}