{"g1": 0.38528511605566795, "g2": 0.2600919943846296, "logK": -1.9452994344963115, "loc": -0.10551717298204591, "logScale": 1.3607966686172497}