{"g1": 0.03415296270639202, "g2": 5.9674509268535685, "logK": -4.217737560911263, "loc": -0.1298209401960393, "logScale": 1.3097485639216915}