{"g1": 0.0036786374350138984, "g2": 3.756023465093657, "logK": -1.5944521828319158, "loc": -0.04693243120547258, "logScale": 0.37874544268311744}