{"g1": 0.09416947102040751, "g2": 8.076051889753945, "logK": -1.6111525151090835, "loc": 0.01328378011572434, "logScale": 1.3701460556371066}