{"g1": 0.027861923365264107, "g2": 10.479312855747452, "logK": -3.5081721263138186, "loc": -0.07607030660904272, "logScale": 1.5829060274086808}