{"g1": 0.1379386513967631, "g2": 4.243749200437536, "logK": 0.4556262799422848, "loc": -0.07075319917192614, "logScale": 0.1956503546136369}