{"g1": 0.8795013213028973, "g2": 0.0014625053546514222, "logK": 0.94684639357021, "loc": 0.06403724093381186, "logScale": -0.8398561380387031}