{"g1": 0.0016255348444838488, "g2": 11.661910153020713, "logK": -3.5118309577599076, "loc": 0.026199920926936876, "logScale": 1.6533670053528189}