{"g1": 0.022558340541503866, "g2": 9.947775839404674, "logK": -2.888044530182018, "loc": -0.12380112255783157, "logScale": 0.9843593092909055}