{"g1": 0.053523032866146354, "g2": 0.4179638515459111, "logK": 0.34274575724532663, "loc": 0.05861209299590972, "logScale": 0.6731291487082485}