{"g1": 0.40930801561186664, "g2": 0.5842668912000958, "logK": -0.6411349092556597, "loc": -0.08443898842021064, "logScale": 0.6324697379622283}