{"g1": 0.17471975746504945, "g2": 9.226086479026602, "logK": 0.7447303213063639, "loc": -0.0039925515518266785, "logScale": -0.14547669921996376}