{"g1": 0.0029599801521896403, "g2": 9.066076085553041, "logK": -0.4875485695959474, "loc": -0.002553501629150195, "logScale": 0.7870097888476135}