{"g1": 0.04975817577659891, "g2": 11.321449813789942, "logK": 0.3591844445525667, "loc": -0.09628619232116456, "logScale": 0.5737949444142812}