{"g1": 0.018297345699978578, "g2": 14.55562298974928, "logK": -0.9582921842650214, "loc": -0.007487658494102323, "logScale": 0.25907351733334577}