{"g1": 0.3419568482433855, "g2": 0.2977168447836265, "logK": -1.808056691172275, "loc": 0.057699535278547945, "logScale": 1.3302130354304686}