{"g1": 0.36593692448445425, "g2": 0.4192608082623206, "logK": -0.29922620555941426, "loc": -0.1435896347736974, "logScale": 0.5752369416285197}