{"g1": 0.13830959821461342, "g2": 0.5927930958848195, "logK": 0.3903677289970434, "loc": 0.039802180798110424, "logScale": 0.2252113326830583}