{"g1": 0.006846844682080716, "g2": 11.823332215469128, "logK": -1.4020930925862176, "loc": 0.019207563189216653, "logScale": 1.4664043962467246}