{"g1": 0.0672585751406692, "g2": 0.031751896564118864, "logK": -0.5248723251515364, "loc": -0.006774606599952063, "logScale": 0.1543813767435147}