{"g1": 0.08662914039287117, "g2": 0.7164547962993106, "logK": -3.526313155292585, "loc": -0.03648983297750406, "logScale": 0.9897929287852464}