{"g1": 0.07008460244566464, "g2": 1.8216949974247179, "logK": -3.6270346366772803, "loc": -0.10695741355059787, "logScale": 1.1949113149158546}