{"g1": 0.40518702765927483, "g2": 0.30395555968535426, "logK": 0.3860370003722256, "loc": -0.08456670826230864, "logScale": 0.24038449461662426}