{"g1": 0.03451867725590278, "g2": 3.84857075415171, "logK": -3.2656096916803983, "loc": 0.014609069002238816, "logScale": 1.7049313203119776}