{"g1": 0.22795829767844683, "g2": 0.39347166389126537, "logK": -0.738063892592514, "loc": -0.04709129827400829, "logScale": 1.2414923255193109}