{"g1": 0.03234622875681413, "g2": 5.220450644689308, "logK": -2.1359389522926353, "loc": 0.07030847599081638, "logScale": 0.272156876117003}