{"g1": 0.5048019640083198, "g2": 0.1580008939206358, "logK": 0.6667975865487358, "loc": -0.12701919278659388, "logScale": -0.2355800876227105}