{"g1": 0.11056254534564902, "g2": 6.118168251925231, "logK": -0.6413901145993212, "loc": -0.03961690304534135, "logScale": 0.24472642543392287}