{"g1": 0.03627343068415171, "g2": 13.291118127882772, "logK": 0.27647561340963533, "loc": 0.0346285974936474, "logScale": 0.49959205733310763}