{"g1": 0.01274255226556284, "g2": 0.5555953752889354, "logK": 0.9801272416149226, "loc": 0.14978842172409676, "logScale": 0.4877488838117068}