{"g1": 0.1339916073932108, "g2": 10.350604201238362, "logK": -0.2771838663431079, "loc": -0.02482811910681273, "logScale": 1.36137059342898}