{"g1": 0.8454980167905797, "g2": 0.08518217310990917, "logK": 0.9998929555162261, "loc": 0.004622943119659842, "logScale": -0.252751559734455}