{"g1": 0.023512475446109248, "g2": 7.616027217003458, "logK": -2.4118938956746017, "loc": 0.08275510329141104, "logScale": 0.4253673545326977}