{"g1": 0.006826628278290066, "g2": 8.866741711143867, "logK": -3.2379746102135827, "loc": -0.07141007848133829, "logScale": 0.44653894323616783}