{"g1": 0.07799010934074338, "g2": 0.9347696388258697, "logK": -0.9414005910616774, "loc": 0.08060665197167588, "logScale": 0.5404310805839103}