{"g1": 0.4063509352915818, "g2": 0.016114430965959076, "logK": 0.45909897464928273, "loc": -0.02763448229952714, "logScale": 0.34396899013546245}