{"g1": 0.0016035751360295517, "g2": 13.715103839501822, "logK": -0.18750336964776027, "loc": -0.005522953469288813, "logScale": 0.02220996151175808}