{"g1": 0.8240896374740664, "g2": 0.010938536589049086, "logK": 0.3097578910259745, "loc": -0.05096858401949372, "logScale": 0.030565084365509976}