{"g1": 0.014702455347737658, "g2": 8.411933485783766, "logK": -3.6540511575615904, "loc": 0.14953227076695855, "logScale": 0.33438994765194163}