{"g1": 0.047897442714293734, "g2": 2.2546026215969515, "logK": -3.92313979368454, "loc": -0.0717992482021805, "logScale": 1.315557255021261}