{"g1": 0.07605489066925385, "g2": 5.338216373062428, "logK": -2.0576820284503725, "loc": 0.0651135350666894, "logScale": 0.2754946362783903}