{"g1": 0.32508530756331333, "g2": 0.4272490168179943, "logK": -2.9184615287132996, "loc": 0.1291839286853238, "logScale": 1.010226409249776}