{"g1": 0.09676809840622243, "g2": 1.0993682694372486, "logK": -0.7356738996845167, "loc": -0.0731142679906385, "logScale": 1.4711073403339023}