{"g1": 0.05447211100309826, "g2": 0.803761720120024, "logK": -1.5612491931446537, "loc": -0.10394247245166634, "logScale": 0.7313435129212655}