{"g1": 0.3161898625658031, "g2": 0.03888763940432671, "logK": -1.613462908447497, "loc": 0.07053625959154723, "logScale": 1.5534244594178728}