{"g1": 0.23323001699036777, "g2": 0.690962669985349, "logK": -3.3356754228165983, "loc": -0.07731781162543357, "logScale": 1.406760573466706}