{"g1": 0.0022783616152388317, "g2": 2.958244202434419, "logK": 0.45034909989642546, "loc": 0.14991244531014822, "logScale": -0.4296556563592018}