{"g1": 0.12834968707878308, "g2": 3.957765622082185, "logK": -0.07431357961152191, "loc": 0.11522515817644384, "logScale": 0.7613883224087106}