{"g1": 0.2340885875626022, "g2": 0.04789787249853461, "logK": 0.9989203697438676, "loc": 0.032790006163842665, "logScale": -0.07350705720992234}