{"g1": 0.9764940683540775, "g2": 0.5712631177125038, "logK": 0.7787735908562802, "loc": -0.040346730925087115, "logScale": 0.14399954337295248}