{"g1": 0.0145089382867436, "g2": 5.134822867873983, "logK": -4.4380181329924255, "loc": 0.14029647599269854, "logScale": 1.2197354652839913}