{"g1": 0.03873944475394704, "g2": 0.8427357391529312, "logK": 0.5722439489380233, "loc": -0.08681928865870958, "logScale": 0.07942287245459276}