{"g1": 0.3579158193931413, "g2": 0.05531957947380495, "logK": -0.7959202267789383, "loc": -0.0796919476524508, "logScale": 0.27822158544924536}