{"g1": 0.13970526497817434, "g2": 0.03061864776295442, "logK": -0.7362734066748353, "loc": 0.03223612066687189, "logScale": 0.8599920803038705}