{"g1": 0.028475139642127008, "g2": 2.7142542288484526, "logK": -1.7703202488110064, "loc": 0.11135092628580857, "logScale": 0.4164792028933625}