{"g1": 0.021756760903491653, "g2": 10.583817544928067, "logK": -3.3374716819717962, "loc": -0.0986721319603194, "logScale": 0.3689193425859026}