{"g1": 0.017068742521175247, "g2": 3.8069859172183507, "logK": -1.0742021195470284, "loc": -0.09312179290925358, "logScale": -2.1265562889226612}