{"g1": 0.08254712548593247, "g2": 2.646195815051395, "logK": -2.3380029668723434, "loc": -0.06112973640597667, "logScale": 1.392044175360907}