{"g1": 0.2083598910929164, "g2": 0.05682840352501772, "logK": -2.0960842874961405, "loc": -0.10894978824304331, "logScale": 0.42743944173345727}