{"g1": 0.6895998664842115, "g2": 0.16758242188202632, "logK": -4.987706749865671, "loc": 0.023203279462297135, "logScale": 0.3719743137266791}