{"g1": 0.054357511342757174, "g2": 9.058823882923095, "logK": 0.6985148753599635, "loc": -0.06783404288200859, "logScale": 0.16565533072146935}