{"g1": 0.02806315668828474, "g2": 1.0993476886254778, "logK": -1.8082747053223809, "loc": 0.04000692103502463, "logScale": 1.1294640939115217}