{"g1": 0.06541402658473566, "g2": 0.009466179723205514, "logK": -0.9064319880637473, "loc": 0.02527215945368758, "logScale": 0.14912875746884058}