{"g1": 0.011504353460884062, "g2": 2.617764085983551, "logK": -2.284494690873433, "loc": -0.11434787459082818, "logScale": 1.1758121583647834}