{"g1": 0.04900615288060403, "g2": 0.7670399235845942, "logK": -3.64330598367351, "loc": -0.053812804544192204, "logScale": 0.563778603799517}