{"g1": 0.08052054252232463, "g2": 0.5634574643131831, "logK": -4.1389923021548825, "loc": 0.07782585150969626, "logScale": 2.1198670137921782}