{"g1": 0.22230879243315443, "g2": 0.3518727767205969, "logK": -0.7501104841018797, "loc": 0.08447123400443864, "logScale": 1.4626434890092124}