{"g1": 0.054004909853872414, "g2": 7.437019389939942, "logK": 0.13352747323856468, "loc": -0.0777762676015577, "logScale": 0.49648775259513145}