{"g1": 0.08047360980024088, "g2": 0.049693422604943915, "logK": 0.9982315668231463, "loc": -0.03893852610971248, "logScale": -2.1358632386627607}