{"g1": 0.04641159467611567, "g2": 1.7538793002935384, "logK": -1.4766568999392862, "loc": -0.12474071009358281, "logScale": 0.9827212054546846}