{"g1": 0.04049975511997039, "g2": 0.14377803311996906, "logK": -4.388028207578441, "loc": 0.10183702057214469, "logScale": 0.7152790460000177}