{"g1": 0.043077487577715734, "g2": 7.6473127228993985, "logK": -1.6719914053276512, "loc": 0.07998764994245504, "logScale": 1.491893269810454}