{"g1": 0.8677047613131453, "g2": 1.3818659468210974, "logK": -0.0358316200733334, "loc": -0.02493759680779792, "logScale": -3.760666124674688}