{"g1": 0.9370782456938407, "g2": 8.505942981466507, "logK": -4.465734216444812, "loc": 0.00076844523952572, "logScale": -3.303820400479337}