{"g1": 0.05487593424949651, "g2": 9.954650130199072, "logK": -3.5499443292680577, "loc": -0.04126141005277957, "logScale": 2.1021703848189883}