{"g1": 0.9821013663909832, "g2": 14.890304903636356, "logK": 0.980611754495434, "loc": -0.08789939711945603, "logScale": -2.633881836274691}