{"g1": 0.9943850582190091, "g2": 8.8369804321146, "logK": 0.6324994511406096, "loc": -0.04368081479112437, "logScale": -2.76187180000537}