{"g1": 0.9083959125844593, "g2": 7.1332480627941575, "logK": 0.318562408312824, "loc": -0.09712730389267164, "logScale": -2.642124241925028}