{"g1": 0.8802581567060053, "g2": 2.5141811823621842, "logK": 0.9795477783160467, "loc": -0.06241814915801556, "logScale": -2.5466523734610065}