{"g1": 0.8112230681282541, "g2": 13.686078341253486, "logK": -0.040489262953239125, "loc": -0.032067050751402974, "logScale": -3.351490184163583}