{"g1": 0.8862187733476508, "g2": 1.6026945323229027, "logK": 0.2622351933477556, "loc": -0.003970918634070217, "logScale": -3.7556143598835376}