{"g1": 0.9670440525411098, "g2": 8.321413758519117, "logK": -4.207729458929028, "loc": 0.004416664916489267, "logScale": -2.0658225714566285}