{"g1": 0.9630901839669419, "g2": 9.128188843424812, "logK": -2.894943379184275, "loc": -0.014986597948391925, "logScale": -2.4654403796183595}