{"g1": 0.9798350592685583, "g2": 11.199758706386163, "logK": -2.872835568148325, "loc": 0.009940876460051928, "logScale": -2.527427926166643}