{"g1": 0.9669040246163108, "g2": 4.457240460075818, "logK": 0.5890853799705167, "loc": -0.01701302598581881, "logScale": -3.388141312877963}