{"g1": 0.06341679489679332, "g2": 12.617820489145206, "logK": 0.6806800384665506, "loc": -0.12510235709068615, "logScale": -0.48200017461989786}