{"g1": 0.03422547014160728, "g2": 1.7117845762717727, "logK": -1.6624193556693494, "loc": -0.10483143841131581, "logScale": 0.4523833213883135}