{"g1": 0.07516200622337277, "g2": 3.0116028646466053, "logK": 0.9525346881534047, "loc": 0.06783065199312058, "logScale": -0.654481028480567}