{"g1": 0.04119648731076557, "g2": 0.9481987650703442, "logK": 0.275074037797785, "loc": 0.0683284115814557, "logScale": -0.16843926453589786}