{"g1": 0.0374186038549768, "g2": 0.028211112100987146, "logK": 0.2919167483601397, "loc": -0.04382897385231952, "logScale": -0.3569982165328024}