{"g1": 0.05492145171620354, "g2": 3.538730717487577, "logK": -0.1952471675154489, "loc": -0.1420590478240599, "logScale": 0.035200389805429666}