{"g1": 0.033554054934796795, "g2": 12.697994781957345, "logK": -0.38072224787934505, "loc": 0.017196783281129273, "logScale": 0.10573437355412982}