{"g1": 0.6169396332538897, "g2": 0.00823549160329301, "logK": -4.974950323518949, "loc": 0.051404567058872745, "logScale": 0.37611844298890584}