{"g1": 0.0582891075564389, "g2": 9.62901956029696, "logK": 0.7640889732008336, "loc": 0.0015446856878942317, "logScale": -0.6535882206481766}