{"g1": 0.018978837488543093, "g2": 11.307563167971784, "logK": 0.984445794093897, "loc": 0.14634523730223267, "logScale": -0.9797875416506693}