{"g1": 0.01941537463280378, "g2": 13.664653765189966, "logK": 0.00159175257351174, "loc": -0.07555588602502517, "logScale": 0.17135574733204406}