{"g1": 0.018748562605894768, "g2": 7.630775527122598, "logK": -0.16084362671011132, "loc": -0.09759331756192761, "logScale": 0.12653716154211103}