{"g1": 0.0016023164303579276, "g2": 8.477080019834471, "logK": 0.1819055704207595, "loc": -0.05330793340482402, "logScale": -3.4411445981562983}