{"g1": 0.7213248615290677, "g2": 0.031772270225542784, "logK": 0.229970167087438, "loc": -0.07160573604319209, "logScale": -3.331579183454454}