{"g1": 0.9802122935562912, "g2": 13.71944138628293, "logK": -3.652505406793746, "loc": -0.0024798765632603574, "logScale": -3.641048198827125}