{"g1": 0.8110682657002191, "g2": 14.50750384025737, "logK": 0.9865839650274053, "loc": -0.04273958984995058, "logScale": -2.351292695329276}