{"g1": 0.28716334248138575, "g2": 10.527957667715539, "logK": 0.8651842921230816, "loc": -0.1149677932746016, "logScale": -2.057881024515658}