{"g1": 0.9136049240564037, "g2": 5.583980215931465, "logK": 0.05905938313068937, "loc": -0.004168347523696474, "logScale": -2.7621300157381774}