{"g1": 0.9974569021943032, "g2": 2.668721674312641, "logK": -1.754478896204991, "loc": -0.03314291653511493, "logScale": -2.3281423593427424}