{"g1": 0.4899904052820756, "g2": 6.760487091667381, "logK": -1.5593665010118904, "loc": -0.0023973803805338234, "logScale": -1.5956270714347238}