{"g1": 0.6024777800141204, "g2": 11.026121316785215, "logK": -0.033503498667815546, "loc": -0.08477967805408126, "logScale": -1.8624710312551518}