{"g1": 0.713603291985968, "g2": 4.875702887158739, "logK": 0.8071043787322274, "loc": 0.06385968896975655, "logScale": -0.4022712212617058}