{"g1": 0.5034614641489932, "g2": 3.9035644316897553, "logK": -0.9401015591499176, "loc": 0.08635020743596214, "logScale": 0.4833035323845456}