{"g1": 0.46881135293522996, "g2": 4.225879060938336, "logK": -0.36787174334921735, "loc": 0.0008256887113071258, "logScale": -1.9876466259691967}