{"g1": 0.5145365222697135, "g2": 10.07762986834283, "logK": 0.6298820832881193, "loc": -0.08534615614918292, "logScale": 0.3285062208429016}