{"g1": 0.2509472243717876, "g2": 0.08745564866746669, "logK": -0.6196390102335743, "loc": 0.1261923194072927, "logScale": -0.1650172184358184}