{"g1": 0.13578522580433422, "g2": 3.7227622114024044, "logK": 0.6923965519584185, "loc": -0.11062000656569995, "logScale": -1.4991121872501623}