{"g1": 0.4476218222799061, "g2": 13.576761806643686, "logK": 0.1695253756062366, "loc": 0.013183571240655964, "logScale": -2.4681516059579205}