{"g1": 0.567186752384403, "g2": 13.378372622038906, "logK": 0.8447906551819971, "loc": -0.08755329101848779, "logScale": -0.21862596109292887}