{"g1": 0.6311296859267049, "g2": 10.13289114624267, "logK": 0.856463511157011, "loc": -0.13360616842296713, "logScale": -0.09822208750374065}