{"g1": 0.7544369079259707, "g2": 8.456088468989492, "logK": 0.7400266612644341, "loc": 0.09641073293134753, "logScale": -0.2268926282603247}