{"g1": 0.4485011385271836, "g2": 1.0860883736184794, "logK": -0.9129172363193563, "loc": -0.022415120154995, "logScale": -1.8064491814938708}