{"g1": 0.23528985943564298, "g2": 13.936570179408625, "logK": -0.034771929347509056, "loc": 0.028722127597724863, "logScale": -2.3426869463952587}