{"g1": 0.6210704985669238, "g2": 2.9071742234156828, "logK": 0.3193035572514854, "loc": -0.03341997257131247, "logScale": -1.240997313050658}