{"g1": 0.32195212901421455, "g2": 1.3508980088345521, "logK": 0.5498965912689571, "loc": -0.10932845482935045, "logScale": -1.3659212407344978}