{"g1": 0.3281550535879981, "g2": 2.5520908415989445, "logK": 0.5361874193265139, "loc": -0.11771513684857153, "logScale": -0.6532030054133556}