{"g1": 0.7409599177588169, "g2": 6.67228771897688, "logK": 0.4147575389638196, "loc": -0.060526493771959906, "logScale": 0.47370871012740656}