{"g1": 0.4346508408852506, "g2": 4.837985965437704, "logK": 0.8978711789138274, "loc": -0.12169748577045526, "logScale": -0.23067782987516083}