{"g1": 0.5218542247440509, "g2": 1.176354724537494, "logK": 0.5016195524522828, "loc": -0.03873469054663845, "logScale": -0.41032911527106575}