{"g1": 0.0988559649913409, "g2": 14.671289697172163, "logK": 0.3809816666395669, "loc": -0.06843087892560835, "logScale": -1.4675605218904002}