{"g1": 0.5417180387338107, "g2": 8.384761342154617, "logK": 0.7553139513220639, "loc": 0.001000030797293697, "logScale": -0.18795310865459502}