{"g1": 0.4142407210610397, "g2": 4.9628368157283305, "logK": 0.47644668267918777, "loc": -0.0837308243606888, "logScale": 0.17943868987744638}