{"g1": 0.14740522105188664, "g2": 2.219291170323692, "logK": -0.04070676388718242, "loc": 0.06435071262214524, "logScale": -0.5420328916661633}