{"g1": 0.28289616599577994, "g2": 12.438155128306366, "logK": 0.8505141466161017, "loc": -0.1071597703110935, "logScale": -1.2232580401798576}