{"g1": 0.3287224299416325, "g2": 8.166024429742782, "logK": 0.9658656077462452, "loc": -0.059907277505280535, "logScale": -1.3042735055866053}