{"g1": 0.6386660672347736, "g2": 2.822468566651747, "logK": 0.8979632147301265, "loc": 0.022952733564710552, "logScale": -0.15587406140080465}