{"g1": 0.294124292583094, "g2": 0.05712591614529705, "logK": -4.231428522572171, "loc": -0.01219361966104476, "logScale": -0.6100162665186496}