{"g1": 0.200146770130118, "g2": 11.338596085632446, "logK": 0.7820382823904557, "loc": 0.004891715745881091, "logScale": -1.3887582073226628}