{"g1": 0.36070872720412994, "g2": 0.5087241628900366, "logK": 0.5586863511732084, "loc": 0.09963051178108269, "logScale": -0.4459540523135681}