{"g1": 0.6185311698930278, "g2": 1.7688490386111728, "logK": 0.9378224713977616, "loc": -0.12542048442245513, "logScale": -0.5558940601217026}