{"g1": 0.5691348857213802, "g2": 4.189912473616456, "logK": 0.2293016772798978, "loc": -0.008294381160318696, "logScale": -2.3766230790600513}