{"g1": 0.886559657473517, "g2": 3.066801490231974, "logK": 0.9530814338643221, "loc": -0.11219585443039504, "logScale": -0.7530593110663073}