{"g1": 0.36051122922433126, "g2": 6.168788351218967, "logK": -1.7888102157010137, "loc": -0.03397190153349396, "logScale": -1.6058942527169635}