{"g1": 0.8289732658616472, "g2": 3.628596558342821, "logK": 0.8291288872243364, "loc": 0.028747760812594628, "logScale": -0.4683349248344919}