{"g1": 0.48263678234897844, "g2": 10.679245308207278, "logK": -3.031792862962468, "loc": -0.10286449748979247, "logScale": 1.1706537325814255}