{"g1": 0.18510878886799897, "g2": 6.2397259236721565, "logK": -2.2448875061124807, "loc": -0.08076046433743363, "logScale": -1.940995459664022}