{"g1": 0.5710156076955013, "g2": 6.174533868595448, "logK": 0.44958000877790055, "loc": 0.0008049454294716029, "logScale": -0.20779582779284891}