{"g1": 0.4617084708631607, "g2": 5.034649461835655, "logK": -2.1196048475307347, "loc": 0.051209716229820706, "logScale": -1.7424119382826775}