{"g1": 0.9405615562496552, "g2": 7.164223042410381, "logK": 0.6175850655684847, "loc": 0.04687106410296788, "logScale": -0.38530805586821765}