{"g1": 0.14446802602987657, "g2": 3.233901999459554, "logK": 0.7131104251935585, "loc": -0.09730493207574728, "logScale": -1.433213587278019}