{"g1": 0.7696143958602764, "g2": 7.761422220024084, "logK": 0.9955992639285938, "loc": -0.05667667557121282, "logScale": -0.788735482169491}