{"g1": 0.29412928736067223, "g2": 8.88365676280496, "logK": 0.9917407610026201, "loc": -0.07562547400871095, "logScale": -1.0508166263861023}