{"g1": 0.7394579158224168, "g2": 7.374802966035347, "logK": 0.526370035618094, "loc": -0.03262131054357513, "logScale": -0.45062984019325003}