{"g1": 0.6351411334347389, "g2": 0.040598333631389316, "logK": 0.3193646553455469, "loc": 0.08374078182126177, "logScale": -1.3735973601813838}