{"g1": 0.11722671832121281, "g2": 11.645882613030846, "logK": 0.7497853001968826, "loc": -0.05316240486075395, "logScale": -1.0489922727340657}