{"g1": 0.6687217554914812, "g2": 3.98691398407027, "logK": 0.9926602568284137, "loc": 0.0240217991297678, "logScale": -0.8108528074091048}