{"g1": 0.7800665461789988, "g2": 6.515586440449835, "logK": 0.9490344395203881, "loc": -0.12060173170579232, "logScale": -0.6684659918626547}