{"g1": 0.5161737451246581, "g2": 10.335974262423708, "logK": -0.6119281924581677, "loc": -0.046564769099224905, "logScale": -1.78247986385456}