{"g1": 0.20113358182963495, "g2": 11.649928046919529, "logK": 0.5135654420220367, "loc": -0.1360011183405024, "logScale": -1.0303107162843692}