{"g1": 0.15363735044249366, "g2": 13.33482584655324, "logK": -0.3887734921805468, "loc": -0.0466983068020009, "logScale": -0.4701648401293417}