{"g1": 0.25497140001128227, "g2": 1.7881742467401898, "logK": -1.99463419372312, "loc": 0.03035739180380556, "logScale": -1.8706882894201837}