{"g1": 0.8274011420196337, "g2": 2.769385422099795, "logK": 0.6668315815505059, "loc": 0.09158632232411291, "logScale": -0.5970621998139997}