{"g1": 0.8203440586835336, "g2": 1.4700572191418786, "logK": 0.7127066185863397, "loc": -0.11845201770136568, "logScale": -0.6127102118467602}