{"g1": 0.22853042175247124, "g2": 11.658434256308084, "logK": 0.7407266817161544, "loc": 0.044772116725270185, "logScale": -0.8833147135796706}