{"g1": 0.5793694677385086, "g2": 6.484587281508217, "logK": 0.9994861100391591, "loc": -0.07656942499588079, "logScale": -0.1556000080265611}