{"g1": 0.6738382277938236, "g2": 3.4328821708898483, "logK": 0.785803744749841, "loc": -0.03976535245797687, "logScale": -0.5318810805762071}