{"g1": 0.06791391403511085, "g2": 6.688690943701529, "logK": -2.2191069189941373, "loc": 0.022377878926863076, "logScale": -2.2905768082535367}