{"g1": 0.04414525758565907, "g2": 8.22127868709626, "logK": -0.05951234436100428, "loc": 0.025673662667303993, "logScale": -2.8855889973480817}