{"g1": 0.08108713110083918, "g2": 12.390811076505837, "logK": -1.252690233847479, "loc": -0.03138235515926743, "logScale": -2.241517467477031}