{"g1": 0.0668096742107344, "g2": 13.364936417148146, "logK": -1.8640466650850986, "loc": 0.02527549644991846, "logScale": -2.410046658422336}