{"g1": 0.05154545151513425, "g2": 4.772093622943938, "logK": -0.34910066702055526, "loc": 0.01778234707042674, "logScale": -2.71089550836255}