{"g1": 0.025100992985773313, "g2": 4.915029885473723, "logK": -2.5466912369625616, "loc": -0.013183716079349261, "logScale": -2.274787769570541}