{"g1": 0.047301871427416015, "g2": 11.412073914144813, "logK": -2.1385227477885405, "loc": -0.06516242767643232, "logScale": -2.4127993046991922}