{"g1": 0.016405962769394836, "g2": 9.8939983984641, "logK": -1.8698565706784975, "loc": -0.044381733922014194, "logScale": -2.3597136608969933}