{"g1": 0.024285934394775634, "g2": 14.428371112850138, "logK": -3.577688543965661, "loc": 0.06052742035145144, "logScale": -2.507357751044749}