{"g1": 0.007437427879832287, "g2": 6.720464355029177, "logK": -2.1425289085636727, "loc": -0.0144862051922536, "logScale": -2.359069465683346}