{"g1": 0.018266478886148504, "g2": 3.7353833317033294, "logK": -3.5685657892989497, "loc": 0.059755426256108926, "logScale": -2.6799844030402635}