{"g1": 0.048629116916403606, "g2": 0.2947118088876067, "logK": -4.986002134936132, "loc": -0.021771259144001878, "logScale": -2.328403433784934}