{"g1": 0.002801109478286379, "g2": 12.347036507210333, "logK": -4.611304059050954, "loc": -0.06926185548649963, "logScale": -2.6793872628119755}