{"g1": 0.07132353942811084, "g2": 6.670043481153475, "logK": -2.159337162002581, "loc": -0.037641146820276535, "logScale": -2.394954748656688}