{"g1": 0.037663573055109284, "g2": 6.3274558436532224, "logK": -3.8694742654303314, "loc": 0.03319550105324562, "logScale": -2.2597440372640927}