{"g1": 0.050472918678807266, "g2": 0.9928248413380034, "logK": -4.56898710594983, "loc": -0.06390830762561603, "logScale": -2.46766782243466}