{"g1": 0.03326703677281791, "g2": 8.168222217067003, "logK": -1.7706287408487402, "loc": -0.00740786870334321, "logScale": -2.3324717146287917}