{"g1": 0.0035207957665670114, "g2": 12.974148138133938, "logK": -2.246506783383131, "loc": -0.019219750513782122, "logScale": -2.3143947906700735}