{"g1": 0.07744732040377875, "g2": 6.570906390901664, "logK": -0.295844613199553, "loc": -0.04690270796915351, "logScale": -2.3963372390518574}