{"g1": 0.07813247296048915, "g2": 4.972860884700268, "logK": -3.037063546772256, "loc": -0.03231302079518183, "logScale": -2.2913523165799754}