{"g1": 0.01342891676148877, "g2": 12.41027242979714, "logK": -3.6212300751051365, "loc": 0.040519546857292435, "logScale": -2.25702807262288}