{"g1": 0.03752550184607678, "g2": 6.831113062562948, "logK": -3.0616296182420735, "loc": -0.06563508230539038, "logScale": -2.5273139734600707}