{"g1": 0.04640565869803008, "g2": 11.197082415419697, "logK": -0.8979179562959412, "loc": -0.04669809890586956, "logScale": -2.2160106031668043}