{"g1": 0.04232436992036804, "g2": 3.48045587440141, "logK": -0.12403733236845782, "loc": -0.09366509766158661, "logScale": -2.64970520956002}