{"g1": 0.029810007983815466, "g2": 10.18489834014485, "logK": -1.2349638612201819, "loc": -0.010432554669160151, "logScale": -2.283033687339694}