{"g1": 0.004074063509575378, "g2": 3.97595726224141, "logK": -3.0573987549066577, "loc": -0.017978929598951837, "logScale": -2.2839842105689874}