{"g1": 0.004670003027469099, "g2": 14.36604719963303, "logK": -0.9800759007932069, "loc": -0.05190070037219637, "logScale": -2.373052131293996}