{"g1": 0.06330341899341906, "g2": 5.057896834173375, "logK": -1.7520443891358206, "loc": 0.029897880290054774, "logScale": -2.3982546752324634}