{"g1": 0.014955666178590642, "g2": 14.53064506664954, "logK": 0.19698769466344723, "loc": -0.1084893005276008, "logScale": -2.674227612229246}