{"g1": 0.12417306943280094, "g2": 6.3123459548157115, "logK": -1.9481916257554788, "loc": -0.019203865956520287, "logScale": -2.2701671459966337}