{"g1": 0.08547270033411193, "g2": 9.719723893917264, "logK": -1.908439000274079, "loc": -0.06959838891540131, "logScale": -2.465582716933447}