{"g1": 0.03866967933139713, "g2": 12.021165869810766, "logK": -3.3723671034275102, "loc": 0.07036211721356853, "logScale": -2.714227338992562}