{"g1": 0.0018626820540582067, "g2": 6.52229660961803, "logK": -4.424989862795926, "loc": -0.0030345353671821437, "logScale": -2.25897333601143}