{"g1": 0.018766174304051197, "g2": 8.611601025629529, "logK": -1.291309990468402, "loc": 0.004431445086083156, "logScale": -2.397273427595332}