{"g1": 0.02267002394328372, "g2": 6.990738926968454, "logK": -3.797226006630771, "loc": 0.019711176837925327, "logScale": -2.3124787925113366}