{"g1": 0.02076349907308114, "g2": 11.103315223201513, "logK": -0.9339263521891664, "loc": 0.0173527401852299, "logScale": -2.591173581960036}