{"g1": 0.039771100518772064, "g2": 3.4985317822487527, "logK": -1.0299423210141276, "loc": -0.04032535976898752, "logScale": -2.2516738855410665}