{"g1": 0.015127392717351834, "g2": 7.092620659712418, "logK": -1.3438715157305172, "loc": 0.01699519295616377, "logScale": -2.3675386007405157}