{"g1": 0.057298742559562243, "g2": 4.496102895236523, "logK": -3.4883623673270914, "loc": -0.07358262104317148, "logScale": -2.4703328649600795}