{"g1": 0.03175412699684853, "g2": 6.150855256112914, "logK": -0.552619507078588, "loc": -0.06452510322871575, "logScale": -2.3178359573153995}