{"g1": 0.049816031200288546, "g2": 1.0277838198563032, "logK": -0.4853278147733605, "loc": -0.0918870668708601, "logScale": -2.54507668510264}