{"g1": 0.025712969068588665, "g2": 10.817876392269962, "logK": -3.7792803951370164, "loc": 0.047221881179833655, "logScale": -2.42551186928609}