{"g1": 0.10762195301710245, "g2": 3.3400246944553467, "logK": -1.24348685493252, "loc": -0.035989003583870284, "logScale": -2.2254810752416088}