{"g1": 0.036127016430781166, "g2": 10.141683524361136, "logK": -3.519211029601017, "loc": 0.030858917956602096, "logScale": -2.390014193407745}