{"g1": 0.10465764434703234, "g2": 6.82821901073417, "logK": -1.6146025633822179, "loc": -0.051518463222636486, "logScale": -2.2371695230854933}