{"g1": 0.012997066463776796, "g2": 10.889714453382105, "logK": -3.480234017072689, "loc": 0.044999646073852866, "logScale": -2.2583250831428274}