{"g1": 0.05210711908435053, "g2": 9.22671268021644, "logK": -2.8835940422564166, "loc": -0.021057592780837967, "logScale": -2.31065269851475}