{"g1": 0.005588605676625327, "g2": 9.102166267418355, "logK": -3.078437461896355, "loc": 0.022346934068498893, "logScale": -2.4215755759706776}