{"g1": 0.04742557683012316, "g2": 7.523410397735905, "logK": -4.266349870814133, "loc": 0.029340157403000697, "logScale": -2.409147712042155}