{"g1": 0.04566989151046714, "g2": 6.298796096816351, "logK": -3.2355390625359846, "loc": -0.06135570226849369, "logScale": -2.547092070734842}