{"g1": 0.02335527250612429, "g2": 5.8653404488310485, "logK": -3.519258138580982, "loc": -0.04400850089508583, "logScale": -2.472060073364205}