{"g1": 0.019397428225982036, "g2": 8.407413256022759, "logK": -1.5941594356676259, "loc": 0.01255391819081081, "logScale": -2.369946178826238}