{"g1": 0.09769464860777154, "g2": 13.798598246576635, "logK": -2.807172444185208, "loc": 0.0014337092128411178, "logScale": -2.2969542898883644}