{"g1": 0.10221373779030156, "g2": 13.428418677067304, "logK": -2.838246546796449, "loc": 0.01705293131595864, "logScale": -2.2694076880169347}