{"g1": 0.11019229006466001, "g2": 8.548291189601455, "logK": -3.3058955032997908, "loc": -0.005206310358500485, "logScale": -2.3200056451622912}