{"g1": 0.0022073675226757794, "g2": 11.418531370106615, "logK": -1.0716165842417658, "loc": 0.04493762577600402, "logScale": -2.7574637674046}