{"g1": 0.05066807081653324, "g2": 5.057046896394523, "logK": -4.9821277860014925, "loc": 0.018465457677881814, "logScale": -2.2780815127297984}