{"g1": 0.06493706314943243, "g2": 5.824208006077337, "logK": -2.0056883936415204, "loc": -0.0505270238389073, "logScale": -2.294100371225516}