{"g1": 0.08843296621715657, "g2": 3.842278634229693, "logK": 0.06073962062479138, "loc": -0.009582842328819022, "logScale": -2.783510755510717}