{"g1": 0.0018422654524844206, "g2": 1.9652720202825256, "logK": -4.278574185290654, "loc": 0.03112507212852813, "logScale": -2.334241006873441}