{"g1": 0.012016767308700162, "g2": 13.444291934179661, "logK": -2.0317972766535473, "loc": -0.044273455424699924, "logScale": -2.321619929784255}