{"g1": 0.05690546549332787, "g2": 5.218407201420896, "logK": -4.114792791753195, "loc": 0.005384123695783144, "logScale": -2.244596141616896}