{"g1": 0.07413716201725161, "g2": 8.992624129625293, "logK": -2.896593462656752, "loc": 0.04795381456181259, "logScale": -2.4293762496159754}