{"g1": 0.09110616798464907, "g2": 4.464598782590764, "logK": -4.619826013908226, "loc": 0.05991668014717965, "logScale": -2.4656371191175817}