{"g1": 0.04350606300346288, "g2": 13.712889246246945, "logK": -3.251981788672389, "loc": 0.011845994395190372, "logScale": -2.2641898078129565}