{"g1": 0.024555105841617877, "g2": 14.505384634809136, "logK": -4.8042500141091935, "loc": 0.002013203939019048, "logScale": -2.2583549141334}