{"g1": 0.002302877898320288, "g2": 2.9668933279228167, "logK": -2.6207746447675655, "loc": -0.029301822000897856, "logScale": -2.409408763404548}