{"g1": 0.003393072369978163, "g2": 14.77703659504724, "logK": -1.18264655286939, "loc": -0.06436795367455123, "logScale": -2.603119458519543}