{"g1": 0.055725780458722535, "g2": 14.94479016409485, "logK": -1.0455909118328512, "loc": -0.052752093174631906, "logScale": -2.3020157746126713}