{"g1": 0.055788116618934985, "g2": 3.761425375611051, "logK": -3.418477578119516, "loc": -0.0335386699278701, "logScale": -2.333855979593001}