{"g1": 0.9529678014519624, "g2": 4.676127923314396, "logK": -2.1403993787565585, "loc": -0.0027144521738627016, "logScale": -3.2699801811464813}