{"g1": 0.7966624050812079, "g2": 6.296648103244207, "logK": -3.326093147336328, "loc": 0.009379858487879889, "logScale": -3.462789882650899}