{"g1": 0.9998771463722421, "g2": 6.158409670680367, "logK": -2.897448169752698, "loc": 0.0029035282414928316, "logScale": -3.6056085312225354}