{"g1": 0.9747261411738225, "g2": 10.838552239876112, "logK": -1.6688334921263346, "loc": -0.01342161845321023, "logScale": -3.674585805157907}