{"g1": 0.9942271599533056, "g2": 0.48707089452089214, "logK": -4.535672913286457, "loc": -0.0014915756371949793, "logScale": -3.535497245346679}