{"g1": 0.7910904314368321, "g2": 14.99221737187995, "logK": 0.0961664723754947, "loc": 0.005766660057432193, "logScale": -3.6007502601716666}