{"g1": 0.7733747115357963, "g2": 0.4947505544324754, "logK": 0.8052642223397132, "loc": -0.02550555931853767, "logScale": -3.770290869984376}