{"g1": 0.9395576534744796, "g2": 11.83385098829553, "logK": -2.0466468854930064, "loc": -0.005267022996521972, "logScale": -3.99567180894363}