{"g1": 0.5709398207456908, "g2": 4.21757478631828, "logK": 0.9823825337885543, "loc": -0.01016083986730277, "logScale": -3.9925721212212726}