{"g1": 0.5555449617923478, "g2": 5.558811159725645, "logK": 0.38170084691146833, "loc": -0.01673028091700946, "logScale": -3.99788235200296}