{"g1": 0.8052714034798705, "g2": 11.258730927251003, "logK": -1.813601052930248, "loc": -0.007615778465711629, "logScale": -3.9934261490721292}