{"g1": 0.9982865641396971, "g2": 7.74523579355589, "logK": -2.206485370754359, "loc": 0.0017595333605382821, "logScale": -3.973646578927871}