{"g1": 0.8370880147168976, "g2": 5.034036461084177, "logK": -0.8895255177470553, "loc": -0.007935495368952066, "logScale": -3.9583128300619737}