{"g1": 0.05643006140046214, "g2": 9.75719503285929, "logK": 0.9718251179355336, "loc": -0.12089202303338702, "logScale": -1.2798657727250853}