{"g1": 0.7623735372810264, "g2": 13.651775705155243, "logK": 0.5763646943535348, "loc": -0.01826175121952433, "logScale": -3.9977685887917485}