{"g1": 0.7794812098256778, "g2": 4.38341294530576, "logK": -0.4032031952074042, "loc": -0.006495480059923375, "logScale": -3.9951703532769254}