{"g1": 0.4812706668614161, "g2": 8.031303489028698, "logK": -3.5993417092709468, "loc": -0.00045199038152177184, "logScale": -3.9340465088072456}