{"g1": 0.03853905735619788, "g2": 9.491452351657143, "logK": -3.1156265584483167, "loc": -0.13210961526775852, "logScale": -0.38154985563366806}