{"g1": 0.0025788835249726805, "g2": 12.150820192515377, "logK": -0.8268370904756082, "loc": -0.08847447461440272, "logScale": -0.41307658071300246}