{"g1": 0.7307163840329884, "g2": 10.393956026243458, "logK": -0.15616406284625972, "loc": -0.009726847660730755, "logScale": -3.8282353420533335}