{"g1": 0.8395565643409619, "g2": 0.034923971696885714, "logK": -1.9148571606962694, "loc": 0.11347360584714869, "logScale": -0.4476872960588193}