{"g1": 0.002585299916096343, "g2": 4.191815178599042, "logK": 0.8341215859687203, "loc": -0.11028998737304116, "logScale": -1.642024711312429}