{"g1": 0.33511344694586537, "g2": 2.608192517059052, "logK": -1.327409112748283, "loc": -0.005213963262645517, "logScale": -3.990602810186937}