{"g1": 0.11427352342611138, "g2": 0.03176789719817298, "logK": 0.9960294025065495, "loc": -0.07325580347186005, "logScale": -1.9905869142438677}