{"g1": 0.9706197675081639, "g2": 1.5325103942385054, "logK": -3.62244938437084, "loc": 0.002137760176631828, "logScale": -3.986335614634157}