{"g1": 0.6432479789755147, "g2": 7.094653426965829, "logK": 0.9745640650328774, "loc": -0.014595633614835957, "logScale": -3.9961161539780123}