{"g1": 0.9035893787272216, "g2": 4.165809018294443, "logK": -1.9709633163135347, "loc": -0.009064767840933668, "logScale": -3.976315769673315}