{"g1": 0.03243995107116754, "g2": 7.582621345577707, "logK": 0.6786723759043182, "loc": -0.008454294664758388, "logScale": -1.4660042881794284}