{"g1": 0.5048679092689617, "g2": 5.4240023297409365, "logK": -0.10423565974899862, "loc": -0.020829117457106538, "logScale": -3.774251836666405}