{"g1": 0.6256286500106949, "g2": 10.100506185011795, "logK": -0.29623825992400243, "loc": -0.019723513112925944, "logScale": -3.989903386135239}