{"g1": 0.7016445363857763, "g2": 0.7201978762691834, "logK": -4.226324963395895, "loc": -0.00519658103245574, "logScale": -3.788137309698212}