{"g1": 0.07907810245106366, "g2": 0.0919318694020026, "logK": -2.502386443008774, "loc": -0.1081756169636984, "logScale": -0.394515808011983}