{"g1": 0.9997469140061399, "g2": 14.51008994012764, "logK": -0.3027075558154064, "loc": -0.009555308943144094, "logScale": -3.986540938862152}