{"g1": 0.8417139756094114, "g2": 4.500618114564112, "logK": -4.489764162285527, "loc": -0.00504741465427372, "logScale": -3.9989716433397113}