{"g1": 0.03785914129820375, "g2": 14.109773935465201, "logK": 0.35164462772324023, "loc": 0.01806822766820952, "logScale": -1.0127072903355585}