{"g1": 0.8629082170896208, "g2": 6.530083676013112, "logK": -2.2295056900904497, "loc": 0.0031966547902961794, "logScale": -3.9945364716884204}