{"g1": 0.0018452967904446296, "g2": 0.686048380321493, "logK": 0.8113696931000309, "loc": -0.0958968720872164, "logScale": -1.644061171420048}