{"g1": 0.6053721029981715, "g2": 10.340255626116186, "logK": -3.9718661450680792, "loc": 0.002144856125191728, "logScale": -3.984607968525813}