{"g1": 0.01890718927602298, "g2": 7.655299874048185, "logK": -3.501244776498794, "loc": 0.09654146142160196, "logScale": -0.29022471979597975}