{"g1": 0.5776424309595485, "g2": 10.227094338684632, "logK": 0.9993471151916392, "loc": -0.01773846902352366, "logScale": -3.997979765945522}