{"g1": 0.011475562964715386, "g2": 11.218805143444461, "logK": -0.5197545740976512, "loc": 0.07416681406701536, "logScale": -0.5575210236449588}