{"g1": 0.0023653240468409324, "g2": 12.45140715030046, "logK": -3.85611809877069, "loc": 0.14506093262665692, "logScale": -0.26482870275947323}