{"g1": 0.08608016009260827, "g2": 6.884988287601956, "logK": 0.3404554694607247, "loc": -0.01710196192346907, "logScale": -3.9883137216225752}