{"g1": 0.02788343332869476, "g2": 3.4691599477123534, "logK": 0.7722947994919523, "loc": 0.020116922137718637, "logScale": -1.6265456359816466}