{"g1": 0.6113625976317031, "g2": 14.346071879874778, "logK": -3.5623879362968314, "loc": -0.005946511629443865, "logScale": -3.990920348247184}