{"g1": 0.8928406212909699, "g2": 2.4041243954446534, "logK": 0.7509005728596605, "loc": -0.029678247370785248, "logScale": -3.9970024293727215}