{"g1": 0.020587104357520772, "g2": 5.054440856831235, "logK": -3.854038973714671, "loc": -0.12946065899617448, "logScale": -0.36861121539604036}