{"g1": 0.01861249788000128, "g2": 1.148550187433088, "logK": -3.4834836004768848, "loc": -0.08581011173077889, "logScale": -0.3045045578189116}