{"g1": 0.718675542079637, "g2": 0.04558847617892689, "logK": -0.03667665034827017, "loc": 0.04910157091813781, "logScale": -0.7157530507676774}