{"g1": 0.0023348834746948835, "g2": 4.494152468618515, "logK": -4.0630805773572085, "loc": 0.05748436466262912, "logScale": -0.3184879278994302}