{"g1": 0.0010644899804722356, "g2": 10.29378823355866, "logK": -3.609397223952556, "loc": 0.10493183329217944, "logScale": -0.32237329231547696}