{"g1": 0.002577981768747536, "g2": 2.104926422982859, "logK": 0.9028850418864773, "loc": -0.09710793060056086, "logScale": -1.8172804277910504}