{"g1": 0.5640757917625365, "g2": 4.328234820358075, "logK": -1.796300511234536, "loc": 8.787074432777225e-05, "logScale": -3.9788055816869554}