{"g1": 0.9992530404720696, "g2": 1.994618812403715, "logK": 0.1459157317244864, "loc": -0.009120362254829534, "logScale": -3.8092574381809188}