{"g1": 0.9330451231822653, "g2": 8.365720108337586, "logK": -0.26443689112021285, "loc": -0.006979416973966611, "logScale": -3.9863761286715547}