{"g1": 0.9823604562284213, "g2": 6.158561906795287, "logK": -2.4639211806807855, "loc": -0.002984461409978798, "logScale": -3.7586292336777487}