{"g1": 0.02968255513665824, "g2": 4.141307788759066, "logK": 0.5554630046644776, "loc": -0.05205184575500635, "logScale": -1.0212521195680324}