{"g1": 0.020915552391033286, "g2": 4.688100657013061, "logK": -2.25443548324434, "loc": 0.09372312818841097, "logScale": -0.28703001323065047}