{"g1": 0.06904509037992407, "g2": 13.407415365859983, "logK": 0.5995823299916454, "loc": -0.009996976253641224, "logScale": -3.898724080087169}