{"g1": 0.25199629106847665, "g2": 0.007021129779097635, "logK": -0.3024307315489283, "loc": -0.1374898416536182, "logScale": -0.7523120786347899}