{"g1": 0.26816861777912426, "g2": 4.937870511519923, "logK": -0.07618687103146993, "loc": -0.008526185542148207, "logScale": -3.9973467515666927}