{"g1": 0.5196516687925516, "g2": 0.21045883822916234, "logK": -2.8511304655874365, "loc": -0.005163950606748437, "logScale": -3.8650185279190543}