{"g1": 0.9492936428754026, "g2": 5.250187009822077, "logK": -1.9749916212720537, "loc": 0.004193336314260263, "logScale": -3.9898653999925666}