{"g1": 0.16883447999366244, "g2": 14.59707999911331, "logK": 0.32749630560858534, "loc": -0.011588494318504665, "logScale": -3.8714109598741455}