{"g1": 0.36598789208864574, "g2": 4.910436358484901, "logK": 0.5516814894994749, "loc": -0.0064945394155204875, "logScale": -3.9961585592028026}