{"g1": 0.585937775896755, "g2": 7.739112710272368, "logK": -0.21193942168585023, "loc": -0.007783232750203662, "logScale": -3.99693888754845}