{"g1": 0.4609717014585878, "g2": 2.5775365775332912, "logK": 0.6734488700958741, "loc": -0.008781332518564475, "logScale": -3.990056399816087}