{"g1": 0.8993787590166071, "g2": 4.733063546011616, "logK": 0.4131024142739088, "loc": -0.014718098048802343, "logScale": -3.9891630183771887}