{"g1": 0.5891601642819501, "g2": 8.95917824333291, "logK": -0.36807283053132944, "loc": -0.004731667588391889, "logScale": -3.9971027391835374}