{"g1": 0.2339715793216195, "g2": 9.337755318541062, "logK": -0.7706425983192506, "loc": -0.013166565533971372, "logScale": -3.9961695923877647}