{"g1": 0.03324777740518821, "g2": 1.1007280378127897, "logK": 0.31581058012525715, "loc": 0.06448909241298134, "logScale": -0.9631758505224126}