{"g1": 0.2959731446227492, "g2": 0.0486119401039701, "logK": -1.2174197317639173, "loc": 0.007601925950741856, "logScale": -0.3528654023305091}