{"g1": 0.8673319705126981, "g2": 3.2887583327035568, "logK": -3.4321878588739048, "loc": -0.002615991317382672, "logScale": -3.996578069202902}