{"g1": 0.9186101518257181, "g2": 8.675096045463688, "logK": -4.589731329549185, "loc": 0.0035134210705180186, "logScale": -3.8531630354044317}