{"g1": 0.011770622593483132, "g2": 10.543609211589278, "logK": -3.7732813800381506, "loc": -0.07158612292901258, "logScale": -0.219348314289368}