{"g1": 0.0011996520999969507, "g2": 5.2332473617907755, "logK": 0.8929779567291333, "loc": -0.024879189298219154, "logScale": -1.5990185224774858}