{"g1": 0.03860770663988635, "g2": 11.195540116563663, "logK": 0.8459764637106484, "loc": -0.10165327959334458, "logScale": -1.799618129828807}