{"g1": 0.06907034434794873, "g2": 6.2703300754319935, "logK": 0.9997997566125775, "loc": -0.09105505485773799, "logScale": -1.7234620092771313}