{"g1": 0.055261296690345886, "g2": 3.7251939094273983, "logK": -0.024616411509418838, "loc": -0.1493638514811815, "logScale": -0.409193359156227}