{"g1": 0.04776606377755983, "g2": 8.670983028991328, "logK": -2.474082042435447, "loc": -0.1241495227827738, "logScale": -0.29301165562253817}