{"g1": 0.04244031266527135, "g2": 1.1386609601847655, "logK": 0.9866484141165229, "loc": -0.028699564638983557, "logScale": -1.3986078820615355}