{"g1": 0.9067906601027952, "g2": 6.371745231944537, "logK": -4.129244523684832, "loc": 0.0016552649115613306, "logScale": -3.9862730379214297}