{"g1": 0.6608146504559661, "g2": 9.499522035299803, "logK": -1.2689072943079285, "loc": -0.004135629063249784, "logScale": -3.9766881827119995}