{"g1": 0.7639058671026487, "g2": 0.46853804827482437, "logK": 0.14878643146411663, "loc": -0.0043554840750834895, "logScale": -3.9868706254963002}