{"g1": 0.32058964727107386, "g2": 6.654006032044149, "logK": -4.617587582920745, "loc": -0.002771201113495783, "logScale": -3.998375069122301}