{"g1": 0.010661741988191004, "g2": 0.3512899659322093, "logK": -0.5297746047271629, "loc": -0.014985471561661412, "logScale": -3.972236203460051}