{"g1": 0.8163767705136836, "g2": 7.413249961427201, "logK": 0.9032048284885618, "loc": -0.03866671715123035, "logScale": -3.8370270892146383}