{"g1": 0.09806910725174844, "g2": 4.732317772926991, "logK": 0.9126651732282087, "loc": -0.10598285197023856, "logScale": -1.5501980849986614}