{"g1": 0.025181489021691893, "g2": 14.584187970535064, "logK": 0.954187673427032, "loc": -0.1216150997554642, "logScale": -1.2795636587913672}