{"g1": 0.9611753684675962, "g2": 8.73243272314837, "logK": -1.6123202874507214, "loc": -0.004130454811563427, "logScale": -3.9958138814051876}