{"g1": 0.3349247016721697, "g2": 0.5806620971034939, "logK": -4.198178863860907, "loc": 0.001729919085133827, "logScale": -3.9933533955248093}