{"g1": 0.04232085958945732, "g2": 5.984545849198378, "logK": -3.8564584034974865, "loc": -0.01005193653911755, "logScale": -3.980838063445917}