{"g1": 0.8710591801578584, "g2": 0.41434583415172793, "logK": 0.05672320601433534, "loc": -0.020024983541517456, "logScale": -3.978669849583722}