{"g1": 0.7417984801794243, "g2": 1.1705812731246688, "logK": -0.7645205984261768, "loc": -0.00205961577561774, "logScale": -3.9620973106294755}