{"g1": 0.004154487057859563, "g2": 0.04128011496888595, "logK": -4.189498946170266, "loc": 0.002634284573038534, "logScale": -3.966373954951046}