{"g1": 0.6180924396671725, "g2": 11.816566752025757, "logK": -0.2381228826129993, "loc": -0.016540970543507807, "logScale": -3.997803424568252}