{"g1": 0.0015819501688319748, "g2": 7.535617693315357, "logK": 0.10870970421134862, "loc": -0.09320034845610702, "logScale": -0.5149531361806964}