{"g1": 0.801196426465475, "g2": 7.387254167452249, "logK": 0.7768173052081657, "loc": -0.017841687322825026, "logScale": -3.9845777166562044}