{"g1": 0.3911513182288486, "g2": 0.31500367120175543, "logK": -4.9906528581782545, "loc": 0.001957857956291559, "logScale": -3.81618414889503}