{"g1": 0.982725598965738, "g2": 3.248338586117372, "logK": -3.9294516922037404, "loc": 0.0009881285789921528, "logScale": -3.994276378294133}