{"g1": 0.25198917186895214, "g2": 10.799884360346201, "logK": 0.9946013897496461, "loc": -0.01177792449297239, "logScale": -3.9871914034935303}