{"g1": 0.9560983761936482, "g2": 12.13736303789321, "logK": -4.362338889112526, "loc": -0.00011324506053893247, "logScale": -3.9785662648663243}