{"g1": 0.23874596128796494, "g2": 6.171126601885711, "logK": -3.6066728081734074, "loc": -0.00048059297149133373, "logScale": -3.9992124648413143}