{"g1": 0.046289801414443624, "g2": 2.7898175435130828, "logK": -0.36415694959571887, "loc": -0.003722769584417083, "logScale": -0.43279805392502835}