{"g1": 0.04551299010092953, "g2": 0.026549856205313027, "logK": 0.5025589651929183, "loc": -0.01570118809580555, "logScale": -1.2761879401427856}