{"g1": 0.16201390626514958, "g2": 6.386246149870069, "logK": 0.910089379286713, "loc": -0.03226384986496115, "logScale": -3.995585614680477}