{"g1": 0.3633910250889645, "g2": 2.567745695361001, "logK": -2.805165025638039, "loc": 0.0026092801295507662, "logScale": -3.9996887013311246}