{"g1": 0.3075690884371529, "g2": 8.716600519782352, "logK": -2.6834303371014356, "loc": 0.0009295426907598668, "logScale": -3.9506244089698974}