{"g1": 0.33688584812246114, "g2": 9.549923562569518, "logK": 0.5600968452675075, "loc": -0.023555407418660048, "logScale": -3.8454339615338156}