{"g1": 0.6388480524387171, "g2": 7.354781983757443, "logK": 0.7179104005423136, "loc": -0.02116974227108247, "logScale": -3.7906172656448485}