{"g1": 0.13747536875390567, "g2": 10.109190310874075, "logK": -0.34714055777736874, "loc": -0.016850770030169215, "logScale": -3.805934642735692}