{"g1": 0.050513804410544524, "g2": 7.3061944352303545, "logK": 0.7445238839683754, "loc": -0.0519365996710861, "logScale": -1.649522083049518}