{"g1": 0.9096463281335287, "g2": 2.1304340207503936, "logK": -2.3584087077921234, "loc": -0.009369958608850024, "logScale": -3.9969173269852}