{"g1": 0.886742330724668, "g2": 2.79427229120408, "logK": -0.3528940486667336, "loc": -0.00846709037065163, "logScale": -3.9564043878232655}