{"g1": 0.8713985374689919, "g2": 1.1276962870121146, "logK": -1.2775660689580381, "loc": 0.0011490673283625127, "logScale": -3.9934131244120983}