{"g1": 0.4948142828268589, "g2": 7.85543853094727, "logK": -3.990942566228066, "loc": 0.005177215954260754, "logScale": -3.7155801616160398}