{"g1": 0.9437530934557103, "g2": 7.53400892219344, "logK": 0.5914126769124977, "loc": -0.023486357935252708, "logScale": -3.9875788679143964}