{"g1": 0.6567994961071433, "g2": 14.602203778000181, "logK": 0.07500269713342589, "loc": -0.017156990446911397, "logScale": -3.984018792946863}