{"g1": 0.017834651763945934, "g2": 12.395080338390207, "logK": 0.39599293797653456, "loc": -0.08370043292466814, "logScale": -1.162432114085813}