{"g1": 0.7910774608503632, "g2": 13.619551305825293, "logK": -2.273311882028448, "loc": -0.0038891495818970437, "logScale": -3.9775029340487547}