{"g1": 0.8034892380063533, "g2": 0.37427745924279066, "logK": -2.331510143848867, "loc": -0.005692643915942753, "logScale": -3.9932409785652028}