{"g1": 0.0725446159241056, "g2": 0.052978367693850004, "logK": -3.8476845870532745, "loc": 0.04568632221305089, "logScale": -0.30460400526504605}