{"g1": 0.0010298935722268324, "g2": 2.2322407642337714, "logK": -0.37213817980728847, "loc": 0.05118883775869641, "logScale": -0.6030400811844108}