{"g1": 0.1459107519900204, "g2": 4.742937013480193, "logK": -2.7806955529687154, "loc": 0.004160707236053957, "logScale": -3.983570762974773}