{"g1": 0.8500298308386797, "g2": 3.2956941905507673, "logK": -0.6277711485419171, "loc": -0.0034789190412050225, "logScale": -3.9963850535471854}