{"g1": 0.03405189511206897, "g2": 13.774193308663389, "logK": -4.040017672051941, "loc": 0.12727732316131224, "logScale": -0.33550632566210165}