{"g1": 0.0012255646450212744, "g2": 7.096753509819122, "logK": -3.3738228888837347, "loc": 0.13031431733936788, "logScale": -0.42398659732665184}