{"g1": 0.9958628359376072, "g2": 5.742834825105211, "logK": -4.926401554008211, "loc": -0.0021025347318594824, "logScale": -3.9983838323591536}