{"g1": 0.0026828450810245097, "g2": 4.09290529070352, "logK": -0.2561788482699521, "loc": 0.09030966636065217, "logScale": -0.7516765370435714}