{"g1": 0.47999906922266344, "g2": 7.415156896056907, "logK": -0.9373605215973414, "loc": -0.010387288584500222, "logScale": -3.981104216449085}