{"g1": 0.3018401478304288, "g2": 8.10665704906967, "logK": 0.4854563413349484, "loc": -0.016642005528265107, "logScale": -3.7849287467195123}