{"g1": 0.007783063601525482, "g2": 5.807610479923488, "logK": 0.9465787811689454, "loc": -0.1038098297713789, "logScale": -1.7200890085189724}