{"g1": 0.8068224830720307, "g2": 8.795022964196956, "logK": -4.475592478109817, "loc": 0.0012759530227379155, "logScale": -3.98470223932785}