{"g1": 0.3879399336450334, "g2": 2.6355644691212294, "logK": -3.2125754792256322, "loc": 0.004439148832710545, "logScale": -3.999445058535861}