{"g1": 0.04859474364376265, "g2": 2.0944893436385614, "logK": -0.05133279166009008, "loc": -0.004694359130285122, "logScale": -3.9802332831106426}