{"g1": 0.037402418286368616, "g2": 6.1870676265113085, "logK": 0.017607717961339392, "loc": -0.14360769470606663, "logScale": -0.467135659505612}