{"g1": 0.7515188029108613, "g2": 8.061523016948682, "logK": 0.30258479286976847, "loc": -0.005941693235735393, "logScale": -3.984274821440411}