{"g1": 0.6827787610645575, "g2": 0.0343576593807628, "logK": 0.9915490586763552, "loc": -0.01764256236864841, "logScale": -3.7598694059525206}