{"g1": 0.22430803517481404, "g2": 2.275079469678362, "logK": 0.3700123289595032, "loc": -0.10832535664843007, "logScale": -0.6656686410459646}