{"g1": 0.0012546185549206293, "g2": 5.680942610441685, "logK": -0.5649760124005968, "loc": 0.017115833512835216, "logScale": -0.6105971067094899}