{"g1": 0.005258141997611709, "g2": 2.989959249880309, "logK": 0.5658737939465652, "loc": -0.01646416391290966, "logScale": -0.7809853677773253}