{"g1": 0.5668104502876228, "g2": 9.163272288397048, "logK": 0.9935094144504126, "loc": -0.02573627394193522, "logScale": -3.991117320790705}