{"g1": 0.7865035335778313, "g2": 10.474429994457893, "logK": -3.168298525934196, "loc": -0.0009253589190216184, "logScale": -3.968556816934523}