{"g1": 0.1039152004493627, "g2": 4.797046696250849, "logK": -4.560400689403066, "loc": 0.0006621733989173907, "logScale": -3.982882904166204}