{"g1": 0.8432302141527273, "g2": 11.787937582838943, "logK": -2.821105507066636, "loc": -0.0009769019386121425, "logScale": -3.991486514828737}