{"g1": 0.14230590631947515, "g2": 0.025555817080648066, "logK": 0.9981029256029473, "loc": -0.07747176151398312, "logScale": -1.9536871079214662}