{"g1": 0.0014710283391990986, "g2": 3.9857643788734083, "logK": -3.4807050845674157, "loc": 0.1286603568670761, "logScale": -0.24380493066361755}