{"g1": 0.672157382263271, "g2": 4.67439759149717, "logK": -2.8543706912170523, "loc": -0.010818945151160178, "logScale": -3.9992060408565733}