{"g1": 0.931070566729669, "g2": 14.463185512112124, "logK": -0.39841620881266404, "loc": -0.0065070126036283794, "logScale": -3.9778317746373695}