{"g1": 0.0861657670242133, "g2": 11.463206422573503, "logK": -1.1165651136319288, "loc": -0.007726150467740372, "logScale": -3.9936603933289136}