{"g1": 0.7629495007518328, "g2": 9.164292216463666, "logK": -1.855063107410878, "loc": -0.0021230756341189504, "logScale": -3.9936321205679746}