{"g1": 0.09472582072872093, "g2": 0.021057865074647353, "logK": 0.8130342592560493, "loc": 0.018126976749330708, "logScale": -1.5051137807221213}