{"g1": 0.11414618097519105, "g2": 0.08982433768809628, "logK": -1.6989643208186664, "loc": -0.06819484559424267, "logScale": -0.3023035353121335}