{"g1": 0.0033335901221944264, "g2": 2.849378103732665, "logK": -1.1389936727236214, "loc": -0.13136050398661378, "logScale": -0.34772118534134805}