{"g1": 0.0018213309913130138, "g2": 9.503654425848172, "logK": -2.996388520130719, "loc": -0.06621566798557328, "logScale": -0.5069128276979087}