{"g1": 0.004367333112855296, "g2": 14.994135149105833, "logK": 0.9324262755894943, "loc": 0.01731919579427095, "logScale": -1.5883029317846662}