{"g1": 0.9772916604931495, "g2": 11.30967954730701, "logK": -4.6283292346743545, "loc": 0.013434315441922716, "logScale": -3.752112794393855}