{"g1": 0.0030973731699158874, "g2": 2.509337953914713, "logK": -0.5903549635879983, "loc": 0.015945740931644643, "logScale": -0.5903009718129553}