{"g1": 0.7459826473075225, "g2": 11.45156677262965, "logK": 0.540529797086795, "loc": -0.0009406342123097246, "logScale": -3.9960937663953846}