{"g1": 0.8972507428259854, "g2": 14.857519978255329, "logK": 0.4128380774137209, "loc": -0.01770045567821818, "logScale": -3.9837667984571947}