{"g1": 0.18787525391174434, "g2": 0.10749505822061245, "logK": -1.835763993590474, "loc": 0.071720888531907, "logScale": -0.4216347572591046}