{"g1": 0.5378445289815627, "g2": 5.509418000486898, "logK": -2.2628799962657036, "loc": 0.004086155275570013, "logScale": -3.9928413918720906}