{"g1": 0.0677119240389024, "g2": 7.3270529783043195, "logK": 0.5661022443002981, "loc": -0.018946881830924273, "logScale": -3.970627515544465}