{"g1": 0.16552216991310104, "g2": 7.673519023398604, "logK": -2.9769353305475237, "loc": -0.0023986932055495916, "logScale": -3.9920572522637414}