{"g1": 0.0021256881508351757, "g2": 9.324117273513387, "logK": 0.6800457297515454, "loc": -0.149628743232331, "logScale": -1.4734279348044974}