{"g1": 0.007429607102435103, "g2": 2.7005688850100427, "logK": 0.879995957692978, "loc": 0.03172671252484028, "logScale": -1.7638020297587231}