{"g1": 0.13916083959236875, "g2": 9.158174028284366, "logK": -2.403463453951428, "loc": 0.041143093049417094, "logScale": 0.09780649844811781}