{"g1": 0.0015797777849912847, "g2": 2.9280804790930692, "logK": 0.7451437838411524, "loc": -0.11514072354616511, "logScale": -1.8019473226302}