{"g1": 0.3175027628332936, "g2": 0.3801191455366769, "logK": -4.929260672237479, "loc": -0.003618783613121514, "logScale": -3.994024975778796}