{"g1": 0.04993953573833102, "g2": 1.078171912489581, "logK": -0.037599815147213334, "loc": 0.05305796935683808, "logScale": -0.653261340767076}