{"g1": 0.9598919603085285, "g2": 9.10664442225683, "logK": -2.3194457347973687, "loc": 0.0017196674747681833, "logScale": -3.901797653313707}