{"g1": 0.9975351241668423, "g2": 1.8908676340621215, "logK": -1.9337962025206734, "loc": -0.000692550331611504, "logScale": -3.991614498464946}