{"g1": 0.9383861464727201, "g2": 2.8782570494204713, "logK": -3.258320066027364, "loc": -0.002120373717812912, "logScale": -3.8535112665544227}