{"g1": 0.3928606747029523, "g2": 11.54711892403339, "logK": 0.590838281869345, "loc": -0.024287976344551418, "logScale": -3.719723940794682}