{"g1": 0.7056958061210844, "g2": 7.466662918662695, "logK": -0.22111875756070942, "loc": -0.01210682324131187, "logScale": -3.8342611632391823}