{"g1": 0.022125955658630014, "g2": 14.336167860453521, "logK": 0.9930919367218529, "loc": -0.08580390749419538, "logScale": -1.4419583081701906}