{"g1": 0.43839179639678016, "g2": 14.025134222208413, "logK": 0.890206123937459, "loc": -0.011460509992447675, "logScale": -3.9517459743109193}