{"g1": 0.01731577063328138, "g2": 14.968910962194762, "logK": -3.793337574374748, "loc": 0.01254933251635565, "logScale": -0.3427766686495717}