{"g1": 0.6770247560573515, "g2": 12.394689796660899, "logK": -1.5594860411547518, "loc": -0.002791782074477782, "logScale": -3.983873239904374}