{"g1": 0.25819386599656197, "g2": 1.2905871618429616, "logK": -3.407053343743362, "loc": 0.0009811141168703996, "logScale": -3.9813106806081016}