{"g1": 0.725019342932725, "g2": 14.984359727947766, "logK": -1.4226944139039102, "loc": -0.011102621077031655, "logScale": -3.9869684403320678}