{"g1": 0.03864500341176579, "g2": 11.654052662513978, "logK": -4.101822677645574, "loc": -0.0025307213471704986, "logScale": -3.7929075592388024}