{"g1": 0.9919417422662968, "g2": 3.9599425270242463, "logK": -1.8077702236202522, "loc": -0.0020637292795360196, "logScale": -3.993834322949429}