{"g1": 0.7671726707035146, "g2": 3.2224813120489326, "logK": -1.8774784710022867, "loc": -0.005019378151472588, "logScale": -3.861968181289457}