{"g1": 0.14259030490977642, "g2": 0.15779689035489897, "logK": -4.150926975245464, "loc": -0.10634052672800268, "logScale": -0.28455036150291935}