{"g1": 0.01583529847351342, "g2": 5.740751099947607, "logK": -2.6901883755939426, "loc": 0.06422016768292847, "logScale": -0.4411594945927951}