{"g1": 0.1073453045141355, "g2": 3.2684657235288626, "logK": 0.9780228033217191, "loc": -0.039537717274899284, "logScale": -3.204170507635547}