{"g1": 0.040616665193556986, "g2": 10.496936524934469, "logK": 0.43980096360970355, "loc": 0.042514591167355814, "logScale": -1.0441078751994264}