{"g1": 0.0027294936772009892, "g2": 11.65111988227878, "logK": 0.7447293630989229, "loc": -0.12761624303446323, "logScale": -1.4400560569296317}