{"g1": 0.1140369441244871, "g2": 0.2506144571148763, "logK": -3.3310693968244345, "loc": 0.10868890161568258, "logScale": -0.34048420773340815}