{"g1": 0.6896574174321548, "g2": 3.0941690364474552, "logK": 0.9634697101353717, "loc": -0.013645527091544039, "logScale": -3.958627655204949}