{"g1": 0.0015280412710177178, "g2": 11.803315537458182, "logK": 0.8322774842036282, "loc": -0.11312485311771592, "logScale": -1.605748140606296}