{"g1": 0.27554118451898935, "g2": 10.328119262985991, "logK": 0.7999201372624628, "loc": -0.008225071962359096, "logScale": -3.9855920342116984}