{"g1": 0.018630704682242392, "g2": 1.451489804419463, "logK": -4.852858400401308, "loc": 0.09067848093442606, "logScale": -0.33897196017621556}