{"g1": 0.6532562964965867, "g2": 7.14637823215334, "logK": -0.7330966428040828, "loc": -0.01377848666807151, "logScale": -3.7921345133889663}