{"g1": 0.3760186849119525, "g2": 6.083185131280498, "logK": 0.9511839561630129, "loc": -0.01880833570678345, "logScale": -3.992032625824109}