{"g1": 0.9275135740159498, "g2": 5.905560170186474, "logK": -3.6458929273959346, "loc": -0.0006114015535164316, "logScale": -3.9921263851141613}