{"g1": 0.43531130514765803, "g2": 14.997887567043882, "logK": -1.3080442341438974, "loc": -0.0015637582516912912, "logScale": -3.994923916983881}