{"g1": 0.013211415815082785, "g2": 7.820332514741498, "logK": -2.1238124168362913, "loc": -0.04720327700005543, "logScale": -0.3776638234169034}