{"g1": 0.7454978467876284, "g2": 8.824831350937988, "logK": 0.5950812731471264, "loc": -0.023251856850623937, "logScale": -3.7371164834944266}