{"g1": 0.042226462590242896, "g2": 12.545774609962674, "logK": 0.7060647056571225, "loc": -0.08573493149281683, "logScale": -1.2303269505219834}