{"g1": 0.5480839101377508, "g2": 0.1724075217241144, "logK": -3.3051096834227254, "loc": -0.0558003497033417, "logScale": -0.3780133623748254}