{"g1": 0.03601075197161131, "g2": 12.784849408278413, "logK": 0.9930740699075695, "loc": 0.039348931880833556, "logScale": -1.4303400137803586}