{"g1": 0.7670627017710787, "g2": 7.020421828803244, "logK": 0.11801331172178797, "loc": -0.004966787805027913, "logScale": -3.9871697488150746}