{"g1": 0.006995041002133048, "g2": 1.159935561034855, "logK": 0.989150687762091, "loc": -0.03097135990516563, "logScale": -1.615068000408487}