{"g1": 0.06795357905843175, "g2": 8.452009491934, "logK": 0.7577834294802483, "loc": -0.1104837301750008, "logScale": -1.090706281118638}