{"g1": 0.0025515392438684587, "g2": 10.96760676358736, "logK": -2.26127855701979, "loc": 0.1417227037130648, "logScale": -0.27655006431710455}