{"g1": 0.013382420413162703, "g2": 13.051386840634805, "logK": -2.8486239398016884, "loc": -0.026036067300982232, "logScale": -0.3811033530239445}