{"g1": 0.6084626238476365, "g2": 12.320729231072184, "logK": -1.7765706262166792, "loc": 0.0006021108242945461, "logScale": -3.995368382342858}