{"g1": 0.044460176982137486, "g2": 4.9127969052655605, "logK": 0.9979017150596182, "loc": -0.029365626034156808, "logScale": -1.5761693544139868}