{"g1": 0.0038669145608072886, "g2": 1.4781177580732034, "logK": -4.9139331122555845, "loc": -0.001975794445184151, "logScale": -3.9935047278045794}