{"g1": 0.12340040466218138, "g2": 13.770335604936356, "logK": -0.025215832875820965, "loc": -0.05197883614693057, "logScale": -0.8474643190473121}