{"g1": 0.8819450242483368, "g2": 9.357397136876004, "logK": -2.8682912807427297, "loc": 0.001914150745198762, "logScale": -3.9869954063298465}