{"g1": 0.10588431676961715, "g2": 0.13293560626157963, "logK": -3.7039166321423855, "loc": 0.022027555085524193, "logScale": -0.4753039870300497}