{"g1": 0.46263632563088264, "g2": 0.025778836931388438, "logK": -1.7404948397188085, "loc": -0.09151040030334709, "logScale": -0.3099668467279547}