{"g1": 0.08199847929351226, "g2": 12.719011334681214, "logK": 0.8496385150991905, "loc": -0.10869733967234599, "logScale": -1.1083463480901958}