{"g1": 0.1291388251891406, "g2": 10.989193206300946, "logK": -2.447638930985893, "loc": -0.00740457939118174, "logScale": -3.9949540174750906}