{"g1": 0.6275245876652202, "g2": 7.527436547678949, "logK": -1.8150827918882304, "loc": -0.002324702032374136, "logScale": -3.8565185216860987}