{"g1": 0.037931804650453066, "g2": 1.5932408901402537, "logK": 0.878168569465226, "loc": 0.0600501206962831, "logScale": -1.2757639053651084}