{"g1": 0.714655900306099, "g2": 2.1989580177038595, "logK": -0.8434143618824734, "loc": -0.003800598990244538, "logScale": -3.9977613856399317}