{"g1": 0.26674064508446144, "g2": 0.0550297519779126, "logK": 0.8580907361020461, "loc": -0.09725344736727376, "logScale": -1.4120100459529963}