{"g1": 0.472120765678497, "g2": 8.385780600343722, "logK": 0.756872533541407, "loc": -0.0243329335530924, "logScale": -3.9851292741531887}