{"g1": 0.17726975757734553, "g2": 2.1674158086409028, "logK": -0.7909856751627896, "loc": -0.00312516355099964, "logScale": -3.9806057810299125}