{"g1": 0.24880164592325363, "g2": 0.0054406209632580915, "logK": 0.9684822651663345, "loc": -0.04058246192720525, "logScale": -1.496870322704604}