{"g1": 0.9698174745319145, "g2": 10.713571864245395, "logK": 0.7488560984768775, "loc": -0.01633922248127208, "logScale": -3.986781999912055}