{"g1": 0.9445459910964027, "g2": 9.53262849117555, "logK": -3.8494100116558223, "loc": 0.007436337048270711, "logScale": -3.986163982920018}