{"g1": 0.018631157132904114, "g2": 5.206978749593272, "logK": 0.881849123437186, "loc": -0.05243619305592805, "logScale": -1.618361963346092}