{"g1": 0.5533086843926207, "g2": 4.524196845227021, "logK": -1.8761591113115292, "loc": 0.004607301715852113, "logScale": -3.9954513704004175}