{"g1": 0.7035799725348659, "g2": 1.1286477237045573, "logK": -2.2195024599020314, "loc": -0.0005782715862581132, "logScale": -3.906130244207765}