{"g1": 0.9134726715570647, "g2": 3.850439047310136, "logK": -2.90861987442913, "loc": 0.003559157412995513, "logScale": -3.960060448163738}