{"g1": 0.07557847255700359, "g2": 2.3842361598535082, "logK": -4.549062432515162, "loc": -0.0018266614220533344, "logScale": -3.990378495899731}