{"g1": 0.02713012493833987, "g2": 4.757040659399063, "logK": 0.2094937246857811, "loc": 0.003902328425524213, "logScale": -0.690128998666654}