{"g1": 0.0014215013449414057, "g2": 14.491248037792884, "logK": -3.6642950760248105, "loc": -0.029929535724260853, "logScale": -0.4322668720076639}