{"g1": 0.6228372144029444, "g2": 1.8266131963960168, "logK": -3.0828434315991093, "loc": -0.004149156261582609, "logScale": -3.9853792095178013}