{"g1": 0.22037188546191708, "g2": 0.04958015585665537, "logK": 0.9147747680135444, "loc": -0.03726964891890329, "logScale": -1.6510496452347696}