{"g1": 0.9076052691563169, "g2": 12.524932298508975, "logK": 0.6858745473180173, "loc": -0.021099070009352957, "logScale": -3.9896767173585186}