{"g1": 0.4399414630838109, "g2": 12.489595120340626, "logK": -1.6268479418635096, "loc": -0.0031452757451796935, "logScale": -3.9832494301765577}