{"g1": 0.05342629302700387, "g2": 5.174174552092963, "logK": 0.3197160620440809, "loc": 0.0632346514028316, "logScale": -1.0505040815539426}