{"g1": 0.5344361313278458, "g2": 6.759888214701415, "logK": -4.685088926077579, "loc": -0.00469946292777986, "logScale": -3.993524433965185}