{"g1": 0.027500984675550594, "g2": 7.741349134512709, "logK": 0.21311995020824795, "loc": 0.0251428989338078, "logScale": -0.9453833000029627}