{"g1": 0.7505216378213584, "g2": 2.4073356238766657, "logK": -4.4150992820055315, "loc": -0.0009263555989965314, "logScale": -3.9964523758264705}