{"g1": 0.3649765674172975, "g2": 8.08040243878223, "logK": 0.9950769416089715, "loc": -0.01749242856565946, "logScale": -3.9865400130096966}