{"g1": 0.5954030543191486, "g2": 3.1677911167611414, "logK": -1.839921124575106, "loc": 0.0002929423354472785, "logScale": -3.9804560725752287}