{"g1": 0.9968143878566922, "g2": 11.595857949352332, "logK": 0.25946501583765547, "loc": -0.006553117855421276, "logScale": -3.999091104307007}