{"g1": 0.1265780922346004, "g2": 13.05311171815356, "logK": -3.2176199350338806, "loc": -0.0032145864423962995, "logScale": -3.846746156390524}