{"g1": 0.001391568960666556, "g2": 2.4798724499457903, "logK": 0.9811710450201697, "loc": -0.05508758817859134, "logScale": -1.1728858356920309}