{"g1": 0.1510621978514017, "g2": 11.735811864269177, "logK": 0.3850959646189517, "loc": 0.022426438485890304, "logScale": -0.8044851358254963}