{"g1": 0.9687220691715863, "g2": 6.692437073695895, "logK": -4.15304287248345, "loc": 0.009165958565617405, "logScale": -3.965515016997229}