{"g1": 0.9636815112551136, "g2": 3.3046263450890305, "logK": -0.7159240145289435, "loc": -0.0099187418971016, "logScale": -3.991577179441015}