{"g1": 0.7549456293627314, "g2": 4.518922561048871, "logK": -1.57136588459911, "loc": 0.0010126976123764845, "logScale": -3.9707175217601804}