{"g1": 0.6221036231875193, "g2": 3.1828223364709833, "logK": -0.9625680643777131, "loc": -0.0051454905813267445, "logScale": -3.8044062119078053}