{"g1": 0.7909266339815072, "g2": 11.260984197339303, "logK": -4.496335489734061, "loc": -0.0008719837562635099, "logScale": -3.989569929294666}