{"g1": 0.8189103542369065, "g2": 7.020826370705794, "logK": -2.8419455899761052, "loc": -0.004989890543654079, "logScale": -3.9572504659281}