{"g1": 0.9926322564540183, "g2": 5.552535293751715, "logK": -4.349631053784764, "loc": -0.006907005805663301, "logScale": -3.995505687911021}