{"g1": 0.132613561194929, "g2": 10.737361881738739, "logK": -3.9648330688592672, "loc": 0.003355870609255726, "logScale": -3.9558615378874706}