{"g1": 0.7266028128868847, "g2": 8.10786516018751, "logK": 0.7012289127043912, "loc": -0.019310652758106617, "logScale": -3.9818916198287053}