{"g1": 0.5732351231891404, "g2": 14.024352441998516, "logK": -3.454827817311456, "loc": -0.002531720301343309, "logScale": -3.976557451864115}