{"g1": 0.8432508919011642, "g2": 5.312978756913791, "logK": 0.9606263395624419, "loc": -0.016960810542502733, "logScale": -3.812238189369224}