{"g1": 0.8326089434409805, "g2": 7.880695847862575, "logK": -0.5519873142809891, "loc": -0.012470583810223618, "logScale": -3.9919201165151694}