{"g1": 0.0964621852436779, "g2": 0.04263450579685352, "logK": -2.848937267271882, "loc": -0.009682517385298607, "logScale": -0.4452963511381187}