{"g1": 0.12677384905819422, "g2": 0.12569243047500311, "logK": 0.8772286020346852, "loc": -0.022215981475174288, "logScale": -1.6502794831603413}