{"g1": 0.9722472047577954, "g2": 13.030580567150997, "logK": -0.4372918431205001, "loc": -0.009656951913626342, "logScale": -3.937775807716869}