{"g1": 0.645433636945018, "g2": 0.05432386827291147, "logK": -1.8833739563074547, "loc": -0.04196980284380801, "logScale": -0.18104773208747127}