{"g1": 0.05955327771905333, "g2": 12.882568423773689, "logK": -2.799281259569474, "loc": 0.08756852279517191, "logScale": -0.3249656721738601}