{"g1": 0.21135581693124397, "g2": 5.633981760978257, "logK": -3.5002473098958555, "loc": 0.0013514163904087065, "logScale": -3.9776387914818674}