{"g1": 0.0015734212840702172, "g2": 13.085934946853389, "logK": 0.19143687829519881, "loc": -0.12932353279578826, "logScale": -0.6469107294831363}