{"g1": 0.035637586783935526, "g2": 4.759742487510822, "logK": -1.652710149449792, "loc": -0.0028057746893939937, "logScale": -3.7933991003390304}