{"g1": 0.021195459592393884, "g2": 13.21246884638407, "logK": -1.654325783656119, "loc": -0.046629137881657685, "logScale": -0.4193912147834667}