{"g1": 0.1536444663911875, "g2": 6.799804255690831, "logK": -0.31984014506361924, "loc": -0.017871561491695366, "logScale": -3.9969154214774885}