{"g1": 0.12896699417740076, "g2": 7.562114930659605, "logK": -4.14851220281583, "loc": -0.004707828342199551, "logScale": -3.998716731746007}