{"g1": 0.8914078421797769, "g2": 3.9036850230811693, "logK": -3.844037831088617, "loc": 0.0035890610007723077, "logScale": -3.9958654145835197}