{"g1": 0.02361631415963618, "g2": 10.925525556840126, "logK": 0.17963319552331086, "loc": 0.1491686264085625, "logScale": -1.0193478740457413}