{"g1": 0.9268771689570527, "g2": 14.970187172802216, "logK": -4.40908487074795, "loc": 0.004790439867100269, "logScale": -3.9561231146446305}