{"g1": 0.06330808470497318, "g2": 0.04581074845242261, "logK": -0.6989540711375575, "loc": -0.00977048257629191, "logScale": -0.4658663954831402}