{"g1": 0.14546301459670713, "g2": 9.283225518384143, "logK": -3.6451446571787343, "loc": -0.0016995327170529681, "logScale": -3.9978333419172305}