{"g1": 0.8884449467488928, "g2": 9.163922969124535, "logK": 0.73910906374776, "loc": -0.007944574135551392, "logScale": -3.9859141423225672}