{"g1": 0.89561524720794, "g2": 1.1786217381608326, "logK": 0.14607101323413374, "loc": -0.013691866744721535, "logScale": -3.998971628084141}