{"g1": 0.8879950179699464, "g2": 9.195258524099518, "logK": -3.775826009262119, "loc": -0.004617769695305788, "logScale": -3.9832805198399535}