{"g1": 0.12119354717867337, "g2": 8.171347845536667, "logK": -0.5905994080817312, "loc": -0.012067785110049205, "logScale": -3.990051897741462}