{"g1": 0.4097256960538329, "g2": 13.40080274533615, "logK": 0.22745503884709883, "loc": -0.013050599767917769, "logScale": -3.8355207544074457}