{"g1": 0.11180232594282391, "g2": 12.396732469126533, "logK": -3.2517602213111036, "loc": 0.00888674440133063, "logScale": -3.9948470051342526}