{"g1": 0.1536318010108944, "g2": 0.12421603252270896, "logK": -4.8149239517467155, "loc": -0.0051232182440544075, "logScale": -0.08798681344471218}