{"g1": 0.22848023098326828, "g2": 9.525386347035571, "logK": -0.049449304963498, "loc": -0.009079179376884319, "logScale": -3.9952903799681434}