{"g1": 0.9315612171902645, "g2": 8.427755682983495, "logK": -0.763972446094535, "loc": -0.0061186674636350795, "logScale": -3.988613862299738}