{"g1": 0.7699351224473389, "g2": 7.580385164790503, "logK": -4.015425853605979, "loc": 0.005576989500872473, "logScale": -3.9751110230894344}