{"g1": 0.6933028549704932, "g2": 1.7952166294629124, "logK": 0.8084307237919761, "loc": -0.01782364291026016, "logScale": -3.7581453846375097}