{"g1": 0.9737798931184162, "g2": 7.195924656277865, "logK": -2.9722679694313463, "loc": -0.009154615675956036, "logScale": -3.8631898833929963}