{"g1": 0.10633717945016853, "g2": 13.763257037831893, "logK": 0.6561511633004189, "loc": -0.10872715152458365, "logScale": -0.9369703579999162}