{"g1": 0.04432987514911807, "g2": 13.727306638802355, "logK": 0.47808002247920656, "loc": -0.13019480911203327, "logScale": -1.080143509382812}