{"g1": 0.957049965772828, "g2": 12.903707460725986, "logK": -2.213766520696267, "loc": 0.004310397817627879, "logScale": -3.752943165137958}