{"g1": 0.0013103092344226713, "g2": 4.9990287490309955, "logK": 0.9537213609584834, "loc": -0.003744787378864689, "logScale": -1.3622246548458885}