{"g1": 0.0159855540894211, "g2": 11.009848527879916, "logK": -3.4110275765708145, "loc": -0.08186356543848301, "logScale": -0.2876368101820511}