{"g1": 0.018891126289908758, "g2": 9.475713734234116, "logK": -4.598469831757051, "loc": 0.013311579033827979, "logScale": -0.3138638063774573}