{"g1": 0.5275585722035225, "g2": 8.622589033499358, "logK": -4.71434095030671, "loc": -0.0015083459957994467, "logScale": -3.992063324039187}