{"g1": 0.8461779536558914, "g2": 0.5218797831633815, "logK": 0.5117300185010414, "loc": -0.020747582656770496, "logScale": -3.8077104051515294}