{"g1": 0.05151153026295009, "g2": 10.498275847844427, "logK": 0.5612343639137292, "loc": -0.08000692974518415, "logScale": -1.1723997475698158}