{"g1": 0.9135489243459027, "g2": 9.192372354939543, "logK": 0.899196797886668, "loc": -0.020371067537873013, "logScale": -3.8291304943383127}