{"g1": 0.3448914336188719, "g2": 0.31983259405281744, "logK": 0.2213695648289159, "loc": 0.08709807590885735, "logScale": -0.7763241061800982}