{"g1": 0.7515904765540341, "g2": 13.821240321958772, "logK": -3.853225483690661, "loc": 0.006788067481928963, "logScale": -3.986643044750926}