{"g1": 0.9944291428230229, "g2": 3.988302429732283, "logK": -0.04627696339580789, "loc": -0.018078181852734035, "logScale": -3.996204324170966}