{"g1": 0.005464928253680376, "g2": 13.891525894308192, "logK": 0.9558310783342526, "loc": 0.061474568786809, "logScale": -1.6169520026134643}