{"g1": 0.05078590190786658, "g2": 7.5021217601652825, "logK": -3.667099524583204, "loc": 0.050624381393321136, "logScale": -0.21251630574742333}