{"g1": 0.5882116232660515, "g2": 11.030088356619522, "logK": -3.5166522468275514, "loc": -0.005166582997664664, "logScale": -3.997958965472818}