{"g1": 0.4148118500466168, "g2": 10.812110899093163, "logK": -2.194055761485703, "loc": -0.001551504056537702, "logScale": -3.8632488397949025}