{"g1": 0.7341456308286244, "g2": 14.20050118657133, "logK": -4.102296779610667, "loc": 0.0004482227127687536, "logScale": -3.9989381594820896}