{"g1": 0.8789038425404586, "g2": 9.858215365447053, "logK": -0.5556001642971914, "loc": -0.015596853963401184, "logScale": -3.971423505753399}