{"g1": 0.14961647050674, "g2": 5.2473973886099285, "logK": -1.8690808948503181, "loc": -0.004310332877400104, "logScale": -3.9649717511195197}