{"g1": 0.7318767342946755, "g2": 12.94113720501021, "logK": -0.5187433880810918, "loc": -0.0012160965329860302, "logScale": -3.9691302172264105}