{"g1": 0.047434829388786626, "g2": 1.9648572517781546, "logK": -3.1502852733123943, "loc": -0.005895164716709027, "logScale": -3.9987232716407273}