{"g1": 0.6037038628580769, "g2": 0.16404846114715932, "logK": -2.930335325938987, "loc": 0.14368549335478717, "logScale": -0.5246817653515173}