{"g1": 0.001324109491575836, "g2": 8.84721802901154, "logK": -0.4537021412819362, "loc": 0.09111007363566874, "logScale": -0.4028442583041043}