{"g1": 0.10151559638635578, "g2": 0.06205263831369834, "logK": -3.348416838632916, "loc": -0.007765510794887458, "logScale": -0.267465275327274}