{"g1": 0.45334067432228853, "g2": 0.04266503823603568, "logK": 0.8547197597044778, "loc": -0.038938077273012, "logScale": -1.5458407936648086}