{"g1": 0.57209150097923, "g2": 1.0086333348568952, "logK": -4.710841540636376, "loc": 0.0008714580466244847, "logScale": -3.868959894964497}