{"g1": 0.3563264578071974, "g2": 1.6448508322510984, "logK": -4.7190244474547915, "loc": 0.0025767621761455467, "logScale": -3.979556453681936}