{"g1": 0.135120666105005, "g2": 0.05816256239553663, "logK": 0.7178751241569032, "loc": -0.06627138096667291, "logScale": -1.1160575903040726}