{"g1": 0.9438386551654516, "g2": 8.583677737610419, "logK": -3.369622292022858, "loc": 0.0037670548276089203, "logScale": -3.889724216029025}