{"g1": 0.33432819359070864, "g2": 11.631532524618358, "logK": -1.8076612955730473, "loc": -0.01123862175739098, "logScale": -3.9929095225485733}