{"g1": 0.6442569006436137, "g2": 5.278895405849161, "logK": -3.7761985467171506, "loc": 4.5495481204360644e-05, "logScale": -3.827385095230696}