{"g1": 0.06337771756342242, "g2": 7.336574684189332, "logK": -2.685481258253443, "loc": -0.09216012158099837, "logScale": -0.22712720779112133}