{"g1": 0.7907789626074568, "g2": 7.103409603986723, "logK": -1.975136628387145, "loc": -0.004520008379246276, "logScale": -3.996945788461018}