{"g1": 0.32911101207328297, "g2": 10.918099848903545, "logK": 0.9845234001780181, "loc": -0.05370312448658353, "logScale": -3.6209679633380856}