{"g1": 0.5682441664124923, "g2": 0.05839892074538702, "logK": 0.0870936436139984, "loc": 0.0027351887107756948, "logScale": -0.4977454069307793}