{"g1": 0.0018181553217706944, "g2": 8.37689492389677, "logK": -0.22325860473427128, "loc": 0.09535931924781188, "logScale": -0.9541784029118457}