{"g1": 0.8814681499452132, "g2": 14.332183323967062, "logK": 0.8691379152636773, "loc": -0.026779359848337285, "logScale": -3.7448412616832862}