{"g1": 0.0037417501905614085, "g2": 0.37692483743630195, "logK": 0.6023214738054562, "loc": 0.008230563733861267, "logScale": -0.9957695748377705}