{"g1": 0.02012187436874035, "g2": 7.357419300012883, "logK": 0.12092603166157677, "loc": 0.001968523427605798, "logScale": -1.0290839374521337}