{"g1": 0.5361246415655765, "g2": 0.04628744938921337, "logK": -0.4417187702148727, "loc": -0.011771109480914987, "logScale": -3.614364638015811}