{"g1": 0.03581944869227911, "g2": 2.38521141766166, "logK": -1.8253253623417933, "loc": -0.010763893504246374, "logScale": -0.27414534442248273}