{"g1": 0.3669632154182153, "g2": 7.458533314279104, "logK": -2.19609281032813, "loc": -0.010158610907439608, "logScale": -3.98708412096164}