{"g1": 0.7104347580213214, "g2": 8.688023504095213, "logK": -2.436742047534508, "loc": -0.005007897170085818, "logScale": -3.9857575785770925}