{"g1": 0.049273568110286284, "g2": 12.154704857252067, "logK": 0.9931993707798938, "loc": -0.07735012087257483, "logScale": -1.3821205035296191}