{"g1": 0.8820156758648293, "g2": 5.160957131651615, "logK": -2.2532498766316165, "loc": -0.00162827521561313, "logScale": -3.9953624474740312}