{"g1": 0.49591596248378134, "g2": 3.7096798550480288, "logK": -2.094146459752937, "loc": 0.0006971445293263573, "logScale": -3.9995791068496764}