{"g1": 0.8712695917297062, "g2": 10.747949903921908, "logK": -2.2277602040053046, "loc": 0.002009990058498101, "logScale": -3.729978014182389}