{"g1": 0.9851066997367661, "g2": 14.882360537838748, "logK": -3.287079302857432, "loc": -0.004954859498088658, "logScale": -3.984931525607851}