{"g1": 0.0018932978587559075, "g2": 3.2473513509843723, "logK": 0.9894061775534566, "loc": -0.04874146629805747, "logScale": -1.7544061157977053}