{"g1": 0.9160413230465896, "g2": 14.80224575942066, "logK": -3.3489712508287104, "loc": 0.012874939483667929, "logScale": -3.974686056264883}