{"g1": 0.18671506737266486, "g2": 11.65617473914325, "logK": -2.056151868697718, "loc": -0.011168119467191017, "logScale": -3.9873417872095187}