{"g1": 0.08724427539078858, "g2": 7.954816642910114, "logK": 0.3828722406332645, "loc": -0.06770230730555947, "logScale": -0.7933423564321717}