{"g1": 0.9866205010688728, "g2": 3.918078060707378, "logK": -2.8162508251653864, "loc": -0.010290587143714502, "logScale": -3.8940790009798194}