{"g1": 0.007492172250742168, "g2": 3.9031508056832678, "logK": -3.334056679459394, "loc": 0.08766978797533577, "logScale": 0.15458204617881388}