{"g1": 0.9985975978859634, "g2": 9.659644198411506, "logK": -3.9378478137614414, "loc": 0.004801695046889602, "logScale": -3.9754926721315713}