{"g1": 0.0030403782394556322, "g2": 14.257159141488284, "logK": -2.860619383611083, "loc": -0.04490204427583752, "logScale": -0.34672563634006204}