{"g1": 0.6416156092304643, "g2": 6.374584365840622, "logK": -0.4875368879621734, "loc": -0.007039983372384569, "logScale": -3.6190523164312505}