{"g1": 0.8777238421488571, "g2": 0.1843177319723237, "logK": 0.36388261619251155, "loc": -0.13995554739220442, "logScale": -0.8837398195531934}