{"g1": 0.7449794086616264, "g2": 11.067931008875789, "logK": 0.6205742712613047, "loc": -0.02465269924396249, "logScale": -3.9976750697980328}