{"g1": 0.6984579092951592, "g2": 14.974068327236337, "logK": -3.291671111113807, "loc": -0.0011209410960806015, "logScale": -3.9670372810182575}