{"g1": 0.9212058458117066, "g2": 6.622605295757311, "logK": 0.7315177463275077, "loc": -0.01349396159120608, "logScale": -3.9945741904852587}