{"g1": 0.7821252622230935, "g2": 10.173869235408876, "logK": 0.15172897576010191, "loc": -0.012044888255187632, "logScale": -3.997038177567032}