{"g1": 0.36930003282005663, "g2": 6.070639178659533, "logK": -4.433521271705627, "loc": 0.0018336494963523725, "logScale": -3.9736600473384835}