{"g1": 0.9818075288403982, "g2": 3.8078704417210094, "logK": -2.7635329507931887, "loc": -0.0025237176554016947, "logScale": -3.9985927205927787}