{"g1": 0.0011952112809906629, "g2": 10.086360610801782, "logK": -1.3792927952153438, "loc": 0.08143244063215763, "logScale": -0.47290767842293374}