{"g1": 0.3569201237153645, "g2": 4.587529661549043, "logK": -3.7705608792088805, "loc": -0.0014882197508646984, "logScale": -3.8700653564140017}