{"g1": 0.9934011525846558, "g2": 13.47880214669135, "logK": -3.488310768190611, "loc": 0.005175376900047202, "logScale": -3.9675051712565117}