{"g1": 0.6738112721719411, "g2": 7.522011305752224, "logK": 0.38894616635276646, "loc": -0.02528663981753803, "logScale": -3.8173576756105936}