{"g1": 0.8012593883208583, "g2": 5.98064383001383, "logK": -4.5543987007682984, "loc": -0.014242236901656494, "logScale": -3.992582183425501}