{"g1": 0.8330075413152179, "g2": 12.075983623995354, "logK": -0.6550629827772853, "loc": -0.00816091892684797, "logScale": -3.9953898508333796}