{"g1": 0.7052428656755776, "g2": 0.07805284200695084, "logK": 0.5887660466746354, "loc": -0.016395215197535548, "logScale": -3.9350301815968707}