{"g1": 0.029076062526550123, "g2": 5.88333829744679, "logK": -2.6826043269385496, "loc": 0.05694232081650249, "logScale": -0.2239567015976993}