{"g1": 0.07736347943941303, "g2": 9.75274738111971, "logK": 0.8993880548430337, "loc": 0.061765990414014024, "logScale": -1.50266380916893}