{"g1": 0.8884077550804484, "g2": 2.81214538146353, "logK": -2.7514140915735332, "loc": -0.0008725917704729812, "logScale": -3.9637007029219946}