{"g1": 0.30554131264402284, "g2": 5.610838993010864, "logK": 0.843314650305907, "loc": -0.01262936202676673, "logScale": -3.981028679328352}