{"g1": 0.43254846604875885, "g2": 0.013677389647808985, "logK": -1.0963340869528757, "loc": 0.0023481905664898923, "logScale": -3.9084573260427153}