{"g1": 0.12219674380990223, "g2": 0.1941437244936351, "logK": -3.103841463522925, "loc": -0.05236168684795271, "logScale": -0.25266492961132986}