{"g1": 0.7112897771810807, "g2": 7.829962480547572, "logK": -1.0428506350360918, "loc": -0.0031108406536824126, "logScale": -3.990895537612661}