{"g1": 0.9099574546938529, "g2": 9.60415189947172, "logK": -3.56928525733547, "loc": -0.0036626770096620164, "logScale": -3.9987232126910772}