{"g1": 0.7235854404753633, "g2": 12.267815513379983, "logK": -1.0134685982436922, "loc": -0.000703398205349131, "logScale": -3.97989029796825}