{"g1": 0.9056678448342629, "g2": 12.429760876373216, "logK": -1.4836099051153335, "loc": 0.005565939594897134, "logScale": -3.9347832652660335}