{"g1": 0.9541620641822879, "g2": 7.832736870412761, "logK": -1.659206000640451, "loc": -0.002318204790108283, "logScale": -3.9863716700761764}