{"g1": 0.6898624466931582, "g2": 5.18435444786204, "logK": -3.551722093891932, "loc": -0.001064661189837674, "logScale": -3.997178567634083}