{"g1": 0.04619459094236729, "g2": 11.393556028560056, "logK": -0.09722715082368438, "loc": 0.05788967804717446, "logScale": -0.7692860539799045}