{"g1": 0.9554621918862496, "g2": 6.276951267339236, "logK": 0.05717394626768435, "loc": -0.012450727620197416, "logScale": -3.655183738236837}