{"g1": 0.9990460218191383, "g2": 14.281548040314165, "logK": -4.440873171812348, "loc": -0.0049216961135720855, "logScale": -3.9461994793564594}