{"g1": 0.6459726109105282, "g2": 8.402223954778881, "logK": -3.740868862481525, "loc": 0.005596661072876152, "logScale": -3.9952648979655923}