{"g1": 0.3642739544562631, "g2": 5.97286547262705, "logK": 0.13574179662825614, "loc": 0.0001593502181785264, "logScale": -3.994423693063924}