{"g1": 0.5243045390018751, "g2": 0.023108633934527962, "logK": -3.4722641203413387, "loc": -0.015617775100158889, "logScale": -0.23732010567150785}