{"g1": 0.0018195239557166204, "g2": 6.883621120506611, "logK": -0.2917486723933558, "loc": -0.06991912696186228, "logScale": -0.6845616970033531}