{"g1": 0.001454211632614083, "g2": 7.288449988543807, "logK": 0.6679751168833756, "loc": -0.06290881912912967, "logScale": -1.075329168359938}