{"g1": 0.048115019819392486, "g2": 6.3942266946475765, "logK": 0.7407949488282503, "loc": -0.12631601128089642, "logScale": -0.8957863099357555}