{"g1": 0.7471685901218907, "g2": 9.89669375920356, "logK": -3.7944220679386516, "loc": -0.006627193466410837, "logScale": -3.9390673071750117}