{"g1": 0.6375085022855501, "g2": 12.669463725461473, "logK": 0.3554933017697428, "loc": -0.014444365154375974, "logScale": -3.9813784299175805}