{"g1": 0.9257164171693986, "g2": 11.747571697980684, "logK": -1.9037220138772624, "loc": -0.009451418133744345, "logScale": -3.9956357729750622}