{"g1": 0.04622762915729084, "g2": 14.01033748487697, "logK": -2.9671903697097455, "loc": 0.09322668921755076, "logScale": -0.4327147751094127}