{"g1": 0.18435135523089802, "g2": 0.055341035298107855, "logK": 0.8588485664125836, "loc": -0.01429015319051416, "logScale": -0.9646513500307505}