{"g1": 0.7421643226576823, "g2": 10.852382852569358, "logK": -2.895655587612108, "loc": 0.0030298212835466604, "logScale": -3.9842718159998998}