{"g1": 0.794136455583357, "g2": 8.285597407160353, "logK": 0.863288948108951, "loc": -0.024912870535475286, "logScale": -3.8828546324079625}