{"g1": 0.6719420436314048, "g2": 8.597456499444382, "logK": -2.8241477945072084, "loc": -0.0053106384424667676, "logScale": -3.9960013221184676}