{"g1": 0.823077929927338, "g2": 9.391506222897908, "logK": 0.024463683626770386, "loc": -0.008203002180466554, "logScale": -3.9625559249861215}