{"g1": 0.9362995023593089, "g2": 0.06027937001814898, "logK": -4.356045378089384, "loc": -0.1003676407006466, "logScale": -0.39160908827202334}