{"g1": 0.12515982449416263, "g2": 12.084961536933179, "logK": 0.16085092440185522, "loc": -0.014996952354402298, "logScale": -3.980402279861896}