{"g1": 0.9552447518674121, "g2": 7.327310306419843, "logK": -0.3069513909032235, "loc": -0.004411999665925946, "logScale": -3.9606843843285606}