{"g1": 0.19043824017174266, "g2": 11.231624615002016, "logK": -2.6792032641128425, "loc": -0.002545618145767676, "logScale": -3.972551297407726}