{"g1": 0.8545919182947181, "g2": 9.215020883069453, "logK": -2.168247660395729, "loc": -0.0031549324001798073, "logScale": -3.9562243790868035}