{"g1": 0.8239860782362266, "g2": 11.926755716703429, "logK": -1.220028792899595, "loc": -0.0030877386697805587, "logScale": -3.7733672480795026}