{"g1": 0.9369593497709209, "g2": 3.7456864147532767, "logK": -2.1305215494750156, "loc": 0.007539710477497832, "logScale": -3.992657058127403}