{"g1": 0.8686193392009558, "g2": 4.611633451484306, "logK": -1.7906105719274497, "loc": -0.0025532706725141952, "logScale": -3.9976619239934035}