{"g1": 0.0026392910560814123, "g2": 7.461195653694396, "logK": 0.1784426609142906, "loc": -0.07243150226312597, "logScale": -0.8789279003444714}