{"g1": 0.2042149782366204, "g2": 0.19561654821824348, "logK": 0.7760096999038905, "loc": -0.0491875340909189, "logScale": -1.2772053408861759}