{"g1": 0.8782035049925324, "g2": 1.0997039846714496, "logK": -3.7977956979309067, "loc": -0.007912849653356166, "logScale": -3.9872674880384436}