{"g1": 0.0019012076705680614, "g2": 12.649385997313638, "logK": -2.278459824653301, "loc": 0.030772143366097085, "logScale": -0.055794028036529025}