{"g1": 0.7834215539108033, "g2": 4.058918212120107, "logK": -3.7248485228978208, "loc": -0.002109026749150457, "logScale": -3.7904350451814075}