{"g1": 0.002559956480218551, "g2": 6.252473500331299, "logK": -0.40643082181876, "loc": -0.062381953356071704, "logScale": -0.49586586123541776}