{"g1": 0.07891605539126831, "g2": 14.997311578647732, "logK": 0.8870959912655088, "loc": 0.044268020216637005, "logScale": -1.1313580714289178}