{"g1": 0.07397591084417139, "g2": 2.2458945920843654, "logK": 0.15942862499326477, "loc": 0.053786545431713226, "logScale": -0.5611679794520277}