{"g1": 0.016461711214120725, "g2": 12.959810261318669, "logK": 0.9965496951857158, "loc": -0.06477775075577587, "logScale": -1.6967518342519692}