{"g1": 0.0020619330079082935, "g2": 6.015122329417872, "logK": 0.38729462204397747, "loc": -0.11671849782635844, "logScale": -1.327543798904262}