{"g1": 0.23155053661310293, "g2": 0.11663615898934236, "logK": -0.12679914638264478, "loc": -0.14882157062485976, "logScale": -0.5606556113383236}