{"g1": 0.801701726446354, "g2": 5.279037926864467, "logK": -4.754349041538799, "loc": -0.0015315335594045963, "logScale": -3.968561385062901}