{"g1": 0.9123701552207835, "g2": 9.596246080475032, "logK": -1.2984157990991774, "loc": -0.00173607860302942, "logScale": -3.9422627741722365}