{"g1": 0.8756033267820829, "g2": 5.8831024261929645, "logK": 0.5304066774106604, "loc": -0.010659847102904447, "logScale": -3.9915976762394045}