{"g1": 0.36691543824893946, "g2": 0.031487680835796006, "logK": 0.22339303163114774, "loc": -0.006111254752043788, "logScale": -3.9994354921800808}