{"g1": 0.404192365982166, "g2": 0.10531313927472608, "logK": -0.11759084886080534, "loc": 0.09766958243277944, "logScale": -0.6095633384030745}