{"g1": 0.9979119671616637, "g2": 5.443263005111496, "logK": -3.4596330288657215, "loc": -0.0024071036735220375, "logScale": -3.996565322536402}