{"g1": 0.7519354806220228, "g2": 0.9430702917263498, "logK": 0.9870783701586694, "loc": -0.01766780457569109, "logScale": -3.8329453480627094}