{"g1": 0.13386971795446484, "g2": 5.560632349347002, "logK": 0.8748757011383215, "loc": -0.11778426354975496, "logScale": -1.3261848787593733}