{"g1": 0.846531540746441, "g2": 1.2186326512239294, "logK": -1.3511854913035757, "loc": -0.006065933982075032, "logScale": -3.9951330784066976}