{"g1": 0.014983495548081304, "g2": 1.8420867775564216, "logK": -0.368628134931653, "loc": -0.08349862524087477, "logScale": -0.55194965263117}