{"g1": 0.10245129459910815, "g2": 12.209057497183764, "logK": -4.634530105197284, "loc": 0.005325934401864511, "logScale": -3.8551800714339457}