{"g1": 0.8746997742880388, "g2": 8.887263930271986, "logK": -0.8050600525376252, "loc": -0.005026934147667404, "logScale": -3.8249031791341217}