{"g1": 0.10095641531834368, "g2": 14.280305093845163, "logK": -2.5700700289316574, "loc": -9.721260308434392e-05, "logScale": -3.823714430312378}