{"g1": 0.14712260767779967, "g2": 0.01922587738277315, "logK": 0.045428420972612016, "loc": 0.054803105995642275, "logScale": -0.817679424722857}