{"g1": 0.10031912164335735, "g2": 0.09225208627024628, "logK": -3.2794710877767845, "loc": 0.0642407502349164, "logScale": -0.3853845676259196}