{"g1": 0.9767462888335222, "g2": 14.879426006747359, "logK": -1.2666729358433724, "loc": -0.003017598647124562, "logScale": -3.9768176104264237}