{"g1": 0.07974078822627059, "g2": 9.636504295092754, "logK": 0.4835454589204112, "loc": 0.12407302512864074, "logScale": -1.1482768456405041}