{"g1": 0.7535728879180675, "g2": 11.822670984589466, "logK": -2.435855426382939, "loc": 0.00042895569153509044, "logScale": -3.994949889793224}