{"g1": 0.38463070803107874, "g2": 10.761381623199453, "logK": 0.916571483868988, "loc": -0.017394261472470852, "logScale": -3.7016766315502196}