{"g1": 0.9223808126258497, "g2": 8.857861860878625, "logK": 0.33551818238385733, "loc": -0.012915120830457986, "logScale": -3.9903751927411033}