{"g1": 0.8182352599476532, "g2": 0.07177209544486203, "logK": -2.656854431715647, "loc": -0.07082169487706538, "logScale": -0.23970808419720224}