{"g1": 0.6703835553808863, "g2": 0.6637513072089578, "logK": -2.247356052236369, "loc": -8.521098401412198e-05, "logScale": -3.9944280145221156}