{"g1": 0.05500679355723117, "g2": 2.527002628248006, "logK": -4.986665759537691, "loc": 0.0071717772448475735, "logScale": -0.30109774021521296}