{"g1": 0.8540036125438311, "g2": 7.636243655489566, "logK": 0.03788849212612561, "loc": -0.0142728328037556, "logScale": -3.9798920464708396}