{"g1": 0.5361928462308069, "g2": 14.793686433621486, "logK": -3.204924697865532, "loc": 0.006140485105021914, "logScale": -3.8899665526800424}