{"g1": 0.9015031264601426, "g2": 13.75488981124846, "logK": -2.5382010620125155, "loc": 0.0007643189629093113, "logScale": -3.8422669985006004}