{"g1": 0.3563452448945613, "g2": 5.713041863524459, "logK": 0.8425718046345194, "loc": -0.017400831557577455, "logScale": -3.968965784974059}