{"g1": 0.04168312172905054, "g2": 2.069385323696709, "logK": 0.7381280092518423, "loc": 0.06164827922490507, "logScale": -1.343189427141112}