{"g1": 0.18516095875243882, "g2": 1.2971379087775612, "logK": -1.711559296508559, "loc": 0.002708575807600833, "logScale": -3.9871994138216}