{"g1": 0.6207382347658128, "g2": 10.76313581275145, "logK": -0.16074795306400735, "loc": -0.014917072819067767, "logScale": -3.8191466712574123}