{"g1": 0.9240572157884299, "g2": 3.0224923657892906, "logK": -0.2882137674606371, "loc": -0.017470048667791505, "logScale": -3.8412174725978647}