{"g1": 0.2648546548807233, "g2": 12.694561687215018, "logK": -1.4222671069709327, "loc": -0.009713338566006108, "logScale": -3.9896333907609547}