{"g1": 0.5428421662068077, "g2": 14.387784646211495, "logK": -2.665239652915232, "loc": -0.00087750611936972, "logScale": -3.9992670969280235}