{"g1": 0.40756467125909596, "g2": 9.290165235680846, "logK": -2.98270305535453, "loc": 0.004167208349319251, "logScale": -3.825832000610451}