{"g1": 0.020149832365392417, "g2": 10.311600966692458, "logK": -3.725188753380987, "loc": -0.0055668448155701475, "logScale": -3.9894901962204363}