{"g1": 0.8496858512910307, "g2": 5.076465447970561, "logK": -4.6844326331941, "loc": 0.006444128614992148, "logScale": -3.9912670019165035}