{"g1": 0.8760369984283384, "g2": 0.22088177060768804, "logK": 0.9971474475228153, "loc": -0.0763640813605421, "logScale": -1.7084114726896529}