{"g1": 0.8192841311170913, "g2": 11.932744137665486, "logK": 0.8637036663315749, "loc": -0.019352367033278608, "logScale": -3.9964009454608505}