{"g1": 0.9887192281562369, "g2": 0.028503224623408555, "logK": 0.8167310267332415, "loc": -0.10320782798134688, "logScale": -1.6982901971783404}