{"g1": 0.9090207761621123, "g2": 13.264302951988556, "logK": -0.34904182542549733, "loc": -0.015147504852101298, "logScale": -3.9681859017985177}