{"g1": 0.4447613104214749, "g2": 5.134011168457132, "logK": 0.778136493551574, "loc": -0.016473950826090638, "logScale": -3.991630816205912}