{"g1": 0.022316831882125916, "g2": 9.598180858376198, "logK": 0.3511857214098122, "loc": -0.08614023124983564, "logScale": -0.900008156715725}