{"g1": 0.07055777177315539, "g2": 8.29883486341843, "logK": 0.5006197386597515, "loc": 0.059179445138711914, "logScale": -1.1250203441333082}