{"g1": 0.8750803095082131, "g2": 10.699810388833672, "logK": 0.34789567084651746, "loc": -0.02217911779370811, "logScale": -3.7995503197727625}