{"g1": 0.01880115772774986, "g2": 2.272154641232568, "logK": -0.9024826549984872, "loc": -0.050101948490707496, "logScale": -0.5137857983116005}