{"g1": 0.28091392073587756, "g2": 0.013651461171524382, "logK": -0.1310865314606091, "loc": 0.03540258865349526, "logScale": -0.8246015044658108}