{"g1": 0.9127959874600969, "g2": 9.319884903214994, "logK": -1.6182259925817357, "loc": -0.0074357837465943615, "logScale": -3.9820593611350024}