{"g1": 0.9066959261325286, "g2": 11.362181339030254, "logK": -1.7261397651687669, "loc": 0.0008092799272852187, "logScale": -3.9866018637441556}