{"g1": 0.0016621601452423557, "g2": 11.591729263162582, "logK": 0.9967314308400883, "loc": -0.021914427633732123, "logScale": -1.3027448801032837}