{"g1": 0.9088728073301038, "g2": 11.69977952190149, "logK": -2.0809829256980423, "loc": 0.010009844950535187, "logScale": -3.990574233301392}