{"g1": 0.9146851900018738, "g2": 5.619076220213736, "logK": -0.005237791932494851, "loc": -0.0213790506288478, "logScale": -3.9825990541580514}