{"g1": 0.9271466787817679, "g2": 6.323933808314076, "logK": -4.77029313178679, "loc": 0.00934202690444765, "logScale": -3.99854481688379}