{"g1": 0.0010412054853765674, "g2": 7.8308996449093575, "logK": -3.3409103962130295, "loc": 0.01148078568968905, "logScale": -0.5076604547656205}