{"g1": 0.7749023762429486, "g2": 11.374518988195007, "logK": 0.38225790219853284, "loc": -0.014950226293697792, "logScale": -3.976362165265849}