{"g1": 0.0012423772096187883, "g2": 12.396371038928441, "logK": -2.763723710549559, "loc": 0.030610051309243172, "logScale": -0.3198212487565676}