{"g1": 0.961686714315738, "g2": 7.146895094920589, "logK": -3.5812314902963944, "loc": 0.0034067984862553267, "logScale": -3.996985908556539}