{"g1": 0.6519320596044708, "g2": 13.204285674486622, "logK": -4.021049781872633, "loc": 0.004945730990607441, "logScale": -3.9168819674075466}