{"g1": 0.31624847720752036, "g2": 0.024134298414536737, "logK": 0.9985155083157254, "loc": -0.10925690947423919, "logScale": -2.0116467730021337}