{"g1": 0.03704053935232787, "g2": 11.0273347251623, "logK": -1.0221235951915344, "loc": 0.13987860528924956, "logScale": -0.5637531220680303}