{"g1": 0.0015329993257379299, "g2": 6.183335659978832, "logK": -2.449385168376354, "loc": 0.007210900154480407, "logScale": -0.35079678067736253}