{"g1": 0.6828398919912799, "g2": 2.185318126590358, "logK": -4.6299496437388505, "loc": 0.0038576693283584045, "logScale": -3.990013444897013}