{"g1": 0.5214043559398389, "g2": 5.847334142555607, "logK": 0.10802124271824015, "loc": -0.01088684118796317, "logScale": -3.993074572717408}