{"g1": 0.006944254419491452, "g2": 3.5954236996954596, "logK": 0.44294943516783347, "loc": 0.04221358689766625, "logScale": -1.3057239689083282}