{"g1": 0.7831303084508183, "g2": 6.208675391202752, "logK": -4.082543669990076, "loc": 0.0063828779188801945, "logScale": -3.988095723398159}