{"g1": 0.5053566501034339, "g2": 8.472847763354848, "logK": 0.4929816372646818, "loc": -0.018061364089804268, "logScale": -3.990825188360349}