{"g1": 0.02743617675140668, "g2": 13.482268689322066, "logK": -3.1330762223408475, "loc": -0.049618767655393324, "logScale": -0.2514495371573412}