{"g1": 0.5832355032914344, "g2": 6.365091639038997, "logK": -2.0636836090162833, "loc": -0.0070892638149544565, "logScale": -3.9972897323094596}