{"g1": 0.10768705554886543, "g2": 13.559383514404434, "logK": -3.6736685472649055, "loc": -0.006129050922572134, "logScale": -3.960163480236099}