{"g1": 0.6175949225175557, "g2": 3.272403501145462, "logK": 0.3008903523261932, "loc": -0.009469833715504562, "logScale": -3.993573297581811}