{"g1": 0.9711385931643469, "g2": 10.168182936393714, "logK": -3.1084042921941526, "loc": 0.0045858849213305936, "logScale": -3.985577087243317}