{"g1": 0.9879169610700684, "g2": 7.795225626445307, "logK": -2.549978033188851, "loc": -0.006384135401537937, "logScale": -3.942735801869976}