{"g1": 0.9493477479776411, "g2": 1.7023599582154074, "logK": -1.3789694705318984, "loc": -0.0038262096551967507, "logScale": -3.989394674735327}