{"g1": 0.04916329659627308, "g2": 11.353796025263982, "logK": 0.784086902169028, "loc": -0.1260747347732255, "logScale": -1.4160493688871443}