{"g1": 0.0052276056818795925, "g2": 6.191927262644671, "logK": 0.04760518896290922, "loc": -0.03752761801075832, "logScale": -0.8495639456688922}