{"g1": 0.06660900018848723, "g2": 13.479165061021913, "logK": -1.4278463738410743, "loc": -0.00835484212448353, "logScale": -0.387497012523579}