{"g1": 0.0011606138120705527, "g2": 8.629511474075265, "logK": -4.057338091198291, "loc": -0.026148815158430188, "logScale": -0.34370653839646303}