{"g1": 0.4035115750374163, "g2": 4.9482542383120744, "logK": -2.4455487522425225, "loc": -0.005604069775074501, "logScale": -3.9698562776844475}