{"g1": 0.0011856561005853666, "g2": 14.97197246683116, "logK": -1.833651610104876, "loc": -0.08182283274604583, "logScale": -0.46124225149650744}