{"g1": 0.08695496479812286, "g2": 11.319765029977335, "logK": -0.39697153364866133, "loc": -0.006532741536241052, "logScale": -3.836450001476116}