{"g1": 0.8586822359994336, "g2": 13.412565725666402, "logK": -4.03749616156729, "loc": -0.0025582225383674836, "logScale": -3.95413326185225}