{"g1": 0.6207954024919506, "g2": 7.419080086880526, "logK": 0.2983852169607626, "loc": -0.011066248788823212, "logScale": -3.9923040853413876}