{"g1": 0.551967254495283, "g2": 14.813461244645595, "logK": -3.1054425595579573, "loc": 0.0021011358060493007, "logScale": -3.9917633105395036}