{"g1": 0.7421749913401124, "g2": 2.3097782616043068, "logK": -4.549735824479536, "loc": 0.004866545993024635, "logScale": -3.9821407981424817}