{"g1": 0.05301218861000076, "g2": 14.262479421849156, "logK": -3.9356343373273575, "loc": -0.1266895707182916, "logScale": -0.3808876192635028}