{"g1": 0.49215073467344406, "g2": 4.284400365882757, "logK": -2.5257616197070787, "loc": -0.006793835747996366, "logScale": -3.8814137185286612}