{"g1": 0.33194421015751063, "g2": 0.05727251668290717, "logK": 0.9848686322321523, "loc": -0.12834176082683113, "logScale": -1.0068281494661617}