{"g1": 0.2815886506505153, "g2": 0.058027108891756995, "logK": 0.10045333890744701, "loc": 0.01594084933697723, "logScale": -0.7186062040250101}