{"g1": 0.08738964963461905, "g2": 0.026675724649394716, "logK": 0.8824190732150295, "loc": -0.13555829988102847, "logScale": -1.2495431252769142}