{"g1": 0.6800757420891769, "g2": 13.17651576195801, "logK": -2.497887160202368, "loc": -0.0056653367330157765, "logScale": -3.9889673009104007}