{"g1": 0.04325034742385237, "g2": 7.6444612099197515, "logK": 0.805005480085266, "loc": 0.007819139150722479, "logScale": -1.3264293276580408}