{"g1": 0.026696856527306217, "g2": 8.098761214811297, "logK": -3.799291643390151, "loc": 0.10134739249141449, "logScale": -0.3143695397684241}