{"g1": 0.31549417196414964, "g2": 2.9105233794445518, "logK": -2.274446254696665, "loc": 0.00041814612832144493, "logScale": -3.9623604911090196}