{"g1": 0.5491589340405247, "g2": 7.426937920868777, "logK": -0.9214650635788559, "loc": -0.010207009992804633, "logScale": -3.9929757045492225}