{"g1": 0.6164571195560336, "g2": 0.013813250091638803, "logK": -0.0031899019272222384, "loc": 0.1363871887105041, "logScale": -0.6632095762205772}