{"g1": 0.9444139949516772, "g2": 3.767630712276149, "logK": -0.20835242681932453, "loc": -0.02486140464320816, "logScale": -3.9849745654745368}