{"g1": 0.8524285109734081, "g2": 1.0798203630863883, "logK": 0.8901415158667255, "loc": -0.06492343374636061, "logScale": -2.787372533989575}