{"g1": 0.8613642192826645, "g2": 4.031745887400126, "logK": -0.44688126427527086, "loc": -0.002250004513159277, "logScale": -3.996932685126065}