{"g1": 0.46032018642324324, "g2": 6.3673501031015665, "logK": -2.668970779457123, "loc": 0.0017392215870420669, "logScale": -3.991851926640845}