{"g1": 0.5198319457199698, "g2": 0.0319338643381073, "logK": -2.4253321553098894, "loc": -0.0029267114923910327, "logScale": -3.9692126696879284}