{"g1": 0.19361993288497104, "g2": 3.2416215131044708, "logK": 0.3694279776133242, "loc": -0.029503364583641365, "logScale": -3.7452760492934756}