{"g1": 0.0021588558488614545, "g2": 3.357582122491901, "logK": -2.4106647824792633, "loc": -0.05716823372585619, "logScale": -0.2861820268071128}