{"g1": 0.6017959925621091, "g2": 2.442307915463941, "logK": 0.5488182902885442, "loc": -0.027986763406507062, "logScale": -3.9932885026884097}