{"g1": 0.8427774729451885, "g2": 11.071322612753926, "logK": -1.9838727165887717, "loc": 0.0016515183191035867, "logScale": -3.972775357126926}