{"g1": 0.6119628124505735, "g2": 2.3662591041196634, "logK": -3.0979512622397802, "loc": -0.010362570726952217, "logScale": -3.9911830911951767}