{"g1": 0.37704070028962805, "g2": 5.256550345315711, "logK": -0.26423402219186953, "loc": -0.012798339315936616, "logScale": -3.99781437949286}