{"g1": 0.5030657342647733, "g2": 0.8204104362329145, "logK": 0.6720847673669137, "loc": -0.016867774894579968, "logScale": -3.9926540852215497}