{"g1": 0.1579241144381931, "g2": 14.868578295454114, "logK": 0.9163602081901172, "loc": -0.02263408874799415, "logScale": -3.97127405000486}