{"g1": 0.051487832672796385, "g2": 0.04663064898424718, "logK": -4.463694105342412, "loc": -0.05580012100063992, "logScale": -0.32763340060246476}