{"g1": 0.8789356258913487, "g2": 3.5616742361937344, "logK": -1.5466495090816634, "loc": -0.007701353942139926, "logScale": -3.99226652711938}