{"g1": 0.12212973395949735, "g2": 0.027471621608612384, "logK": 0.18117215096153225, "loc": 0.009169929553251873, "logScale": -1.2725902114107002}