{"g1": 0.6278335792249259, "g2": 0.7982514118973747, "logK": -3.583090680318906, "loc": -0.006221217456678077, "logScale": -3.9904798708308706}