{"g1": 0.048450097631157166, "g2": 0.06238771202872284, "logK": -0.0009886204822265035, "loc": -0.0002559709116374126, "logScale": -0.7332703923183637}