{"g1": 0.932572602156625, "g2": 7.070415746396357, "logK": -4.052926155006147, "loc": -0.004810285150758024, "logScale": -3.989192281366469}