{"g1": 0.04455435788328328, "g2": 6.276371803278957, "logK": -0.665631741923133, "loc": -0.04796068310819739, "logScale": -0.523997243960109}