{"g1": 0.003791057287588987, "g2": 4.381283026969498, "logK": -4.389749943365757, "loc": 0.12070726953412012, "logScale": -0.3155009731714954}