{"g1": 0.0030778986729441266, "g2": 10.903211038957918, "logK": -0.07829763861047861, "loc": 0.08897294705762024, "logScale": -0.7513742528269635}