{"g1": 0.8967704699524714, "g2": 12.864863454907894, "logK": 0.010845141092668986, "loc": -0.007999265258722294, "logScale": -3.9983401888329966}