{"g1": 0.38468969962721444, "g2": 13.570055354503552, "logK": 0.8617206709148219, "loc": -0.03649847264130371, "logScale": -3.229926163423326}