{"g1": 0.0024131210016385693, "g2": 5.449354665656192, "logK": -3.357032006824591, "loc": -0.12318262668574435, "logScale": -0.33699883846428014}