{"g1": 0.0031741011496149267, "g2": 11.317518298891715, "logK": -1.7922921926992381, "loc": 0.11823709911271238, "logScale": -0.38760893976513516}