{"g1": 0.9981368171632556, "g2": 8.570880372748356, "logK": -1.6695581960446544, "loc": -0.004913626012090348, "logScale": -3.6256898791763414}