{"g1": 0.01794857564568717, "g2": 6.393898892693745, "logK": 0.2905257658694707, "loc": -0.01995251697743565, "logScale": -1.0802720488766315}