{"g1": 0.03367717369189244, "g2": 14.966584935620268, "logK": 0.07324511402084655, "loc": 0.027888919293670558, "logScale": -0.8265434399655627}