{"g1": 0.055004318890892995, "g2": 6.967592671034698, "logK": 0.018334352212639488, "loc": 0.008707037580917433, "logScale": -0.9062668265344542}