{"g1": 0.833973700313446, "g2": 12.876604732866454, "logK": -0.5882640467250064, "loc": -0.007732420523242109, "logScale": -3.9912602688241923}