{"g1": 0.6040542821087436, "g2": 7.7472105281804176, "logK": -0.6398893975651523, "loc": -0.006700414801275768, "logScale": -3.9222296029551478}