{"g1": 0.02111992696302278, "g2": 4.876369842390135, "logK": 0.3241112599108315, "loc": 0.02589999305460556, "logScale": -1.0635534716665351}