{"g1": 0.9999407786662957, "g2": 5.894981079178372, "logK": -4.14791687791298, "loc": 0.009429390689133212, "logScale": -3.989790001266681}