{"g1": 0.048103290813529626, "g2": 3.9682639421606556, "logK": -4.389252645513758, "loc": 0.0006493385117618325, "logScale": -3.997077786064954}