{"g1": 0.8562228586648037, "g2": 11.95872629593487, "logK": 0.8853309423381825, "loc": -0.017319498715826057, "logScale": -3.883554840580533}