{"g1": 0.09374929164962045, "g2": 3.2038099837940797, "logK": 0.27102155401500816, "loc": -0.00907630365691113, "logScale": -3.9995551485855523}