{"g1": 0.02741054544885118, "g2": 6.475823714882466, "logK": 0.8453235683546091, "loc": -0.017106890198763162, "logScale": -1.5509025777010441}