{"g1": 0.06957568084329899, "g2": 9.247068525429048, "logK": -0.0868746746605461, "loc": -0.10633723885261955, "logScale": -0.591817907860164}