{"g1": 0.5536763704884748, "g2": 7.871161731991699, "logK": 0.37340434285906565, "loc": -0.008472282209033656, "logScale": -3.9935558487691654}