{"g1": 0.8617797251970065, "g2": 12.079883794288762, "logK": 0.4447584154548745, "loc": -0.014458773614859111, "logScale": -3.9882918820420206}