{"g1": 0.11933202757691304, "g2": 13.570567091110128, "logK": 0.6656110815847491, "loc": 0.012318146862892704, "logScale": -0.7721015371702853}