{"g1": 0.9046509177553288, "g2": 10.657793905544288, "logK": -3.276127607123575, "loc": -0.010211019497517945, "logScale": -3.990055888320082}