{"g1": 0.9415001199409186, "g2": 5.9347268941859195, "logK": -4.479848775956707, "loc": -0.0007385945706671077, "logScale": -3.9854507845174654}