{"g1": 0.1817631677984813, "g2": 5.31439000406177, "logK": 0.9979900963045746, "loc": -0.061707876628587316, "logScale": -2.8427974488095265}