{"g1": 0.0011753430057098021, "g2": 10.254611253677162, "logK": 0.6766697740936671, "loc": -0.146705536156937, "logScale": -1.6153140647569892}