{"g1": 0.35956674912454434, "g2": 0.23652429757419435, "logK": -2.212823578698519, "loc": 0.07200113879917261, "logScale": -0.37806608779267903}