{"g1": 0.7409720957602213, "g2": 5.432705624546705, "logK": 0.6056613475909562, "loc": -0.02674990939852102, "logScale": -3.973094934543364}