{"g1": 0.055030615238053235, "g2": 12.147839334898569, "logK": 0.8211296956397913, "loc": -0.1492753368479281, "logScale": -1.3374987490848185}