{"g1": 0.044881528210431516, "g2": 6.00373559634438, "logK": -2.821944005675136, "loc": -0.005193688663237552, "logScale": -3.8881572335881334}