{"g1": 0.0010662937815188595, "g2": 1.8529306437274502, "logK": 0.980617666657861, "loc": -0.12265393472812597, "logScale": -1.8770555355800456}