{"g1": 0.955610688619661, "g2": 10.107760289042702, "logK": -3.268140869596254, "loc": 0.01260038929029761, "logScale": -3.8284207660578784}