{"g1": 0.05354053258689445, "g2": 14.91559287043086, "logK": 0.7933948619685642, "loc": -0.08115411068746511, "logScale": -1.6886811178947283}