{"g1": 0.4825763116854155, "g2": 2.621401871147505, "logK": 0.824933201336686, "loc": -0.02688095728606448, "logScale": -3.9869235425253833}