{"g1": 0.01042781062370247, "g2": 13.333241696561613, "logK": -4.1507968654291, "loc": 0.12305367074525105, "logScale": -0.4401111267115697}