{"g1": 0.5808659931244113, "g2": 3.4619238502537764, "logK": 0.5785222306098234, "loc": -0.02154339606543285, "logScale": -3.981430008591438}