{"g1": 0.01889610591876338, "g2": 1.767400141944697, "logK": -0.1326016489252963, "loc": 0.06253069445691574, "logScale": -0.5819597620200283}