{"g1": 0.7607592788894824, "g2": 0.2104273058110837, "logK": -2.429158231648024, "loc": -0.007634755323659656, "logScale": -3.9943521234651307}