{"g1": 0.3311105705890664, "g2": 2.1663094676612094, "logK": -4.9736020003712245, "loc": -0.008037009882854157, "logScale": -3.987829959677059}