{"g1": 0.027452427573674165, "g2": 7.000649368917232, "logK": -1.2512114636057245, "loc": -0.0037699850741946817, "logScale": -0.320935155649221}