{"g1": 0.17754453861009376, "g2": 0.09098832020097625, "logK": -0.14067137768016647, "loc": 0.06661789567611395, "logScale": -0.6840906023230684}