{"g1": 0.8232670734319092, "g2": 9.737912278698458, "logK": -0.16989648246660938, "loc": -0.010800349040044453, "logScale": -3.9948165700645855}