{"g1": 0.05416986720831268, "g2": 6.17750254353728, "logK": 0.061288723789724275, "loc": 0.03675510983268418, "logScale": -0.6667108765550513}