{"g1": 0.051737591840208964, "g2": 14.751062248557227, "logK": 0.8664725221582024, "loc": -0.07874392349507991, "logScale": -1.2105893581841602}