{"g1": 0.1163624007870091, "g2": 6.454940478854154, "logK": 0.7101543814274934, "loc": -0.12229543880840031, "logScale": -0.87593328632399}