{"g1": 0.9995584682960433, "g2": 14.575010902308874, "logK": -2.9099849395225585, "loc": -0.0032881200013081526, "logScale": -3.9970703161949164}