{"g1": 0.28470321455263203, "g2": 7.315735648023379, "logK": 0.6537765439943173, "loc": -0.03147770323036139, "logScale": -3.8948256766140603}