{"g1": 0.9671933141953647, "g2": 6.796459189490797, "logK": 0.46853946483789044, "loc": -0.03543129206765957, "logScale": -3.825073605870187}