{"g1": 0.003610554057801779, "g2": 4.981534969757356, "logK": -4.796532520590538, "loc": 0.09330207349611276, "logScale": -0.1774145548297676}