{"g1": 0.5038635793615033, "g2": 11.708115497117468, "logK": -4.495633842209101, "loc": 0.006151783817529241, "logScale": -3.990563834621939}