{"g1": 0.18035706841241173, "g2": 5.956687122418703, "logK": 0.6899671477887978, "loc": 0.0739708901530051, "logScale": -0.8884932848787283}