{"g1": 0.0035204229549682664, "g2": 5.871822793690863, "logK": 0.5800396085951602, "loc": -0.10456539355159489, "logScale": -1.1516034461868931}