{"g1": 0.0855285610315972, "g2": 10.349960566731779, "logK": -1.5213074585031632, "loc": 0.004159066402159156, "logScale": -0.3582328249162608}