{"g1": 0.0011583819515279814, "g2": 7.217114902173142, "logK": -4.475045584999073, "loc": -0.020479190214751503, "logScale": -0.262853671752038}