{"g1": 0.03341333085942695, "g2": 14.434439805858323, "logK": 0.37819006961868357, "loc": 0.07905080654702315, "logScale": -0.9738212786092965}