{"g1": 0.016822425259396624, "g2": 1.075534169616193, "logK": 0.8636350511884006, "loc": -0.14972900538882494, "logScale": -1.3394539523894946}