{"g1": 0.57376792420746, "g2": 10.92615090744626, "logK": -4.582888292467159, "loc": -0.0020983584826581676, "logScale": -3.983019289906886}