{"g1": 0.9828766627651127, "g2": 4.417312152318386, "logK": 0.7095351583656964, "loc": -0.012081752196107074, "logScale": -3.843576472071884}