{"g1": 0.0014586275254813213, "g2": 12.007457249457863, "logK": 0.9671908235975892, "loc": -0.0806130525777354, "logScale": -1.3896967745947821}