{"g1": 0.10307848934637975, "g2": 8.673535007631756, "logK": -3.8907191947499933, "loc": -0.0028561567721030016, "logScale": -3.996024342249937}