{"g1": 0.9919471786465524, "g2": 0.0451328184676707, "logK": -0.3469450314825604, "loc": -0.03148558502628994, "logScale": -0.6236350773943939}