{"g1": 0.6002502221622223, "g2": 8.315708073055319, "logK": -1.786219381242421, "loc": -0.0031912268205888297, "logScale": -3.7772714097297904}