{"g1": 0.04620945898088877, "g2": 11.510828791289326, "logK": 0.6760011839750578, "loc": -0.021242458850376553, "logScale": -1.342427953308209}