{"g1": 0.051771036646379845, "g2": 4.922111775047416, "logK": -2.4696474471466865, "loc": -0.0054563210271440675, "logScale": -3.9975037267247524}