{"g1": 0.14487249062142868, "g2": 11.534523545306001, "logK": 0.39316884898740045, "loc": -0.021119684573018858, "logScale": -3.9945449768257615}