{"g1": 0.3569197113287379, "g2": 8.512849266713994, "logK": 0.6385003160153089, "loc": -0.01295839961013497, "logScale": -3.9663173134930094}