{"g1": 0.5682281800090878, "g2": 8.066479401367111, "logK": 0.5942864795295731, "loc": -0.0058320253806060755, "logScale": -3.9928277896708715}