{"g1": 0.9990802082145689, "g2": 5.684556553903217, "logK": -0.15449750495562492, "loc": -0.003585662087831669, "logScale": -3.963658521627437}