{"g1": 0.013256796382215639, "g2": 8.907139143963413, "logK": 0.7149670713559055, "loc": -0.05507716211253496, "logScale": -1.2891013944262906}