{"g1": 0.013262269794566737, "g2": 6.141163812714952, "logK": -3.766724381525457, "loc": -0.037673965289468835, "logScale": -0.27205596435271007}