{"g1": 0.9998939060388427, "g2": 3.4310852466220125, "logK": -4.400493650170094, "loc": 0.0019158911081247913, "logScale": -3.979564354782593}