{"g1": 0.015733471635276598, "g2": 7.039779515813855, "logK": 0.4653358765610768, "loc": 0.001190166330495259, "logScale": -0.7292309435244801}