{"g1": 0.07155215677572377, "g2": 4.992511034623567, "logK": -4.023355631454793, "loc": -0.006029433100368631, "logScale": -3.8240221370131375}