{"g1": 0.14857414078299205, "g2": 1.454901638773248, "logK": -2.1915129541079224, "loc": -0.004797966727587355, "logScale": -3.782824042358377}