{"g1": 0.8330846494568083, "g2": 11.944574188683907, "logK": 0.3577632013288742, "loc": -0.008570594614808734, "logScale": -3.9249123224779496}