{"g1": 0.9268647475351931, "g2": 8.840594949942169, "logK": 0.9891562577725013, "loc": -0.025591170146892446, "logScale": -3.991700801202506}