{"g1": 0.43178028172733696, "g2": 0.0218828750478505, "logK": 0.7824215619651806, "loc": -0.0002034751089639783, "logScale": -1.610686597965926}