{"g1": 0.017674380075124473, "g2": 1.249894111306405, "logK": -3.8499209537686276, "loc": 0.01822141038492757, "logScale": -0.36838863159952473}