{"g1": 0.8426915757107992, "g2": 6.056499307478837, "logK": -3.6732030960252864, "loc": 0.0021840510070190947, "logScale": -3.8382401398139194}