{"g1": 0.7762599077923142, "g2": 6.699624199393514, "logK": -1.4904103809257854, "loc": 0.0009150209643786996, "logScale": -3.839942735655615}