{"g1": 0.5711955626229605, "g2": 2.361181467506407, "logK": -1.5511563016982437, "loc": -0.005801548029686028, "logScale": -3.9607039240607578}