{"g1": 0.7627067141531892, "g2": 6.354789323727021, "logK": -4.871344808270407, "loc": 0.001678378423020696, "logScale": -3.9779824700708506}