{"g1": 0.40827720432678116, "g2": 10.179655205225465, "logK": 0.6462075223748038, "loc": -0.01969782992028109, "logScale": -3.819726917716955}