{"g1": 0.2644594832460194, "g2": 11.456883550141512, "logK": 0.6400948573000668, "loc": -0.012229061995582656, "logScale": -3.902562915827225}