{"g1": 0.03895490246678322, "g2": 8.185331663126469, "logK": -4.540039211163404, "loc": -0.11084228990707512, "logScale": -0.3663013798896015}