{"g1": 0.005252681845922449, "g2": 0.8458580597894905, "logK": 0.9663186485413089, "loc": -0.09787379783616154, "logScale": -1.822080032869294}