{"g1": 0.04011497370414647, "g2": 13.458751415843388, "logK": 0.29138122170498515, "loc": 0.11773127127321176, "logScale": -1.0025697914376037}