{"g1": 0.926623170797066, "g2": 0.01572253585122657, "logK": 0.8885194945087234, "loc": -0.023479003472395905, "logScale": -1.5177323366506796}