{"g1": 0.954661441587803, "g2": 0.7708974458586555, "logK": 0.16060624030268772, "loc": -0.016749482498777973, "logScale": -3.9714617586911616}