{"g1": 0.0012129398270407238, "g2": 11.155933754311574, "logK": 0.9932203923631876, "loc": -0.02274028076552019, "logScale": -2.0723070470561}