{"g1": 0.04681416044000232, "g2": 13.020817585053972, "logK": -0.30463834361246844, "loc": 0.05957624807108289, "logScale": -0.7584762959800584}