{"g1": 0.5463563489822502, "g2": 6.948546042606203, "logK": -0.5762763612306503, "loc": -0.0021665939355147356, "logScale": -3.9878149278984907}