{"g1": 0.019173124303979515, "g2": 6.872238950919721, "logK": 0.9980050779543205, "loc": -0.07143591506954078, "logScale": -1.526573052411361}