{"g1": 0.9923214515318923, "g2": 6.587650618264643, "logK": -0.08848458390470346, "loc": -0.01592362942508121, "logScale": -3.9897272739796055}