{"g1": 0.46619179686317586, "g2": 0.1957693072224259, "logK": 0.7755646374109368, "loc": -0.023823642102265858, "logScale": -3.9188655041139078}