{"g1": 0.7127847066447408, "g2": 0.05550850130629725, "logK": 0.21944069286127624, "loc": -0.023442977574267228, "logScale": -3.983847311300202}