{"g1": 0.13072154659007423, "g2": 12.698785647107638, "logK": -0.597671937325834, "loc": -0.00939878511462709, "logScale": -3.970792039942978}