{"g1": 0.06115020504610158, "g2": 5.562020808875904, "logK": 0.1295804150362455, "loc": 0.05669367444942795, "logScale": -0.974472141555935}