{"g1": 0.11755808198625349, "g2": 11.202584603436646, "logK": -1.2770577873923472, "loc": 0.0041652110327431, "logScale": -3.9931099551464264}