{"g1": 0.6293356560687883, "g2": 6.577673236944435, "logK": -3.8918536666570067, "loc": 0.0038980612145504212, "logScale": -3.9877985608144715}