{"g1": 0.2622861988776662, "g2": 13.066042061769357, "logK": -3.0217376944058314, "loc": 0.01045870738067208, "logScale": -3.9941398526780723}