{"g1": 0.29103346357456195, "g2": 0.2288895845206813, "logK": 0.3227749529893835, "loc": -0.11836620356840145, "logScale": -0.8319585659194368}