{"g1": 0.15082140574620684, "g2": 6.882172996119312, "logK": -1.209472349894041, "loc": -0.002643238419246203, "logScale": -3.9704379754236427}