{"g1": 0.8194797207022613, "g2": 0.03314224284903977, "logK": -2.9982588304054203, "loc": -0.0038496770243673013, "logScale": -3.982286688900907}