{"g1": 0.9681579811660861, "g2": 6.7296363754511175, "logK": -4.9948921705093845, "loc": 0.002457709858779347, "logScale": -3.9830550398735767}