{"g1": 0.06808971946485373, "g2": 7.39943574611123, "logK": 0.9270578057889863, "loc": -0.1267008010354782, "logScale": -1.0612534007551966}