{"g1": 0.4156183661949227, "g2": 0.08343858215440891, "logK": -0.7780477832212159, "loc": -0.04447709837588498, "logScale": -0.3883230835668028}