{"g1": 0.9165045232848671, "g2": 2.966611971706469, "logK": 0.13761709888376572, "loc": -0.020492372335296886, "logScale": -3.887946520944973}