{"g1": 0.22405022992096096, "g2": 0.01673500358779889, "logK": -2.0991550122700735, "loc": -0.004130991634838274, "logScale": -3.9924435261626328}