{"g1": 0.8044715393109276, "g2": 5.520695797312847, "logK": -2.6142527488684926, "loc": 0.00463397789833337, "logScale": -3.802873450341611}