{"g1": 0.04022455004990337, "g2": 11.727745164600991, "logK": 0.48206665390250825, "loc": 0.025242234663070084, "logScale": -0.9038943507503605}