{"g1": 0.7350499836830766, "g2": 7.623387337770994, "logK": 0.4390276576196416, "loc": -0.02586223184347909, "logScale": -3.85483436904983}