{"g1": 0.8086893411272067, "g2": 8.481931959129946, "logK": -4.4202164784632565, "loc": -0.0059065092218634554, "logScale": -3.995145815407221}