{"g1": 0.5112200802169792, "g2": 0.030437303624598844, "logK": 0.9644467649011295, "loc": -0.08418399418009195, "logScale": -1.4984516900196017}