{"g1": 0.001757002983800507, "g2": 9.188114269414129, "logK": -1.7952712904673487, "loc": 0.018002812184180754, "logScale": -0.2875121954875587}