{"g1": 0.0012522634472130548, "g2": 9.449152666624219, "logK": 0.7405906220297995, "loc": -0.027964013969055936, "logScale": -1.1515740475523342}