{"g1": 0.07998666862461459, "g2": 8.259579349023827, "logK": -0.7979542479026607, "loc": 0.010893384363953554, "logScale": -0.39568822992106695}