{"g1": 0.19405426926408498, "g2": 11.399095525055737, "logK": -1.5090611372352423, "loc": -0.005836953695990866, "logScale": -3.99904038707139}