{"g1": 0.6512158295217898, "g2": 12.647935204143764, "logK": -2.545107398816537, "loc": -0.0017089963109424072, "logScale": -3.996330354386296}