{"g1": 0.831910179629171, "g2": 8.590783807692485, "logK": 0.15128589343252674, "loc": -0.002966061596810201, "logScale": -3.997960909867163}