{"g1": 0.5782029462332838, "g2": 0.04620274930424939, "logK": 0.03645996096426507, "loc": -0.11080151531870389, "logScale": -0.5137860074031717}