{"g1": 0.6265616367871372, "g2": 12.701333786943021, "logK": 0.8561489736565671, "loc": -0.01954800916096056, "logScale": -3.979028443621874}