{"g1": 0.006472680791177465, "g2": 10.70639420785267, "logK": 0.72942726727279, "loc": 0.030198161662446776, "logScale": -1.4557232701638854}