{"g1": 0.027799849421716386, "g2": 6.337293959037451, "logK": -0.12088653250318576, "loc": 0.08003801397942886, "logScale": -0.9682912712012157}