{"g1": 0.7481741892179566, "g2": 12.49106049556933, "logK": 0.8537187675622913, "loc": -0.0133451380545535, "logScale": -3.8309559596566993}