{"g1": 0.12696397193597364, "g2": 0.34250177060361087, "logK": -2.3872530655563216, "loc": 0.04377751692397078, "logScale": -0.28103031007962903}