{"g1": 0.27019377383556575, "g2": 5.779787625766046, "logK": -1.3288675479229095, "loc": -0.0007382930962681541, "logScale": -3.9897080541160483}