{"g1": 0.1899852714268559, "g2": 10.425214139596335, "logK": -3.8213157482473497, "loc": 0.003445326596867467, "logScale": -3.944562657160179}