{"g1": 0.006720124737630258, "g2": 2.1301606878297408, "logK": -1.2402793748487213, "loc": -0.03718342807202322, "logScale": -0.5538961761672969}