{"g1": 0.6859140514257743, "g2": 11.884025627657604, "logK": -0.5717758390937544, "loc": 0.0017719378170649152, "logScale": -3.8945679386833434}