{"g1": 0.7900795657722188, "g2": 8.473750166734087, "logK": -1.9482509881861048, "loc": -0.009947478850491735, "logScale": -3.9922171611081407}