{"g1": 0.7631189583934579, "g2": 0.02911056310741611, "logK": -1.3930906505271405, "loc": -0.02539546545032532, "logScale": -0.4271313925055606}