{"g1": 0.04112536801030342, "g2": 7.505456611156552, "logK": 0.7530079155254032, "loc": 0.007223020894276497, "logScale": -1.3828949213475872}