{"g1": 0.7843925825180802, "g2": 1.3928028168825386, "logK": -3.5562427167484865, "loc": -0.0033136526855516418, "logScale": -3.9889220746268848}