{"g1": 0.4556464760273451, "g2": 5.4824218576034, "logK": 0.12176231354171665, "loc": -0.016039762034303903, "logScale": -3.944798242466155}