{"g1": 0.09620973598969201, "g2": 11.860492274109472, "logK": 0.5426916649712128, "loc": -0.0774180269019839, "logScale": -1.0771682178155961}