{"g1": 0.7072604470050127, "g2": 12.859638240817413, "logK": -1.203953966095637, "loc": -0.008753696488941304, "logScale": -3.9812171036415367}