{"g1": 0.6953120439869591, "g2": 11.722450046254242, "logK": -1.8639993677527618, "loc": -0.0018428101185989348, "logScale": -3.822844761983398}