{"g1": 0.22782814479159036, "g2": 0.3690932969830589, "logK": 0.5870115211877063, "loc": -0.1307557619016329, "logScale": -1.031452760862001}