{"g1": 0.06648519560720234, "g2": 0.001985389391540672, "logK": -0.2928126560562248, "loc": -0.06529568177108772, "logScale": -0.7683970189083782}