{"g1": 0.300313773449734, "g2": 4.541795190965625, "logK": -2.8098263672627732, "loc": -0.006309121182020539, "logScale": -3.999935986663815}