{"g1": 0.05492175124102271, "g2": 0.09118622275123572, "logK": 0.35612089529917845, "loc": 0.01797883498394436, "logScale": -0.8765762131631206}