{"g1": 0.40041885392456256, "g2": 5.5533769635721, "logK": -3.3935052113113455, "loc": 0.006459987843409007, "logScale": -3.979887435168216}