{"g1": 0.797427773301701, "g2": 2.7077568116529815, "logK": -0.010880710280674388, "loc": -0.0032352700268976804, "logScale": -3.95370916640792}