{"g1": 0.002438207848614142, "g2": 9.51403194303782, "logK": 0.5803782461535834, "loc": -0.05570279806344357, "logScale": -1.3499763053516982}