{"g1": 0.0015209277145061678, "g2": 6.799324351346922, "logK": -3.1221396191281015, "loc": -0.0707772064788772, "logScale": -0.27314584948349085}