{"g1": 0.8146470003781068, "g2": 4.304667212188772, "logK": 0.7002136960476228, "loc": -0.028479368244978612, "logScale": -3.8341266370131972}