{"g1": 0.18106711724229238, "g2": 0.07458344261734329, "logK": 0.5030989434900442, "loc": -0.018222971093431815, "logScale": -1.3300476360751643}