{"g1": 0.05110954393294234, "g2": 9.32872739683261, "logK": 0.7964360469240159, "loc": -0.030104413201952784, "logScale": -1.375318480721938}