{"g1": 0.00540904660799324, "g2": 0.9653016958621797, "logK": 0.9924743287106121, "loc": -0.11621146920546561, "logScale": -1.428167803785809}