{"g1": 0.4342762681556357, "g2": 9.591721273094704, "logK": 0.5332340767422603, "loc": -0.011672919188180482, "logScale": -3.9844689975043406}