{"g1": 0.99734914666478, "g2": 5.818377459990008, "logK": -1.41130599719604, "loc": 0.0006742534241248287, "logScale": -3.9750289354152257}