{"g1": 0.8458081532843619, "g2": 7.070320476294069, "logK": -4.989757879016546, "loc": 0.0028375011014550927, "logScale": -3.9970582350714463}