{"g1": 0.9266758584579382, "g2": 4.903136037938636, "logK": 0.8641638530066666, "loc": -0.02291555095932371, "logScale": -3.9456788239151956}