{"g1": 0.9825165381213885, "g2": 3.3276887339993717, "logK": -1.0801593356787276, "loc": -0.006020759279745731, "logScale": -3.950037279873263}