{"g1": 0.8363776511255196, "g2": 7.5462547835447875, "logK": -0.2249750350090307, "loc": -0.008080774187580159, "logScale": -3.9961786145727505}