{"g1": 0.10962129627400491, "g2": 6.138385077596885, "logK": -0.4415865761331981, "loc": -0.01596809840067389, "logScale": -3.988206203030873}