{"g1": 0.6557935115524303, "g2": 11.269452937812563, "logK": -3.819229507714309, "loc": 0.0053776130593475475, "logScale": -3.9860921639292393}