{"g1": 0.7723741210834392, "g2": 4.072439399454122, "logK": -1.8278891612481758, "loc": -0.011437500259292233, "logScale": -3.86724664333596}