{"g1": 0.21277731257406446, "g2": 4.40889432640321, "logK": -1.1467631125773798, "loc": -0.0014400233361531421, "logScale": -3.9630294453989365}