{"g1": 0.007604571900067775, "g2": 7.088229671538063, "logK": -0.07910477192051191, "loc": -0.14746350527723803, "logScale": -0.7411258369358111}