{"g1": 0.6771979265096723, "g2": 0.23488236023702064, "logK": 0.9929414442171132, "loc": 0.06117497644309987, "logScale": -1.6140590411390061}