{"g1": 0.4657046924483961, "g2": 1.6153510572619834, "logK": 0.020628727654012913, "loc": -0.015281952193235566, "logScale": -3.9935051426963954}