{"g1": 0.030468133159837707, "g2": 6.32233294828991, "logK": -4.332771785699113, "loc": -0.04040394568615946, "logScale": -0.24294615885805854}