{"g1": 0.006932387839438939, "g2": 10.403298768806355, "logK": 0.6562536331116922, "loc": -0.04107263256879641, "logScale": -1.6224143919398277}