{"g1": 0.7341793696643304, "g2": 9.710672529667661, "logK": -3.6866279904075396, "loc": -0.01273331637365211, "logScale": -3.768993954281621}