{"g1": 0.5851261334005624, "g2": 9.729647915522582, "logK": -1.7496748309588166, "loc": -0.0017078032789998479, "logScale": -3.9911709102298447}