{"g1": 0.714903139960718, "g2": 2.2928829593680424, "logK": -0.16924220355769903, "loc": -0.01221456426962226, "logScale": -3.980809204334765}