{"g1": 0.3583585522901391, "g2": 0.05591292548167415, "logK": -3.9272730102524513, "loc": 0.049054191786436635, "logScale": -0.23093475876120717}