{"g1": 0.614490615010564, "g2": 9.038726641033243, "logK": 0.3676822700240321, "loc": -0.014760250012110442, "logScale": -3.9915031260814304}