{"g1": 0.4229401062950577, "g2": 1.3123298329323987, "logK": 0.8827133960324423, "loc": -0.02372944485179824, "logScale": -3.7117524986385995}