{"g1": 0.9994827580694922, "g2": 7.8317833346412336, "logK": -3.427668952235422, "loc": -0.0006452088377128049, "logScale": -3.997310306813394}