{"g1": 0.9753931360156973, "g2": 10.563244064014766, "logK": -4.244732419790922, "loc": 0.0043455304071318155, "logScale": -3.859592630714324}