{"g1": 0.7770615494121555, "g2": 4.789583126208077, "logK": 0.7273288837324001, "loc": -0.028388466208661565, "logScale": -3.874822646457816}