{"g1": 0.538320393735525, "g2": 8.780801870470844, "logK": -0.09583046414978913, "loc": -0.0021052973165719413, "logScale": -3.4854029737316763}