{"g1": 0.2880878314712059, "g2": 0.8151526128268083, "logK": -2.000211391475701, "loc": -0.0033597065419234897, "logScale": -3.9976207904679835}