{"g1": 0.4338422332626105, "g2": 2.8387832688442103, "logK": -1.0082439771421579, "loc": -0.02038269962038448, "logScale": -3.9963949008989084}