{"g1": 0.8762513853119497, "g2": 2.382551981365639, "logK": 0.8915006311948026, "loc": -0.017387292926308827, "logScale": -3.9854906743501215}