{"g1": 0.7023552876814295, "g2": 9.939387065687812, "logK": 0.5874210978180874, "loc": -0.004919396051509716, "logScale": -3.8816717050217666}