{"g1": 0.0662570578382966, "g2": 6.977054580983357, "logK": 0.8585579124914012, "loc": -0.11650031429259583, "logScale": -1.2909101250861283}