{"g1": 0.47932057784257526, "g2": 0.063152283928253, "logK": -4.442073647156137, "loc": -0.009457385745525295, "logScale": -3.9622640034350636}