{"g1": 0.747386021848575, "g2": 11.131818875068815, "logK": -0.635359436977952, "loc": -0.010793753055488152, "logScale": -3.982976680618963}