{"g1": 0.854705487005088, "g2": 5.135836917943567, "logK": -2.41029015620785, "loc": 0.005881980177043066, "logScale": -3.9963098018378638}