{"g1": 0.04803750853921573, "g2": 14.393310049291436, "logK": 0.9977611062702657, "loc": -0.09848708633923511, "logScale": -1.2766049202831162}