{"g1": 0.009582664083202064, "g2": 7.439794470418164, "logK": 0.8286359247748498, "loc": -0.12382142098066053, "logScale": -1.3671409584907268}