{"g1": 0.5487092323963156, "g2": 11.113720828695481, "logK": -2.281415599582218, "loc": 0.005362792462772475, "logScale": -3.9868115678485125}