{"g1": 0.0012776969218434853, "g2": 9.274486645585922, "logK": 0.8960043337507614, "loc": -0.07942746174612224, "logScale": -1.3839514415601601}