{"g1": 0.12629378093838595, "g2": 0.06643279755672393, "logK": -1.8275736475817808, "loc": -0.10437675322667814, "logScale": -0.37401995564843077}