{"g1": 0.8409127478475893, "g2": 2.1328256438043467, "logK": -0.45827944569319823, "loc": -0.007820765585815674, "logScale": -3.9923489883085694}