{"g1": 0.09631122257406624, "g2": 4.894016988576089, "logK": 0.41655436805697765, "loc": -0.03967578369505543, "logScale": -0.9339038454542865}