{"g1": 0.7621920473742956, "g2": 0.03658597764179916, "logK": 0.8128388862078822, "loc": -0.08212622457976232, "logScale": -1.4087280959323383}