{"g1": 0.3562186964319827, "g2": 8.379956227394466, "logK": -4.383513665622722, "loc": 0.004882699983430264, "logScale": -3.9886535408588717}