{"g1": 0.35018214957310234, "g2": 0.40922183659388234, "logK": -2.0890389413140937, "loc": 0.00795374895305955, "logScale": -3.993286106231139}