{"g1": 0.028261503277889455, "g2": 0.07117335152001816, "logK": 0.17949457836703075, "loc": -0.1402226224279744, "logScale": -0.7871366299121054}