{"g1": 0.5004617065928174, "g2": 9.657365064798798, "logK": -0.45576669838637496, "loc": -0.009972158304663305, "logScale": -3.8468736058068793}