{"g1": 0.640652130350992, "g2": 13.729422491608254, "logK": -3.0173679507085596, "loc": 0.0007169390467411467, "logScale": -3.9928256597097143}