{"g1": 0.6414057376647724, "g2": 4.7353402152105035, "logK": 0.8803123787116296, "loc": -0.02059846783294511, "logScale": -3.9900708773242584}