{"g1": 0.8057322576211219, "g2": 9.12277008410278, "logK": -1.3251610500274544, "loc": -0.0041667584023879, "logScale": -3.8446621812171995}