{"g1": 0.0014329196499597782, "g2": 1.2557766798566208, "logK": -4.387806121371107, "loc": 0.10030007781360653, "logScale": -0.3312548051469688}