{"g1": 0.06669969894682752, "g2": 5.994994699614745, "logK": -2.351450299197813, "loc": 0.0010046141494611475, "logScale": -3.9804886883525343}