{"g1": 0.8832166809920506, "g2": 8.509012736875459, "logK": -0.3955022536685524, "loc": -0.011596435573748561, "logScale": -3.993925013257545}