{"g1": 0.026939915524027747, "g2": 11.57046943283578, "logK": -4.504683027764583, "loc": -0.05019901377452814, "logScale": -0.2986622960191306}