{"g1": 0.058667298836287074, "g2": 10.278063895897077, "logK": -3.116165381096428, "loc": -0.0005571662205580939, "logScale": -3.997699634219694}