{"g1": 0.9922878103647862, "g2": 5.584155166275986, "logK": 0.28425971121542937, "loc": -0.006421082755640177, "logScale": -3.9425925405977456}