{"g1": 0.2907563374047379, "g2": 1.7925332317936227, "logK": 0.9617353960195052, "loc": -0.02668438446793516, "logScale": -3.804411000549778}