{"g1": 0.22703738799115603, "g2": 9.919893042242245, "logK": -4.578973020516644, "loc": -0.0009760056680011451, "logScale": -3.9971044869835675}