{"g1": 0.18973428951855312, "g2": 0.016297127215569418, "logK": -4.936939001528541, "loc": 0.0037852156618568113, "logScale": -3.94963948127696}