{"g1": 0.7500949072896281, "g2": 5.713108630784959, "logK": -0.23714535216452992, "loc": -0.018483557303260813, "logScale": -3.992102060528656}