{"g1": 0.993161139216656, "g2": 8.145856326006225, "logK": -3.5936105537733054, "loc": -0.00563766505260795, "logScale": -3.9810675315909503}