{"g1": 0.002028418566994504, "g2": 3.4068088052461154, "logK": -2.9412508094843317, "loc": -0.03582967811690592, "logScale": -0.278540316862228}