{"g1": 0.038373196620810325, "g2": 8.943079829424269, "logK": -2.807402041061635, "loc": -0.10351447520169808, "logScale": -0.35941839790392466}