{"g1": 0.9978493814817169, "g2": 7.741960619539681, "logK": -1.3889158737351355, "loc": -0.016406418134109462, "logScale": -3.752590416863369}