{"g1": 0.8997762977787612, "g2": 6.037871978545301, "logK": 0.9965341017811074, "loc": -0.13194077509274738, "logScale": -2.309571123411426}