{"g1": 0.8687319746585814, "g2": 9.837194817318462, "logK": 0.9980822942516878, "loc": -0.11978197462733126, "logScale": -0.8090649870759878}