{"g1": 0.9786390914123427, "g2": 11.84233609428028, "logK": -1.26238814620388, "loc": 0.0001847133685092912, "logScale": -3.824107748934052}