{"g1": 0.9990070854686918, "g2": 11.54471893444278, "logK": 0.8332285793109733, "loc": -0.11149157807854651, "logScale": -0.8908517668322442}