{"g1": 0.9332224891727907, "g2": 9.187378817761576, "logK": 0.9816541748928287, "loc": -0.030792400412791566, "logScale": -1.2562538479908718}