{"g1": 0.966191298428711, "g2": 7.177243342279631, "logK": 0.8435359020174076, "loc": -0.06586146580131465, "logScale": -1.9097193519856432}