{"g1": 0.9037277031731722, "g2": 11.311716091422564, "logK": -3.747974624004975, "loc": 0.004670576073535994, "logScale": -3.993324263979507}