{"g1": 0.8718931869556248, "g2": 8.279539057089352, "logK": 0.9420545130870004, "loc": -0.014320922730354624, "logScale": -1.1140636848871877}