{"g1": 0.9370406488216935, "g2": 10.926525162597654, "logK": -2.651027885519289, "loc": 0.08813819045447074, "logScale": -0.15488640499962908}