{"g1": 0.7688619823826883, "g2": 6.132423499865469, "logK": 0.8079145766460809, "loc": -0.1161250450520955, "logScale": -1.583788254363057}