{"g1": 0.7237684049758608, "g2": 4.872821058546452, "logK": -2.496601051945796, "loc": 0.0022779443465957717, "logScale": -3.980682314653805}