{"g1": 0.7542081233907892, "g2": 12.414019262790665, "logK": 0.7235427019511937, "loc": -0.016297042578007723, "logScale": -1.8090034766888423}