{"g1": 0.9986083138730456, "g2": 7.874271444721108, "logK": 0.12527792129280646, "loc": -0.04346182074837558, "logScale": -3.658416516893866}