{"g1": 0.7905991574250174, "g2": 6.975810824540405, "logK": -3.5415024957207333, "loc": -0.005739516066565179, "logScale": -3.9924503075580975}