{"g1": 0.8417497253281776, "g2": 7.023960965072864, "logK": 0.8128118563115119, "loc": -0.08439413347004526, "logScale": -1.216680269990616}