{"g1": 0.9440437357047168, "g2": 10.994804879882665, "logK": 0.8466467867644298, "loc": -0.14338172353356882, "logScale": -1.6957452375417748}