{"g1": 0.9576062427758598, "g2": 4.394496405719358, "logK": 0.8399677773249812, "loc": -0.025797568855850838, "logScale": -3.975957308984234}