{"g1": 0.9997481908431023, "g2": 7.19892469750797, "logK": -3.385906925806013, "loc": -0.008332196099861473, "logScale": -3.9991014101316997}