{"g1": 0.9484052080909722, "g2": 8.26172146934024, "logK": 0.2391980060220904, "loc": -0.004719924293320493, "logScale": -0.08660868483798216}