{"g1": 0.9345065199628041, "g2": 12.418996029322429, "logK": 0.682942923290436, "loc": -0.05023921340632688, "logScale": 0.4596454032362013}