{"g1": 0.8505241811275244, "g2": 7.52487005618305, "logK": 0.9945544644803123, "loc": -0.09075811377173734, "logScale": -1.689580481724255}