{"g1": 0.9092337186156553, "g2": 14.943449806262523, "logK": 0.8264033624833927, "loc": -0.041213456972130656, "logScale": -1.125835421533379}