{"g1": 0.9753233919716866, "g2": 13.013203216110224, "logK": -0.6439149082740923, "loc": -0.00734763352905873, "logScale": -3.7512979768972423}