{"g1": 0.9462145332613635, "g2": 5.04869096683498, "logK": -1.0640447754292333, "loc": -0.011125666927353301, "logScale": -3.803696571948459}