{"g1": 0.9786411098374547, "g2": 14.110217653447867, "logK": -0.009626471370158707, "loc": -0.024178089607996396, "logScale": -3.6749524513668983}