{"g1": 0.9928952136426508, "g2": 8.222171651796842, "logK": 0.9729592177562799, "loc": -0.12691600895311705, "logScale": -1.64735566136292}