{"g1": 0.9609331813047572, "g2": 12.082001116627449, "logK": 0.9948660968643498, "loc": -0.1328227363893779, "logScale": -1.869946722331607}