{"g1": 0.9986520815922776, "g2": 13.006000994521596, "logK": -3.6045834340577634, "loc": -0.0025209116391055543, "logScale": -3.9963286078638767}