{"g1": 0.8352109045452766, "g2": 9.606561378827658, "logK": 0.6416444509228119, "loc": -0.07798904355153333, "logScale": -1.5673802713976772}