{"g1": 0.9995728034589432, "g2": 11.715887088519414, "logK": 0.9695498982403241, "loc": -0.12670679951590744, "logScale": -1.4524229128406587}