{"g1": 0.008057262054397052, "g2": 1.4430252947926037, "logK": -2.184730485256633, "loc": -0.020617082858274318, "logScale": 1.9518214003695562}