{"g1": 0.9690841779403981, "g2": 7.216117145911931, "logK": 0.3483738835489705, "loc": -0.03387994852139263, "logScale": -3.808943506317914}