{"g1": 0.999331246954585, "g2": 9.611450481375005, "logK": -2.082977752571392, "loc": -0.011377043245617897, "logScale": -3.9975345470715222}