{"g1": 0.9653733818436854, "g2": 8.328323148957047, "logK": -3.5329222607693973, "loc": 0.01968965321454183, "logScale": -3.2287898828071224}