{"g1": 0.9491243959303095, "g2": 9.753556941475255, "logK": 0.9950151172006503, "loc": -0.13368970643926806, "logScale": -1.2851286482512883}