{"g1": 0.9630832197112943, "g2": 6.024926405991845, "logK": -0.39180933766573856, "loc": -0.009449980715453186, "logScale": -3.8479992490015875}