{"g1": 0.9698247520540138, "g2": 12.704856624557236, "logK": -4.999753473448861, "loc": 0.01197707463924623, "logScale": -3.995627935622232}