{"g1": 0.960146713199167, "g2": 11.594711126840748, "logK": 0.867213821644035, "loc": -0.06837943983707068, "logScale": -0.7620558089190077}