{"g1": 0.9981029655839302, "g2": 4.670497966206307, "logK": -3.9233391290639834, "loc": -0.013578737554039506, "logScale": -3.739211165004579}