{"g1": 0.4419045091457998, "g2": 7.98694940841415, "logK": -1.2693901584870977, "loc": -0.0020507739071872876, "logScale": -3.9945305915939224}