{"g1": 0.2633572403649218, "g2": 11.651764857430916, "logK": -1.1756966830719027, "loc": -0.008654584078227301, "logScale": -3.984410149998011}