{"g1": 0.9267841484176592, "g2": 7.817857969933812, "logK": 0.5616848342761305, "loc": 0.14979583360328097, "logScale": -0.7112987159066528}