{"g1": 0.5419365954671437, "g2": 4.266939425131425, "logK": -1.4399570015464582, "loc": 0.00793882821761378, "logScale": -3.999123197295437}