{"g1": 0.9786806276854841, "g2": 9.775000626925666, "logK": -0.5111029850510248, "loc": -0.0045699933450739395, "logScale": -3.856126796786784}