{"g1": 0.9011791845837377, "g2": 11.359807309105847, "logK": 0.7742671398307859, "loc": -0.08693637740319282, "logScale": -1.09384628633736}