{"g1": 0.9749785409046415, "g2": 10.989047900195576, "logK": 0.38831194334491664, "loc": 0.03507219630390248, "logScale": -1.1065221682161548}