{"g1": 0.9981373998198049, "g2": 9.32861805510127, "logK": -2.5440774673783166, "loc": -0.0014593778994252734, "logScale": -3.7676345543865986}