{"g1": 0.010385406090603976, "g2": 0.08147050658989319, "logK": 0.3151587134783767, "loc": 0.03802948040532629, "logScale": 1.2667236455803907}