{"g1": 0.6793701117423684, "g2": 8.534911029389491, "logK": -2.8109579172206285, "loc": -0.008055341912289168, "logScale": -3.990937532785428}