{"g1": 0.945473633816127, "g2": 11.520506579028382, "logK": 0.9801398855457539, "loc": -0.06158854615978695, "logScale": -1.8948868196512767}