{"g1": 0.9788987709656933, "g2": 3.6697985968448408, "logK": -3.435313429013153, "loc": 0.005080024814584574, "logScale": -3.7530713327008316}