{"g1": 0.8112864407847349, "g2": 5.030079805148478, "logK": -4.087761259289201, "loc": -0.0067201910873801365, "logScale": -3.648638617343635}