{"g1": 0.980523783707089, "g2": 9.776584399050016, "logK": 0.4704011877134302, "loc": 0.14990646284941675, "logScale": -0.6074953677404453}