{"g1": 0.9983877739469649, "g2": 11.205479526719158, "logK": -1.2078099067476091, "loc": 0.0008389437734002171, "logScale": -3.7730115298897067}