{"g1": 0.9387558891189891, "g2": 6.003577300835858, "logK": -1.4824596959862966, "loc": 0.000498493887115585, "logScale": -3.9883790526941025}