{"g1": 0.9867666759051532, "g2": 14.431103644226836, "logK": -3.4900808705964823, "loc": 0.010912638595188349, "logScale": -3.943904948775016}