{"g1": 0.8693460758176627, "g2": 6.9251607651066305, "logK": -0.901718922948241, "loc": -0.013721694023378413, "logScale": -3.992427927697802}