{"g1": 0.9978509104557507, "g2": 7.757646882211902, "logK": -2.8494218491481593, "loc": 0.005456897013885648, "logScale": -3.8311864864277516}