{"g1": 0.9677961774695556, "g2": 14.900345403064248, "logK": -0.2733345427813923, "loc": -0.003930211667197078, "logScale": -3.67894750899775}