{"g1": 0.9972095531897656, "g2": 13.455336744004068, "logK": 0.9993562224984796, "loc": -0.10593556091497157, "logScale": -1.6953348371753496}