{"g1": 0.9758929777782508, "g2": 8.841603793688183, "logK": -0.522629042658397, "loc": -0.005295230512383361, "logScale": -3.5720725925621517}