{"g1": 0.9998751881284873, "g2": 2.669328169101381, "logK": -2.2238210054381145, "loc": -0.018194694774989986, "logScale": -3.9871001173454492}