{"g1": 0.9994267382764958, "g2": 11.82555541334474, "logK": -0.8898314165263776, "loc": -0.007363594635464564, "logScale": -3.79107149643326}