{"g1": 0.9818692299736328, "g2": 11.112798824394877, "logK": -0.4517685174764965, "loc": 0.00486811933585482, "logScale": -3.7674995695034474}