{"g1": 0.9991407325321725, "g2": 13.086109611397696, "logK": -2.420887897157029, "loc": 0.012998458556798336, "logScale": -3.8010379970873065}