{"g1": 0.9392891397391533, "g2": 9.554584277979783, "logK": 0.9952634788939255, "loc": -0.10892390202685945, "logScale": -1.3647302881126142}