{"g1": 0.9970396534196535, "g2": 7.631012331672936, "logK": -0.4227732580907382, "loc": -0.0010102524386717132, "logScale": -3.6657420229958575}