{"g1": 0.9968200806461072, "g2": 11.717002336392236, "logK": 0.5564648300432146, "loc": -0.044028271172777696, "logScale": -3.8135831782586256}