{"g1": 0.4483393220262211, "g2": 3.1306459987706203, "logK": -3.455767767145239, "loc": 0.002424793964773211, "logScale": -3.961051258390293}