{"g1": 0.9560221609197304, "g2": 12.222007477177026, "logK": -4.832546946996166, "loc": 0.003705870605039632, "logScale": -3.9956803629710884}