{"g1": 0.925299043451506, "g2": 10.139908962885753, "logK": 0.717120730069851, "loc": -0.11757690970196222, "logScale": -2.282088857444753}