{"g1": 0.8992895165652457, "g2": 7.364664529272488, "logK": 0.5445681497014359, "loc": 0.06010931017794333, "logScale": -1.0201027446335968}