{"g1": 0.9476908394024707, "g2": 4.20261800680277, "logK": 0.8540712946207778, "loc": -0.14890285631837086, "logScale": -1.88983545622603}