{"g1": 0.006294960102498026, "g2": 14.251047629916053, "logK": 0.8364068468561924, "loc": 0.12672820969788356, "logScale": 0.960948133681513}