{"g1": 0.9861274493389985, "g2": 4.325225665158005, "logK": -3.4694640881563856, "loc": 0.008567613023157873, "logScale": -3.9957518218386756}