{"g1": 0.9253665906136935, "g2": 11.380839339043774, "logK": 0.8327878212255383, "loc": -0.08236211645885953, "logScale": -0.9002956923133079}