{"g1": 0.9787564848587944, "g2": 14.16520275631999, "logK": 0.9833600529720591, "loc": 0.030438268311023007, "logScale": -0.6253873031743606}