{"g1": 0.6293289162805722, "g2": 12.920007333419427, "logK": 0.9899316739157342, "loc": 0.07865720460496271, "logScale": 0.24976156523993853}