{"g1": 0.6581789675724796, "g2": 1.0759341228541235, "logK": -4.974679076887187, "loc": -0.00274885673816291, "logScale": -3.9988527153032662}