{"g1": 0.9281993121716409, "g2": 6.4984741031885545, "logK": 0.9008818125562948, "loc": -0.09191263709500318, "logScale": -1.5952104677182597}