{"g1": 0.6517051967299079, "g2": 5.76707649477518, "logK": -2.038255614114374, "loc": -0.00716121276880073, "logScale": -3.9969720512378255}