{"g1": 0.18452934226608184, "g2": 0.20812940304836314, "logK": -3.3969234810957425, "loc": 0.07999189790336182, "logScale": 2.1350302939646664}