{"g1": 0.9993539113131275, "g2": 14.918458127120564, "logK": -1.9184853958027996, "loc": -0.001905293213166447, "logScale": -3.9838945799059835}