{"g1": 0.9804262413724822, "g2": 7.324472687269704, "logK": 0.6714296007795717, "loc": 0.024139474029071822, "logScale": -1.389622996452432}