{"g1": 0.8045204908907116, "g2": 9.68965555352692, "logK": 0.6868041301955259, "loc": -0.09370030543136756, "logScale": -1.3614409967337697}