{"g1": 0.9950141025079235, "g2": 8.77705814275792, "logK": 0.03788430337243509, "loc": -0.013951714967068917, "logScale": -3.999430920757796}