{"g1": 0.7096773135684795, "g2": 10.266313586172487, "logK": 0.5112470085095929, "loc": -0.010188264573855091, "logScale": -1.315438860011478}