{"g1": 0.8567881533120075, "g2": 5.903716341342482, "logK": -1.107810475430408, "loc": -0.009399648543152759, "logScale": -3.895022369339994}