{"g1": 0.6668862680103681, "g2": 9.515896141959503, "logK": -3.9172927626641476, "loc": 0.0021536018689790274, "logScale": -3.9742431028324363}