{"g1": 0.9690570228470808, "g2": 7.159474042953494, "logK": 0.8240958751881715, "loc": -0.09494194079178124, "logScale": -1.398914380190341}