{"g1": 0.8687881307248777, "g2": 4.604966691590786, "logK": 0.9862811704627189, "loc": -0.10919836247253195, "logScale": -1.901241260775213}