{"g1": 0.9957173757242249, "g2": 11.878367298376428, "logK": 0.7110187351677126, "loc": -0.046822900970997415, "logScale": -3.4537100660059963}