{"g1": 0.9516647690446838, "g2": 8.580557998286274, "logK": 0.7504600775348059, "loc": -0.059091338113103964, "logScale": -1.01712632092283}