{"g1": 0.9987124494882549, "g2": 9.798697899249124, "logK": 0.9942569980591565, "loc": -0.07777968723818442, "logScale": -2.0650969030842194}