{"g1": 0.975099570237288, "g2": 5.0621758080838735, "logK": 0.983058462616999, "loc": -0.1499605197334911, "logScale": -1.4915878938432894}