{"g1": 0.997718594918977, "g2": 6.211696850455314, "logK": 0.6948138859962363, "loc": -0.06978020877127739, "logScale": -1.213056443162213}