{"g1": 0.9997882795281933, "g2": 9.037228487492357, "logK": -0.35174341749397375, "loc": -0.008562645845366626, "logScale": -3.995434446370865}