{"g1": 0.9799636976029157, "g2": 8.819563707356323, "logK": -1.4727946542556722, "loc": -0.006052544110274394, "logScale": -3.6135374464411996}