{"g1": 0.9973563130379687, "g2": 11.257498753163485, "logK": -3.118751077677951, "loc": -0.0005425610006371852, "logScale": -3.8379441252775455}