{"g1": 0.9984351420538975, "g2": 13.07869521559734, "logK": -1.0706983262481797, "loc": 0.010131040736244915, "logScale": -3.994106967322048}