{"g1": 0.5866685400031717, "g2": 0.9528109056940421, "logK": -3.4226233815376643, "loc": 0.000746238018685081, "logScale": -3.9982727825609206}