{"g1": 0.7721041642461979, "g2": 6.21962661606841, "logK": -4.161316823699461, "loc": -0.006830688078649551, "logScale": -3.9779142560020104}