{"g1": 0.6759158127357542, "g2": 13.702074795056918, "logK": -2.679280350194788, "loc": -0.0010508088393298143, "logScale": -3.889667639311055}