{"g1": 0.9965857784907195, "g2": 10.97350987607985, "logK": -3.8423493459429428, "loc": 0.0009858847217299055, "logScale": -3.9528775468291197}