{"g1": 0.9843337223243457, "g2": 8.290704758821041, "logK": -2.054245650603774, "loc": -0.012945868739991522, "logScale": -3.719830838059374}