{"g1": 0.9838178388391966, "g2": 10.225730762877317, "logK": 0.8488135670105262, "loc": -0.14980194726939947, "logScale": -1.864774660162781}