{"g1": 0.9991548677624997, "g2": 8.382573333019803, "logK": -2.2012049945112913, "loc": 0.021190672147281934, "logScale": -3.318229189952187}