{"g1": 0.9152002125296617, "g2": 4.37239732286979, "logK": 0.8129578603421861, "loc": -0.1429168069499491, "logScale": -1.7512337459913265}