{"g1": 0.026243791887794354, "g2": 6.1497394621914125, "logK": 0.44735713921906217, "loc": 0.01989141104594841, "logScale": 1.1576776990688278}