{"g1": 0.8038343186362482, "g2": 13.480691627677137, "logK": -2.0633509133911607, "loc": -0.010933860270279488, "logScale": -3.997140916275425}