{"g1": 0.9824598415158817, "g2": 7.155286419046351, "logK": -0.17646184930728026, "loc": -0.017335226702519486, "logScale": -3.9959800473367597}