{"g1": 0.999254321260733, "g2": 8.374466911695837, "logK": -4.736454128763679, "loc": -0.006009822208690492, "logScale": -3.979117840583511}