{"g1": 0.9984143035306265, "g2": 6.60995985195379, "logK": -2.8501776782751143, "loc": -0.019495909315389484, "logScale": -3.7953335025848216}