{"g1": 0.984675372108801, "g2": 11.375336960607608, "logK": -0.2553273575308814, "loc": -0.01528254397302934, "logScale": -3.8259121947532324}