{"g1": 0.8659106624294512, "g2": 5.213419154970478, "logK": -2.341407617340909, "loc": 0.0010888569920101572, "logScale": -3.9898174988353725}