{"g1": 0.892108430170848, "g2": 9.009272190234595, "logK": 0.8802414937808312, "loc": -0.07185203726318085, "logScale": -1.7254182718725795}