{"g1": 0.9996703747490395, "g2": 8.734268122920989, "logK": 0.18612280303826886, "loc": -0.029758953634488227, "logScale": -3.971988856881441}