{"g1": 0.35306471853729987, "g2": 6.014904932637863, "logK": -1.7412346853515066, "loc": -0.0074587680248529645, "logScale": -3.9866074398484628}