{"g1": 0.9755694829680441, "g2": 6.916443414231132, "logK": -0.6936736689471608, "loc": -0.016696497050567215, "logScale": -3.985335704462041}