{"g1": 0.884333170876902, "g2": 14.35238000287558, "logK": 0.9026037458884553, "loc": -0.12055003314575577, "logScale": -1.986236569635862}