{"g1": 0.9965292896442206, "g2": 11.510718148603338, "logK": -1.682335934273194, "loc": -0.014044356093451659, "logScale": -3.8224210055058574}