{"g1": 0.7992821151585743, "g2": 7.0778395197053, "logK": 0.9789544559122779, "loc": -0.010092132398527236, "logScale": -1.106798509788166}