{"g1": 0.7495061191617285, "g2": 11.853163217293096, "logK": 0.9634296109893208, "loc": -0.04374831961985712, "logScale": -1.7234161400896024}