{"g1": 0.9690343103128476, "g2": 7.670465131760753, "logK": -4.656844501035061, "loc": 0.020266385036221257, "logScale": -3.7556585173462143}