{"g1": 0.9843344891115694, "g2": 10.274149552917544, "logK": -0.7078968537519335, "loc": -0.01674792607368727, "logScale": -3.9963907613112}