{"g1": 0.9667516576625588, "g2": 4.977337830021019, "logK": -4.658631976115151, "loc": 0.007419339774625583, "logScale": -3.870313255014021}