{"g1": 0.9621774079497957, "g2": 5.950579449146669, "logK": -3.963269789919181, "loc": -0.0003658375373663189, "logScale": -3.558054360856418}