{"g1": 0.17052407355597587, "g2": 1.9204836501668856, "logK": -0.3180757295774279, "loc": -0.010692998843617378, "logScale": -3.9781624835470146}