{"g1": 0.9759525692171692, "g2": 11.249853491208507, "logK": 0.9978286999183767, "loc": -0.08459304421976387, "logScale": -2.6400477425751023}