{"g1": 0.7879731515952464, "g2": 4.841758140653086, "logK": -4.167921046072878, "loc": 0.0004106691265888694, "logScale": -3.9927806788069002}