{"g1": 0.9912240250772325, "g2": 6.295380939510501, "logK": -4.112559372401666, "loc": 0.020230710581471332, "logScale": -3.5679534357155536}