{"g1": 0.9962721297618863, "g2": 9.280578029606826, "logK": -0.493132170986475, "loc": -0.015824646572908375, "logScale": -3.9810263171140483}