{"g1": 0.9187882513440604, "g2": 10.175984525425879, "logK": 0.974222593466604, "loc": -0.12841623408025016, "logScale": -1.476240839156522}