{"g1": 0.9176527491431093, "g2": 10.986566123068721, "logK": -2.5082100515553414, "loc": -0.002628489826618901, "logScale": -3.829102591026665}