{"g1": 0.999751292630715, "g2": 14.279239050637871, "logK": -3.291305149860411, "loc": 0.008136721978580196, "logScale": -3.977667701862986}