{"g1": 0.9792644118446522, "g2": 5.363745654582228, "logK": -3.5460108986253474, "loc": 0.0001716801520844219, "logScale": -3.8797477912530494}