{"g1": 0.9810884316823014, "g2": 9.38688104261916, "logK": -4.418836067101967, "loc": 0.00028766137225749375, "logScale": -3.6333618053912358}