{"g1": 0.9956011548183744, "g2": 6.237271286252724, "logK": -4.527597353878368, "loc": 0.016067105311732607, "logScale": -3.5659537169905065}