{"g1": 0.8091930442168518, "g2": 14.550907276168243, "logK": 0.08708502139209354, "loc": -0.1204261753582433, "logScale": -0.6729171741503444}