{"g1": 0.9485385760713585, "g2": 11.898258239475203, "logK": 0.9839956931723128, "loc": 0.010440355508184323, "logScale": -1.2585263886142164}