{"g1": 0.8304029279682055, "g2": 3.7693561161154827, "logK": -3.9252428199178104, "loc": 0.009469117729042747, "logScale": -3.987869962117923}