{"g1": 0.7745150378818414, "g2": 12.310598614379996, "logK": -0.03193332218728684, "loc": 0.08170785510909181, "logScale": -0.8884877042569287}