{"g1": 0.9962501168957556, "g2": 13.64683080884041, "logK": -4.988830753165603, "loc": -0.006934214366869158, "logScale": -3.9729037598684322}