{"g1": 0.9202845747566435, "g2": 2.7207657361527477, "logK": -3.8580047206196024, "loc": 0.0014160418667280234, "logScale": -3.9950598130760824}