{"g1": 0.36082024211684766, "g2": 8.390824635273361, "logK": -2.9353013115369686, "loc": -0.0018958244557311366, "logScale": -3.9962626296448986}