{"g1": 0.025310655605424337, "g2": 8.090824537120106, "logK": 0.6526461671771213, "loc": -0.13320081745622922, "logScale": 1.0710365094099408}