{"g1": 0.9721697438781618, "g2": 10.062998734185873, "logK": 0.002980037132338076, "loc": -0.025636236035937524, "logScale": -3.9853771793936925}