{"g1": 0.9285324619984926, "g2": 11.301651940421365, "logK": -0.8102015510081502, "loc": -0.0012114998683477548, "logScale": -0.2549307609704461}