{"g1": 0.9263067577566663, "g2": 6.324173176534421, "logK": 0.9914443260724338, "loc": -0.11669344681551114, "logScale": -1.571579330340808}