{"g1": 0.9285951426977296, "g2": 8.54535859515481, "logK": -0.6246534908927519, "loc": 0.10729380827618906, "logScale": -0.3762273954353299}