{"g1": 0.9999671809541346, "g2": 10.159764571162087, "logK": -1.623609785544221, "loc": 0.0003172750883481106, "logScale": -3.8671945619863717}