{"g1": 0.9504079369677083, "g2": 12.927723124111438, "logK": -0.20738423821519802, "loc": -0.020939367630466728, "logScale": -3.9914855168653762}