{"g1": 0.9997181447974637, "g2": 14.375360821592569, "logK": 0.07947186178535892, "loc": -0.10221927944954932, "logScale": 0.08438763537932736}