{"g1": 0.5333145980592636, "g2": 0.00500183245017656, "logK": -1.2457239468241639, "loc": -0.012640091382661306, "logScale": -3.9609896528942423}