{"g1": 0.7741633620799857, "g2": 6.025236659482022, "logK": -3.5124823037946253, "loc": -0.006942224126267032, "logScale": -3.9872596484317757}