{"g1": 0.9622642824068989, "g2": 6.495100126464186, "logK": -0.818519023553147, "loc": 0.018476218253738894, "logScale": -0.35902745449939943}