{"g1": 0.6681027523610338, "g2": 14.444805499973251, "logK": 0.5881355891395318, "loc": 0.06732015394358831, "logScale": -1.1715216029218372}