{"g1": 0.9947556675609222, "g2": 4.998192798141305, "logK": -1.0898255623869348, "loc": -0.008238360554868018, "logScale": -3.9567203199478356}