{"g1": 0.9977826552330472, "g2": 12.442716345721365, "logK": -2.39604848485511, "loc": 0.002854285687821371, "logScale": -3.9994946277302192}