{"g1": 0.9695515819224204, "g2": 13.39560899896053, "logK": 0.7762477640356862, "loc": -0.07360026731812604, "logScale": -0.7794885284114621}