{"g1": 0.5822027987793337, "g2": 0.05181187475393644, "logK": 0.35443537562276817, "loc": -0.02027376095133633, "logScale": 1.6143536386764192}