{"g1": 0.9754404630009467, "g2": 6.061785227736786, "logK": -3.009033768374933, "loc": -0.01516247685738703, "logScale": -3.8761856096959706}