{"g1": 0.046530403199090326, "g2": 7.699382834665301, "logK": 0.5589477936656678, "loc": 0.0941319445336425, "logScale": 1.2354781674051376}