{"g1": 0.9950957325710462, "g2": 14.284676070112269, "logK": -4.110655297470104, "loc": -0.0020980151671669825, "logScale": -3.771116611072765}