{"g1": 0.9940361582493763, "g2": 9.911643317827915, "logK": -4.5257274262476725, "loc": 0.005151097024823616, "logScale": -3.734454214655881}