{"g1": 0.9967127585372852, "g2": 7.357091698499728, "logK": -1.1581247965013404, "loc": 0.015683444774008203, "logScale": -3.8626228427208797}