{"g1": 0.9567253418595758, "g2": 13.987562188575243, "logK": 0.9647759465433884, "loc": -0.029816451625134077, "logScale": -2.040974273894128}