{"g1": 0.5609999738267619, "g2": 10.012358726757427, "logK": -4.472716942236119, "loc": 0.0011660769555973706, "logScale": -3.9931495048756656}