{"g1": 0.9632455298719181, "g2": 12.187774725571392, "logK": -0.2279335033050448, "loc": 0.004649087354734706, "logScale": -3.989144015747695}