{"g1": 0.9082978756273732, "g2": 14.554117562972559, "logK": 0.9932366731860327, "loc": -0.10607002341827818, "logScale": -0.660991325975631}