{"g1": 0.9524002494753953, "g2": 10.77618155511958, "logK": 0.9997311660555772, "loc": -0.042918018350666956, "logScale": -1.5702088763103474}