{"g1": 0.963588730893006, "g2": 5.361430891747135, "logK": 0.7681305396640596, "loc": -0.04740779396047078, "logScale": -1.0679686666136567}