{"g1": 0.8731962703272598, "g2": 13.336926259580013, "logK": -3.098229516934707, "loc": -0.009910217973780888, "logScale": -3.787187908393446}