{"g1": 0.9945280150625946, "g2": 4.895427303826303, "logK": -4.511547916293355, "loc": -0.007413887638493202, "logScale": -3.997631450081575}