{"g1": 0.9847206674896852, "g2": 12.725240095184086, "logK": -0.6469513943399035, "loc": -0.019606453566358595, "logScale": -3.992832698915771}