{"g1": 0.9536609655697719, "g2": 8.199149615937362, "logK": -0.7067232447836616, "loc": 0.006711447281242771, "logScale": -3.985732043130119}