{"g1": 0.966115316724691, "g2": 7.3669422229172685, "logK": 0.9728175454615018, "loc": -0.14679957440328018, "logScale": -1.6708361790976036}