{"g1": 0.980004184695471, "g2": 10.472951363429182, "logK": -4.105641355935889, "loc": -0.0021695631702187334, "logScale": -3.998757029492122}