{"g1": 0.9543290553386702, "g2": 14.428159389216438, "logK": 0.6512356621028741, "loc": -0.10655018609682401, "logScale": -1.0865835932455725}