{"g1": 0.995468179984782, "g2": 13.277098444331005, "logK": -2.383599035875797, "loc": -0.001257743457323943, "logScale": -3.691104005074768}