{"g1": 0.9802489404933338, "g2": 8.913982246690638, "logK": 0.4375001643357112, "loc": -0.02095403494305706, "logScale": -3.984389377874929}