{"g1": 0.8003093831029429, "g2": 14.01981489749561, "logK": -3.1831900475465718, "loc": -0.0013270387506457417, "logScale": -3.9987514550078003}