{"g1": 0.8843759692363296, "g2": 0.882752174214994, "logK": -3.1219591240205498, "loc": 0.0025219619900163845, "logScale": -3.9609168860412662}