{"g1": 0.9732936549848913, "g2": 8.54408650004392, "logK": 0.5214888511956858, "loc": -0.0286572611838545, "logScale": -3.9741814017793216}