{"g1": 0.9976797386931784, "g2": 8.71165989497859, "logK": -4.567663872350274, "loc": -0.0022312339899986933, "logScale": -3.355227130529427}