{"g1": 0.9953378783518133, "g2": 14.997040259906575, "logK": -0.9172140371779862, "loc": -0.004031256242063401, "logScale": -3.716106842103482}