{"g1": 0.8771877144548642, "g2": 10.42292918356711, "logK": -3.2257932586716915, "loc": -0.007576133262696507, "logScale": -3.9890913788720095}