{"g1": 0.6440447808857078, "g2": 7.936890941428558, "logK": -3.0569579363402744, "loc": -0.004802086337262448, "logScale": -3.989304354198239}