{"g1": 0.9683316891871669, "g2": 10.38050752871751, "logK": -2.5852009660377804, "loc": 0.004982227285695859, "logScale": -3.9839452848089874}