{"g1": 0.8249560220331373, "g2": 5.632658001983249, "logK": 0.4209953144989973, "loc": 0.049981088009021984, "logScale": -1.4698087821191987}