{"g1": 0.4437321202754767, "g2": 12.129546950476145, "logK": -2.812818337257838, "loc": 0.0003052341184008791, "logScale": -3.992597793278389}