{"g1": 0.9363080483603063, "g2": 8.596057125384846, "logK": 0.88629090839065, "loc": -0.1363048734358412, "logScale": -1.7462403470599406}