{"g1": 0.9870349529777174, "g2": 14.354227862326956, "logK": -0.4332024352757662, "loc": -0.01552105976098651, "logScale": -3.801434097877153}