{"g1": 0.9385669764087475, "g2": 12.235405700114192, "logK": 0.8503130976466169, "loc": -0.06828248211595488, "logScale": -0.7540597238756414}