{"g1": 0.008130696994439652, "g2": 10.593742274364697, "logK": -4.983735305124913, "loc": -0.006356116187860149, "logScale": -3.9647075016114868}