{"g1": 0.9705537950163824, "g2": 10.596933228355693, "logK": -0.33020287889416633, "loc": -0.00835952960640717, "logScale": -3.98834988811484}