{"g1": 0.9709239163266783, "g2": 6.750830937055747, "logK": -1.2551749494802298, "loc": 0.0027597896837031934, "logScale": -3.6213093252104187}