{"g1": 0.6401332714537391, "g2": 7.9753888360897305, "logK": -0.5841737454059125, "loc": -0.012969924942403255, "logScale": -3.999313708172978}