{"g1": 0.7919442482653916, "g2": 10.550104014258674, "logK": 0.9916774746087385, "loc": -0.11640760517677701, "logScale": -1.5513820042528192}