{"g1": 0.9976499859886403, "g2": 7.4141597746970405, "logK": -1.8092489804941596, "loc": 0.0032437530961885058, "logScale": -3.976288565964067}