{"g1": 0.9252526023857165, "g2": 4.958096733932614, "logK": 0.9955953721393836, "loc": 0.018991097748884717, "logScale": -1.9820979852185259}