{"g1": 0.41199833796226826, "g2": 11.567956856841237, "logK": -1.9839810582175286, "loc": -0.006308950229364685, "logScale": -3.999503701000134}