{"g1": 0.7141801330782339, "g2": 12.915389748605428, "logK": 0.9960343139382868, "loc": -0.1452310581920724, "logScale": -2.0212714498990687}