{"g1": 0.9046141672708894, "g2": 3.6089731672755567, "logK": 0.8743398662041276, "loc": -0.14960082234036481, "logScale": -1.4931881378469218}