{"g1": 0.9940673696947724, "g2": 11.89823837864575, "logK": 0.44018789911952466, "loc": -0.11819269831030027, "logScale": -0.8823816500520654}