{"g1": 0.9805126156670061, "g2": 13.568233689219369, "logK": -3.47366239210916, "loc": -0.006680327489571144, "logScale": -3.754458145656614}