{"g1": 0.002440932150920172, "g2": 10.869212355433763, "logK": -4.718216965613745, "loc": 0.0013033579692407569, "logScale": -3.9428283518969134}