{"g1": 0.9317616415989783, "g2": 14.4303706820875, "logK": 0.5693013406113628, "loc": -0.12253628607042891, "logScale": -0.9810592748759837}