{"g1": 0.9971573324045223, "g2": 12.30790361764123, "logK": -1.8430725091338411, "loc": -0.023546446779760633, "logScale": -3.7685114032690334}