{"g1": 0.9579180120594546, "g2": 14.700607121204765, "logK": 0.9525966095498359, "loc": -0.06400415062458505, "logScale": -1.6228229782950032}