{"g1": 0.2839429805209338, "g2": 8.70934869805969, "logK": -3.199079947794002, "loc": 0.004094558536591124, "logScale": -3.9927687570020587}