{"g1": 0.9019821206887879, "g2": 6.06182230702992, "logK": 0.9899065595169285, "loc": -0.0013403491143502144, "logScale": -1.042199763180156}