{"g1": 0.9930809383365096, "g2": 5.646960885021536, "logK": -4.883826245168308, "loc": -0.0004145668154953066, "logScale": -3.821813882769524}