{"g1": 0.8358724087605762, "g2": 11.27256561841052, "logK": 0.8320515195433541, "loc": -0.12082819402309049, "logScale": -0.7895155656105834}