{"g1": 0.6167523521761589, "g2": 1.7122702619266486, "logK": -3.221495318954026, "loc": -0.003031280430532253, "logScale": -3.974973865009823}