{"g1": 0.9994903331728644, "g2": 7.869636047527377, "logK": 0.056119961795796036, "loc": -0.015005152231221185, "logScale": -3.831561610859506}