{"g1": 0.7475537034012729, "g2": 3.376357024528078, "logK": -1.2470481453363027, "loc": -0.003502415600184463, "logScale": -3.986567696665362}