{"g1": 0.9827246059303147, "g2": 7.852890192810229, "logK": -3.1395452976561327, "loc": 0.0006092229915636667, "logScale": -3.9840853045803923}