{"g1": 0.9998824850192488, "g2": 11.701406439453669, "logK": 0.9995122661748695, "loc": -0.022462551515072624, "logScale": -1.1918501318467165}