{"g1": 0.9439879654418045, "g2": 10.711006474577443, "logK": 0.9965594102418502, "loc": -0.06455505937136952, "logScale": -1.9468402783783305}