{"g1": 0.9962896278927995, "g2": 8.381436263550325, "logK": -3.8619371421478825, "loc": -0.04181441354300619, "logScale": -0.42096315073123924}