{"g1": 0.9381473226681796, "g2": 14.656053982655282, "logK": -2.693671775521622, "loc": -0.14989827559314808, "logScale": 0.48891155319218493}