{"g1": 0.9796537937947467, "g2": 10.459122900016807, "logK": -0.2996298192242146, "loc": -0.0075452342430407625, "logScale": -3.7703903436420383}