{"g1": 0.9805849068925211, "g2": 13.550865213296571, "logK": -4.774751251207189, "loc": 0.011774157588903711, "logScale": -3.82495208394825}