{"g1": 0.9719513563226926, "g2": 10.355798406494738, "logK": -0.7710493564697573, "loc": 0.0002249490685260671, "logScale": -3.9779606087726878}