{"g1": 0.9981165995225904, "g2": 10.716586195716623, "logK": -4.767596437054783, "loc": 0.002809829026325694, "logScale": -3.995496154700116}