{"g1": 0.9742848005550078, "g2": 9.151107070412133, "logK": 0.30276645945261615, "loc": -0.019244167380378537, "logScale": -3.995583150151351}