{"g1": 0.8481860577439568, "g2": 14.683037727258407, "logK": 0.9936577314380912, "loc": -0.14200710012118276, "logScale": -0.3342499777137807}