{"g1": 0.996178069518182, "g2": 8.536298468583299, "logK": -3.832471345257476, "loc": 0.0062129605645605285, "logScale": -3.797894537500147}