{"g1": 0.818309008365181, "g2": 5.837079123697034, "logK": -1.6383915000802856, "loc": 0.0011227497469230708, "logScale": -3.992632998724302}