{"g1": 0.9980434336656444, "g2": 14.969523592301073, "logK": 0.7656474083747806, "loc": -0.10471579174363754, "logScale": -1.9843723875770405}