{"g1": 0.997602214625822, "g2": 7.358190575230055, "logK": 0.6495206148766288, "loc": -0.020557068320013073, "logScale": -3.9738408401715475}