{"g1": 0.8626898407052105, "g2": 11.838439270683836, "logK": 0.203462526729772, "loc": -0.01475471127007076, "logScale": -3.984326303915126}