{"g1": 0.9575937695613099, "g2": 13.621286891648728, "logK": -1.1652162495877572, "loc": -0.005060403287785736, "logScale": -3.74292343924611}