{"g1": 0.920570170319874, "g2": 7.365450174809266, "logK": -0.31203609555046297, "loc": -0.004577128252768436, "logScale": -3.834708395689013}