{"g1": 0.8610889184051289, "g2": 3.2926666086965994, "logK": -4.563928455572643, "loc": -0.0004174960435868465, "logScale": -3.884350532494138}