{"g1": 0.9089699045199517, "g2": 14.206733803475547, "logK": 0.4962787949876041, "loc": -0.004072443944186134, "logScale": -1.2602462880734837}