{"g1": 0.993070358979108, "g2": 8.599164539350902, "logK": -3.7214289071363305, "loc": -0.013319844829758318, "logScale": -3.32224966110612}