{"g1": 0.9375947205129455, "g2": 14.880334040787066, "logK": 0.655311408919248, "loc": 0.06677235259314795, "logScale": -1.2431280945582186}