{"g1": 0.7648390366793535, "g2": 14.495247871530344, "logK": 0.9937769964816886, "loc": -0.008281744420149603, "logScale": -1.7939526449595933}