{"g1": 0.9999992354323751, "g2": 7.260997573681442, "logK": -4.152544830972232, "loc": 0.006416531831351735, "logScale": -3.9645216398369074}