{"g1": 0.6858408395495552, "g2": 5.323444142994306, "logK": 0.4575669915927249, "loc": -0.0769787706514177, "logScale": 0.0029561154540990175}