{"g1": 0.9745841375382013, "g2": 12.938310398785188, "logK": -0.7574438322426738, "loc": -0.018939921436735188, "logScale": -3.8449099345772306}