{"g1": 0.9604425939867375, "g2": 14.28970323252502, "logK": 0.9719701318614312, "loc": -0.05318018068899065, "logScale": -1.0751614324517562}