{"g1": 0.9976403578780061, "g2": 6.794144120191728, "logK": 0.0786564630112615, "loc": -0.016258784559336627, "logScale": -3.994991069575718}