{"g1": 0.9796924529083841, "g2": 7.588928512491697, "logK": -1.0891232414767107, "loc": -0.009877860034970522, "logScale": -3.783196951309436}