{"g1": 0.6875879602457351, "g2": 12.71900410489385, "logK": 0.9894204595195506, "loc": -0.10118817085755505, "logScale": -1.1698658202576804}