{"g1": 0.24032942263476373, "g2": 7.777334487287869, "logK": -1.6818884196893302, "loc": -0.0024842124473403934, "logScale": -3.990840868774143}