{"g1": 0.5744742853391638, "g2": 0.009993730600605932, "logK": 0.1638907577460872, "loc": 0.00708610913967379, "logScale": 1.5440278786633923}