{"g1": 0.9371896042210792, "g2": 8.393454822164308, "logK": 0.9998454038203877, "loc": -0.10608135564156121, "logScale": -2.03836267883446}