{"g1": 0.9978313098164802, "g2": 6.389297053116426, "logK": -3.0817168561140007, "loc": 0.004224694786426489, "logScale": -3.5083802316328314}