{"g1": 0.9395982626911171, "g2": 10.065731206848145, "logK": 0.4609014965830052, "loc": -0.14451353280568038, "logScale": -0.6465771088181853}