{"g1": 0.9991262556400542, "g2": 12.431354431630641, "logK": -1.5782781639746413, "loc": -0.010213089286661455, "logScale": -3.78333669943107}