{"g1": 0.9399169402463852, "g2": 13.663757451100643, "logK": -4.854143174252976, "loc": -0.0047205266752916985, "logScale": -3.8652213549265593}