{"g1": 0.7249012053083776, "g2": 5.851401243515527, "logK": -0.6974558488184357, "loc": -0.014558281897906054, "logScale": -3.998559305325243}