{"g1": 0.2738504756393264, "g2": 10.9069519397095, "logK": -2.8428352496101974, "loc": -0.0005515583960305891, "logScale": -3.9879503374119167}