{"g1": 0.9295246614912924, "g2": 14.197881563187392, "logK": -2.02149104871644, "loc": 0.0007115377437222695, "logScale": -3.7804706619433546}