{"g1": 0.9704196983501111, "g2": 3.5363483709335823, "logK": -3.1931940527896834, "loc": -0.0049867351679599645, "logScale": -3.970271535628301}