{"g1": 0.9678614373561674, "g2": 0.623188968966554, "logK": -3.136907277473679, "loc": -0.006444687975348121, "logScale": -3.879991060772227}