{"g1": 0.999905081456114, "g2": 10.603970264605643, "logK": 0.06915084667582574, "loc": -0.028000481020640646, "logScale": -3.8132702624920416}