{"g1": 0.9820340576135206, "g2": 9.898659828324433, "logK": -2.7969668428435113, "loc": 0.010192456752993847, "logScale": -3.874458797355506}