{"g1": 0.9967787081076998, "g2": 4.293901823405172, "logK": 0.004325803468928746, "loc": 0.0066146652959968855, "logScale": -3.7352345363219843}