{"g1": 0.9981033027226891, "g2": 14.116299446692896, "logK": -2.5591219282785374, "loc": 0.015328087882373123, "logScale": -0.3013038986748329}