{"g1": 0.9798296551635948, "g2": 9.23577093879059, "logK": 0.9025851522487766, "loc": -0.10462861853596414, "logScale": -2.3290668883446055}