{"g1": 0.3770882744489407, "g2": 14.4832514936746, "logK": -1.891506896117866, "loc": 5.15427649279733e-05, "logScale": -3.982102097917063}