{"g1": 0.9218878835538529, "g2": 9.028141607418064, "logK": -1.0714664976007615, "loc": 0.0009865755633062729, "logScale": -3.8569652030412964}