{"g1": 0.7560512969249696, "g2": 4.417318505795961, "logK": -4.144353463646171, "loc": -0.0017938251582377985, "logScale": -3.9045261082285077}