{"g1": 0.9990908296913861, "g2": 6.025113577292981, "logK": 0.1108743740899607, "loc": -0.01955227878913494, "logScale": -3.9966574953030474}