{"g1": 0.9699495104147988, "g2": 6.628568511474179, "logK": 0.5510254113370812, "loc": 0.00906770264574935, "logScale": -0.8758931356771773}