{"g1": 0.9746271613976935, "g2": 11.028934927693403, "logK": 0.12457629840335688, "loc": -0.008205684336012141, "logScale": -3.9880138271570655}