{"g1": 0.9948723519445682, "g2": 4.837513305849638, "logK": 0.9209038109448159, "loc": -0.14179064416099768, "logScale": -1.6067401523553941}