{"g1": 0.9998521960596798, "g2": 14.040564225887948, "logK": -2.6346219710002217, "loc": -0.00021858518206793395, "logScale": -3.8514138732738177}