{"g1": 0.9182788606440927, "g2": 8.232571002183958, "logK": 0.9714634363242244, "loc": -0.07693880914582735, "logScale": -2.178785687341575}