{"g1": 0.9994483068733697, "g2": 14.763869601038646, "logK": -2.6411079037621112, "loc": -0.019878062773345213, "logScale": -3.8011631897091855}