{"g1": 0.9612188182746049, "g2": 9.47375712738605, "logK": -2.1604241393070422, "loc": 2.2497880935916023e-05, "logScale": -3.9314632008636394}