{"g1": 0.5953308627860601, "g2": 10.566360293399017, "logK": -1.6758707646364694, "loc": -4.598316908691752e-05, "logScale": -3.9454603229471643}