{"g1": 0.9983631340770899, "g2": 13.399936103980691, "logK": -2.072041099839959, "loc": -0.017815693237132793, "logScale": -3.4170380067781894}