{"g1": 0.9718664759699575, "g2": 10.991137839572154, "logK": -3.1895736009260443, "loc": 0.001452726982648209, "logScale": -3.885366663203742}