{"g1": 0.09182399067142907, "g2": 4.377249828786767, "logK": -0.2985501517039193, "loc": -0.08964214703489962, "logScale": 1.8505342982072637}