{"g1": 0.9081758315843141, "g2": 8.71180240208611, "logK": 0.8409551842084122, "loc": -0.07929237923566833, "logScale": -1.944070622901461}