{"g1": 0.8339070635067347, "g2": 12.884664934818737, "logK": 0.9217837115245762, "loc": -0.06270415254762475, "logScale": -2.046247342692043}