{"g1": 0.9749394598273404, "g2": 3.1949709843136653, "logK": -0.908994633896827, "loc": -0.016420002614845535, "logScale": -3.837933024450346}