{"g1": 0.9724068518408041, "g2": 14.970157097982096, "logK": -3.2620571154581937, "loc": -0.01468855130989083, "logScale": -3.6599819554829773}