{"g1": 0.918656095909008, "g2": 11.511520569939789, "logK": 0.9812172786579855, "loc": -0.04349794593697717, "logScale": -2.1771837905770766}