{"g1": 0.9243247346132928, "g2": 13.1754085039432, "logK": 0.36013308376959774, "loc": 0.09745153656038655, "logScale": -1.0962769313063048}