{"g1": 0.9348294720626955, "g2": 8.629373980859079, "logK": 0.9984853218439367, "loc": -0.11717871463469624, "logScale": -1.631892298087068}