{"g1": 0.7514520575897444, "g2": 6.926501637983904, "logK": -2.4647509715967177, "loc": -0.0058159712518350976, "logScale": -3.9831963257316425}