{"g1": 0.9745881288172826, "g2": 10.936562820623855, "logK": -0.16045385938678947, "loc": -0.017731872158858818, "logScale": -3.799594197979244}