{"g1": 0.8072031347989995, "g2": 12.742370976423611, "logK": 0.8806112704194504, "loc": -0.07407393024873647, "logScale": -1.1705094652337926}