{"g1": 0.9239547654976581, "g2": 4.716851815122896, "logK": 0.9857048446867959, "loc": -0.14857146263130994, "logScale": -1.7892383652984323}