{"g1": 0.964634169719186, "g2": 7.982678530914339, "logK": -2.8526686082661374, "loc": 0.012815447919385093, "logScale": -3.7992864111965905}