{"g1": 0.1833344641493962, "g2": 0.9287001257695273, "logK": -2.777803272047547, "loc": -0.0007354073199564593, "logScale": -3.9991193603835478}