{"g1": 0.9543570962188483, "g2": 10.209737125583954, "logK": -4.359548733961115, "loc": 0.0017036601131372436, "logScale": -3.830837875174463}