{"g1": 0.9633543701176167, "g2": 13.236379877463115, "logK": -0.5298469124174976, "loc": -0.017664773995266152, "logScale": -3.992256960125285}