{"g1": 0.7871043057977057, "g2": 6.038657159629576, "logK": -3.669131205022408, "loc": 0.008488394642180694, "logScale": -3.99092475914907}