{"g1": 0.9632065981093834, "g2": 12.58528999194516, "logK": 0.7396105216751114, "loc": -0.11356028084897116, "logScale": -1.4918703771111699}