{"g1": 0.99852703805301, "g2": 12.610903451255176, "logK": -0.4833459575464196, "loc": 0.009406031833774333, "logScale": -3.9932857862150817}