{"g1": 0.5607204433473536, "g2": 12.494692232323995, "logK": -2.859932276258463, "loc": -0.0016467839191279914, "logScale": -3.99748955707949}