{"g1": 0.9984482761389757, "g2": 6.184269186305427, "logK": -0.8584318007804868, "loc": -0.009014668575430842, "logScale": -3.997303872640251}