{"g1": 0.9732928073162425, "g2": 13.365928198456603, "logK": -0.998192170540086, "loc": -0.023585557698603554, "logScale": -3.8597759479619222}