{"g1": 0.9997466837585426, "g2": 12.239187508286552, "logK": -3.4677039524425153, "loc": -0.001492794171409153, "logScale": -3.757223052357823}