{"g1": 0.40628850030016084, "g2": 13.568833587011689, "logK": -2.9413470369008277, "loc": 0.0017877590785374735, "logScale": -3.9948903928791504}