{"g1": 0.9983879122919344, "g2": 11.09788630193582, "logK": -2.430176118964113, "loc": -0.0027310830199123934, "logScale": -3.7468455211755587}