{"g1": 0.9437121776819316, "g2": 9.883966339421894, "logK": 0.8962744542939749, "loc": -0.0833302020199514, "logScale": -1.9650182887269632}