{"g1": 0.9605868511353736, "g2": 12.59513906736886, "logK": -2.221015395113274, "loc": -0.010259463524887491, "logScale": -3.998792046296459}