{"g1": 0.9985612120747259, "g2": 11.278380026142369, "logK": -2.7074560228220386, "loc": -0.021863698836627858, "logScale": -3.990779574657953}