{"g1": 0.9346567665900141, "g2": 13.375440266709475, "logK": 0.9867361894308184, "loc": -0.04419920691957677, "logScale": -1.824561905604517}