{"g1": 0.39344919473639295, "g2": 0.9917055667659187, "logK": 0.9948139126214548, "loc": 0.10422288413984374, "logScale": 0.9565732713245845}