{"g1": 0.973167857958973, "g2": 9.278218906416992, "logK": -0.08281771946723426, "loc": -0.0077537381165448315, "logScale": -3.7574820821007457}