{"g1": 0.35432296713367994, "g2": 14.04190488324678, "logK": -2.5267669398652313, "loc": -0.00252936907292463, "logScale": -3.9827850127646984}