{"g1": 0.8398664252668515, "g2": 5.904638792415533, "logK": -1.3316447326908203, "loc": 0.00024357088425979324, "logScale": -3.984901773764229}