{"g1": 0.9565125367825131, "g2": 10.38085769912457, "logK": -0.19753745633893993, "loc": -0.012305883520534744, "logScale": -3.997715091792236}