{"g1": 0.597573011021854, "g2": 12.88275923759247, "logK": -1.612418382085448, "loc": -0.002483099687893141, "logScale": -3.9979046463643138}