{"g1": 0.9942038685607343, "g2": 5.705385932972224, "logK": -3.446106913632039, "loc": -0.0028198947270223207, "logScale": -3.440502803506477}