{"g1": 0.9666450784300956, "g2": 9.507826657906168, "logK": -3.9163541567491764, "loc": 0.0009132991468132156, "logScale": -3.7446365090349047}