{"g1": 0.8897962846725267, "g2": 13.625754706006049, "logK": 0.9556441102980264, "loc": -0.025945985213682493, "logScale": -1.6984522644732705}