{"g1": 0.9999732474499546, "g2": 13.36344239673253, "logK": -1.838995485301842, "loc": -0.016365949806570537, "logScale": -3.8497228209024645}