{"g1": 0.9997766627049461, "g2": 10.62745781023757, "logK": -1.2046836841230906, "loc": -0.008451894383647327, "logScale": -3.8477671267926072}