{"g1": 0.9242978336016611, "g2": 6.478259377944674, "logK": 0.8296609893732037, "loc": 0.006456428817043135, "logScale": -1.5337608257085917}