{"g1": 0.8291410334921497, "g2": 2.3735653111520234, "logK": -1.1120340851240484, "loc": -0.0033416541856517573, "logScale": -3.991005135415069}