{"g1": 0.6741694896851061, "g2": 3.047740686309866, "logK": -2.831072685095722, "loc": 0.00032344711158472034, "logScale": -3.956437640775369}