{"g1": 0.9518158174368434, "g2": 8.187434220171827, "logK": 0.7730028330424208, "loc": -0.13734755615629693, "logScale": -1.6797598686237194}