{"g1": 0.9954597079159122, "g2": 4.232382068935372, "logK": -2.8080994292527213, "loc": 0.007855328835465835, "logScale": -3.983175378224969}