{"g1": 0.9776011440651934, "g2": 9.426412455249165, "logK": -4.737166156280544, "loc": 0.00014931757967487184, "logScale": -3.9783392594217784}