{"g1": 0.9800930898764342, "g2": 13.936502821736742, "logK": -1.9266833610700693, "loc": 0.006239400039967834, "logScale": -3.848435156788522}