{"g1": 0.9997772901932549, "g2": 12.61286257340656, "logK": -1.2472952351445787, "loc": -0.004975923735377467, "logScale": -3.7360556180945994}