{"g1": 0.9588552496537115, "g2": 2.9028629694891563, "logK": -0.9293036207473169, "loc": -0.027541610404816792, "logScale": -3.6844315124952525}