{"g1": 0.9731800064979877, "g2": 7.274778143282458, "logK": -2.49484281242105, "loc": 0.014037955630174058, "logScale": -3.6755793367568192}