{"g1": 0.9649691166156318, "g2": 3.2996601414423226, "logK": -4.7817018665519715, "loc": -0.007735489855481415, "logScale": -3.9707752632801374}