{"g1": 0.9993315645353047, "g2": 10.602893597443597, "logK": 0.2781736457425942, "loc": -0.04178520532258518, "logScale": -0.8047928495567958}