{"g1": 0.9204622239294229, "g2": 12.195652961133609, "logK": 0.653645463266213, "loc": 0.05360963042246995, "logScale": -1.4118951679771117}