{"g1": 0.9880864120419746, "g2": 9.546077952677475, "logK": -4.472635514457202, "loc": 0.015574712024584342, "logScale": -3.693171990584593}