{"g1": 0.9927920696670932, "g2": 14.020042451143809, "logK": 0.9722281694793572, "loc": -0.11415228678718695, "logScale": -0.6444594848002239}