{"g1": 0.9812048229449388, "g2": 14.093279679635982, "logK": 0.9912689874015941, "loc": -0.07933978247577139, "logScale": -1.8248477665936216}