{"g1": 0.818387913264745, "g2": 8.56121726035667, "logK": -1.725573122688607, "loc": -0.00143165735665431, "logScale": -3.8391912395206442}