{"g1": 0.9938139484169923, "g2": 9.740824031365317, "logK": -0.14027882735120858, "loc": -0.016657229989779313, "logScale": -3.71402922496957}