{"g1": 0.8677998201196581, "g2": 4.642793914613305, "logK": -3.9046686229014287, "loc": 0.007098689968620634, "logScale": -3.9975938915292697}