{"g1": 0.8654590875436989, "g2": 6.967228266268471, "logK": -1.4216869793231657, "loc": 0.0026545046156899055, "logScale": -3.9929399067718157}