{"g1": 0.4549727123570537, "g2": 2.6866095638352228, "logK": -2.2714887834679445, "loc": -0.0024084641676912566, "logScale": -3.995260224004432}