{"g1": 0.9771221766635274, "g2": 9.416245350321825, "logK": -3.7626012419283255, "loc": -0.021502128036247466, "logScale": -3.845599965970255}