{"g1": 0.975306851080508, "g2": 14.945825689455365, "logK": -4.2916157435271804, "loc": 0.0037879167995724656, "logScale": -3.987516711470166}