{"g1": 0.8675396777964739, "g2": 13.129458188931292, "logK": 0.8053775157206611, "loc": -0.10467822874148165, "logScale": -0.12925358830716766}