{"g1": 0.284383081384222, "g2": 9.264079670108122, "logK": -2.703163381945693, "loc": 0.007397176615118302, "logScale": -3.9532946942496383}