{"g1": 0.4392286518983013, "g2": 9.801329527022657, "logK": -4.230192470175937, "loc": -0.0010397124748842568, "logScale": -3.9935351937532833}