{"g1": 0.7565364758349282, "g2": 3.6757677151772983, "logK": -2.506948967943302, "loc": -0.005807126093027177, "logScale": -3.9030082939964488}