{"g1": 0.9510842810212833, "g2": 9.442779553528608, "logK": 0.9899598731512597, "loc": -0.06309993881451728, "logScale": -0.9351578036001951}