{"g1": 0.7176033880237802, "g2": 12.150663997548586, "logK": -3.162595500441379, "loc": 0.0018885156044952272, "logScale": -3.991407900794057}