{"g1": 0.981231966659256, "g2": 8.80169876266204, "logK": -2.4999272303612776, "loc": -0.014609105657881184, "logScale": -0.14127019500813104}