{"g1": 0.9124698194491186, "g2": 6.125058748055815, "logK": 0.9948721763925372, "loc": -0.11029999139426325, "logScale": -1.7744270804442854}