{"g1": 0.9998212257196917, "g2": 13.67608936804737, "logK": -0.8898219409125869, "loc": 0.000767815013029994, "logScale": -3.9561813970842876}