{"g1": 0.9939834872160669, "g2": 8.258429527433588, "logK": -4.334367363844899, "loc": -0.014332488382379823, "logScale": -3.5732627127698677}