{"g1": 0.9476718514065476, "g2": 5.81835855208859, "logK": 0.9971263581799611, "loc": -0.11219442442976557, "logScale": -2.097546944080183}