{"g1": 0.8637394609407464, "g2": 9.343148816533285, "logK": 0.5973746990762486, "loc": 0.06579273099491854, "logScale": -0.954862064705773}