{"g1": 0.9979437252131815, "g2": 14.886574847701182, "logK": -2.5787325530061844, "loc": 0.13961626570738359, "logScale": -0.2490023342712584}