{"g1": 0.9967512105557614, "g2": 10.134397467350235, "logK": -1.0467117515829214, "loc": 0.006395616801902676, "logScale": -3.9666211716914708}