{"g1": 0.9950995504710808, "g2": 12.186804320930547, "logK": -4.055038793838414, "loc": 0.026070811947043082, "logScale": -0.36536313760537936}