{"g1": 0.968262261567881, "g2": 11.128966350053737, "logK": 0.9919222878199216, "loc": -0.02679243963334657, "logScale": -1.5409956528913054}