{"g1": 0.9975903949060114, "g2": 9.416693567784847, "logK": -4.390269347467832, "loc": -0.00667612990949879, "logScale": -3.982580287171752}