{"g1": 0.8062827302264642, "g2": 5.976842458309591, "logK": -4.5931963093227495, "loc": 0.008901069742125088, "logScale": -3.9956666638040716}