{"g1": 0.9699248367728102, "g2": 9.321774510676077, "logK": -3.2013872653605353, "loc": 0.1038172113273914, "logScale": -0.28272499130229445}