{"g1": 0.9729635570401576, "g2": 14.413704809938347, "logK": 0.2117871742432345, "loc": -0.023844001634811804, "logScale": -3.9491537495204523}