{"g1": 0.6477164822729576, "g2": 3.8770942780962914, "logK": -2.8163069295283423, "loc": -0.0031272690145807726, "logScale": -3.998131600093642}