{"g1": 0.8902046983023956, "g2": 11.812817434745185, "logK": -1.4406407450623935, "loc": -0.01138939140361068, "logScale": -3.995391767106047}