{"g1": 0.9063586085855624, "g2": 4.037140931591052, "logK": -2.9820401712091344, "loc": -0.002042913864951255, "logScale": -3.8612646819463774}