{"g1": 0.0749755493747836, "g2": 5.798978393885538, "logK": 0.9876457814276804, "loc": -0.14427522004106508, "logScale": 0.8084281929755}