{"g1": 0.9872476376777344, "g2": 13.760959565359574, "logK": -0.45428253666910046, "loc": -0.026181877267716785, "logScale": -3.512651021371173}