{"g1": 0.9937612402682586, "g2": 10.921517806334839, "logK": -4.641082932575037, "loc": 0.004212325128803235, "logScale": -3.4401938027254184}