{"g1": 0.9438447664809054, "g2": 14.025621886440927, "logK": 0.9961898452536384, "loc": -0.13790040900172146, "logScale": -1.6172948380698196}