{"g1": 0.9884226265183157, "g2": 14.643403395161439, "logK": 0.6349161605427771, "loc": -0.021733520785991473, "logScale": -3.7984644554594698}