{"g1": 0.945094477637316, "g2": 10.754190022033347, "logK": 0.9826886544967434, "loc": -0.05218121431553185, "logScale": -1.1347526064518294}