{"g1": 0.9980664366344446, "g2": 11.32343741203182, "logK": -2.2908333342669973, "loc": -0.006842790501619801, "logScale": -3.9996073927010305}