{"g1": 0.9966681733570188, "g2": 14.858036344302086, "logK": -3.8853863645275863, "loc": 0.008562562529917026, "logScale": -3.6933239761279992}