{"g1": 0.9989110090925409, "g2": 9.298053523811616, "logK": -0.9985169257306561, "loc": -0.021620483370507947, "logScale": -3.8183756823049135}