{"g1": 0.5247636111703303, "g2": 7.194495211379399, "logK": -1.9676075053062463, "loc": 0.0054312187806798695, "logScale": -3.9962128199092515}