{"g1": 0.8151231896080667, "g2": 11.59775517852831, "logK": 0.9913514230476813, "loc": -0.03925532852608533, "logScale": -1.1573554242546003}