{"g1": 0.5047707248882356, "g2": 7.948728334640238, "logK": -3.5034088623791835, "loc": 0.0036503484927188287, "logScale": -3.9981728624178996}