{"g1": 0.6457864274495686, "g2": 10.69609633007448, "logK": -2.4287646665620706, "loc": 0.0024680131919507676, "logScale": -3.9886135316658518}