{"g1": 0.9658394169208859, "g2": 14.614876708632824, "logK": 0.42331331460339505, "loc": -0.10101544011274029, "logScale": -0.8135669369325386}