{"g1": 0.9999298373633844, "g2": 6.367154052192513, "logK": -2.7964255494858534, "loc": -0.016446341765312483, "logScale": -3.693640698477084}