{"g1": 0.5934280632689676, "g2": 12.655727480097664, "logK": -2.2827085467317194, "loc": 0.0047469864611965045, "logScale": -3.9945727732688567}