{"g1": 0.24617635891825734, "g2": 13.119385363694489, "logK": -4.158209070424553, "loc": 0.0063768997374011975, "logScale": -3.971163681495221}