{"g1": 0.999785601451971, "g2": 7.473949080270275, "logK": 0.9804875358211673, "loc": -0.1236069552915792, "logScale": -1.7973239433669193}