{"g1": 0.8637409133389948, "g2": 11.375373125946458, "logK": 0.9933197156635976, "loc": -0.09088341226658786, "logScale": -2.0939951218297774}