{"g1": 0.9190153708297538, "g2": 10.32507437126801, "logK": 0.9947236688922477, "loc": -0.04453997625765859, "logScale": -1.871085033631151}