{"g1": 0.9799602268397664, "g2": 4.201818824838508, "logK": -0.6868884025759895, "loc": -0.014725206270239988, "logScale": -3.9958162543176647}