{"g1": 0.6586590340082827, "g2": 8.559134635449665, "logK": -3.29133190004987, "loc": 0.006541542651550408, "logScale": -3.9517391092694414}