{"g1": 0.970144067547792, "g2": 5.398149466509863, "logK": -4.823012015704027, "loc": 0.014045301150522042, "logScale": -3.999111469433043}