{"g1": 0.9457756849808532, "g2": 12.308738328215572, "logK": -4.008536236034655, "loc": -0.006976011688667463, "logScale": -3.8829233876785896}