{"g1": 0.803876750874638, "g2": 11.135999639979874, "logK": 0.9898399946152863, "loc": -0.09296744882409555, "logScale": -1.7878504266850026}