{"g1": 0.9619490332078238, "g2": 9.981095659198864, "logK": -2.7205206361204883, "loc": -0.002208885982286678, "logScale": -3.998081437598467}