{"g1": 0.9943949293175601, "g2": 12.773146470148033, "logK": -3.2568259300160083, "loc": 0.008726142524226089, "logScale": -3.6998798657995855}