{"g1": 0.997534739690852, "g2": 5.3682081439346465, "logK": -4.723233400748314, "loc": -0.016309147562106902, "logScale": -3.664379222071873}