{"g1": 0.9998133053825932, "g2": 10.624166058643876, "logK": 0.09649347759648386, "loc": -0.043055109126043274, "logScale": -3.4154704760873544}