{"g1": 0.9753607901073733, "g2": 9.373224020843995, "logK": -0.9936760268963059, "loc": 0.0011201316191428341, "logScale": -3.9775988076651214}