{"g1": 0.9772353734606436, "g2": 13.773308844068216, "logK": 0.9991536549329523, "loc": -0.08319046543631267, "logScale": -1.7177130278298203}