{"g1": 0.8658653575075743, "g2": 12.810255683227323, "logK": -1.8088655828794178, "loc": -0.005262926951611498, "logScale": -3.999271222934343}