{"g1": 0.8462304931811795, "g2": 11.894471444306376, "logK": 0.6143837982428009, "loc": -0.047626288773941934, "logScale": 0.16239660524109364}