{"g1": 0.9373946360324766, "g2": 12.927246579692452, "logK": 0.9950531891772953, "loc": -0.1451376823513191, "logScale": -1.63934137966401}