{"g1": 0.9530196380167524, "g2": 5.416122729055751, "logK": -1.5222431545012134, "loc": -0.01799963749258536, "logScale": -3.7805900515127857}