{"g1": 0.9678902358077361, "g2": 11.211438935521572, "logK": -0.405293914421553, "loc": -0.03339031896821852, "logScale": -3.845625259124389}