{"g1": 0.9908631832318051, "g2": 5.813470930528639, "logK": -2.30711328793061, "loc": -0.01592494274101376, "logScale": -3.8750198745328053}