{"g1": 0.8236554070035577, "g2": 14.667220732121484, "logK": -1.4234768789727392, "loc": -0.00812402319911677, "logScale": -3.9971152032906256}