{"g1": 0.9775242442282918, "g2": 10.164322932485385, "logK": -4.856455886988656, "loc": 0.007445298083493163, "logScale": -3.970308559316387}