{"g1": 0.3637377309291937, "g2": 0.4884315541247415, "logK": -1.9132614150657616, "loc": -0.005928392252165942, "logScale": -3.9811450058687217}