{"g1": 0.8620342128492133, "g2": 7.024130996524594, "logK": 0.9659589311583672, "loc": -0.0762566064759139, "logScale": -2.0392059736920722}