{"g1": 0.9346912107968358, "g2": 7.9597765926911315, "logK": -3.537947920725446, "loc": -0.005400553859180261, "logScale": -3.8565990846292966}