{"g1": 0.9938474401335633, "g2": 8.63898388273775, "logK": 0.6585260939979285, "loc": -0.007837518751892321, "logScale": -0.8691899457250726}