{"g1": 0.444978047600557, "g2": 8.881119479114583, "logK": -3.6206910136752315, "loc": 0.00820037776087947, "logScale": -3.9999962694408016}