{"g1": 0.9802328507801612, "g2": 7.137100701989745, "logK": -2.9160347124183383, "loc": -0.00333848888241162, "logScale": -3.9748506200560256}