{"g1": 0.9586207079278147, "g2": 12.115139835831148, "logK": -1.759432163518193, "loc": -0.008693888383016211, "logScale": -3.998921008112679}