{"g1": 0.9656969286044415, "g2": 7.273125000346542, "logK": -3.906480569154904, "loc": -4.7457252662543546e-05, "logScale": -3.966658436438194}