{"g1": 0.2527814399370869, "g2": 9.718967517588368, "logK": -4.661515672772916, "loc": 0.00033627081995716863, "logScale": -3.9845546310779936}