{"g1": 0.9138742661595708, "g2": 13.067889791930037, "logK": 0.9852161737224768, "loc": -0.11674627902735678, "logScale": -1.5804869594078235}