{"g1": 0.8764726258456744, "g2": 12.34079762971707, "logK": -2.1372220808766196, "loc": -0.003070702468578397, "logScale": -3.9860956980702293}