{"g1": 0.9939515086891232, "g2": 13.677559683640043, "logK": -3.0088242405641092, "loc": 0.0015037801913078477, "logScale": -3.984813905799776}