{"g1": 0.11892630145800807, "g2": 10.517973876989107, "logK": -3.3195348749327422, "loc": 0.004077140031136557, "logScale": -3.8992738393685027}