{"g1": 0.9813717017741902, "g2": 10.67929630287339, "logK": -3.778333697490733, "loc": -0.010295681630010493, "logScale": -3.885498550432492}