{"g1": 0.28188686263779866, "g2": 13.283939471306326, "logK": -4.310109932050115, "loc": -0.0006167744622921493, "logScale": -3.7962566490593206}