{"g1": 0.9975778101976044, "g2": 12.517128647335976, "logK": 0.14819257722049273, "loc": 0.1446311027230987, "logScale": -0.6270191206943464}