{"g1": 0.9978098765639793, "g2": 7.3704775448289634, "logK": -1.5022329053359234, "loc": -0.013581810353117809, "logScale": -3.9993777287293457}