{"g1": 0.9706797058256258, "g2": 11.234156001601265, "logK": -0.5664840381467349, "loc": -0.01002537334691777, "logScale": -3.811728217171017}