{"g1": 0.9542359113070825, "g2": 12.415448962388751, "logK": 0.9927486908794979, "loc": -0.08390376347164703, "logScale": -1.2588599722347125}