{"g1": 0.14610125087456627, "g2": 6.1333809473840954, "logK": -4.140568813559096, "loc": -0.0036231581830332062, "logScale": -3.993901734637353}