{"g1": 0.8930709975867981, "g2": 14.970215500439824, "logK": 0.952127976221508, "loc": -0.14329219905313845, "logScale": -0.8768514688781915}