{"g1": 0.9763007452910014, "g2": 8.005934902868526, "logK": -0.5277961221463519, "loc": -0.0020437904899468055, "logScale": -3.98877139093645}