{"g1": 0.9979172009874097, "g2": 5.548363118868456, "logK": -4.373627036789393, "loc": 0.007246978942889063, "logScale": -3.9232240728873604}