{"g1": 0.9988723651989154, "g2": 7.814264797520135, "logK": 0.5463201001616382, "loc": -0.05652668670607669, "logScale": -0.3975034987707078}