{"g1": 0.9994568573594355, "g2": 11.555721720612855, "logK": -1.2834531177448985, "loc": -0.013298064084395399, "logScale": -3.6926798567481685}