{"g1": 0.7162145701483362, "g2": 13.425482555001656, "logK": 0.9622490583810746, "loc": -0.1012600411909847, "logScale": -1.5981638832399994}