{"g1": 0.9972429065624429, "g2": 14.77239663080937, "logK": -2.8743832426556515, "loc": -0.006052656311911071, "logScale": -3.9935101132513786}