{"g1": 0.9755405642660018, "g2": 5.848122066065682, "logK": -2.806850463854545, "loc": -0.023063211136698795, "logScale": -3.6918216632394447}