{"g1": 0.9978843669439977, "g2": 4.065213546223586, "logK": -2.008297364528842, "loc": -0.003211404453556284, "logScale": -3.990262035234256}