{"g1": 0.578699411116641, "g2": 8.629809270716478, "logK": -3.3238348810836698, "loc": -0.0007132602361657747, "logScale": -3.892839825755973}