{"g1": 0.6858743463071044, "g2": 9.257894449913888, "logK": -3.012905712935307, "loc": 0.0013601587749758892, "logScale": -3.914690557620663}