{"g1": 0.9970301015888391, "g2": 0.24082791735132414, "logK": -3.573073560184673, "loc": 0.030647055000518425, "logScale": 2.3313366227155945}