{"g1": 0.49136193262964756, "g2": 8.456204007176698, "logK": -4.733408062577692, "loc": 0.00609693419310363, "logScale": -3.995310636727722}