{"g1": 0.9808881280608366, "g2": 12.729205046098219, "logK": -4.160129554391715, "loc": 0.016172871311321432, "logScale": -3.998211323257169}