{"g1": 0.8696426443581705, "g2": 7.188201878763779, "logK": 0.764144570750952, "loc": -0.02474553653513301, "logScale": -1.3152690076366087}