{"g1": 0.9729881447760425, "g2": 3.0240382359268905, "logK": -2.1878561956109057, "loc": 0.004144181189681871, "logScale": -3.9967062775697393}