{"g1": 0.8223824213560118, "g2": 7.089916336659581, "logK": -2.949604220998794, "loc": 0.0013405139655930046, "logScale": -3.9983379787940736}