{"g1": 0.9306022982055566, "g2": 13.069459442182126, "logK": -3.14299428664124, "loc": -0.07678757959768058, "logScale": -0.15544452346668047}