{"g1": 0.996819024965813, "g2": 12.252923029800144, "logK": -4.993169090921192, "loc": 0.01061071193643107, "logScale": -3.97935112705478}