{"g1": 0.622482539341971, "g2": 11.847559236677403, "logK": -1.0570590493972065, "loc": -0.008250230272786954, "logScale": -3.975729648482438}