{"g1": 0.8937112139646832, "g2": 0.8595878144501077, "logK": 0.9466747374772435, "loc": -0.02321486641455134, "logScale": 0.7712899414696333}