{"g1": 0.9536736291041912, "g2": 6.844405862387977, "logK": -0.6952622608942157, "loc": -0.013221060360767244, "logScale": -3.981172996180434}