{"g1": 0.9968082491409797, "g2": 9.012258354650841, "logK": -1.2963169552919491, "loc": -0.01585915498084236, "logScale": -3.6671557220564894}