{"g1": 0.01700730482787961, "g2": 2.1334928893909884, "logK": -0.48504509964774833, "loc": -0.06492608334321928, "logScale": 1.9146278859604162}