{"g1": 0.966136275147918, "g2": 11.317195855740088, "logK": 0.9934252748609271, "loc": -0.1270316795991896, "logScale": -1.8324824467236276}