{"g1": 0.9133442957744278, "g2": 10.929624195303477, "logK": -2.830505010091521, "loc": -0.0038015638726410558, "logScale": -3.8515714258334492}