{"g1": 0.8891167082000048, "g2": 13.94759733640219, "logK": -1.741743325897156, "loc": -0.003013341435448405, "logScale": -3.9881326286021945}