{"g1": 0.7813677034017622, "g2": 10.755044557098058, "logK": 0.9282444254920698, "loc": -0.03881105432363299, "logScale": -1.7132244537382668}