{"g1": 0.8663367613080611, "g2": 3.6396320235123047, "logK": 0.985511713723153, "loc": -0.03027660160121963, "logScale": -1.50265396217557}