{"g1": 0.8066895905301272, "g2": 4.818003026276823, "logK": -4.372951513487997, "loc": -0.003465950650018146, "logScale": -3.9940628104345985}