{"g1": 0.9736750563012003, "g2": 8.993758154932332, "logK": -4.708835114403735, "loc": 0.004262089890459132, "logScale": -3.9613979217283304}