{"g1": 0.9830861724637299, "g2": 9.246668123810034, "logK": -0.978217632890352, "loc": -0.029848344319518185, "logScale": -3.48422952590227}