{"g1": 0.9957497663779934, "g2": 13.104075607502766, "logK": -1.0651771028025365, "loc": -0.015202230521165018, "logScale": -3.8174771244748036}