{"g1": 0.9061335578872587, "g2": 6.901971106470985, "logK": 0.998796769766217, "loc": -0.13728878001709238, "logScale": -1.7758395153548927}