{"g1": 0.9996055242880922, "g2": 11.594521360484439, "logK": -2.5042622031292203, "loc": -0.0037598195616800733, "logScale": -3.702179717360174}