{"g1": 0.7994916548468712, "g2": 11.838062541733457, "logK": 0.7190692039825527, "loc": 0.07201958181338436, "logScale": -0.7047429406953967}