{"g1": 0.9673394382053383, "g2": 7.36414314757094, "logK": -0.9673656634504217, "loc": -0.018357704824575997, "logScale": -3.525472672701339}