{"g1": 0.8507914690667153, "g2": 12.409454540383923, "logK": -2.0445440778077275, "loc": -0.005531120270047072, "logScale": -3.9004770593720894}