{"g1": 0.9796017779860782, "g2": 11.43697645639054, "logK": 0.9934155363561407, "loc": -0.0338262917134931, "logScale": -1.5427443635029554}