{"g1": 0.2522494094893618, "g2": 7.034736716497854, "logK": -2.2351750368124295, "loc": 0.0029936346358523484, "logScale": -3.9635700168453663}