{"g1": 0.8066822375238167, "g2": 6.160824789142378, "logK": 0.5358048885532783, "loc": 0.06010877836902399, "logScale": -1.3389150982736182}