{"g1": 0.9934282587714515, "g2": 4.946994310942969, "logK": -2.0195062909902197, "loc": -0.0031673179140512156, "logScale": -3.9323831707261356}