{"g1": 0.99975188173873, "g2": 2.6505783520926878, "logK": -3.3193084830386876, "loc": 0.007812949294992341, "logScale": -3.996208704746732}