{"g1": 0.8202779340743978, "g2": 14.688045075928985, "logK": -1.9024827517351168, "loc": -0.007623227275010016, "logScale": -3.9571271101107146}