{"g1": 0.8723433070966008, "g2": 6.611805340200206, "logK": -0.8331890319352633, "loc": -0.016508850314486512, "logScale": -3.9920342998515346}