{"g1": 0.9830890272901792, "g2": 6.0828437671273825, "logK": -0.22293577227798222, "loc": -0.001853396534867345, "logScale": -3.986734106287361}