{"g1": 0.7733873715619641, "g2": 6.320802465624273, "logK": -4.419550793616776, "loc": -0.006397165881646105, "logScale": -3.9980372979029735}