{"g1": 0.9652539489382687, "g2": 13.441700628151608, "logK": -3.2380134509990044, "loc": -0.006116081483331964, "logScale": -3.6370935434825524}