{"g1": 0.9284198221083314, "g2": 11.12029158287711, "logK": -2.7980428827073034, "loc": -0.0018253219725816356, "logScale": -3.9824719480469595}