{"g1": 0.9943333303613204, "g2": 14.876647027297444, "logK": -0.8403950615440356, "loc": -0.00047408776206434716, "logScale": -3.9890796275619724}