{"g1": 0.9992745474894168, "g2": 8.585260843033009, "logK": -1.254868394626703, "loc": -0.01479909037887333, "logScale": -3.46078274380775}