{"g1": 0.9826453534700476, "g2": 13.329844083328327, "logK": -1.5965171476417823, "loc": -0.002452408139751747, "logScale": -3.9769031778510753}