{"g1": 0.6162634028993755, "g2": 10.202810010692353, "logK": -1.5674417634024977, "loc": 0.0037070380615515496, "logScale": -3.9919676257131878}