{"g1": 0.9821244391987967, "g2": 12.78494433316427, "logK": -1.9989771744677882, "loc": -0.00190177650936061, "logScale": -3.149675247110468}