{"g1": 0.7813675156612321, "g2": 13.128109147573866, "logK": 0.868596244779325, "loc": 0.028661139684231417, "logScale": -1.0295905796722638}