{"g1": 0.9999194198844364, "g2": 11.741119722471499, "logK": 0.9981831533316304, "loc": -0.07817236338589681, "logScale": -2.09350368990907}