{"g1": 0.9640072985037462, "g2": 13.159541390082202, "logK": 0.29181463186295387, "loc": 0.02189421972957146, "logScale": -0.678086661650281}