{"g1": 0.9205726573929711, "g2": 10.346379513007271, "logK": 0.8477049038027203, "loc": -0.07428502502215859, "logScale": -1.127570482457768}