{"g1": 0.9970616491151436, "g2": 11.913768828501254, "logK": -2.3618823758218412, "loc": 0.06409776152022416, "logScale": -0.3717109047543887}