{"g1": 0.9917180543939577, "g2": 14.745643712766816, "logK": -3.973727738499057, "loc": -0.006237071408352153, "logScale": -3.870915323024831}