{"g1": 0.8493557990813897, "g2": 6.281737723098756, "logK": -1.561258418502646, "loc": 0.0024310973145411346, "logScale": -3.9695180464973636}