{"g1": 0.8568420707515809, "g2": 12.598695710737406, "logK": 0.8289106022672117, "loc": 0.044387397274136466, "logScale": -1.446216008309292}