{"g1": 0.0017006698374466972, "g2": 2.801435364492402, "logK": -4.994829597761103, "loc": 0.07011238646796504, "logScale": 2.001884665511314}