{"g1": 0.953587349280304, "g2": 11.337136623829371, "logK": 0.8115771580493687, "loc": -0.092329888536565, "logScale": -1.153401422202444}