{"g1": 0.9999380510634888, "g2": 13.399133320363976, "logK": -0.7343070007114436, "loc": -0.0021873406044486537, "logScale": -3.685731121165728}