{"g1": 0.9942305666120572, "g2": 4.146557523201615, "logK": 0.9597660026679944, "loc": -0.09087042792490892, "logScale": -1.7966107614541351}