{"g1": 0.9995538813791525, "g2": 13.533536079294386, "logK": -4.382242148429473, "loc": 0.001365075829822926, "logScale": -3.6445435371545774}