{"g1": 0.9930555570952235, "g2": 13.053423296036783, "logK": -4.183750411046983, "loc": 0.005421767085081184, "logScale": -3.990945563113966}