{"g1": 0.9303636686974611, "g2": 2.705908730994195, "logK": -4.468767019227597, "loc": -0.007541265772152089, "logScale": -3.9953087074679994}