{"g1": 0.940723026153632, "g2": 11.579574490945472, "logK": -4.466989879109312, "loc": -0.0041460961712747255, "logScale": -3.6730222419485345}