{"g1": 0.9815786622279019, "g2": 10.680142251128228, "logK": 0.7763344010999726, "loc": 0.01962906664730027, "logScale": -0.8808674300917382}