{"g1": 0.9843562824401271, "g2": 7.438489854760279, "logK": -4.783754905797089, "loc": 0.0011405940067453478, "logScale": -3.999018647996712}