{"g1": 0.9986211798039398, "g2": 8.124732251352167, "logK": 0.9946526365493182, "loc": -0.14940311663589728, "logScale": -2.0409132436339905}