{"g1": 0.9977033782479159, "g2": 3.765425266189075, "logK": -1.5853115418697257, "loc": -0.0030588046903840165, "logScale": -3.9501806960022616}