{"g1": 0.8911468455756049, "g2": 8.167800387151624, "logK": 0.7966714539514448, "loc": -0.07766825285991766, "logScale": -1.9900151647234272}