{"g1": 0.9731691781120587, "g2": 10.364462997427292, "logK": -1.1369536838487415, "loc": -0.005360032949715054, "logScale": -3.745544363502345}