{"g1": 0.9988280717539539, "g2": 7.845570546942471, "logK": 0.7330834827368408, "loc": -0.0014308976595514954, "logScale": -1.0768582897517631}