{"g1": 0.9873430792713663, "g2": 3.1113606546045256, "logK": -1.3018040025001238, "loc": 0.010350630440933303, "logScale": -3.997694970586841}