{"g1": 0.9877377829637213, "g2": 3.394430438005182, "logK": -4.059535003772179, "loc": 0.008286026688358369, "logScale": -3.9842696768712056}