{"g1": 0.9806947369931697, "g2": 8.95322275792122, "logK": -1.4479750908427984, "loc": -0.007810558818130904, "logScale": -3.7461051514814447}