{"g1": 0.9997706798663769, "g2": 6.852532299423966, "logK": 0.4302847741479895, "loc": -0.010235527163997907, "logScale": -0.8759004752076199}