{"g1": 0.8786876348839858, "g2": 2.921061592645485, "logK": 0.9934865976669363, "loc": -0.11309238929517967, "logScale": -2.355096422886256}