{"g1": 0.8421385406494983, "g2": 4.599442816510672, "logK": -0.9601777330124239, "loc": -0.015841269655794923, "logScale": -3.9880932638935573}