{"g1": 0.998719371474899, "g2": 13.192848327512188, "logK": -4.5008789657254775, "loc": -0.0037637896761547893, "logScale": -3.5946677094099844}