{"g1": 0.9742160097863908, "g2": 8.699396442921088, "logK": -3.9058070325651353, "loc": -0.005485212942214187, "logScale": -3.9679596109480992}