{"g1": 0.09735995278456906, "g2": 2.554318435591089, "logK": 0.9908705759534909, "loc": 0.10361367741071238, "logScale": 0.8888979585850174}