{"g1": 0.878123511274272, "g2": 11.151807107952859, "logK": 0.8673601312451796, "loc": 0.0056586855343286335, "logScale": -1.0915996144757392}