{"g1": 0.9887693780781931, "g2": 12.23233823426903, "logK": -3.925216288813706, "loc": -0.14508933328143414, "logScale": 0.08231158059484928}