{"g1": 0.8723006959882148, "g2": 9.692036911722706, "logK": 0.9646804607976058, "loc": -0.07618888802912285, "logScale": -1.6088466525501128}