{"g1": 0.9693664692611496, "g2": 14.505432657572811, "logK": -3.967747845472715, "loc": -0.12801910587814905, "logScale": -0.08946208054766822}