{"g1": 0.8142494213571843, "g2": 5.477477315492137, "logK": -1.245063373244912, "loc": -0.0025223995913539413, "logScale": -3.9915724934345733}