{"g1": 0.980955391662487, "g2": 6.028233830535975, "logK": -0.8117874886466677, "loc": -0.005317448025595216, "logScale": -3.3590877040512797}