{"g1": 0.9825132430215882, "g2": 5.036565782862927, "logK": -4.427346252927428, "loc": 0.010863504050676655, "logScale": -3.8151534545002277}