{"g1": 0.9382137421605475, "g2": 5.311378865154674, "logK": -4.652869166176963, "loc": -0.010644435881124126, "logScale": -3.982763978930221}