{"g1": 0.7735371216522292, "g2": 13.235843953201204, "logK": -2.7353744278289267, "loc": 0.0012422384566282748, "logScale": -3.9983116076408285}