{"g1": 0.9417928962668574, "g2": 14.712446970398972, "logK": -2.454521191037583, "loc": 0.0009965662548282635, "logScale": -3.9954285784431116}