{"g1": 0.97197439276887, "g2": 7.022226885762594, "logK": 0.7433419478650521, "loc": -0.06765822213227242, "logScale": -1.5718855518495949}