{"g1": 0.997876450853316, "g2": 5.909234533322712, "logK": -0.8229869949746634, "loc": -0.010043838791265428, "logScale": -3.537688801704812}