{"g1": 0.526898479859295, "g2": 12.795177444823945, "logK": -0.1011141644525293, "loc": -0.009034612345606262, "logScale": -3.9990021771194373}