{"g1": 0.9919142316386026, "g2": 10.949579341214077, "logK": 0.6615192499210245, "loc": -0.010805030060493881, "logScale": -3.9205043155281807}