{"g1": 0.9300718598587896, "g2": 12.63694768678489, "logK": 0.8467297956048208, "loc": -0.08317372796900441, "logScale": -1.6161073473232244}