{"g1": 0.9643322766354749, "g2": 12.463833952618412, "logK": -2.2232483475629783, "loc": 0.022912322313029233, "logScale": -0.3961003275239071}