{"g1": 0.6728629214719541, "g2": 11.537482305813278, "logK": -1.9730444534501261, "loc": -0.005890454597778469, "logScale": -3.998838063880616}