{"g1": 0.9987310544359773, "g2": 5.053406611855758, "logK": -2.383188696185554, "loc": -0.0083733544632213, "logScale": -3.340231218989836}