{"g1": 0.9688579577375318, "g2": 5.1418525210765775, "logK": -1.8449967804954321, "loc": -0.007174266071693223, "logScale": -3.6354588018498566}