{"g1": 0.8717975403027729, "g2": 13.612772147211308, "logK": -2.119852031958655, "loc": -0.0068248037164565165, "logScale": -3.992622161985487}