{"g1": 0.9180387379254442, "g2": 13.826120074281707, "logK": 0.9955034652274926, "loc": -0.03708323675780234, "logScale": -1.7383173112069654}