{"g1": 0.9812494083484736, "g2": 13.052376767416028, "logK": -2.01045768615435, "loc": -0.017632742745472163, "logScale": -3.68988293731382}