{"g1": 0.9426346227457882, "g2": 9.029363516917138, "logK": 0.9878753153950877, "loc": -0.08725049121697408, "logScale": -2.2402847794503153}