{"g1": 0.9996066688528283, "g2": 8.372760203483335, "logK": 0.7996385433305366, "loc": -0.09051976050102845, "logScale": -1.0780560457784691}