{"g1": 0.9980169424750488, "g2": 10.273459626074176, "logK": -1.1106659656764084, "loc": -0.021971060169727417, "logScale": -3.714683466082013}