{"g1": 0.8707583520445784, "g2": 5.55308326526792, "logK": -1.6464257482057187, "loc": -0.006058715270456219, "logScale": -3.9915065663810694}