{"g1": 0.5422705069992785, "g2": 3.017687140629062, "logK": -4.750175546068097, "loc": 0.008024580162261333, "logScale": -3.993475765842895}