{"g1": 0.869933298978961, "g2": 10.63168919451297, "logK": 0.43260884697919555, "loc": 0.004690359358601668, "logScale": -0.7542527522814528}