{"g1": 0.900877888363876, "g2": 10.015243118398109, "logK": 0.7648198761744683, "loc": -0.08176859206338902, "logScale": -1.28866794165802}