{"g1": 0.9989576131764236, "g2": 12.192142470347555, "logK": -2.8700801444554194, "loc": 0.008348230878051408, "logScale": -3.2173271361982194}