{"g1": 0.9087793896056565, "g2": 13.05695967824405, "logK": -3.148806540201977, "loc": 0.0077257503388467675, "logScale": -3.8320368481985074}