{"g1": 0.998223283218178, "g2": 12.306202421133477, "logK": 0.8235816175457258, "loc": -0.049212200033527026, "logScale": -1.8416071373629488}