{"g1": 0.9923979553606816, "g2": 8.220090619807326, "logK": -0.2994575299907357, "loc": 0.045669167584962846, "logScale": -0.4176304882237943}