{"g1": 0.9792878310422288, "g2": 13.273469670583813, "logK": 0.892732864105066, "loc": -0.0906453807436994, "logScale": -1.8244369391950217}