{"g1": 0.038852450865547866, "g2": 5.743839671852112, "logK": 0.2892258216464525, "loc": -0.13974513064104646, "logScale": 1.6678389714579684}