{"g1": 0.9990467510847366, "g2": 14.93646921357788, "logK": 0.6189350071145935, "loc": 0.10333379470370042, "logScale": -1.116347539914306}