{"g1": 0.023787399349374284, "g2": 10.883416362425423, "logK": 0.42387876032354777, "loc": -0.09895601196508072, "logScale": 1.1983162298313206}