{"g1": 0.9973278348581279, "g2": 11.879401852514526, "logK": -3.0079479919263763, "loc": -0.010199571162694859, "logScale": -3.72703869147306}