{"g1": 0.8867751553754684, "g2": 9.731811795902615, "logK": -4.088058383733118, "loc": -0.007409534827622888, "logScale": -3.91974072340736}