{"g1": 0.999230516198111, "g2": 4.608715639374359, "logK": -3.140969637721719, "loc": 0.005890678706803331, "logScale": -3.553009356453963}