{"g1": 0.9833038157718268, "g2": 11.973651617603235, "logK": -0.20551140272725066, "loc": -0.021474596798902748, "logScale": -3.9886467235130025}