{"g1": 0.9217889731597874, "g2": 11.43896913594412, "logK": -3.074154536174629, "loc": -0.010670932154059731, "logScale": -3.9353200415367997}