{"g1": 0.9640376172533385, "g2": 7.903405393831698, "logK": 0.5473138856148284, "loc": -0.14285955563897093, "logScale": -1.5276065923745643}