{"g1": 0.9987908385834817, "g2": 7.508421534427718, "logK": -0.3376224420602474, "loc": -0.015224979521009374, "logScale": -3.8608884557506857}