{"g1": 0.9312143325481075, "g2": 10.484553666753236, "logK": 0.9937825181522654, "loc": -0.1380422029865735, "logScale": -1.3154802939916497}