{"g1": 0.9713912908498572, "g2": 11.797782827005886, "logK": 0.9835767005347481, "loc": -0.14921198389283977, "logScale": -1.2683101162875499}