{"g1": 0.8495705403396896, "g2": 12.235011888805793, "logK": 0.9944486704057067, "loc": -0.06718402416284398, "logScale": -1.7467367749657745}