{"g1": 0.9616539959763132, "g2": 9.836339065582685, "logK": -1.9521063992461247, "loc": 0.007184517441578094, "logScale": -3.9974041890670495}