{"g1": 0.999979151312592, "g2": 8.77552175432552, "logK": -0.5282831959090509, "loc": -0.018592755113124818, "logScale": -3.600103116236245}