{"g1": 0.9983899570668529, "g2": 9.761745482630744, "logK": 0.881491838299486, "loc": -0.0855112560125649, "logScale": -1.5711130581026704}