{"g1": 0.8367658722091638, "g2": 7.2273482320119875, "logK": 0.9907420846552187, "loc": -0.07787858671085618, "logScale": -2.0730786914576584}