{"g1": 0.996040104240663, "g2": 8.593176221263967, "logK": -3.6133605507162367, "loc": -0.012972281040610345, "logScale": -3.1200438999461695}