{"g1": 0.44470154082727725, "g2": 4.487633125239775, "logK": -2.577006544558703, "loc": -0.009450864939161311, "logScale": -3.954910357768142}