{"g1": 0.9996275405702539, "g2": 6.405825445817038, "logK": -4.997764779029368, "loc": -0.01475391882344276, "logScale": -3.5481742481947935}