{"g1": 0.8949927933457191, "g2": 11.715857219930834, "logK": 0.790273901154033, "loc": -0.028647825563338593, "logScale": -1.024337492010388}