{"g1": 0.9725575356790085, "g2": 8.654388284429062, "logK": -3.138664272147881, "loc": 0.0041306747782642326, "logScale": -3.9958307238850934}