{"g1": 0.9917135129131344, "g2": 3.396804333385444, "logK": -3.5043746205726096, "loc": 0.0014158889898172695, "logScale": -3.8422727497405367}