{"g1": 0.9900631681564153, "g2": 12.014271460248988, "logK": 0.5236884190740074, "loc": -0.03333646599945833, "logScale": -3.995424620365547}