{"g1": 0.9515183029789174, "g2": 9.697604257160434, "logK": 0.8834771981514595, "loc": -0.137111974874312, "logScale": -1.7903231482961477}