{"g1": 0.9952003306897093, "g2": 5.335283569037616, "logK": -3.2011795260425435, "loc": -0.013445255750384362, "logScale": -3.432004745008423}