{"g1": 0.9988906718378423, "g2": 8.197401880040161, "logK": -0.6668207205966002, "loc": -0.026930255339634807, "logScale": -3.8194656714044792}