{"g1": 0.4191666065700768, "g2": 3.5599267949481934, "logK": -3.2673605761803977, "loc": 0.0066222270248687334, "logScale": -3.763308689649411}