{"g1": 0.4416987532703418, "g2": 14.025222062190805, "logK": -3.5491993197533707, "loc": 0.004074836826163178, "logScale": -3.9856931316770976}