{"g1": 0.9278875651009661, "g2": 4.6689861599843105, "logK": 0.8474018058100844, "loc": -0.04805449554330392, "logScale": -1.618000759300011}