{"g1": 0.9561958838893565, "g2": 5.519420714902968, "logK": 0.1411311630672134, "loc": -0.00497448893804873, "logScale": -3.747046692189083}