{"g1": 0.8889641139051734, "g2": 11.800645250599029, "logK": 0.9836005047802924, "loc": -0.11819865979255514, "logScale": -1.1166479405508156}