{"g1": 0.9991500801162483, "g2": 6.455635637315688, "logK": 0.8969333343659507, "loc": -0.0334463744343589, "logScale": -1.4722258415006522}