{"g1": 0.9572463734389846, "g2": 4.016835652403794, "logK": 0.9998824292716397, "loc": -0.0904230579709815, "logScale": -2.0567191986205433}