{"g1": 0.905576156500547, "g2": 8.560108156676616, "logK": 0.9991170839307653, "loc": -0.11869549833144614, "logScale": -1.7732590776078836}