{"g1": 0.9986299644271259, "g2": 4.308453244650771, "logK": 0.791531127605976, "loc": -0.053943376513795674, "logScale": -1.6727715410161657}