{"g1": 0.9972532173246043, "g2": 5.184781407168081, "logK": 0.9887489803124447, "loc": -0.11493346060268089, "logScale": -0.7747880377403352}