{"g1": 0.9611898535337107, "g2": 11.193250828303166, "logK": 0.6596182716540216, "loc": -0.06452510723799242, "logScale": -1.1763334946744683}