{"g1": 0.9993156263964853, "g2": 9.475642402923869, "logK": -1.5992123352477006, "loc": -0.028142353738546143, "logScale": -3.7756042664281066}