{"g1": 0.9076537344028923, "g2": 14.551531555052751, "logK": 0.9828049102125225, "loc": -0.1378222851468443, "logScale": -1.6974230031062407}