{"g1": 0.8728756053844877, "g2": 5.885871513440993, "logK": 0.527682820523335, "loc": -0.11585090899945857, "logScale": -1.3631130850247442}