{"g1": 0.7585021042870876, "g2": 0.0715868098199478, "logK": 0.2687096408178388, "loc": -0.0346166135681608, "logScale": 1.2523030291827135}