{"g1": 0.5251994411926021, "g2": 9.657272245974037, "logK": -1.160678169749685, "loc": -0.003470545270833923, "logScale": -3.8988075866396765}