{"g1": 0.37115405851872524, "g2": 6.290729621039024, "logK": -4.8471261296111345, "loc": -0.0017133285212059105, "logScale": -3.980705303453134}