{"g1": 0.9801146962509443, "g2": 10.437903978072061, "logK": 0.9376766038045412, "loc": -0.11801812141775148, "logScale": -2.1620493474862807}