{"g1": 0.9868815528904659, "g2": 2.469898106731385, "logK": -1.9349545745524517, "loc": -0.0030462024592476855, "logScale": -3.9782912565285584}