{"g1": 0.9682874386502651, "g2": 8.963180636540757, "logK": -3.4182868100051973, "loc": -0.0003674003139598281, "logScale": -3.9975831977229306}