{"g1": 0.9571723952255936, "g2": 5.077221080871478, "logK": 0.9945141678575274, "loc": -0.05591480512699247, "logScale": -2.0559341102321804}