{"g1": 0.9922710848358162, "g2": 14.423815809212591, "logK": 0.20232030730096118, "loc": 0.015719337920610376, "logScale": -1.5495911077620026}