{"g1": 0.9521316231750904, "g2": 8.766660801705957, "logK": 0.9998393379818189, "loc": -0.10640889134107248, "logScale": -1.8725566568278256}