{"g1": 0.9479476766297885, "g2": 13.559371356047182, "logK": -3.7524112088995456, "loc": -0.015597418933303549, "logScale": -3.9998540369553304}