{"g1": 0.8580490964949573, "g2": 1.5268860562680635, "logK": -0.39977909732529704, "loc": -0.014228034481438008, "logScale": -3.9768584380920884}