{"g1": 0.8157103693654902, "g2": 14.772725877803474, "logK": -1.422547646898192, "loc": -0.002267171588450653, "logScale": -3.9984963740559665}