{"g1": 0.34924202090727297, "g2": 2.708117674880769, "logK": -3.1590453374563725, "loc": 0.005822982790967506, "logScale": -3.8839330289296696}