{"g1": 0.9672981764809873, "g2": 3.2583116385360587, "logK": -2.092057783441235, "loc": -0.010435648955794147, "logScale": -3.764229432578457}