{"g1": 0.9766420858340409, "g2": 12.065271750896375, "logK": 0.7411399754394977, "loc": -0.07363508033680778, "logScale": -1.0748964192950292}