{"g1": 0.9672227075902102, "g2": 5.653118401202977, "logK": -3.1296022379419006, "loc": 0.01247119588914936, "logScale": -3.6935009795832654}