{"g1": 0.9735070279595122, "g2": 8.964831604270156, "logK": 0.8689727976905978, "loc": -0.06740448166480167, "logScale": -1.3797543637974181}