{"g1": 0.8849911715083209, "g2": 10.911742041577636, "logK": 0.786116703862841, "loc": -0.05527734662968027, "logScale": -1.252331914116704}