{"g1": 0.11028068338105874, "g2": 7.686467532178284, "logK": -3.3475036011756445, "loc": 0.00272561937340178, "logScale": -3.980834812406055}