{"g1": 0.8403826589356197, "g2": 5.3677976468451245, "logK": -4.841519748908251, "loc": 0.0033686810626370437, "logScale": -3.99584316991247}