{"g1": 0.9593296238209318, "g2": 10.076432123161824, "logK": -2.456613059386989, "loc": 0.001648192835605699, "logScale": -3.984807289609819}