{"g1": 0.9150238360921241, "g2": 8.215558798514063, "logK": 0.3362583981455753, "loc": -0.10678442868269142, "logScale": -1.1036459396236582}