{"g1": 0.9869489880030017, "g2": 12.976538265197998, "logK": -1.3427344584067176, "loc": -0.0061520322254941286, "logScale": -3.608697424850382}