{"g1": 0.9936794013669215, "g2": 14.1913402564701, "logK": 0.9932195799686252, "loc": 0.006582632079285397, "logScale": -1.6283328239749417}