{"g1": 0.342263678070056, "g2": 3.4651281006944004, "logK": -2.9154684724764452, "loc": -0.002676931808927807, "logScale": -3.9756406653867664}