{"g1": 0.9357172280543826, "g2": 8.400851242418746, "logK": 0.883508776689771, "loc": -0.04493321180191978, "logScale": -1.5929958456572697}