{"g1": 0.9882325803609826, "g2": 14.63051752193261, "logK": -2.782057085218126, "loc": -0.0018803505548698537, "logScale": -3.702723280895545}