{"g1": 0.9246407566403763, "g2": 11.192848361799799, "logK": -2.371376471138448, "loc": -0.005890442994459323, "logScale": -3.997517383875344}