{"g1": 0.9804208996334729, "g2": 5.507674630364821, "logK": -2.5204661944007105, "loc": -0.0009906969180563524, "logScale": -3.988572644246694}