{"g1": 0.7788830417468402, "g2": 10.285230609566941, "logK": -2.2359327575242203, "loc": 0.0013892496855936512, "logScale": -3.998950115243886}