{"g1": 0.8928121435604206, "g2": 2.878641140102001, "logK": -1.7572784208720118, "loc": -0.0052100351412939, "logScale": -3.994277373223802}