{"g1": 0.9670035198912834, "g2": 3.5204398489359017, "logK": -2.300658813008917, "loc": 0.004991889754922159, "logScale": -3.9911824820403035}