{"g1": 0.9977875398437293, "g2": 13.977829484560376, "logK": -1.8947117757976089, "loc": 0.009537937656088097, "logScale": -2.3111896838965276}