{"g1": 0.9112321587762037, "g2": 11.116420926775598, "logK": 0.1169988988418949, "loc": -0.016260995740479733, "logScale": -3.832366208586208}