{"g1": 0.9717583513395169, "g2": 9.739104951735072, "logK": 0.9962503474807503, "loc": -0.07073027991340132, "logScale": -1.646198016012327}