{"g1": 0.9645666183200615, "g2": 4.995453405277208, "logK": -2.3703970260958007, "loc": 0.00373285034807647, "logScale": -3.2506606451739484}