{"g1": 0.9809098933627329, "g2": 14.393461604571373, "logK": -0.29754960274026365, "loc": -0.03511504799336539, "logScale": -3.5689009541060903}