{"g1": 0.7895532791537463, "g2": 4.434814013994558, "logK": -0.8351143146814409, "loc": -0.011345759036284486, "logScale": -3.9778769023507623}