{"g1": 0.8029621151669195, "g2": 11.543620408183058, "logK": 0.9996126515426521, "loc": -0.12176272914865455, "logScale": -1.8100758755240134}