{"g1": 0.9844396728903207, "g2": 14.947237080034263, "logK": 0.8780030974522052, "loc": -0.09963533358573183, "logScale": -2.334405140074991}