{"g1": 0.7384147637576512, "g2": 2.1413632254995987, "logK": -2.692901637192932, "loc": -0.01049358733656653, "logScale": -3.997830359111118}