{"g1": 0.9325157449148117, "g2": 13.536524500813433, "logK": -3.4602936222288636, "loc": 0.0036058263188937546, "logScale": -3.778810310359484}