{"g1": 0.9623404167341061, "g2": 6.399204668341956, "logK": 0.7126861323407717, "loc": -0.14907585305107804, "logScale": -1.4318922277376878}