{"g1": 0.7791306929510446, "g2": 8.683627132478227, "logK": -2.096980608593888, "loc": 0.0018806697045157458, "logScale": -3.9949288507583764}