{"g1": 0.997937272160104, "g2": 13.01458584583076, "logK": -3.6006753124897184, "loc": -8.96659510772578e-05, "logScale": -3.998227622961372}