{"g1": 0.940343281014997, "g2": 4.621049695136961, "logK": 0.9974633233279739, "loc": -0.14792734915989625, "logScale": -2.4127878767961466}