{"g1": 0.9993939544221074, "g2": 10.394341208652689, "logK": -2.5832693975317893, "loc": -0.10683258445522796, "logScale": -0.11606172617444228}