{"g1": 0.8704507202939394, "g2": 6.155815845003196, "logK": 0.9320766342999036, "loc": -0.048783868595930965, "logScale": -0.9630348058153863}