{"g1": 0.8463831531713664, "g2": 8.12162464472505, "logK": 0.9950266024778192, "loc": -0.11223599630484657, "logScale": -1.8214361130265126}