{"g1": 0.7526023278010041, "g2": 12.769258952741886, "logK": -3.271914944715549, "loc": 0.0010206437194521054, "logScale": -3.9887628556269177}