{"g1": 0.997076314481833, "g2": 10.220220604641993, "logK": -4.083302932210556, "loc": 0.006806138708851266, "logScale": -3.9489790995467113}