{"g1": 0.9391472258224064, "g2": 7.905762730774505, "logK": -0.13081895638585883, "loc": -0.021453647140654244, "logScale": -3.1852466451658525}