{"g1": 0.9288057668270159, "g2": 7.700053263404859, "logK": 0.9784095724621515, "loc": -0.057053450738761016, "logScale": -1.4290624534554703}