{"g1": 0.9957323988229131, "g2": 2.7100575381797256, "logK": -1.6547314876063532, "loc": 0.004465275946388219, "logScale": -3.9968432433722882}