{"g1": 0.9651378495911549, "g2": 7.580838995669211, "logK": -2.5883171677424306, "loc": -0.00890850759980073, "logScale": -3.9712362701603916}