{"g1": 0.46439294064967007, "g2": 0.0074811728506642555, "logK": -4.525780446738716, "loc": -0.004314063288496968, "logScale": -3.992373508264557}