{"g1": 0.9239477761555852, "g2": 11.789516704900159, "logK": 0.9981094013775389, "loc": -0.1487337524299889, "logScale": -1.425150360765724}