{"g1": 0.9277565636349258, "g2": 2.401923493149646, "logK": -2.0326272623255037, "loc": 0.0028676952500286314, "logScale": -3.9956630287617756}