{"g1": 0.9997245046614329, "g2": 14.267257437986844, "logK": -2.622316825990849, "loc": -0.0008824705543157641, "logScale": -3.669772856809654}