{"g1": 0.7961541469433384, "g2": 8.343439895671972, "logK": -0.4032127712222774, "loc": -0.11217015862432983, "logScale": -0.49727250444126314}