{"g1": 0.1658779385938221, "g2": 6.836962525045659, "logK": -3.0865900267874533, "loc": 0.006041059652770672, "logScale": -3.973366594401107}