{"g1": 0.9028344628199068, "g2": 3.8893737663082146, "logK": 0.9883422995658475, "loc": -0.046437731272997246, "logScale": -1.6004372144938603}