{"g1": 0.6545521655458191, "g2": 4.202181147628473, "logK": -3.973530803427071, "loc": -0.0025905180800448006, "logScale": -3.977434378573504}