{"g1": 0.48812059439184063, "g2": 8.224530594672931, "logK": -2.3943744205641435, "loc": -0.005453371246592871, "logScale": -3.9990049667526137}