{"g1": 0.9166493586204499, "g2": 13.934518332309171, "logK": -3.068191168772178, "loc": 0.11993887045241217, "logScale": -0.1585788048833071}