{"g1": 0.9751806074249008, "g2": 14.779473456725341, "logK": -3.718297529663525, "loc": -0.0011219035367862704, "logScale": -3.9922754408201273}