{"g1": 0.9999504148220352, "g2": 14.433312106754773, "logK": -4.259605187054862, "loc": -0.010836968177517461, "logScale": -3.5507258170394156}