{"g1": 0.9527502085238789, "g2": 11.92298165779558, "logK": 0.984562299415304, "loc": -0.0915881671338005, "logScale": -1.7016768700256213}