{"g1": 0.9710625444080369, "g2": 12.360048293696847, "logK": -2.124755470649804, "loc": 0.025639493323305524, "logScale": -2.236286909427335}