{"g1": 0.983675188911841, "g2": 6.221158315601482, "logK": -0.25731333686166535, "loc": 0.0010627310598725417, "logScale": -2.7799812379422675}