{"g1": 0.9654879801552949, "g2": 13.640672028313068, "logK": -0.41701575619594566, "loc": 0.012670479456562318, "logScale": -1.739344829302186}