{"g1": 0.9022857294741087, "g2": 4.38782534575488, "logK": -2.713142031680656, "loc": -0.0054987752499860015, "logScale": -2.458061739943881}