{"g1": 0.9979964377174286, "g2": 12.780667446579836, "logK": -3.33371929643223, "loc": 0.023517487377272668, "logScale": -2.137588624914404}