{"g1": 0.8259158311102013, "g2": 6.075254187708179, "logK": -0.875199953267493, "loc": -0.0019755091961542355, "logScale": -2.742149275688531}