{"g1": 0.9995210314309749, "g2": 14.71391483583362, "logK": -4.0115927207288, "loc": 0.018060218708103995, "logScale": -3.1072799563382905}