{"g1": 0.06116936878627916, "g2": 9.95766668642888, "logK": -4.986944649779506, "loc": -0.07274742388673336, "logScale": -1.4698061144502945}