{"g1": 0.02703372228770499, "g2": 8.061216178225719, "logK": 0.9650650675688299, "loc": -0.14971198795766325, "logScale": -2.266925241975887}