{"g1": 0.001760872432050295, "g2": 10.03816096779279, "logK": -0.5453147087552743, "loc": -0.015933021358724236, "logScale": -1.656471924135673}