{"g1": 0.007028834593119315, "g2": 1.4315551317383304, "logK": -3.155418427726346, "loc": -0.08689174453098553, "logScale": -1.5817523451754685}