{"g1": 0.9530248986638702, "g2": 3.153308410226133, "logK": 0.20795187606244925, "loc": -0.012952792048014729, "logScale": -3.3632469331231336}