{"g1": 0.997533570851594, "g2": 4.742956662821834, "logK": 0.5165038522534079, "loc": -0.07138167880345642, "logScale": -2.954751366400397}