{"g1": 0.8523121207307426, "g2": 4.791258952796523, "logK": 0.25022438107974754, "loc": -0.05532714983146006, "logScale": -2.718378596997568}