{"g1": 0.9222519324113779, "g2": 9.188869454420775, "logK": 0.0692310737981409, "loc": -0.010314592299136824, "logScale": -2.788445996943933}