{"g1": 0.011641600492687254, "g2": 4.842108484867722, "logK": -4.16585411418699, "loc": 0.04616079859956937, "logScale": -1.331209292826593}