{"g1": 0.008866840336004189, "g2": 14.565692758694265, "logK": 0.9705222117459997, "loc": -0.03774019851795834, "logScale": -2.2583218103508695}