{"g1": 0.10129801018882839, "g2": 11.730186296800136, "logK": 0.5231136721090897, "loc": 0.0026366259631349174, "logScale": -2.1534898401436378}