{"g1": 0.0011175789668988606, "g2": 3.1348913347032, "logK": 0.8773512465540527, "loc": -0.009366756207756746, "logScale": -2.3031867212537995}