{"g1": 0.004210498596892983, "g2": 11.52712473104674, "logK": -3.3452052725458925, "loc": -0.02210654241494801, "logScale": -1.2942729373043562}