{"g1": 0.03957652049163919, "g2": 14.629219122859297, "logK": 0.4713599223343988, "loc": -0.04436738517014494, "logScale": -2.0513661703127113}