{"g1": 0.9054851401110451, "g2": 2.7555973062535424, "logK": -2.2153239321755653, "loc": -0.002651938645058055, "logScale": -3.9884003169198685}