{"g1": 0.7288490432009156, "g2": 3.330600474792168, "logK": -1.4153134322933603, "loc": 0.008272499392178875, "logScale": -3.85301887224771}