{"g1": 0.885447609917345, "g2": 9.242149892915734, "logK": 0.08379114967212978, "loc": -0.015860032129021796, "logScale": -3.5256168467981195}