{"g1": 0.9736291183559105, "g2": 14.563601270834447, "logK": 0.10920672395579123, "loc": -0.005260964406175976, "logScale": -3.985317023141895}