{"g1": 0.9483235582242304, "g2": 6.83011649453627, "logK": -3.7471415565451203, "loc": 0.01349539819754713, "logScale": -3.617809100064347}