{"g1": 0.8914150416421214, "g2": 10.276420152400277, "logK": -2.5703952848428555, "loc": -0.0036998217569568816, "logScale": -3.9983167543345726}