{"g1": 0.977610054620084, "g2": 13.187301084263163, "logK": -4.370046186578176, "loc": -0.016618399146769935, "logScale": -3.9928718803730354}