{"g1": 0.9493126780968467, "g2": 10.086871569242783, "logK": 0.6650297749216318, "loc": -0.007573969305687819, "logScale": -3.98440605646574}