{"g1": 0.904778563366516, "g2": 11.255929817513879, "logK": -0.7654421392929246, "loc": -7.550033237095806e-05, "logScale": -3.8233568866670917}