{"g1": 0.9991826855338297, "g2": 9.274835612322937, "logK": -3.284516787259644, "loc": 0.010981316623286226, "logScale": -3.984362338874314}