{"g1": 0.9421939637726817, "g2": 7.87473320795056, "logK": -4.173391592819777, "loc": -0.0024679653065713862, "logScale": -3.834116497225507}