{"g1": 0.9870457155815311, "g2": 11.644162285814925, "logK": -4.7519006508748864, "loc": 0.007612331989110436, "logScale": -3.9358643570710394}