{"g1": 0.8067020084812566, "g2": 2.4884094308993685, "logK": -2.042066785966358, "loc": 0.008395500388718438, "logScale": -3.9998614176835683}