{"g1": 0.9996062354113084, "g2": 3.7329886018801517, "logK": -3.8448042968381735, "loc": -0.0009517152821899976, "logScale": -3.9307274211785117}