{"g1": 0.998682661816433, "g2": 14.580456085791806, "logK": -0.9505231692337157, "loc": 0.00583113402252525, "logScale": -3.9767917010458005}