{"g1": 0.9990948241178539, "g2": 14.8987540882821, "logK": -0.059821070781200025, "loc": -0.0201096475097105, "logScale": -3.9991114366433553}