{"g1": 0.8901492192528462, "g2": 8.164648170911176, "logK": -1.3567463060795415, "loc": -0.004746955649097868, "logScale": -3.989676079980931}