{"g1": 0.9748289481336988, "g2": 8.825946229361026, "logK": -0.15318334788148036, "loc": -0.026852928020136117, "logScale": -3.7120952429249363}