{"g1": 0.9981192362918844, "g2": 4.8568798181019615, "logK": -4.00894332381038, "loc": -0.007339538422306644, "logScale": -3.4796330411745853}