{"g1": 0.997466948386485, "g2": 3.0859688339914966, "logK": -3.7925522680933406, "loc": -0.01366463964060519, "logScale": -3.884533151800168}