{"g1": 0.9987649885982125, "g2": 7.118768339211153, "logK": -1.4511390856544577, "loc": 0.0008651300706435851, "logScale": -3.978778956685977}