{"g1": 0.7710475506826265, "g2": 0.43303183014285107, "logK": 0.0340254431874748, "loc": -0.010611175467614111, "logScale": -3.7881999030653457}