{"g1": 0.03843128910068977, "g2": 1.1533243521615868, "logK": -2.409712775278366, "loc": -0.09853071484123554, "logScale": 0.5228811991258959}