{"g1": 0.045753969558916446, "g2": 3.3556057102600585, "logK": -1.8934163739801468, "loc": 0.018878864418465844, "logScale": 0.34725079162407}