{"g1": 0.02878987927066201, "g2": 14.503867450688693, "logK": -1.7660709118560725, "loc": -0.055130329055724694, "logScale": 0.37224386938141085}