{"g1": 0.09352780903366226, "g2": 7.9910704001006705, "logK": -3.374772743836761, "loc": -0.0018004200089572625, "logScale": 0.4204166893131741}