{"g1": 0.03204184824231421, "g2": 5.997306766109595, "logK": -4.925848690167906, "loc": -0.10089750110993304, "logScale": 0.4813620918325863}