{"g1": 0.06709221758191201, "g2": 5.487042756788789, "logK": -2.6661023327051927, "loc": 0.03457209802933858, "logScale": 0.5391554495211739}