{"g1": 0.0022712447520481863, "g2": 11.73949683982216, "logK": -4.236617419204182, "loc": -0.00451672869494411, "logScale": 0.4485401501019175}