{"g1": 0.06571213387032483, "g2": 9.710209490048085, "logK": -2.712330419088271, "loc": 0.08162169218759195, "logScale": 0.4012700461561769}