{"g1": 0.020949729367162585, "g2": 13.174405524979873, "logK": -3.6058355458182962, "loc": 0.03398641767059696, "logScale": 0.35589879453444884}