{"g1": 0.8962779491462802, "g2": 5.2050646073771585, "logK": -1.431110420023609, "loc": -0.005899007413243677, "logScale": -3.7612460904602467}