{"g1": 0.9997983215016967, "g2": 4.187974590598119, "logK": -1.0613834332633674, "loc": -0.016183466456493708, "logScale": -3.8050576627463646}