{"g1": 0.9945961479581723, "g2": 7.9253981016831245, "logK": 0.43254285399304276, "loc": -0.0032827327246154996, "logScale": -3.7601102291786104}