{"g1": 0.7824326556468403, "g2": 6.115404914960209, "logK": 0.7522762876239768, "loc": -0.017243143163335126, "logScale": -3.7201704858036915}