{"g1": 0.9980251572641909, "g2": 13.290038254736977, "logK": -0.6517899228651864, "loc": -0.006902448461818754, "logScale": -3.9847564701599}