{"g1": 0.9992251407999883, "g2": 10.537291023833204, "logK": 0.2475765189896446, "loc": -0.02216040968933796, "logScale": -3.8606110741451234}