{"g1": 0.9809243697401667, "g2": 2.81446452456231, "logK": 0.9967676025403006, "loc": -0.024449015364725366, "logScale": -3.9993717353749396}