{"g1": 0.9964754119522419, "g2": 11.940719814686751, "logK": -4.5546400247420635, "loc": -0.013539478653425144, "logScale": -3.139634050918161}