{"g1": 0.6548804973758497, "g2": 2.581348445248476, "logK": 0.833575635815743, "loc": -0.04990543030286143, "logScale": -3.189428199056861}