{"g1": 0.8841331004526055, "g2": 3.2617505145273515, "logK": 0.21102992699199374, "loc": -0.010346646958661113, "logScale": -3.3961573701144157}