{"g1": 0.9784307118696183, "g2": 9.627458920466873, "logK": -4.259918587779881, "loc": -0.006187705017565981, "logScale": -2.934464976128617}