{"g1": 0.9434165334364749, "g2": 5.483555854370041, "logK": 0.8295387793398219, "loc": -0.005806255662151509, "logScale": -3.9992275537011794}