{"g1": 0.28162910859239976, "g2": 6.4091568369304435, "logK": 0.9890666246824378, "loc": 0.05480056387449759, "logScale": 3.67972940579831}