{"g1": 0.705088087133186, "g2": 0.06769391539997915, "logK": -2.2801891977850985, "loc": 0.06673865155433592, "logScale": 2.9275248537802154}