{"g1": 0.7281494947416456, "g2": 0.7194934794421451, "logK": 0.6984906708083064, "loc": -0.11733413166956737, "logScale": 2.547355813217696}