{"g1": 0.015836050192504836, "g2": 0.006585802174538975, "logK": -2.848187103854738, "loc": 0.13945194947927117, "logScale": -0.5494629106660469}