{"g1": 0.2222292328222238, "g2": 10.866580907124595, "logK": 0.7874078284642786, "loc": 0.01738131545434937, "logScale": 3.98879797902253}