{"g1": 0.8964154665066978, "g2": 0.006366180734924676, "logK": -0.27226769684119134, "loc": -0.11436086385570747, "logScale": 2.1358859253255336}