{"g1": 0.9144948091822339, "g2": 8.14946469609357, "logK": 0.7261453843359957, "loc": 0.019737714954076564, "logScale": 3.5920684166715664}