{"g1": 0.6646864192338751, "g2": 5.956934753894703, "logK": 0.9605555981942613, "loc": -0.02627483538331068, "logScale": 1.4886001255742964}