{"g1": 0.774018453277336, "g2": 0.021324694064513684, "logK": 0.24376823424931524, "loc": -0.02868246475910039, "logScale": -1.138225083945109}