{"g1": 0.600499111456596, "g2": 1.652453162576872, "logK": 0.9841672647491833, "loc": 0.061440307253740514, "logScale": 3.9972259294958685}