{"g1": 0.7103643660898871, "g2": 9.144610937030931, "logK": 0.9922235748586263, "loc": 0.038353723222784145, "logScale": 2.0783505106240057}