{"g1": 0.8879986029201172, "g2": 8.047790569141627, "logK": 0.5221581049368726, "loc": -0.1132314238667335, "logScale": 2.623574112235074}