{"g1": 0.40320247814606736, "g2": 11.642747538134667, "logK": 0.938486117914608, "loc": -0.022457381982186674, "logScale": 3.9593272215594233}