{"g1": 0.2886369429159617, "g2": 0.0018443968883164906, "logK": -2.8519423210304433, "loc": 0.060157308243943414, "logScale": -1.8520324924904226}