{"g1": 0.6980613575822192, "g2": 2.026094685075208, "logK": 0.492013137857168, "loc": 0.05779648801541855, "logScale": 3.655757491528756}