{"g1": 0.9073300024007895, "g2": 14.979256037850327, "logK": 0.2974176760139734, "loc": 0.0761532399524088, "logScale": 2.3553293815331067}