{"g1": 0.9561607130500771, "g2": 14.945319091419128, "logK": -2.320455807679879, "loc": -0.14862692120568363, "logScale": 3.121455781701054}