{"g1": 0.9553721856029794, "g2": 14.997137784926977, "logK": -3.337513779409349, "loc": -0.06827703887173464, "logScale": 3.596565787194801}