{"g1": 0.9728551133626581, "g2": 14.973931882157963, "logK": -3.7864304607036194, "loc": 0.013741319526165089, "logScale": 2.920078305062098}