{"g1": 0.9722574563227617, "g2": 14.993939369775994, "logK": 0.029634771226096618, "loc": 0.08272639130011895, "logScale": 1.589699028820974}