{"g1": 0.9261629924677246, "g2": 14.26139915805042, "logK": 0.8965237127649412, "loc": -0.10032826332310721, "logScale": 1.5517054068548057}