{"g1": 0.9629975678281942, "g2": 14.777999282710216, "logK": 0.6515791132007434, "loc": -0.10074270412725247, "logScale": 2.349064567657209}