{"g1": 0.9979438357044188, "g2": 14.336788957327803, "logK": -1.4609710751218934, "loc": 0.006064103782473504, "logScale": 1.7252663147639669}