{"g1": 0.85949214732316, "g2": 14.996288914349105, "logK": 0.729067143358803, "loc": 0.11855830677335241, "logScale": 2.3791551699978544}