{"g1": 0.9586050356143239, "g2": 14.942420337574509, "logK": 0.7368883535271706, "loc": 0.08890086722042295, "logScale": 2.7939602903122625}