{"g1": 0.9347265524886622, "g2": 14.976756358093628, "logK": -3.230149473186899, "loc": -0.042001244789392815, "logScale": 2.9236458915835515}