{"g1": 0.8175777872914224, "g2": 14.87898005285095, "logK": 0.3865596127315108, "loc": -0.12516765122981535, "logScale": 2.8169900732530193}