{"g1": 0.7913816988943978, "g2": 14.97192039629912, "logK": 0.9997688014802664, "loc": -0.11410141473049071, "logScale": 1.9539225720554825}