{"g1": 0.8453964285084312, "g2": 14.634078481312068, "logK": 0.9195032888138701, "loc": -0.014611812157327764, "logScale": 0.4225955675271058}