{"g1": 0.9526182177888387, "g2": 14.997699280692839, "logK": 0.6716230193570408, "loc": 0.1491180719113737, "logScale": 1.4386056967444927}