{"g1": 0.9506791399983178, "g2": 14.511914320569481, "logK": 0.9609714704205454, "loc": -0.0985159486065449, "logScale": 1.385319527752544}