{"g1": 0.9475353914448607, "g2": 14.969143516935775, "logK": -0.3740575713486689, "loc": 0.11175152580430073, "logScale": 1.5082730773476096}