{"g1": 0.9612227121164092, "g2": 14.986269462921339, "logK": 0.36426681511436376, "loc": -0.04647283252402927, "logScale": 1.5799054982629608}