{"g1": 0.9973083411389604, "g2": 14.981253292015433, "logK": -3.350456735780263, "loc": 0.07782026819695191, "logScale": 2.191187535272661}