{"g1": 0.9198617486206403, "g2": 14.997276171210736, "logK": 0.8119705139598382, "loc": -0.02723436208572993, "logScale": 2.4939653950420158}