{"g1": 0.799330665839306, "g2": 14.926650450365804, "logK": 0.15385515124080218, "loc": -0.06505150083824487, "logScale": 2.81131635286427}