{"g1": 0.9502063344478944, "g2": 14.958488994659243, "logK": -3.8265897750183635, "loc": -0.1416364449883888, "logScale": 2.2969958282067515}