{"g1": 0.8590138106040849, "g2": 14.963781290454833, "logK": -3.4280232692212875, "loc": -0.10947070985590922, "logScale": 3.4714072878292748}