{"g1": 0.6773449094437695, "g2": 14.99461243528853, "logK": -3.346681226784072, "loc": 0.13533322149467994, "logScale": 3.1281004190678456}