{"g1": 0.8183717809446767, "g2": 14.999201873241043, "logK": -3.276283829764875, "loc": -0.10470448345360439, "logScale": 3.7179976409045565}