{"g1": 0.6845109778153037, "g2": 14.983170810403962, "logK": 0.8385274604764428, "loc": 0.061263513143435644, "logScale": 2.393883607484711}