{"g1": 0.8593207966780765, "g2": 14.939436948091842, "logK": 0.2146893794121596, "loc": -0.06070921395448158, "logScale": 2.173686232872763}