{"g1": 0.9833104103084834, "g2": 14.999572498922653, "logK": 0.4362629765215378, "loc": -0.050660496261277936, "logScale": 1.77090430646997}