{"g1": 0.9592637807686724, "g2": 14.906845608608752, "logK": 0.8425082339389878, "loc": -0.04914250787579285, "logScale": 1.5713985357001323}