{"g1": 0.9437764288446766, "g2": 14.92703054457464, "logK": -2.3654392909885495, "loc": 0.003580784649751225, "logScale": 1.8287717271717843}