{"g1": 0.9997745843966435, "g2": 14.92750187815873, "logK": 0.43004383606949925, "loc": 0.015448027198082885, "logScale": 2.406060316397836}