{"g1": 0.9227627329513102, "g2": 14.954533500480863, "logK": 0.34196791723464703, "loc": 0.11855712721825615, "logScale": 2.3248298060085606}