{"g1": 0.8276903301387639, "g2": 14.7332805667764, "logK": -4.382717295364379, "loc": -0.07376604914770918, "logScale": 2.381212714546277}