{"g1": 0.9730943045438554, "g2": 14.979407753668214, "logK": 0.4439064058094468, "loc": -0.0435483713911826, "logScale": 1.6447900956971093}