{"g1": 0.8480874801099545, "g2": 14.949574902541412, "logK": -4.2563331384435354, "loc": 0.017522027553881867, "logScale": 2.323109839498413}