{"g1": 0.6757464574666336, "g2": 14.986369734491873, "logK": 0.9906324673635978, "loc": 0.03440175477166858, "logScale": 1.4969927009084385}