{"g1": 0.9832563211120883, "g2": 14.958613366681416, "logK": 0.15036499728699937, "loc": -0.1491989683302534, "logScale": 3.2428153463936433}