{"g1": 0.8849120175756577, "g2": 14.797119756583541, "logK": 0.21889447736882783, "loc": -0.08319694061312952, "logScale": 2.6520095597197426}