{"g1": 0.9007794266476733, "g2": 0.9093951197444926, "logK": -3.5556578053307066, "loc": -0.014731543330360593, "logScale": -3.637229597042567}