{"g1": 0.9661445291700334, "g2": 10.658338478793741, "logK": -1.9263589594756925, "loc": -0.01512341680765296, "logScale": -3.726824720973184}