{"g1": 0.9458994217957117, "g2": 3.331949363894619, "logK": -1.0849401528333638, "loc": 0.004950055198904937, "logScale": -3.999297156155666}