{"g1": 0.6809666173753494, "g2": 9.691319600228134, "logK": -1.8385045392671766, "loc": 0.0024115806658991726, "logScale": -3.9950373047083354}