{"g1": 0.9984753604177017, "g2": 2.824154953932333, "logK": -1.7884300396796202, "loc": -0.011756470319014979, "logScale": -3.434831175668586}