{"g1": 0.9510827030417606, "g2": 11.18613268638555, "logK": -4.023104099181158, "loc": -0.005070910619409754, "logScale": -3.5600125171712973}