{"g1": 0.8783308661900098, "g2": 5.084580859999807, "logK": 0.45389265284649505, "loc": -0.008865969426034292, "logScale": -3.9921083201358987}