{"g1": 0.8372944114362249, "g2": 2.2587191448384862, "logK": 0.37731654803150017, "loc": -0.016022517219222855, "logScale": -3.8595896500919737}