{"g1": 0.9351344994259767, "g2": 9.828013437346526, "logK": -0.10295245390982743, "loc": -0.013520829481687594, "logScale": -3.161675797390155}