{"g1": 0.7710694261152198, "g2": 9.821773321419501, "logK": -0.11408199705877475, "loc": -0.022151140908495095, "logScale": -3.191937324477943}