{"g1": 0.9365401939519552, "g2": 13.602055154981631, "logK": 0.10133794879015146, "loc": -0.01622109511189044, "logScale": -3.0305146208441345}