{"g1": 0.9309857588664633, "g2": 8.759419564982501, "logK": -2.907645630655204, "loc": 0.002544325101481358, "logScale": -2.819463463683864}