{"g1": 0.917583202930977, "g2": 0.5742251835322112, "logK": -3.9054310628238866, "loc": 0.007971927709871224, "logScale": -3.8915175254256305}