{"g1": 0.6701598548626786, "g2": 12.140720126918612, "logK": -0.5397700231698283, "loc": -0.005254811307694391, "logScale": -3.9904610492200745}