{"g1": 0.9142645555805704, "g2": 0.5688587643440957, "logK": -0.34871126024542165, "loc": -0.009991851131598, "logScale": -3.5768199138008665}