{"g1": 0.8130811351634755, "g2": 1.545803532979758, "logK": -0.24660006247210942, "loc": -0.005377203502337696, "logScale": -3.9744023431368394}