{"g1": 0.8846276308259778, "g2": 13.130781104593646, "logK": -0.5205537112789851, "loc": 0.0012483218591839151, "logScale": -3.969202071642377}