{"g1": 0.7156123986848103, "g2": 12.985621292563536, "logK": -3.40009460984435, "loc": -0.0013822658495495628, "logScale": -3.985821766012577}