{"g1": 0.9992122411357321, "g2": 3.746026941168148, "logK": -1.6922261800369673, "loc": 0.002759388425671312, "logScale": -3.9977299862620246}