{"g1": 0.8893390884329355, "g2": 3.8821987078725706, "logK": -0.2318089614344464, "loc": -0.016854149376853127, "logScale": -3.8405934764096386}