{"g1": 0.9013388399591985, "g2": 6.05399609556799, "logK": 0.42312724145541136, "loc": -0.003912143597301362, "logScale": -3.8592393160630163}