{"g1": 0.8870096154680928, "g2": 5.447605444060651, "logK": -4.218503934695512, "loc": -0.001694059111006417, "logScale": -3.788712728364554}