{"g1": 0.9984469704703679, "g2": 10.264007311732707, "logK": -1.761619673676784, "loc": 0.005621342698574722, "logScale": -3.622459787901367}