{"g1": 0.9770740730400062, "g2": 4.63366753803225, "logK": 0.2635603208712949, "loc": -0.03582746104289286, "logScale": -3.401686267794368}