{"g1": 0.9396742958414454, "g2": 1.1277936145799528, "logK": 0.49886092314967556, "loc": -0.0490311534043553, "logScale": -3.572304901490297}