{"g1": 0.9202778176765443, "g2": 14.56281067641805, "logK": 0.6845043103325519, "loc": -0.0059355420242768325, "logScale": -3.9992369727542285}