{"g1": 0.9240979469864491, "g2": 6.734188414975264, "logK": -0.12933303644254157, "loc": -0.02135620621700673, "logScale": -2.8400819740060324}