{"g1": 0.9447789496715222, "g2": 8.34961488642272, "logK": 0.04718884347002661, "loc": -0.005551588046692972, "logScale": -3.2597303638654327}