{"g1": 0.9476204920165289, "g2": 8.712935572932734, "logK": -4.660196471947208, "loc": -0.04281014562491106, "logScale": -2.9019097689885576}