{"g1": 0.9525567886298199, "g2": 14.60507256884009, "logK": 0.23120330861582372, "loc": 0.010447238520320621, "logScale": -3.1233462267109195}