{"g1": 0.925503243443834, "g2": 1.1203696849351497, "logK": 0.9591606938003636, "loc": -0.04886407710526117, "logScale": -3.377970579013393}