{"g1": 0.9601112883035547, "g2": 4.474373295396452, "logK": 0.16985508072637356, "loc": -0.020395298856900782, "logScale": -3.092827129762744}