{"g1": 0.025004596149011626, "g2": 9.587932073089005, "logK": -1.5511734973893208, "loc": 0.02785009818526181, "logScale": 0.976131720268871}