{"g1": 0.14661445566887563, "g2": 14.225032022485044, "logK": 0.565511674685414, "loc": -0.02782673813172483, "logScale": 0.3862057058278977}