{"g1": 0.02449469990306146, "g2": 8.184952127300418, "logK": 0.9954413119554081, "loc": 0.08806700418470526, "logScale": -0.32009282783603765}