{"g1": 0.06244288512129065, "g2": 9.369061093497438, "logK": 0.8345210491465345, "loc": 0.035158387686094084, "logScale": -0.3470229723646412}