{"g1": 0.011749054038972168, "g2": 1.4769978835284514, "logK": -4.569127412863752, "loc": 0.014830619318367171, "logScale": 0.956350613510854}