{"g1": 0.014704177113874183, "g2": 3.3829267650312183, "logK": 0.678197872453761, "loc": -0.03195261437020211, "logScale": 0.06084924328382724}