{"g1": 0.23877199554011447, "g2": 0.009161701178086323, "logK": 0.4480986094111644, "loc": -0.0495030016713321, "logScale": 0.2565927289241068}