{"g1": 0.0696920221797505, "g2": 14.792232444296015, "logK": 0.988308622270906, "loc": 0.05332585184427024, "logScale": -0.5104828125547278}