{"g1": 0.28188035933715777, "g2": 0.006835284962769252, "logK": 0.8545201858725863, "loc": 0.0656347231311317, "logScale": -0.1931726173846412}