{"g1": 0.021625101334835375, "g2": 7.593554904536531, "logK": 0.999826328737175, "loc": -0.11290092332194651, "logScale": -0.24000076849640917}