{"g1": 0.861385958849046, "g2": 0.06525525415647504, "logK": 0.6427180378201744, "loc": -0.1179618924487536, "logScale": -0.202154644855793}