{"g1": 0.07905761021859478, "g2": 10.114257431986731, "logK": 0.6263717840032259, "loc": 0.11719114283451691, "logScale": -0.1922494468936814}