{"g1": 0.07835479253715577, "g2": 1.7326562070399305, "logK": 0.7631641520963661, "loc": -0.020612112302689507, "logScale": 0.058005965629415235}