{"g1": 0.9347493826586899, "g2": 0.13111626659797856, "logK": 0.8745522656129179, "loc": -0.11226569750196078, "logScale": -0.014515829894103494}