{"g1": 0.07839520985211315, "g2": 6.165572629236809, "logK": -0.17798743812652673, "loc": 0.10838189251272881, "logScale": 0.7242374875451797}