{"g1": 0.23680961893378352, "g2": 0.038859285841835955, "logK": -4.148916601264181, "loc": 0.14839316875588526, "logScale": 0.9993312413279014}