{"g1": 0.14190644468858535, "g2": 14.511303856149393, "logK": 0.9994111192097209, "loc": -0.06707113350617917, "logScale": -0.021830909875373117}