{"g1": 0.019487042441194334, "g2": 12.36577443390376, "logK": 0.9983561518314454, "loc": 0.017165237351379863, "logScale": -0.15356653522374675}