{"g1": 0.004480938923665788, "g2": 0.044248609986518694, "logK": -4.32841536125763, "loc": -0.12778350232852181, "logScale": 1.1093452740711696}