{"g1": 0.08229748599017661, "g2": 0.03639492015399792, "logK": -4.677915673719063, "loc": 0.017033970618720265, "logScale": 0.9893361563579286}