{"g1": 0.013264132933879985, "g2": 14.47901859180059, "logK": -1.4798918221606217, "loc": 0.0043563072500477015, "logScale": 0.9767190792807963}