{"g1": 0.21154654191642458, "g2": 0.03011609973906504, "logK": 0.46670341958586015, "loc": -0.01531685658533603, "logScale": 0.23888204422589782}