{"g1": 0.04458921506975605, "g2": 5.6977404275889665, "logK": 0.996495460743188, "loc": 0.12023478639594902, "logScale": -0.15546445270126247}