{"g1": 0.00935390696852224, "g2": 6.171369222890805, "logK": 0.6973512045974021, "loc": -0.14997486409322422, "logScale": 0.19131745059503302}