{"g1": 0.04711508930069589, "g2": 9.376025543488037, "logK": 0.185517189286328, "loc": 0.08798953903234627, "logScale": 0.4255877407448657}