{"g1": 0.002537332747188259, "g2": 13.66417116262434, "logK": 0.4997396632369755, "loc": 0.06553844509913487, "logScale": 0.16910719409603003}