{"g1": 0.02665446122891491, "g2": 9.078924519327149, "logK": -3.547478030341991, "loc": -0.06187426455975729, "logScale": 1.064510633013772}