{"g1": 0.08534811769121002, "g2": 2.7572233561273283, "logK": -0.07433971186148391, "loc": -0.09626115330493705, "logScale": 0.5426755175875546}