{"g1": 0.10194967541704836, "g2": 2.7814611409652734, "logK": 0.5976308761612437, "loc": 0.023138911148777266, "logScale": -0.03242293565763921}