{"g1": 0.004038461415657474, "g2": 7.403786851033593, "logK": -0.061900145468827245, "loc": -0.0029930445706142883, "logScale": 0.3062726595205323}