{"g1": 0.0230646374634051, "g2": 8.212446936119825, "logK": 0.9578459249518452, "loc": -0.10166797641842483, "logScale": -0.179722968699342}