{"g1": 0.72049988600467, "g2": 0.049905586035861434, "logK": 0.9167020974837746, "loc": -0.05497616923053996, "logScale": -0.30232952146858505}