{"g1": 0.019690762177147034, "g2": 9.600270342236028, "logK": 0.6080872635710369, "loc": 0.139673262875808, "logScale": 0.0013343799454944016}