{"g1": 0.022749322075016502, "g2": 5.632671220648158, "logK": -2.0630137444704255, "loc": -0.08502366218152492, "logScale": 0.9653035870435793}