{"g1": 0.04255023454674701, "g2": 2.1656518125121984, "logK": 0.7755529149521798, "loc": 0.09030296094543376, "logScale": -0.10612107855739783}