{"g1": 0.015765842432052944, "g2": 1.8897028943401863, "logK": -4.861545126850331, "loc": -0.0789408552525218, "logScale": 1.279919220875799}