{"g1": 0.009692219693481524, "g2": 3.323837560372657, "logK": -0.04739681934791265, "loc": 0.14338637140451282, "logScale": 0.42551560489105555}