{"g1": 0.11278953382738126, "g2": 6.597476751633584, "logK": 0.6341729147402153, "loc": -0.14943113562143537, "logScale": -0.07421422896824253}