{"g1": 0.003020923488644455, "g2": 6.300412257103566, "logK": 0.37324954151531614, "loc": -0.07310646749345831, "logScale": 0.5025808374689587}