{"g1": 0.01548409601246492, "g2": 11.347868436365944, "logK": -3.833971992547725, "loc": 0.03288594735503665, "logScale": 1.111998096572338}