{"g1": 0.04440681733425657, "g2": 4.048636045078052, "logK": 0.5859309735293948, "loc": 0.13743479590608607, "logScale": 0.19610292674805518}