{"g1": 0.4497443431226157, "g2": 0.031905967689797074, "logK": 0.8797368851347684, "loc": -0.04721768287146791, "logScale": -0.12943567102718245}