{"g1": 0.07292194816624278, "g2": 0.00937089481636312, "logK": 0.5631168921755517, "loc": -0.010306295976696108, "logScale": 0.24419540770467796}