{"g1": 0.4307559789572284, "g2": 0.010216594357702308, "logK": -2.1140596833214245, "loc": 0.07194536652853345, "logScale": 0.9537027567726838}