{"g1": 0.563987373847582, "g2": 0.038049392319445374, "logK": -3.684990185729658, "loc": -0.10811058163407375, "logScale": 1.0492303927761357}