{"g1": 0.4730824018743397, "g2": 0.03622892629763097, "logK": 0.7386499096643768, "loc": -0.13584579475228992, "logScale": 0.12053342741788353}