{"g1": 0.015010349675514179, "g2": 7.021366791741226, "logK": -1.6181449338698979, "loc": -0.01934609960007542, "logScale": 1.2259535786355036}