{"g1": 0.06583240320784572, "g2": 12.161003973740565, "logK": 0.2981188658427132, "loc": -0.14178954145993675, "logScale": 0.3744921595814531}