{"g1": 0.053175250860659176, "g2": 4.554703065732592, "logK": 0.9968099378935928, "loc": -0.07780710321987702, "logScale": -0.0988913214910581}