{"g1": 0.07871610530258577, "g2": 6.3965643861330275, "logK": 0.2759204565528243, "loc": -0.08218408181482884, "logScale": 0.38376695420786855}