{"g1": 0.05324576033037419, "g2": 5.885286554690916, "logK": 0.16323088039424505, "loc": 0.11032849708129558, "logScale": 0.5623182401040174}