{"g1": 0.030791840558040733, "g2": 5.475213003076012, "logK": 0.18265079578669818, "loc": 0.08820512917240714, "logScale": 0.45037559132183597}