{"g1": 0.002730492958095114, "g2": 9.115597105903705, "logK": 0.8621538903029713, "loc": 0.11975753674551484, "logScale": -0.0517528056129366}