{"g1": 0.6314400094436772, "g2": 0.01678369241693326, "logK": -4.668252678023995, "loc": -0.005123656342472617, "logScale": 1.0825192235806536}