{"g1": 0.04036693295011946, "g2": 7.882800213146505, "logK": 0.029180058009658616, "loc": 0.010425506252412724, "logScale": 0.24164830994620157}