{"g1": 0.04660364135199798, "g2": 10.31192537177614, "logK": 0.994835493149364, "loc": -0.03565195717790131, "logScale": -0.17336442784019696}