{"g1": 0.20911855000918056, "g2": 0.09420766160951888, "logK": 0.6648563878981162, "loc": -0.037047636989885786, "logScale": -0.13067348601632803}