{"g1": 0.013548221311588046, "g2": 9.987217118333604, "logK": 0.7297080555333602, "loc": 0.005719499478866592, "logScale": 0.08084305608934891}