{"g1": 0.04520168770663774, "g2": 10.70871214520906, "logK": 0.4385221030321805, "loc": -0.03806535371392791, "logScale": 0.2511477084051368}