{"g1": 0.02096289920742228, "g2": 5.676089617359563, "logK": 0.47801337355649853, "loc": -0.005977351219507967, "logScale": 0.09719675360044328}