{"g1": 0.008213457271093126, "g2": 12.54435865247963, "logK": 0.4258271782388343, "loc": -0.11957720134726389, "logScale": 0.15963844366055316}