{"g1": 0.1893220206369777, "g2": 0.34028582611832214, "logK": 0.21482157844173622, "loc": -0.08966917691741762, "logScale": 0.5159582687168589}