{"g1": 0.042768814994124466, "g2": 11.194888236064616, "logK": 0.8960025522179047, "loc": -0.051960090583366376, "logScale": 0.09699474337755584}