{"g1": 0.04842885824502703, "g2": 11.518685429649297, "logK": 0.8226905126081667, "loc": 0.03221039392790444, "logScale": -0.1309432775373566}