{"g1": 0.3139093747228866, "g2": 0.22534474086769762, "logK": 0.8009844372867816, "loc": -0.04655235990955757, "logScale": 0.19033744461790691}