{"g1": 0.05866121511803963, "g2": 6.3601472476622725, "logK": 0.6911545223659967, "loc": 0.10934326871327156, "logScale": 0.0003600653264184128}