{"g1": 0.06172258359719869, "g2": 13.507724604664157, "logK": 0.9985499673128089, "loc": -0.11017463566369275, "logScale": -0.04022067533477097}