{"g1": 0.01155217507198713, "g2": 11.620339462057656, "logK": -2.507736559613558, "loc": 0.07744044870918693, "logScale": 1.0983899562345822}