{"g1": 0.2653360441826877, "g2": 0.06125187929403264, "logK": 0.09330645451614919, "loc": 0.1253792979697456, "logScale": 0.4055542197229057}