{"g1": 0.01521303600416784, "g2": 11.33407015970747, "logK": 0.7748486851514673, "loc": -0.0751769977900919, "logScale": -0.0623778839867577}