{"g1": 0.05601085607531281, "g2": 4.072110986362318, "logK": 0.832649299252543, "loc": -0.14986732001311392, "logScale": -0.041798516477699}