{"g1": 0.07566329730127992, "g2": 12.197750440116183, "logK": 0.730355725380327, "loc": -0.05429993833291341, "logScale": -0.048202340830776125}