{"g1": 0.21327558518155348, "g2": 0.02198937037457549, "logK": 0.6979508310326281, "loc": -0.12019791245267285, "logScale": -0.01576491894197085}