{"g1": 0.042819644500712226, "g2": 2.1574748845456364, "logK": -1.1253418403777489, "loc": 0.11907431488163148, "logScale": 0.8848152298195471}