{"g1": 0.016086490422351368, "g2": 7.43122123917526, "logK": -3.957885299547231, "loc": 0.09677670444197609, "logScale": 0.9500699756025796}