{"g1": 0.038955575661485387, "g2": 7.569230992500319, "logK": 0.9802990340055715, "loc": 0.03222764554010853, "logScale": -0.3306894955261414}