{"g1": 0.029063426316100243, "g2": 11.624791181573245, "logK": 0.9474143935876609, "loc": -0.1061995813960316, "logScale": -0.08737286235485464}