{"g1": 0.051582718285268225, "g2": 12.471414554367817, "logK": -0.001817085264475382, "loc": -0.11435858199680272, "logScale": 0.5794779798093443}