{"g1": 0.5102659396681305, "g2": 0.058097431169838565, "logK": -3.3256866742713265, "loc": -0.00471317412899225, "logScale": 1.0194185762727626}