{"g1": 0.1515068952295412, "g2": 0.3721700341456733, "logK": 0.9900913704454657, "loc": -0.14346637417263794, "logScale": -0.11214314412741162}