{"g1": 0.009543625810982725, "g2": 4.4686661763229925, "logK": 0.5607522259783059, "loc": -0.10712090976577622, "logScale": 0.3429957855625051}