{"g1": 0.004413574556603461, "g2": 9.516230451778823, "logK": 0.9829703253134361, "loc": -0.14278685225022317, "logScale": -0.013069183408614127}