{"g1": 0.07654456347549551, "g2": 10.836667977274896, "logK": 0.9002537381153728, "loc": 0.02525299585076022, "logScale": -0.23812008227336484}