{"g1": 0.014655062417737452, "g2": 2.484447488021717, "logK": -3.746519862644688, "loc": -0.023425336112780082, "logScale": 1.2893506290833068}