{"g1": 0.05041845539603344, "g2": 14.955797367848474, "logK": 0.9908693196317028, "loc": 0.031446828448829976, "logScale": -0.2691695503928224}