{"g1": 0.10842960632761003, "g2": 11.028429642282951, "logK": -0.3312716061202139, "loc": -0.11275678063042725, "logScale": 0.698974353056724}