{"g1": 0.0024767094949638725, "g2": 10.21684483438694, "logK": -0.12775635742038996, "loc": -0.014605661341619742, "logScale": 0.3718267295267079}