{"g1": 0.006120432313471702, "g2": 11.010417701586261, "logK": 0.6286209426385829, "loc": 0.038921544082752446, "logScale": 0.2225045340300999}