{"g1": 0.016277382189988008, "g2": 1.9864887562587692, "logK": -1.7674638294683689, "loc": -0.05205519497311062, "logScale": 0.9258200021815455}