{"g1": 0.04422455516769166, "g2": 9.33628554636488, "logK": 0.4684669071780274, "loc": -0.11313290296934059, "logScale": 0.6346142949544566}