{"g1": 0.3455465281719334, "g2": 0.40705994001583123, "logK": 0.23246785807448478, "loc": -0.012078419591357886, "logScale": 0.65484553698772}