{"g1": 0.018290161828260598, "g2": 14.459688982668784, "logK": -2.996723328806607, "loc": -0.014933090369191177, "logScale": 1.1367563487565333}