{"g1": 0.31719087540014046, "g2": 0.4019063044927017, "logK": 0.9829884448227771, "loc": -0.010654599046817564, "logScale": -0.11327467483345936}