{"g1": 0.029783413289419837, "g2": 1.1117020261514792, "logK": 0.6987477331562707, "loc": -0.059449832010563336, "logScale": 0.084873659745392}