{"g1": 0.036325889875322426, "g2": 2.873781902073132, "logK": 0.9923114921502834, "loc": 0.007551384907425828, "logScale": -0.17131141923374482}