{"g1": 0.21995062912966273, "g2": 0.04377138240475002, "logK": 0.8209820399862814, "loc": 0.02657119909945052, "logScale": -0.09703770257636599}