{"g1": 0.9385726551864851, "g2": 0.2627168175381902, "logK": -0.7666595133683616, "loc": -0.03256742797081142, "logScale": 0.8522494466916071}