{"g1": 0.007407021505626829, "g2": 6.24065456481088, "logK": 0.7305172541650445, "loc": 0.03740210463721863, "logScale": 0.07370260810080503}