{"g1": 0.026915249969326052, "g2": 0.7182302400081102, "logK": 0.9979044829670508, "loc": -0.14355263629143408, "logScale": -0.19814963133005048}