{"g1": 0.2611244895898487, "g2": 0.0130087923395769, "logK": 0.7132333884274923, "loc": 0.09444835998809105, "logScale": -0.2069269049999718}