{"g1": 0.4274381267627056, "g2": 0.028058472332803452, "logK": -2.7684844050855055, "loc": 0.04415388860629228, "logScale": 1.0112691761939159}