{"g1": 0.3506488352578365, "g2": 0.052339309730345285, "logK": -4.715017927408571, "loc": -0.06917967609372506, "logScale": 0.8752584715693176}