{"g1": 0.002089559380438019, "g2": 5.696417490219205, "logK": 0.5006244830091311, "loc": -0.0012585372953338447, "logScale": 0.08485348959151734}