{"g1": 0.017683937314867157, "g2": 8.142039252056053, "logK": 0.9211112550855687, "loc": 0.0187346766575407, "logScale": -0.09775385364944822}