{"g1": 0.003887656356767244, "g2": 4.385852742167669, "logK": -0.7520119973462772, "loc": 0.14967251171366308, "logScale": 0.9971714727041676}