{"g1": 0.05107450954690472, "g2": 0.41213816726087016, "logK": 0.6483584770409299, "loc": -0.0694315543238838, "logScale": 0.2023922656636337}