{"g1": 0.07121994691373718, "g2": 3.84870629478883, "logK": -0.00837901015084802, "loc": -0.0337898756303419, "logScale": 0.7698604551607395}