{"g1": 0.2148483655535559, "g2": 0.10854293989743441, "logK": -2.0523286886055585, "loc": 0.12238708513548162, "logScale": 1.2553682625235567}