{"g1": 0.04763915509038058, "g2": 4.545487431890257, "logK": -3.975528339078854, "loc": -0.04185717263515802, "logScale": 0.9992927447756678}