{"g1": 0.6780782142912362, "g2": 0.011466425045912776, "logK": 0.6581729680567922, "loc": -0.03941465634543232, "logScale": 0.1897165701529578}