{"g1": 0.044264446975255944, "g2": 13.722194275241925, "logK": 0.1465679445635356, "loc": -0.07354589972840675, "logScale": 0.4918952997850217}