{"g1": 0.06366443458640147, "g2": 3.7698541551202815, "logK": 0.27348896528024724, "loc": -0.01703753406775116, "logScale": 0.426650011574199}