{"g1": 0.8965417614268065, "g2": 0.022246932731642577, "logK": 0.5472590627464253, "loc": 0.0084672807558847, "logScale": 0.30601041918025795}