{"g1": 0.020652448245569142, "g2": 1.2890485535757064, "logK": 0.033614177385310584, "loc": -0.13731018179757573, "logScale": 0.7635258199575103}