{"g1": 0.09381525009464893, "g2": 7.10411049430325, "logK": 0.9584386251852228, "loc": 0.09370235884515782, "logScale": -0.38131912999116024}