{"g1": 0.0016470006999438902, "g2": 4.123002839199418, "logK": 0.9997172378165361, "loc": -0.025391853786789844, "logScale": -0.09456177940802461}