{"g1": 0.005251439840281091, "g2": 1.7304490551403917, "logK": 0.9941884487237287, "loc": -0.028262881150292157, "logScale": -0.32336180038322027}