{"g1": 0.019619105262760804, "g2": 14.728588828469382, "logK": 0.9036674319468176, "loc": -0.07643393490836398, "logScale": -0.3633571139860094}