{"g1": 0.06050064478175898, "g2": 6.902956410427087, "logK": -1.2354918100683472, "loc": -0.08396089928954417, "logScale": 1.1893039666340743}