{"g1": 0.017820939114115388, "g2": 7.9605867198399745, "logK": -0.40055865808811897, "loc": 0.12462788109355746, "logScale": 0.7474263035433186}