{"g1": 0.0034689384183024252, "g2": 12.520105675598835, "logK": 0.8775486526988898, "loc": -0.01516290556124971, "logScale": -0.09254005497813286}