{"g1": 0.02504271831830601, "g2": 3.4410565398181854, "logK": 0.9909758434071221, "loc": -0.1464179776027939, "logScale": -0.2731139082072085}