{"g1": 0.07740521062645317, "g2": 0.05511808800580109, "logK": -1.649225434134879, "loc": -0.07187728580606734, "logScale": 0.923689403070352}