{"g1": 0.005023228830062218, "g2": 13.815736497379941, "logK": -0.17675761060256656, "loc": -0.031961783698183484, "logScale": 0.3955250386645014}