{"g1": 0.037709114462698104, "g2": 1.7896291333031111, "logK": 0.753836064483328, "loc": 0.14480134600895259, "logScale": -0.002256066564713999}