{"g1": 0.03778716469724723, "g2": 5.175524677899903, "logK": 0.5582337149610552, "loc": -0.11483091887874988, "logScale": 0.05555716332895739}