{"g1": 0.020942505329163225, "g2": 12.866882261856714, "logK": 0.999972923219213, "loc": -0.013089840999477742, "logScale": -0.0645641073192687}