{"g1": 0.035754036807573664, "g2": 2.653158897198443, "logK": 0.9951929231405519, "loc": -0.1053306587239593, "logScale": -0.10691760394096744}