{"g1": 0.9464843236217154, "g2": 0.06878626744325239, "logK": 0.9128598560205856, "loc": -0.07882966155932247, "logScale": -0.02664330761198569}