{"g1": 0.569398402248421, "g2": 0.15480290523434714, "logK": -1.2296112264728756, "loc": -0.13631625646889317, "logScale": 1.171699332124778}