{"g1": 0.005247834425064435, "g2": 10.376691718526098, "logK": 0.5289242519104631, "loc": -0.08112186520535833, "logScale": 0.4044081903893064}