{"g1": 0.01979735744305798, "g2": 14.373069231266216, "logK": 0.8871177487628534, "loc": 0.09480695241610566, "logScale": -0.19153895754368078}