{"g1": 0.02052964573213721, "g2": 4.962156979485437, "logK": 0.8323556081147307, "loc": -0.07712705323658707, "logScale": -0.0669489583932441}