{"g1": 0.046981485506155024, "g2": 11.112166014502934, "logK": 0.7272355755677493, "loc": 0.041264217311717595, "logScale": 0.029087608650771923}