{"g1": 0.021015495289873176, "g2": 6.382305063758973, "logK": 0.36528076910091467, "loc": 0.03290353172707151, "logScale": 0.180163060956678}