{"g1": 0.020094989227081708, "g2": 5.19744215486455, "logK": 0.8945287425871709, "loc": -0.14858878753403498, "logScale": 0.11840883181831019}