{"g1": 0.08602082887806158, "g2": 14.999513349914052, "logK": 0.43254728070819015, "loc": -0.05354951703548313, "logScale": 0.37530112022590895}