{"g1": 0.09267160622907779, "g2": 14.484687085521458, "logK": 0.9984725697172082, "loc": -0.054075257688743085, "logScale": -0.24765443880168259}