{"g1": 0.00983722015236066, "g2": 12.551259203957011, "logK": -1.761848985846534, "loc": 0.021279060366283582, "logScale": 1.2285370302613465}