{"g1": 0.05397905969432175, "g2": 4.692227631188105, "logK": 0.037828148319966726, "loc": -0.0975398217812384, "logScale": 0.7067639600409253}