{"g1": 0.005818125658187727, "g2": 5.88101936021017, "logK": 0.5525869766202893, "loc": -0.13721893259229512, "logScale": 0.42337114052049196}