{"g1": 0.02394151543140382, "g2": 6.237539260660986, "logK": -4.38641160888756, "loc": 0.11900812019448768, "logScale": 1.0493083041110627}