{"g1": 0.13003280106257054, "g2": 4.5018125078716835, "logK": -0.051886712302975924, "loc": 0.018123862712497597, "logScale": 0.5539978966750283}