{"g1": 0.022542055486540858, "g2": 13.836288863506482, "logK": 0.7859726148117672, "loc": 0.11356837034279393, "logScale": -0.0017468755664693826}