{"g1": 0.060265431712869036, "g2": 11.330277601714613, "logK": 0.836621923330306, "loc": 0.06556172701097582, "logScale": 0.07824317394603986}