{"g1": 0.020460870279780927, "g2": 14.990029361453693, "logK": -4.170694836819623, "loc": -0.12502695393026628, "logScale": 1.0659727991424282}