{"g1": 0.002852939905323343, "g2": 14.147635918789923, "logK": 0.763083030425406, "loc": 0.06031098342406188, "logScale": -0.1569633309139136}