{"g1": 0.04053153599212113, "g2": 9.620944428720009, "logK": -0.5361817124608181, "loc": 0.010974192300955775, "logScale": 0.8112777538412788}