{"g1": 0.10916174375213539, "g2": 0.9561359734312878, "logK": 0.6750664586842268, "loc": -0.02928560955745468, "logScale": -0.18392942605484658}