{"g1": 0.7609089507871384, "g2": 0.024841082868942266, "logK": 0.4973040896920592, "loc": 0.07095316352208264, "logScale": -0.07710328754783269}