{"g1": 0.04968950272176343, "g2": 1.3951953308611746, "logK": 0.9975819083380061, "loc": 0.14532162269643847, "logScale": -0.09456724129994987}