{"g1": 0.018615537824277453, "g2": 14.416570045761961, "logK": -2.16490436975144, "loc": 0.14977053028424306, "logScale": 0.8657833461690575}