{"g1": 0.04001095008654347, "g2": 7.099925654991947, "logK": 0.9071980254291578, "loc": 0.0889572461605143, "logScale": -0.27229963959557524}