{"g1": 0.0162610839288837, "g2": 7.018871922981887, "logK": 0.4756849214895582, "loc": 0.01756924937195236, "logScale": -0.030903481039212477}