{"g1": 0.5141331119170669, "g2": 0.022284841391925492, "logK": -2.8789410966583313, "loc": -0.07675697769664676, "logScale": 1.0782302273913675}