{"g1": 0.047998477288943395, "g2": 9.47938843828108, "logK": 0.3544690660958123, "loc": -0.04488187454804524, "logScale": 0.3316327319048083}