{"g1": 0.49178354719088413, "g2": 0.05249317804393999, "logK": 0.6492050562219271, "loc": 0.036034519675555605, "logScale": 0.08802869684126191}