{"g1": 0.02180296854330748, "g2": 0.9219834430917455, "logK": -0.15086408469315604, "loc": -0.1404197207951615, "logScale": 0.6619870137175381}