{"g1": 0.04039709691450902, "g2": 14.734496458528092, "logK": 0.20597352629839594, "loc": -0.06289497874771856, "logScale": 0.378134444154384}