{"g1": 0.04209318314726518, "g2": 2.76240332142757, "logK": 0.9910475009303271, "loc": 0.04867281763494656, "logScale": -0.03429868497715238}