{"g1": 0.012463559081157469, "g2": 14.063511658625334, "logK": 0.7501596527847304, "loc": 0.05152066890310583, "logScale": -0.28153013057192516}