{"g1": 0.9990066133039621, "g2": 0.006476290518190986, "logK": -1.4894943456618794, "loc": 0.1295520647808172, "logScale": 1.1671673800471831}