{"g1": 0.07633153799281496, "g2": 0.048572297280073506, "logK": 0.12839945852549822, "loc": -0.043169137850481855, "logScale": 0.5412796093190617}