{"g1": 0.13372890473526222, "g2": 0.2627058049208104, "logK": 0.26185836026280784, "loc": -0.0632619835043012, "logScale": 0.41352470098595034}