{"g1": 0.07066127033772272, "g2": 4.699146324952935, "logK": 0.9829635508938724, "loc": -0.04741563675352616, "logScale": -0.5297861238375889}