{"g1": 0.017444612610539298, "g2": 9.729106060731603, "logK": 0.7932242095878056, "loc": 0.07311035940387442, "logScale": -0.16193446822744786}