{"g1": 0.05289408876833118, "g2": 3.6725364959859528, "logK": 0.6481011432159226, "loc": 0.13214582329046606, "logScale": -0.04406276656478936}