{"g1": 0.0013155045270470938, "g2": 0.03504029668678843, "logK": -1.8663197032069474, "loc": 0.11293998820739058, "logScale": 1.0342809332629517}