{"g1": 0.0952188328218251, "g2": 12.173945716755561, "logK": 0.8228840136870208, "loc": -0.03392338147540554, "logScale": -0.09596859626832499}