{"g1": 0.02328872450070025, "g2": 11.233635904199442, "logK": 0.9868568056711244, "loc": -0.1313829357075974, "logScale": -0.33343561783604536}