{"g1": 0.038406655347157634, "g2": 4.025479250648216, "logK": -0.03524645728357015, "loc": -0.10260905662354224, "logScale": 0.4905342980175822}