{"g1": 0.08877924429400508, "g2": 7.420726555397471, "logK": 0.6509474275476332, "loc": 0.04314179506186841, "logScale": -0.007028380229807785}