{"g1": 0.03955640336712073, "g2": 1.5428532158418111, "logK": -1.116874593802733, "loc": -0.03518821925124323, "logScale": 0.888962987028936}