{"g1": 0.02177049439898427, "g2": 7.2537914369474805, "logK": 0.35688006216823576, "loc": -0.14969216278691527, "logScale": 0.6133730822611542}