{"g1": 0.05952969756277131, "g2": 9.335146300237136, "logK": 0.9790154303837572, "loc": -0.045315017998991444, "logScale": -0.2377663212568492}