{"g1": 0.6429083857994241, "g2": 0.42162700035256717, "logK": 0.6214458480911644, "loc": -0.05956234362298557, "logScale": 0.19089575611948073}