{"g1": 0.020675405093801558, "g2": 9.860563778544051, "logK": 0.8117346089455953, "loc": 0.05421866288388831, "logScale": -0.11370363055987198}