{"g1": 0.03914240489767191, "g2": 6.223367462434371, "logK": 0.7212907894958255, "loc": 0.0686837435504012, "logScale": 0.03646639137060792}