{"g1": 0.020030914999738636, "g2": 10.023615452558849, "logK": 0.48903294512506024, "loc": -0.06869757614980887, "logScale": 0.19901037554907475}