{"g1": 0.05694027342456587, "g2": 3.3967159288519038, "logK": 0.6659421604195341, "loc": 0.1184919493848319, "logScale": 0.12503871241039155}