{"g1": 0.025987248081754424, "g2": 4.782186907153019, "logK": -1.5660549579356742, "loc": -0.005914273381077702, "logScale": 1.0137071431566478}