{"g1": 0.04096504323740059, "g2": 11.904835891030624, "logK": -2.7697066863847097, "loc": 0.0010468456574036777, "logScale": 1.1069536233587267}