{"g1": 0.1944608023149179, "g2": 0.027332660421024724, "logK": 0.9936559930447937, "loc": -0.09199550540007909, "logScale": -0.21162216123058925}