{"g1": 0.035358271257054735, "g2": 6.2381028766234525, "logK": -4.283879122393327, "loc": -0.03415820174633812, "logScale": 1.2338996105802709}