{"g1": 0.0030484189445876275, "g2": 6.964687744530811, "logK": -0.9879455187956391, "loc": -0.1092083480483688, "logScale": 1.060928633494469}