{"g1": 0.005063240430732668, "g2": 7.609826938070743, "logK": -0.0716957663178095, "loc": 0.04418117981411102, "logScale": 0.35988756864478344}