{"g1": 0.0695527574458804, "g2": 2.608531576204687, "logK": 0.4922220718476371, "loc": 0.07549641041063072, "logScale": 0.5927292459554391}