{"g1": 0.16558418076387046, "g2": 0.03427480299711583, "logK": 0.4596414737121392, "loc": 0.09574128146851185, "logScale": 0.19275454969312983}