{"g1": 0.7255218417470071, "g2": 0.03932771143317254, "logK": 0.9838073073440103, "loc": -0.11690897897216519, "logScale": -0.4887557363630553}