{"g1": 0.2215935674874197, "g2": 0.7123661211067233, "logK": 0.657583757948609, "loc": -0.1282671129948898, "logScale": 0.17412987924759402}