{"g1": 0.08293558457889694, "g2": 1.3376060994350432, "logK": 0.2926509538021369, "loc": -0.12704873950416534, "logScale": 0.44506724526423724}