{"g1": 0.037881313823270785, "g2": 10.364554304528001, "logK": 0.6654909673141787, "loc": 0.049178194614941745, "logScale": -0.12338344474936624}