{"g1": 0.05342921118897813, "g2": 0.06361530882256555, "logK": -1.817409590053893, "loc": 0.024335448300577614, "logScale": 0.9673513374543895}