{"g1": 0.7431737538568904, "g2": 0.037771926634670994, "logK": -0.1588102207101743, "loc": -0.014930833383833948, "logScale": 0.5742913827570636}