{"g1": 0.004402111854285573, "g2": 6.861072168956635, "logK": -3.6131148536467133, "loc": -0.009049187765812108, "logScale": 0.9990661609778095}