{"g1": 0.010641886830564783, "g2": 13.013925702038083, "logK": -3.3274409152119855, "loc": 0.008874686465208604, "logScale": 1.1339228275699131}