{"g1": 0.016713561882304107, "g2": 11.439928038963261, "logK": 0.7215936687170403, "loc": -0.02836508230332756, "logScale": 0.0756194211444986}