{"g1": 0.13619111887096155, "g2": 1.3482848802715752, "logK": 0.579592953859471, "loc": -0.06982911156845018, "logScale": 0.06537642357466789}