{"g1": 0.018361568608806514, "g2": 8.380668089455078, "logK": 0.8835270345927051, "loc": 0.017281185664007326, "logScale": -0.3040980576131982}