{"g1": 0.022540213818127826, "g2": 6.229661066673013, "logK": 0.9765181139791316, "loc": 0.007533738608996543, "logScale": -0.25609078265026236}