{"g1": 0.04786890982601755, "g2": 4.282822671221718, "logK": -1.2569648100319335, "loc": 0.004411073743227155, "logScale": 0.9844344701505172}