{"g1": 0.02411263086733506, "g2": 4.518031116675444, "logK": 0.8472023681869874, "loc": 0.07778836865285092, "logScale": -0.02246223334481967}