{"g1": 0.0941147853700013, "g2": 4.633785944199282, "logK": 0.37656201865549543, "loc": 0.06703688669945822, "logScale": 0.37791621942815395}