{"g1": 0.537002005313871, "g2": 0.1559592809376816, "logK": 0.3205061130187328, "loc": -0.08382965711027279, "logScale": 0.4851570251011813}