{"g1": 0.03280633041898654, "g2": 3.0248670215166342, "logK": 0.20682546326519827, "loc": -0.09090826532891295, "logScale": 0.3508244259547772}