{"g1": 0.16465410844295011, "g2": 0.023878307213884564, "logK": -1.7715976681399341, "loc": -0.1222548941220333, "logScale": 1.3115665693403755}