{"g1": 0.27369911028332905, "g2": 0.056252462827465655, "logK": 0.9840453895930081, "loc": -0.026289048559317265, "logScale": -0.07404309503157108}