{"g1": 0.004055362112667091, "g2": 6.585761514720188, "logK": 0.9184937402638709, "loc": 0.12850428001334382, "logScale": -0.048858753435882085}