{"g1": 0.0068149467700796135, "g2": 8.897330343380291, "logK": -4.234377218085589, "loc": -0.08034358207795847, "logScale": 0.952171344099401}