{"g1": 0.0321557813313423, "g2": 3.9167181172022674, "logK": 0.8727885877452358, "loc": -0.0673158436195423, "logScale": -0.27895318389471363}