{"g1": 0.01943617075680186, "g2": 8.457262285842976, "logK": -0.12624887119969974, "loc": -0.12024308731502169, "logScale": 0.734396204862034}