{"g1": 0.06561985766822193, "g2": 8.14509172291381, "logK": 0.7817012383106943, "loc": 0.10699196651994636, "logScale": -0.08820773892788963}