{"g1": 0.03155918245959405, "g2": 9.589004715482137, "logK": -1.788388207944792, "loc": -0.07766754536256626, "logScale": 0.9698495627770638}