{"g1": 0.037046283711838116, "g2": 3.049212232793861, "logK": 0.9701562521950393, "loc": 0.11447488941385535, "logScale": -0.30222605717936835}