{"g1": 0.10917943063742444, "g2": 10.070076735686989, "logK": -0.11611324548841617, "loc": -0.0010164164408373692, "logScale": 0.6410895875184632}