{"g1": 0.26206313544298465, "g2": 0.07628466381593402, "logK": 0.9769123678463434, "loc": -0.02886701933423518, "logScale": -0.2820586994130434}