{"g1": 0.05162071445626881, "g2": 3.818582461556772, "logK": 0.07410302446470762, "loc": 0.08390495924167879, "logScale": 0.22896254297385402}