{"g1": 0.034881610912249346, "g2": 8.273155761717673, "logK": 0.6649016342891607, "loc": -0.05463198880337331, "logScale": 0.10447535290579263}