{"g1": 0.02709382417627751, "g2": 13.219301030951042, "logK": 0.9699222658239139, "loc": -0.007398908210400098, "logScale": -0.24129284823429642}