{"g1": 0.0034997069598575736, "g2": 2.723977322822807, "logK": 0.6216463365171822, "loc": 0.1315405300167386, "logScale": 0.15780322578335337}