{"g1": 0.4769948221342509, "g2": 0.014398292574177629, "logK": -4.876014190731702, "loc": -0.10321238676186616, "logScale": 0.9366643091960446}