{"g1": 0.08542065874366363, "g2": 4.133708823025944, "logK": 0.8595215983891674, "loc": -0.045414745992421325, "logScale": -0.18595468643663657}