{"g1": 0.01774921437648988, "g2": 14.95206598220973, "logK": -0.5426353029864693, "loc": 0.016499973281390055, "logScale": 0.801572559334756}