{"g1": 0.9616800411898521, "g2": 0.3326977812519919, "logK": 0.9879848921753545, "loc": 0.05341027480092411, "logScale": -0.29543703375751296}