{"g1": 0.013921465290991666, "g2": 9.593490192822225, "logK": 0.3295734950129729, "loc": -0.038651669036973646, "logScale": 0.34203066481275046}