{"g1": 0.011512448897873017, "g2": 4.439876846604574, "logK": 0.993653687691981, "loc": -0.13883930990610024, "logScale": 0.004091153619630354}