{"g1": 0.011526988779037982, "g2": 3.404100441353397, "logK": -0.8868602888557007, "loc": -0.08023857603013353, "logScale": 0.8549357232083414}