{"g1": 0.14382558391454864, "g2": 11.29667990083459, "logK": 0.27858934491437193, "loc": -0.029267845401183122, "logScale": 0.5124335523883048}