{"g1": 0.030134875360115068, "g2": 3.373558650814872, "logK": 0.3090888035268903, "loc": 8.86060971491548e-05, "logScale": 0.18436609732933873}