{"g1": 0.017032577735713428, "g2": 14.456265914328526, "logK": 0.9667364331647492, "loc": -0.12319472053184873, "logScale": -0.3944094396657648}