{"g1": 0.005000489406391901, "g2": 14.840345310817051, "logK": 0.9960901484671612, "loc": -0.10527665824584008, "logScale": -0.339887012355516}