{"g1": 0.06214144316905551, "g2": 5.949532254598374, "logK": -1.7995438969896798, "loc": -0.05006073620630444, "logScale": 1.1342605372277574}