{"g1": 0.3171259546092654, "g2": 0.5483104607181062, "logK": -0.5180976359648202, "loc": 0.07470466531122955, "logScale": 0.8786602568846306}