{"g1": 0.0046187663778059496, "g2": 12.013890216441258, "logK": -3.4054601250876413, "loc": 0.07319982349213677, "logScale": 1.034966373209179}