{"g1": 0.043430612236276686, "g2": 12.780463037499326, "logK": 0.9982260760699913, "loc": -0.045268423051282994, "logScale": -0.24820380740117381}