{"g1": 0.03000456757117419, "g2": 9.310059156057319, "logK": -3.0210815197750525, "loc": -0.02785348712992087, "logScale": 1.0000071086651992}