{"g1": 0.014557848429644124, "g2": 5.477948679237153, "logK": -2.4124921456685424, "loc": 0.07584082979204586, "logScale": 0.9943250782506821}