{"g1": 0.0912085345725475, "g2": 3.02128539621677, "logK": 0.6731277078909448, "loc": -0.007349775455385565, "logScale": -0.10473714013533386}