{"g1": 0.08822833884372033, "g2": 4.786742234456412, "logK": 0.9868165049111147, "loc": 0.009824674344147036, "logScale": -0.4958666978593424}