{"g1": 0.04232979621673297, "g2": 1.8924271497310055, "logK": 0.15298594720468733, "loc": 0.010349320450006895, "logScale": 0.500916464002068}