{"g1": 0.006187419791261847, "g2": 2.3907407010360004, "logK": 0.31629010392005236, "loc": 0.07504178032601586, "logScale": 0.31763604995829475}