{"g1": 0.040983948674785414, "g2": 11.409877496890706, "logK": -0.2917715261747076, "loc": -0.0736707645897094, "logScale": 0.840652551623875}