{"g1": 0.08093301068300252, "g2": 12.649646177710565, "logK": 0.5040334213556086, "loc": -0.018636601420934543, "logScale": 0.5314351195548194}