{"g1": 0.018373964966226404, "g2": 8.808682585362924, "logK": 0.26210514297887927, "loc": -0.0006126631887259718, "logScale": 0.1991506161892064}