{"g1": 0.20294527196134035, "g2": 0.0240966109763725, "logK": -3.74930062364486, "loc": -0.06626640964367965, "logScale": 1.2244385165827574}