{"g1": 0.02234925911865432, "g2": 1.381535642739073, "logK": -3.80300931646025, "loc": 0.04473168614285866, "logScale": 1.0380337132207456}