{"g1": 0.15570582344642536, "g2": 12.258809944123518, "logK": 0.007732120150075739, "loc": -0.05046509239956393, "logScale": 0.5464114006637026}