{"g1": 0.882645088315615, "g2": 0.15729068915433594, "logK": 0.15549713179075395, "loc": -0.010357699674713033, "logScale": 0.4862441073641065}