{"g1": 0.03649162019176165, "g2": 9.376294391205496, "logK": 0.632514878372733, "loc": -0.1296551422660909, "logScale": 0.11318729523620945}