{"g1": 0.025018847752940155, "g2": 7.549524168660376, "logK": -3.8300506880548926, "loc": -0.019644361294666134, "logScale": 1.1507248695871142}