{"g1": 0.003142551069202596, "g2": 5.280085250894513, "logK": 0.5339249845459912, "loc": -0.11348898136206106, "logScale": 0.21415562032651003}