{"g1": 0.02354089113566163, "g2": 13.083846336846854, "logK": 0.8900010316639199, "loc": -0.005825527129577707, "logScale": -0.3884309636054288}