{"g1": 0.0042835669314484695, "g2": 5.878964242740794, "logK": 0.7988944400031238, "loc": 0.07835859700643974, "logScale": 0.1679512271268927}