{"g1": 0.004139945726016624, "g2": 3.680344421293253, "logK": -0.08353613168541418, "loc": 0.14789638749759498, "logScale": 0.6357434929896003}