{"g1": 0.06837517869990911, "g2": 12.919911300891563, "logK": 0.7697151062248495, "loc": -0.14097450686431048, "logScale": -0.03437040189769247}