{"g1": 0.40406258898421465, "g2": 0.18474819146006016, "logK": 0.8354544694089755, "loc": -0.0943022066290408, "logScale": 0.06572706261699657}