{"g1": 0.048753624553680014, "g2": 8.832228521701994, "logK": 0.7200408330817536, "loc": 0.011009714190901458, "logScale": -0.23662770808037017}