{"g1": 0.13923758836087508, "g2": 0.032693634860441634, "logK": -0.6773539161033508, "loc": 0.14338417893736038, "logScale": 0.9038810200741597}