{"g1": 0.0017470369508755003, "g2": 11.653801812887759, "logK": 0.12666556909533, "loc": -0.016478311311356804, "logScale": 0.44829673285583416}