{"g1": 0.03370163073022153, "g2": 1.9396963421601707, "logK": 0.8789512549058038, "loc": -0.040616082304266346, "logScale": -0.176069169919911}