{"g1": 0.06033164105340716, "g2": 6.0615828720165785, "logK": 0.6659442599000047, "loc": 0.09639596283196994, "logScale": 0.23806081594750172}