{"g1": 0.007439596836057452, "g2": 10.217708124244318, "logK": -4.096213710667868, "loc": 0.06868937496099475, "logScale": 1.0218973748845652}