{"g1": 0.09741437576167516, "g2": 14.833940867950993, "logK": 0.524242988781733, "loc": -0.033465296472711945, "logScale": 0.2521188230288455}