{"g1": 0.4925088673286403, "g2": 0.03497491605759295, "logK": 0.2118495991104853, "loc": -0.015302896231943915, "logScale": 0.36000432344476746}