{"g1": 0.09900660092819605, "g2": 1.0252481633793182, "logK": 0.999938350174742, "loc": 0.057833423381911345, "logScale": -0.24151747547676883}