{"g1": 0.07086270108732326, "g2": 5.154016617262753, "logK": 0.6365900844820259, "loc": -0.11100754954665404, "logScale": 0.11170893387891534}