{"g1": 0.031169374156587742, "g2": 0.5587496413681075, "logK": 0.7768932687929848, "loc": 0.09092752422425619, "logScale": -0.15626639819612195}