{"g1": 0.003230710089794947, "g2": 8.21100501851663, "logK": 0.9919544635320241, "loc": 0.13340889099115816, "logScale": -0.20549433099188796}