{"g1": 0.05541143218327688, "g2": 10.04101779710099, "logK": 0.8103305491414644, "loc": 0.0719780451278451, "logScale": -0.1438627728464893}