{"g1": 0.05542824926598645, "g2": 5.573465230922229, "logK": -3.6851959724766044, "loc": 0.04658266710284206, "logScale": 1.1666675229844514}