{"g1": 0.025801046981204685, "g2": 7.222294230398586, "logK": 0.8697343854236271, "loc": -0.022862913040360318, "logScale": -0.17316858127819013}