{"g1": 0.14049483798159187, "g2": 0.035239339891545374, "logK": 0.38893793609289984, "loc": -0.1182611212353701, "logScale": 0.3486568730381482}