{"g1": 0.003990814700465917, "g2": 3.066718844963334, "logK": 0.8962964582120546, "loc": 0.07899360988487492, "logScale": -0.0967238550250421}