{"g1": 0.5039610046213752, "g2": 0.027683324615720428, "logK": 0.8414281462544906, "loc": 0.05228419732885906, "logScale": -0.4421583562070903}