{"g1": 0.1143783071790519, "g2": 0.26719278360019977, "logK": 0.7221620497027126, "loc": 0.034236118811914844, "logScale": -0.003740002421793842}