{"g1": 0.006502527352424264, "g2": 6.693362692203152, "logK": 0.17050811935106047, "loc": 0.02002270648094614, "logScale": 0.5825817269038432}