{"g1": 0.0021944727776513073, "g2": 0.11865255121280516, "logK": 0.7218397475950193, "loc": -0.10494197474177297, "logScale": -0.020316533221251154}