{"g1": 0.18322682222608883, "g2": 0.26371290028638883, "logK": 0.9074595025089746, "loc": 0.02619656270863647, "logScale": -0.24541339770321258}