{"g1": 0.004536550902881437, "g2": 8.543951108089225, "logK": 0.7102728080487781, "loc": 0.007640362930972934, "logScale": 0.23170795594701565}