{"g1": 0.5487479220026236, "g2": 0.028222761008672048, "logK": -4.005346116014292, "loc": 0.14844726406128642, "logScale": 1.0722601915276337}