{"g1": 0.03984722632451945, "g2": 1.697115965174544, "logK": -0.15958011448226872, "loc": 0.061390233797736074, "logScale": 0.4826009939724555}