{"g1": 0.026879930080256378, "g2": 12.283766538830157, "logK": 0.4492285733048973, "loc": -0.1274534330308917, "logScale": 0.3383840965068473}