{"g1": 0.02021560923925753, "g2": 2.4462523047205, "logK": 0.5077430802978218, "loc": -0.00995777266374221, "logScale": 0.21049099548338995}