{"g1": 0.02262798946531605, "g2": 12.748305400880529, "logK": 0.28632988373435275, "loc": 0.08983977070635032, "logScale": 0.37890231899443433}