{"g1": 0.11948588217299595, "g2": 0.0923842320772163, "logK": -0.3952060122817102, "loc": 0.05098821450613165, "logScale": 0.7965214601490014}