{"g1": 0.08274558394619495, "g2": 5.862772781765691, "logK": 0.02345438327959154, "loc": -0.03446737217726087, "logScale": 0.3699232508901087}