{"g1": 0.05576745312761302, "g2": 5.465641131041615, "logK": -0.335790748959778, "loc": -0.03862471598906985, "logScale": 0.779489177454318}