{"g1": 0.027898652775842886, "g2": 12.629541863363386, "logK": -0.7222345887313808, "loc": -0.05762193313919728, "logScale": 0.9648905076820238}