{"g1": 0.031280347976846465, "g2": 10.182736018091438, "logK": 0.6202928966159085, "loc": -0.015088665331869746, "logScale": 0.0823144156354077}