{"g1": 0.510399189880201, "g2": 0.0884316630097004, "logK": -0.09632701304243907, "loc": -0.09572215406452982, "logScale": 0.9090232106430886}