{"g1": 0.034000592028772564, "g2": 7.672569457903883, "logK": 0.36684847930554365, "loc": -0.12169338355282452, "logScale": 0.36416482884069196}