{"g1": 0.012751892118389403, "g2": 9.336891481982693, "logK": 0.8669220304203017, "loc": -0.02364541181190977, "logScale": 0.010745446348063126}