{"g1": 0.0069283577558142545, "g2": 10.387849279538099, "logK": 0.9834342382921966, "loc": 0.02004421032218784, "logScale": -0.48830366262585695}