{"g1": 0.02355981078523796, "g2": 5.1207755060901965, "logK": -3.1112132920579585, "loc": -0.03643041315410341, "logScale": 1.2599988835060727}