{"g1": 0.31540008853478363, "g2": 0.016376769028459637, "logK": 0.9961956017757125, "loc": 0.08529671191431819, "logScale": -0.42066447582243727}