{"g1": 0.051778582699347736, "g2": 6.244480480745138, "logK": 0.9985440927200289, "loc": 0.13602722715464666, "logScale": -0.14235762533878615}