{"g1": 0.7449778742553186, "g2": 0.32465934700035065, "logK": 0.980145376265051, "loc": -0.10376450332816874, "logScale": 0.1706616963671616}