{"g1": 0.3210524598143942, "g2": 0.009280576753850966, "logK": -4.066243601032318, "loc": 0.01801064658809305, "logScale": 1.0714747675861807}