{"g1": 0.12495982390753918, "g2": 8.6913448010071, "logK": 0.6575852687193633, "loc": 0.005586781541824584, "logScale": 0.05215101680108854}