{"g1": 0.33134919517904426, "g2": 0.014387007775164148, "logK": 0.886146987599126, "loc": -0.02524616008756364, "logScale": -0.07048802605375246}