{"g1": 0.0017338024552329273, "g2": 2.624903311517827, "logK": -3.9280180456109832, "loc": -0.13592811153970938, "logScale": 1.0335894583623932}