{"g1": 0.005857347639364088, "g2": 6.755757583486839, "logK": -2.2979584504686743, "loc": -0.10985409444809445, "logScale": 0.9348908839417145}