{"g1": 0.24259411931669297, "g2": 0.17425002033608358, "logK": 0.8161926276646718, "loc": 0.07972304725867099, "logScale": -0.1458248845664173}