{"g1": 0.027686430029197382, "g2": 12.252045067755322, "logK": -3.3385172255313553, "loc": -0.13819776309759566, "logScale": 1.194784151512901}