{"g1": 0.04721220835708369, "g2": 8.11013570960582, "logK": 0.27470566465234286, "loc": 0.009205187847459866, "logScale": 0.41328571742061926}