{"g1": 0.002579487677274973, "g2": 3.43924112411078, "logK": 0.9946647681591833, "loc": -0.11755337182287036, "logScale": -0.11264461171205548}