{"g1": 0.048572097739596615, "g2": 11.195180216478146, "logK": 0.7364724014303967, "loc": -0.1485307215188875, "logScale": 0.032865638528263186}