{"g1": 0.0498546812456707, "g2": 2.029780914737376, "logK": 0.4342344665449189, "loc": 0.019525037335952483, "logScale": 0.29125333759876537}