{"g1": 0.06255852589822752, "g2": 14.265433501668818, "logK": 0.8900113774136587, "loc": 0.03814977797496937, "logScale": -0.024573951294281193}