{"g1": 0.42471849565375175, "g2": 0.04493650243222905, "logK": 0.9335096419873388, "loc": 0.0647823037750972, "logScale": -0.10483800218397121}