{"g1": 0.047544741837967086, "g2": 2.9853176489245192, "logK": -1.062334779170177, "loc": -0.030398025169046754, "logScale": 0.897021956570181}