{"g1": 0.08848894381865238, "g2": 7.551425373081409, "logK": 0.5259890563893761, "loc": -0.03698506012624386, "logScale": 0.07282764297050576}