{"g1": 0.06127435052652267, "g2": 8.28943228663705, "logK": 0.9812557694289845, "loc": -0.1062005065923701, "logScale": -0.14539440468880868}