{"g1": 0.017366956378219216, "g2": 6.8596367694253, "logK": 0.7394809832561411, "loc": -0.12467573647234151, "logScale": 0.055318885008454804}