{"g1": 0.006072433480458489, "g2": 11.32519640802565, "logK": 0.991885524875897, "loc": 0.06008346773422684, "logScale": -0.2788095410968614}