{"g1": 0.005724942099185615, "g2": 2.430717132300952, "logK": 0.1814625888753556, "loc": -0.019151142145953964, "logScale": 0.389293939191502}