{"g1": 0.26212677911522847, "g2": 0.039174673928353984, "logK": -3.1147341078130766, "loc": 0.023358023494962365, "logScale": 1.085699638646582}