{"g1": 0.0922030334959184, "g2": 10.928577100222743, "logK": 0.18919698953680622, "loc": 0.14992165242587718, "logScale": 0.7101475851047447}