{"g1": 0.03003105018293748, "g2": 11.039521689972613, "logK": -2.1966303543780565, "loc": -0.0060617030581488415, "logScale": 1.1108027964754927}