{"g1": 0.0015085110557289756, "g2": 9.68119419188484, "logK": -0.1307563354948631, "loc": -0.001499027459109088, "logScale": 0.5245438400367515}