{"g1": 0.02074286082974719, "g2": 8.445945578358604, "logK": 0.5264173898994516, "loc": -0.11620672261791493, "logScale": 0.17596846281190287}