{"g1": 0.00939078076327296, "g2": 11.411204553334688, "logK": 0.9873755323402744, "loc": -0.024925305367854114, "logScale": -0.24083708044245206}