{"g1": 0.01649102632299776, "g2": 14.538164509182401, "logK": 0.33093751351371137, "loc": -0.0021826948499666238, "logScale": 0.43297206251811476}