{"g1": 0.05189818121840514, "g2": 6.162460895700715, "logK": 0.6481540586043475, "loc": 0.004717419059856686, "logScale": -0.11788021855867525}