{"g1": 0.9752031409503341, "g2": 0.04424507920669141, "logK": 0.5754168821691343, "loc": -0.13340059240290805, "logScale": 0.3488651389467874}