{"g1": 0.0912641869642084, "g2": 1.1137962576202234, "logK": 0.966366733008243, "loc": -0.1432389260067467, "logScale": -0.0033793768282955813}