{"g1": 0.052270540521867435, "g2": 8.62463653426625, "logK": 0.8478351680973917, "loc": -0.016003969181053852, "logScale": -0.16989515376198458}