{"g1": 0.021565828744800612, "g2": 14.334067648753242, "logK": -0.14168307379085088, "loc": -0.07079050623658062, "logScale": 0.6692829273691331}