{"g1": 0.09805049493169103, "g2": 10.190149900255982, "logK": -0.567099661205838, "loc": 0.06568227818997441, "logScale": 0.9419703456751158}