{"g1": 0.0017553514732677187, "g2": 2.4717355980036224, "logK": -0.08301185580356041, "loc": 0.0249466344757419, "logScale": 0.6094125928932254}