{"g1": 0.44089362160213824, "g2": 0.04383041630416695, "logK": -1.819735309056249, "loc": -0.049522900323972996, "logScale": 0.9469481084491896}