{"g1": 0.03557827336672831, "g2": 5.784705773164374, "logK": 0.9772925541443175, "loc": 0.05408951245509443, "logScale": -0.2932420545666419}