{"g1": 0.27378249401490834, "g2": 0.050425433125943275, "logK": -4.466253966253518, "loc": 0.10403962018460584, "logScale": 1.041163600835654}