{"g1": 0.012543917463436971, "g2": 7.011441177812248, "logK": -3.285514157401456, "loc": -0.03504889994848886, "logScale": 1.143665477209447}