{"g1": 0.07989297968153508, "g2": 7.346725063303261, "logK": -0.010968280486267856, "loc": 0.03952478837792213, "logScale": 0.5356163682738606}