{"g1": 0.20368079989845464, "g2": 5.570952864982725, "logK": 0.985309474277023, "loc": 0.10218295356484682, "logScale": -0.3563708319074587}