{"g1": 0.005166428083925895, "g2": 7.705875841868255, "logK": 0.8536178574003279, "loc": 0.054998209548471746, "logScale": -0.18639222456504684}