{"g1": 0.01979691012222311, "g2": 14.555262500864023, "logK": 0.8280794005362743, "loc": 0.14111760217976058, "logScale": -0.19345861401875775}