{"g1": 0.8225838159694608, "g2": 0.05823225513074721, "logK": -3.6816040235360163, "loc": 0.0062820746246803165, "logScale": 1.2225104502687134}