{"g1": 0.04287123006199881, "g2": 10.215939197197645, "logK": 0.739090554446583, "loc": 0.017745185016438077, "logScale": 0.050724576696294044}