{"g1": 0.10014256127032842, "g2": 2.5931543120773455, "logK": 0.05701461661652596, "loc": 0.10707065003436309, "logScale": 0.4812780122397342}