{"g1": 0.175418831449583, "g2": 9.905447114890968, "logK": 0.3194913705124063, "loc": 0.11058030074864582, "logScale": 0.21811785988661114}