{"g1": 0.2400386207803934, "g2": 0.03712683374497877, "logK": 0.4469598302279817, "loc": -0.024596278194635585, "logScale": 0.15334391660142496}