{"g1": 0.06324509373048484, "g2": 0.2680373320449372, "logK": 0.9994772428590517, "loc": -0.030291143809671014, "logScale": -0.2697055557103141}