{"g1": 0.5160601179168102, "g2": 0.20142720478575615, "logK": 0.7439073509099559, "loc": -0.07236196216235796, "logScale": -0.03165546390526286}