{"g1": 0.6103797011309017, "g2": 0.1010703878218375, "logK": 0.5594834276971561, "loc": -0.09490110664945632, "logScale": 0.5636324175774661}