{"g1": 0.5289718566098042, "g2": 0.2151006776747093, "logK": -4.252304096110928, "loc": 0.12705158577826345, "logScale": 1.0987935855197664}