{"g1": 0.017966605526499826, "g2": 7.5779757762753075, "logK": 0.28280284374469383, "loc": -0.12385401961365833, "logScale": 0.4124858377914491}