{"g1": 0.018532147414237227, "g2": 5.209310204983989, "logK": 0.5455282180181402, "loc": 0.12911213986357584, "logScale": 0.1946027935535607}