{"g1": 0.4003237217534971, "g2": 0.03175134485102002, "logK": -0.7819296851047862, "loc": 0.02241148900434685, "logScale": 0.6490192381358995}