{"g1": 0.012577341091753576, "g2": 11.651744566785517, "logK": 0.9203349163801793, "loc": -0.08533665721550894, "logScale": -0.036018711407976634}