{"g1": 0.02981994278923327, "g2": 1.8719297892869524, "logK": 0.19118449716754887, "loc": -0.038678742390685895, "logScale": 0.3208455377836644}