{"g1": 0.0194651262216321, "g2": 14.275216370631785, "logK": 0.44195834299779024, "loc": -0.03574983244004251, "logScale": 0.32236671186676147}