{"g1": 0.0288557742240204, "g2": 4.538765987933307, "logK": 0.8211910343628219, "loc": -0.1239060028106895, "logScale": 0.19758264251211677}