{"g1": 0.004180049688716993, "g2": 2.8893490529130235, "logK": 0.3039672916846333, "loc": 0.0885045121827332, "logScale": 0.5557384645399817}