{"g1": 0.028865405216297955, "g2": 6.871253374808863, "logK": 0.20730211333484505, "loc": 0.06924812179182382, "logScale": 0.3851259016473441}