{"g1": 0.023055575656605366, "g2": 10.875423661175333, "logK": -2.1971718679417016, "loc": -0.05755345775090345, "logScale": 1.0556476911776838}