{"g1": 0.5514185877512195, "g2": 0.21038042561791742, "logK": -0.673495993733582, "loc": -0.14235591456705418, "logScale": 0.9124749159983581}