{"g1": 0.4259454968977789, "g2": 0.3407451593837707, "logK": 0.046091267020490656, "loc": 0.07990870804515433, "logScale": 0.4837386245923423}