{"g1": 0.020540381610569314, "g2": 4.7295301400413265, "logK": -0.024320684003796167, "loc": 0.1336705385421949, "logScale": 0.49655307593745895}