{"g1": 0.7782144090970384, "g2": 0.29345262647013654, "logK": 0.22124816513673687, "loc": 0.05693603853181192, "logScale": 0.2751222036875314}