{"g1": 0.9581623364788969, "g2": 0.055221236092614145, "logK": -0.8016752628992616, "loc": -0.09245958592638132, "logScale": 0.9359031009121426}