{"g1": 0.14095452195016955, "g2": 0.0032711510433187374, "logK": 0.6299057074514524, "loc": 0.10914766069694451, "logScale": 0.0908330206946128}