{"g1": 0.16804643934114089, "g2": 1.1839107456992495, "logK": 0.6895501520608798, "loc": -0.023173431666789056, "logScale": -0.006498186362390988}