{"g1": 0.4357073171586809, "g2": 0.2769236251247289, "logK": 0.7085707721104252, "loc": 0.10865408043642767, "logScale": 0.034302294571110226}