{"g1": 0.0391960431248753, "g2": 4.687258063151299, "logK": 0.9608127157964357, "loc": 0.08696247217439536, "logScale": 0.01365085483983142}