{"g1": 0.02630566141178264, "g2": 9.594781113280945, "logK": -3.9835904692673134, "loc": 0.03156689031718754, "logScale": 1.1292672595364508}