{"g1": 0.04123562823226852, "g2": 6.998630951993237, "logK": 0.680122856084824, "loc": 0.07556666559603153, "logScale": -0.0383786308113967}