{"g1": 0.88326039868256, "g2": 0.13725018510808207, "logK": -2.1833661393550785, "loc": 0.08039675003864244, "logScale": 0.9872951680644988}