{"g1": 0.02726357211356774, "g2": 6.73454104183429, "logK": 0.8950189681989967, "loc": 0.05279896736188861, "logScale": 0.22508973837294732}