{"g1": 0.0029849414341280994, "g2": 5.388323771491291, "logK": 0.9918419687412942, "loc": -0.09214779990057478, "logScale": -0.3264373502868433}