{"g1": 0.36872116315953374, "g2": 0.026325242106021385, "logK": -0.17389821039172437, "loc": -0.0955760204474989, "logScale": 0.8130232904130382}