{"g1": 0.02953837553329, "g2": 8.04419887122836, "logK": 0.5511161679422926, "loc": 0.04933091502517966, "logScale": -0.020933036984001323}