{"g1": 0.22232359236420596, "g2": 0.007402975743281637, "logK": 0.5241372203390322, "loc": -0.04031307918176097, "logScale": 0.019658563642021232}