{"g1": 0.014420052371250519, "g2": 7.249954919033014, "logK": -2.0595710389026762, "loc": 0.09361494815112949, "logScale": 1.093549661163991}