{"g1": 0.016143982155224258, "g2": 7.354409552627585, "logK": 0.6326091206234112, "loc": 0.002307792007697068, "logScale": 0.21673967422484242}