{"g1": 0.002773173934045331, "g2": 7.005472005549785, "logK": -0.4401328543772427, "loc": -0.04427898644149063, "logScale": 0.7195836569618893}