{"g1": 0.04192340843157748, "g2": 5.561305327178159, "logK": 0.9954425358754933, "loc": 0.009342000387816046, "logScale": -0.4615339905098038}