{"g1": 0.14969215768529015, "g2": 0.028388863813029297, "logK": -3.263164721164672, "loc": -0.043504900908380745, "logScale": 1.0655431731596097}