{"g1": 0.008667505776756151, "g2": 4.523760893324875, "logK": 0.8766113147419471, "loc": 0.06252434026473497, "logScale": -0.40940420798921834}