{"g1": 0.06318010535472196, "g2": 5.227547325370281, "logK": 0.8915440588422583, "loc": 0.10544377662003906, "logScale": -0.06930354553291762}