{"g1": 0.26484723864011306, "g2": 0.2917850193755187, "logK": 0.9229878059459558, "loc": -0.05420752492234247, "logScale": -0.15847609587165024}