{"g1": 0.024741103505301197, "g2": 8.818931524791218, "logK": -3.217853743265298, "loc": -0.004076637773152383, "logScale": 0.9659161398197512}