{"g1": 0.16505849783523907, "g2": 0.6993212748650288, "logK": 0.9914979612240158, "loc": 0.08218278851410273, "logScale": -0.28507978714461735}