{"g1": 0.0492407481872595, "g2": 2.9281830774576236, "logK": -0.6058284938068819, "loc": 0.14997652636025582, "logScale": 1.0358946298706981}