{"g1": 0.0027061032755895395, "g2": 8.09389005010463, "logK": 0.5123588902355392, "loc": 0.13554919267835813, "logScale": 0.08244761114227595}