{"g1": 0.4073064912718756, "g2": 0.025790734126820217, "logK": -0.5891732678206916, "loc": 0.05446591052305823, "logScale": 0.8545009461280624}