{"g1": 0.005028811281212374, "g2": 14.937214587706112, "logK": 0.594583104646687, "loc": -0.13518228727654918, "logScale": 0.2277887213228297}