{"g1": 0.6391400505913626, "g2": 0.03277619083459418, "logK": 0.6565538714898308, "loc": -0.004694160753670927, "logScale": 0.01446399300683926}