{"g1": 0.050710565650701867, "g2": 0.7046918565468578, "logK": 0.8173463443539405, "loc": 0.0949768759358558, "logScale": 0.09540890690257398}