{"g1": 0.03882705913307575, "g2": 0.667784631873062, "logK": 0.0143199266369054, "loc": 0.09315195372482683, "logScale": 0.7240262144648828}