{"g1": 0.06254955909981974, "g2": 2.9289081178299523, "logK": -0.1139553164061835, "loc": -0.02407431142493438, "logScale": 0.6018193859535784}