{"g1": 0.029229138883883704, "g2": 5.8530435816090245, "logK": 0.9955542452166494, "loc": -0.035952466366562186, "logScale": -0.2209434081017964}