{"g1": 0.7440613956987232, "g2": 0.5038137811917366, "logK": 0.0850475865561755, "loc": 0.1121629432387656, "logScale": 0.4315047817193173}