{"g1": 0.023389434818878438, "g2": 7.213657127093624, "logK": 0.9971923528647022, "loc": -0.11657002651200453, "logScale": -0.5358467001323741}