{"g1": 0.043425994950452435, "g2": 10.059871698589093, "logK": 0.47732839808676775, "loc": -0.04817647168546567, "logScale": 0.16277998045724668}