{"g1": 0.004624120825274219, "g2": 1.9278639087209501, "logK": 0.6877086803488099, "loc": -0.04253301946604958, "logScale": 0.040057640811103745}