{"g1": 0.02391078804415064, "g2": 14.869204588437743, "logK": 0.4556822360747026, "loc": -0.08437116571611297, "logScale": 0.30191819959384236}