{"g1": 0.06289278861340054, "g2": 3.671622533500069, "logK": 0.8241062066320283, "loc": 0.0652572137047212, "logScale": 0.18689759615935678}