{"g1": 0.06634750656957995, "g2": 11.07684426833487, "logK": -1.271290902547411, "loc": -0.07313258653203529, "logScale": 1.3314826230134866}