{"g1": 0.4191813287890187, "g2": 0.062134653250405514, "logK": 0.05556960463588473, "loc": 0.008583852378450843, "logScale": 0.37819255231590354}