{"g1": 0.11409967489151843, "g2": 10.150431711946924, "logK": 0.375077860262941, "loc": -0.07151591425754912, "logScale": 0.2948814103104569}