{"g1": 0.02025287164859342, "g2": 4.760924955364757, "logK": 0.33483298769859954, "loc": -0.10618047261812505, "logScale": 0.32574118794356227}