{"g1": 0.11517442902378075, "g2": 6.833584790037361, "logK": 0.39724426378169936, "loc": -0.14034626836823266, "logScale": 0.29708314827326376}