{"g1": 0.040702842266765134, "g2": 3.2005851137059143, "logK": 0.4421421453092904, "loc": -0.12345197718543682, "logScale": 0.6429017197590384}