{"g1": 0.026682073485219504, "g2": 2.6974299437529425, "logK": -1.399471480431049, "loc": 0.009916747107100748, "logScale": 1.1316696481083854}