{"g1": 0.5447028583437015, "g2": 0.3284722880341605, "logK": 0.9923097788043354, "loc": 0.0035799911222993974, "logScale": -0.29959629286198886}