{"g1": 0.02446009457802123, "g2": 5.89838354399604, "logK": 0.9342062962877292, "loc": -0.0422928921157057, "logScale": 0.1861114472910192}