{"g1": 0.2888256806694217, "g2": 0.006456537534268003, "logK": -2.560698075775509, "loc": -0.037445967618634717, "logScale": 0.9670539392982949}