{"g1": 0.01415397122398589, "g2": 3.134258157735394, "logK": 0.6076903898188477, "loc": -0.14935179671018228, "logScale": -0.07687161439371304}