{"g1": 0.0056685719264660955, "g2": 0.9355018179579462, "logK": -0.19594276490595042, "loc": -0.010178933118767386, "logScale": 0.7442254452996817}