{"g1": 0.04275299760092696, "g2": 11.15943723426413, "logK": 0.7362799230150306, "loc": 0.13137126417143857, "logScale": -0.01803882642569681}