{"g1": 0.030352928239697763, "g2": 9.978970400374138, "logK": 0.03599728402295477, "loc": 0.08862726435756878, "logScale": 0.6502639444106877}