{"g1": 0.062294989524882334, "g2": 9.452767823348415, "logK": 0.9591284666180502, "loc": -0.14502110519567113, "logScale": -0.11437417684877121}