{"g1": 0.5008263054201916, "g2": 0.34107403206368375, "logK": 0.9966871624248815, "loc": -0.12218926933871292, "logScale": -0.16907150613357091}