{"g1": 0.025140790730697804, "g2": 0.6986967690753401, "logK": 0.8720073598756549, "loc": 0.14803361914508495, "logScale": -0.1740351851675953}