{"g1": 0.07804113635743606, "g2": 9.331756625324152, "logK": 0.4271110055069799, "loc": -0.0006002965558822432, "logScale": 0.32172273484994246}