{"g1": 0.011606906966237358, "g2": 6.73993785119287, "logK": -0.5579161385041698, "loc": 0.030541625045751048, "logScale": 1.040984616476156}