{"g1": 0.9981964072731465, "g2": 0.06832056900000726, "logK": 0.9889014148512332, "loc": 0.06770605322835788, "logScale": -0.06215706641198615}