{"g1": 0.020189315001798144, "g2": 10.54454922725303, "logK": 0.8017388521550591, "loc": 0.06985672202774082, "logScale": 0.19023694188761464}