{"g1": 0.19171860106187377, "g2": 0.17693828014863744, "logK": 0.9820192772776006, "loc": 0.03253908552296389, "logScale": -0.3187582350449901}