{"g1": 0.575778567592919, "g2": 0.04608585808942245, "logK": 0.9388012082736531, "loc": -0.059636449812664354, "logScale": 0.2951631703358764}