{"g1": 0.019015868811942813, "g2": 8.692988224020757, "logK": 0.9526377320740483, "loc": -0.025375865330014423, "logScale": -0.5352380337741285}