{"g1": 0.39471189198141016, "g2": 0.008853595356206195, "logK": 0.986607781512773, "loc": 0.02537737798806244, "logScale": -0.2574086944446945}