{"g1": 0.16090298414109655, "g2": 0.6206331698161964, "logK": 0.5928050742197665, "loc": 0.12311426704543132, "logScale": 0.039737937667554846}