{"g1": 0.1777554942426314, "g2": 0.0509805795891497, "logK": 0.9137680680466286, "loc": 0.12392481896288939, "logScale": -0.09020949227334714}