{"g1": 0.052305362998733285, "g2": 0.3810408351676222, "logK": -0.9655367568044233, "loc": -0.14080928668794138, "logScale": 0.9207893857520173}