{"g1": 0.016302840824845195, "g2": 3.294404626494504, "logK": -4.854414408276324, "loc": -0.11314419169545187, "logScale": 1.0819990973535534}