{"g1": 0.025865598727036546, "g2": 3.5269288824545164, "logK": -3.304704015001731, "loc": 0.05683345968847259, "logScale": 1.2430073710626734}