{"g1": 0.05702589870708322, "g2": 13.231829768721298, "logK": 0.2392092088383181, "loc": -0.019325287472617303, "logScale": 0.299985523245044}