{"g1": 0.003871547594205861, "g2": 4.8456254243400805, "logK": -3.0121911528249066, "loc": 0.14082740339009103, "logScale": 1.1600095116282108}