{"g1": 0.28764536030732873, "g2": 0.017974157127336476, "logK": 0.8106547098097763, "loc": -0.027768958305952468, "logScale": -0.10963185266948172}