{"g1": 0.07302160946189801, "g2": 13.357655195029858, "logK": -3.6136479150140888, "loc": -0.03142625419806669, "logScale": 1.3411314964931946}