{"g1": 0.03780714937404103, "g2": 3.8417363207843533, "logK": 0.8335836791637462, "loc": 0.08406148795640545, "logScale": 0.07151325318217036}