{"g1": 0.03206608474473023, "g2": 0.294702282280233, "logK": 0.8258360415981127, "loc": 0.12683141809158927, "logScale": -0.33404225672551624}