{"g1": 0.0826169777322661, "g2": 0.04914856250869448, "logK": 0.8479803879017569, "loc": -0.0163973179604594, "logScale": -0.1510483447504436}