{"g1": 0.023184459779950373, "g2": 8.166345796138966, "logK": -3.6190269829318717, "loc": 0.046273852170680724, "logScale": 1.0272090274959542}