{"g1": 0.019471804748765587, "g2": 10.499916401940284, "logK": -3.683463997476085, "loc": 0.013483888326696662, "logScale": 1.0511454871496295}