{"g1": 0.6135707311994721, "g2": 0.01250305233521587, "logK": -0.30399026417041586, "loc": -0.05982837125887456, "logScale": 0.5216063151783565}