{"g1": 0.10259036449499537, "g2": 10.616030208502034, "logK": 0.6192370912170473, "loc": -0.04790822510176752, "logScale": 0.2432960819577773}