{"g1": 0.03437080692916744, "g2": 7.565946769562481, "logK": -2.6826842131291873, "loc": -0.016768699739882393, "logScale": 1.3811930185272374}