{"g1": 0.03618448351001924, "g2": 3.714080038261143, "logK": 0.038163104635409395, "loc": 0.07274369105967779, "logScale": 0.5159388310802009}