{"g1": 0.020750630106892043, "g2": 9.178526602889193, "logK": 0.9038015404276547, "loc": 0.050487522822504995, "logScale": -0.040331454982408976}