{"g1": 0.6777969290030221, "g2": 0.07794038091999583, "logK": 0.7949961744910411, "loc": 0.12569151930205583, "logScale": -0.034058498766185386}