{"g1": 0.6726830833076488, "g2": 0.025820148691582445, "logK": -0.1989029220935632, "loc": -0.03710719120128872, "logScale": 0.36860100231901033}