{"g1": 0.005934000114897213, "g2": 6.735056713464479, "logK": 0.9696496273758141, "loc": 0.09956436396554377, "logScale": -0.2522868228037898}