{"g1": 0.060899724121488974, "g2": 10.277374804038885, "logK": 0.7337156641679214, "loc": -0.07779870818420213, "logScale": 0.042485306630520615}