{"g1": 0.05346464444263676, "g2": 3.2405923471942373, "logK": -0.09358475245721642, "loc": -0.12432049893709483, "logScale": 0.5495137833176874}