{"g1": 0.039560360255059754, "g2": 13.114639707236257, "logK": -2.0390022268710775, "loc": -0.07583681129454516, "logScale": 1.0733812363741164}