{"g1": 0.035464884533664885, "g2": 4.000807415400214, "logK": 0.5113004072555597, "loc": -0.06363072513349458, "logScale": 0.34074079065040885}