{"g1": 0.03457009945523381, "g2": 13.886785463484834, "logK": -4.245397192318163, "loc": 0.02338228930253564, "logScale": 1.2306365127346757}