{"g1": 0.0034823037830496034, "g2": 6.271338303041907, "logK": 0.9991564325060446, "loc": -0.06185877611562637, "logScale": -0.17521696015237292}