{"g1": 0.03619134898164045, "g2": 14.48202423324832, "logK": 0.7499299454189505, "loc": -0.09530523309409078, "logScale": -0.032816233682481655}