{"g1": 0.7668645564807278, "g2": 0.03195245624568632, "logK": -0.04188055685965553, "loc": -0.015375314710722274, "logScale": 0.6181867981100325}