{"g1": 0.001996538304632367, "g2": 3.5725399235786064, "logK": -0.11821747719849585, "loc": -0.10042477939818734, "logScale": 0.7924010604672882}