{"g1": 0.058399953545906685, "g2": 2.759724835840233, "logK": 0.9116730967823619, "loc": -0.030154062516749756, "logScale": -0.2401070182155522}