{"g1": 0.5800639271461467, "g2": 0.2299924539508277, "logK": 0.9973711695392291, "loc": -0.0964698961064697, "logScale": -0.36298451748057736}