{"g1": 0.5330228659778687, "g2": 0.01817448481360412, "logK": -0.1723717416444095, "loc": 0.11337117624513227, "logScale": 0.7115081397997908}