{"g1": 0.28902743699961153, "g2": 0.039039787768868184, "logK": 0.919056050768096, "loc": -0.11162444617849857, "logScale": -0.106367316342155}