{"g1": 0.05642424656931989, "g2": 0.8220350614935477, "logK": 0.79275761870827, "loc": 0.10736002425078645, "logScale": -0.06518323599608916}