{"g1": 0.001323605530352094, "g2": 0.9825180237263057, "logK": 0.43300381958624656, "loc": -0.06372194280864897, "logScale": 0.30928815380722263}