{"g1": 0.08369966887818439, "g2": 10.731523112998053, "logK": 0.8978951680820613, "loc": -0.039204442576030694, "logScale": 0.23754286864693258}