{"g1": 0.05446036871574676, "g2": 9.820563714430548, "logK": 0.9790128382563346, "loc": -0.05856707121856788, "logScale": -0.35224959440821335}