{"g1": 0.016436205400825042, "g2": 3.6849236472073885, "logK": -3.731713224677473, "loc": 0.11674874500568841, "logScale": 1.008694833833179}