{"g1": 0.025172351124273722, "g2": 8.152252701939096, "logK": 0.4144880488743105, "loc": -0.12596215059666283, "logScale": 0.5109273175832472}