{"g1": 0.39553419544022417, "g2": 0.27870838655324515, "logK": 0.8541488778024565, "loc": 0.03209709533484628, "logScale": 0.07725025455567788}