{"g1": 0.5090911732225318, "g2": 0.08416466850908666, "logK": 0.6973829141189143, "loc": 0.08802206354051478, "logScale": -0.0699698859921577}