{"g1": 0.13650155657554938, "g2": 0.4849606929441105, "logK": 0.9898559929994124, "loc": -0.10739213033104916, "logScale": 0.11751491380510148}