{"g1": 0.005732314775658942, "g2": 7.001103579185393, "logK": 0.9785469300810604, "loc": -0.08193655901315595, "logScale": -0.226608641902392}