{"g1": 0.01678658699432589, "g2": 7.891121993409248, "logK": -1.7466056597584827, "loc": 0.09636727458568173, "logScale": 0.969874823967637}