{"g1": 0.0767374407548321, "g2": 3.1822436143489945, "logK": 0.8019877421412882, "loc": 0.142611487289059, "logScale": -0.16228789640191688}