{"g1": 0.06125634099399464, "g2": 3.6435434218712617, "logK": 0.42923754783392387, "loc": -0.06633134747262408, "logScale": 0.2577377351812308}