{"g1": 0.1469836523900964, "g2": 8.788796457216863, "logK": 0.7012280454756232, "loc": 0.12169919987546494, "logScale": -0.013022095321155613}