{"g1": 0.08910626774485553, "g2": 11.10641079315149, "logK": 0.803452640996237, "loc": -0.02069921410249044, "logScale": 0.1764602572495274}