{"g1": 0.11573976761875242, "g2": 8.612914008056457, "logK": 0.9891732665675637, "loc": -0.1323354777871435, "logScale": -0.06455277947013649}