{"g1": 0.38067966328568387, "g2": 0.008726970140548115, "logK": 0.6540715862100311, "loc": -0.042384226465788044, "logScale": 0.16299694382862662}