{"g1": 0.025567482000426106, "g2": 0.05501393395333867, "logK": 0.9772831496375153, "loc": -0.03675659037711467, "logScale": -0.2860790556353774}