{"g1": 0.13185811075933873, "g2": 0.053095781166059286, "logK": -0.15307864247342878, "loc": -0.05790454302442054, "logScale": 0.7006719111883263}