{"g1": 0.06391765199330918, "g2": 13.79864549097919, "logK": -0.12247363201051065, "loc": -0.021999161136037167, "logScale": 0.5427332673293841}