{"g1": 0.017652679594980264, "g2": 2.005847466292109, "logK": -3.1533966648719556, "loc": -0.13415664056481705, "logScale": 0.9877382357507452}