{"g1": 0.7687509973506983, "g2": 0.26719049647330284, "logK": 0.8355912270611732, "loc": 0.05265800534510028, "logScale": -0.18248047861123395}