{"g1": 0.018424442949041137, "g2": 2.847886905542214, "logK": 0.3442474415548331, "loc": -0.11616152869528457, "logScale": 0.3467818494418558}