{"g1": 0.05824394615476139, "g2": 0.026933217436314827, "logK": -3.0279622273651383, "loc": -0.07131875347340912, "logScale": 1.3144207830346646}