{"g1": 0.9188811380058486, "g2": 0.06830421923009755, "logK": -4.388571487676633, "loc": -0.13761910903460378, "logScale": 1.1981495744770392}