{"g1": 0.6245860228928166, "g2": 0.16936275244370164, "logK": 0.8850824179060275, "loc": 0.009962533791340156, "logScale": -0.15547814755732003}