{"g1": 0.005346778656278122, "g2": 6.285852128151879, "logK": -4.985985930811982, "loc": 0.04969319645305117, "logScale": 1.037394447291222}