{"g1": 0.02622559986858955, "g2": 8.558396906880146, "logK": 0.5772726950886959, "loc": 0.12168270235949472, "logScale": 0.028785796326588522}