{"g1": 0.013729712427959865, "g2": 5.268222030343094, "logK": 0.7652452867001847, "loc": 0.06250093798878839, "logScale": 0.2888352010240634}