{"g1": 0.06190753782179409, "g2": 0.12749981912271502, "logK": -3.4686234256339934, "loc": 0.01510584650642237, "logScale": 1.0872096043210884}