{"g1": 0.07876684045115223, "g2": 5.4966072812651054, "logK": 0.8282857283072469, "loc": 0.149965279037293, "logScale": -0.09622510031899689}