{"g1": 0.05042096042051404, "g2": 6.440932512056042, "logK": -2.561803846754232, "loc": 0.06114862651828688, "logScale": 0.9996752331342457}