{"g1": 0.037259907997672495, "g2": 0.03925688661009111, "logK": 0.13423076915809684, "loc": 0.12134766893217964, "logScale": 0.6785932572583934}