{"g1": 0.004992553350155162, "g2": 10.707594054613574, "logK": 0.004647279068187293, "loc": 0.09282614083411943, "logScale": 0.5234390826546566}