{"g1": 0.09592971085028558, "g2": 5.34891394069268, "logK": 0.8374666013069434, "loc": 0.07693192990219608, "logScale": -0.08072005370696857}