{"g1": 0.9705157544975367, "g2": 0.03200352016459773, "logK": -3.9914183871986917, "loc": 0.05516165348291361, "logScale": 1.1559459408194546}