{"g1": 0.2959333305956325, "g2": 0.03543882745510829, "logK": 0.979816618546989, "loc": 0.05809181539892112, "logScale": -0.27794328683784775}