{"g1": 0.002703532947775881, "g2": 12.89663516637816, "logK": -0.3183044482045746, "loc": -0.006046193833923588, "logScale": 0.6613871047786122}