{"g1": 0.05781077951302352, "g2": 9.129343933143563, "logK": 0.17065717794546392, "loc": 0.1182486101813701, "logScale": 0.4946964424484802}