{"g1": 0.01976130873440688, "g2": 1.6784579488686577, "logK": 0.08888576739029153, "loc": -0.014502180037374572, "logScale": 0.3732330344663485}