{"g1": 0.3753021500227723, "g2": 0.17929827407919313, "logK": 0.5923195564016027, "loc": -0.01630281985628046, "logScale": -0.22324316746616102}