{"g1": 0.5430777272454841, "g2": 0.05417460617049863, "logK": -2.772161693125702, "loc": -0.042569909091679785, "logScale": 1.0031517241995}