{"g1": 0.01830696455136368, "g2": 11.983206285422185, "logK": -2.6843595192502727, "loc": 0.06966483018682275, "logScale": 0.9053704138688573}