{"g1": 0.009664333704244226, "g2": 10.789684659463768, "logK": -4.570582580306432, "loc": 0.06415931408628574, "logScale": 1.0053911799759092}