{"g1": 0.05762830929738311, "g2": 11.522988059518935, "logK": 0.1833181231555072, "loc": 0.0832674619529175, "logScale": 0.34615377476322046}