{"g1": 0.018378328146593407, "g2": 4.054257260490532, "logK": -2.560377998387623, "loc": 0.014689024713570448, "logScale": 1.2007188950015677}