{"g1": 0.014386584602749778, "g2": 7.161693301280057, "logK": 0.2830766437396995, "loc": -0.14840381042166123, "logScale": 0.3433711141038044}