{"g1": 0.14499614402285413, "g2": 0.6779352289384483, "logK": 0.5525851606721439, "loc": 0.14173009351446597, "logScale": 0.08888091433828582}