{"g1": 0.028795425780618555, "g2": 8.92445166218586, "logK": -4.517333021719859, "loc": 0.029724402255416213, "logScale": 1.0593571971552267}