{"g1": 0.047333118775132244, "g2": 0.6549473707062865, "logK": 0.1454547495648597, "loc": -0.07308824266389496, "logScale": 0.49410769156745316}