{"g1": 0.0033673633907219877, "g2": 4.674510471155211, "logK": 0.5694508982149722, "loc": 0.06447166132033777, "logScale": 0.18131031359177952}