{"g1": 0.5704408765925282, "g2": 0.10983626252549694, "logK": 0.9370663355267417, "loc": 0.020529332906566326, "logScale": -0.20915601135741135}