{"g1": 0.13760554604986452, "g2": 8.628985463817461, "logK": 0.5810764981161012, "loc": -0.018096543892694078, "logScale": -0.06794808097844107}