{"g1": 0.8895119167628295, "g2": 0.016584172920468987, "logK": 0.8241084533241975, "loc": -0.12879883538877873, "logScale": 0.07890355765112578}