{"g1": 0.024081450260801274, "g2": 7.196138453316838, "logK": -3.9531575173301565, "loc": -0.09035523371265995, "logScale": 0.9681170142721572}