{"g1": 0.0040022906737862685, "g2": 6.744612833644378, "logK": 0.8435717292512068, "loc": -0.021556855574253873, "logScale": -0.11214532085371332}