{"g1": 0.7960036796627975, "g2": 0.018087159019151575, "logK": -2.5754593999004562, "loc": -0.04270923467946772, "logScale": 0.9830520834486369}