{"g1": 0.020039430453109304, "g2": 3.7846952110883976, "logK": 0.6085422017288364, "loc": -0.03214082252289332, "logScale": -0.04261515094156152}