{"g1": 0.06462718023371557, "g2": 9.549950102135929, "logK": 0.9960829896105475, "loc": 0.10513308094170593, "logScale": -0.16945365787719124}