{"g1": 0.37511346824028446, "g2": 0.008485247282626396, "logK": -0.11138225548556568, "loc": -0.010572633785982777, "logScale": 0.5371448432504984}