{"g1": 0.06719301118554472, "g2": 10.971111033296102, "logK": 0.741640470748409, "loc": -0.05923059915143811, "logScale": -0.18595484742449303}