{"g1": 0.42111446127865554, "g2": 0.029405002765056164, "logK": -1.3081449953260949, "loc": -0.1303381387843376, "logScale": 0.979167615135868}