{"g1": 0.006545346566391812, "g2": 4.7412318643651705, "logK": -4.932061978418839, "loc": 0.08727521974328356, "logScale": 0.93079164528112}