{"g1": 0.03154249806013243, "g2": 13.963838531261327, "logK": -0.8234273500359872, "loc": 0.04093231149880937, "logScale": 0.8661446855494686}