{"g1": 0.7721538884245878, "g2": 0.025047635271746582, "logK": 0.12202383110871617, "loc": -0.1387430611431249, "logScale": 0.5570403352306953}