{"g1": 0.02248000661628563, "g2": 14.419458401966518, "logK": 0.909444839368022, "loc": 0.05100436707736499, "logScale": -0.17247278399504268}