{"g1": 0.03572769088207879, "g2": 10.64459381381409, "logK": -0.7611262977382447, "loc": -0.05238074244030249, "logScale": 0.9105991346655448}