{"g1": 0.10818923368336318, "g2": 0.9734848452620825, "logK": 0.3108818989377982, "loc": -0.12932301720665815, "logScale": 0.5532080630766711}