{"g1": 0.05520606305259032, "g2": 0.026607846783007608, "logK": -4.74036137486514, "loc": 0.07043432860427253, "logScale": 1.0753466409493975}