{"g1": 0.023233238155266754, "g2": 4.371787160889445, "logK": -2.260954888492287, "loc": 0.10220954593812386, "logScale": 1.1342096290770443}