{"g1": 0.017609140908932473, "g2": 5.030071743927311, "logK": -0.1956286939338109, "loc": -0.08998264303789781, "logScale": 0.7735432349143857}