{"g1": 0.02341373039299667, "g2": 0.448041941541126, "logK": 0.6742873037107378, "loc": 0.1495496861986325, "logScale": -0.03163686821318866}