{"g1": 0.46053915656484296, "g2": 0.6302897356433657, "logK": 0.7813116331269154, "loc": -0.0768521700897818, "logScale": 0.002987863354328102}