{"g1": 0.008059473640093948, "g2": 4.058027239042323, "logK": 0.9916377688843213, "loc": -0.06730899126558254, "logScale": -0.06256316103093162}