{"g1": 0.02192117845692485, "g2": 3.049276129492561, "logK": 0.8807137622140746, "loc": -0.002262171126209886, "logScale": -0.13545769227145021}