{"g1": 0.028969533421364775, "g2": 9.108895920092223, "logK": -1.2000650574492617, "loc": -0.011338120312964259, "logScale": 0.8569530821460827}