{"g1": 0.015083294346493498, "g2": 14.940290306282826, "logK": -2.4687791382001, "loc": 0.08778763349772675, "logScale": 0.9726058322555596}