{"g1": 0.016512298696256866, "g2": 10.218531687241388, "logK": -3.707008909844059, "loc": 0.024503198185491876, "logScale": 1.0277670933888658}