{"g1": 0.046245407251724754, "g2": 0.04527792247887902, "logK": 0.7559623556470421, "loc": -0.12064751934756304, "logScale": 0.20343968438740456}