{"g1": 0.01967018200522179, "g2": 0.9481092780367331, "logK": 0.3797870160862292, "loc": 0.1179143958074439, "logScale": 0.21731195269990738}