{"g1": 0.04917399813125689, "g2": 3.752639301422279, "logK": 0.15150770170432998, "loc": -0.1240707049621802, "logScale": 0.4396102431579926}