{"g1": 0.6584047032601554, "g2": 0.11033514981780242, "logK": 0.6263336374848858, "loc": 0.12421153255788744, "logScale": 0.16110105677957642}