{"g1": 0.024635709768589312, "g2": 0.43117044008933947, "logK": -2.2378591055466677, "loc": 0.11295621603233794, "logScale": 1.0678360628678867}