{"g1": 0.04953302117962417, "g2": 1.5273240317048142, "logK": 0.9960633386181367, "loc": 0.08814166700977244, "logScale": -0.2924146054997848}