{"g1": 0.013757223599787281, "g2": 12.280136260600576, "logK": 0.9785605690381298, "loc": -0.0798782406170574, "logScale": -0.23370725448715218}