{"g1": 0.7802431227433466, "g2": 0.014173427124781424, "logK": 0.32157390987785767, "loc": 0.038844412908200295, "logScale": 0.3689449324014515}