{"g1": 0.4806867600949292, "g2": 0.04153576683595572, "logK": -2.648009233714639, "loc": 0.06961237736935819, "logScale": 1.1414083712884366}