{"g1": 0.0024111614269694895, "g2": 10.178437374745409, "logK": -0.01877988461826552, "loc": -0.08872527224661175, "logScale": 0.526885506962454}