{"g1": 0.28072540544213165, "g2": 0.04067053804154819, "logK": -3.6878654792528844, "loc": -0.0507637738861015, "logScale": 1.3794818366518167}