{"g1": 0.990576401274435, "g2": 0.03678487376760904, "logK": -0.9299838207553272, "loc": 0.14206765744639518, "logScale": 0.8980574924011437}