{"g1": 0.02701765589976693, "g2": 5.083360387770732, "logK": 0.4147706537765972, "loc": 0.018291487019147092, "logScale": 0.17575116311797118}