{"g1": 0.09126287567343477, "g2": 0.3527576974770268, "logK": -0.4711225171145285, "loc": 0.02587209723961106, "logScale": 0.8948853850385949}