{"g1": 0.5185887616253347, "g2": 0.34052359243853103, "logK": -0.2317642916914997, "loc": -0.1497886946092742, "logScale": 0.8671994520595041}