{"g1": 0.005688692114289948, "g2": 0.39121890350654753, "logK": -4.910649596770691, "loc": 0.1447586460867538, "logScale": 0.9574963423988789}