{"g1": 0.010420341218625954, "g2": 11.382245789456302, "logK": 0.9985582411594145, "loc": -0.04975242905675909, "logScale": -0.318222419791819}