{"g1": 0.06637818684638791, "g2": 5.391217179328261, "logK": 0.7746572455804581, "loc": 0.013721005769703868, "logScale": 0.05978133473869096}