{"g1": 0.044853883546925453, "g2": 7.3409622913222705, "logK": 0.8963106144120804, "loc": -0.05049235574841686, "logScale": -0.3967345528847054}