{"g1": 0.13578334683393933, "g2": 11.120264991597121, "logK": 0.987425445244563, "loc": 0.1306748057605467, "logScale": -0.42576539625236975}