{"g1": 0.05117585700285086, "g2": 9.796492144700927, "logK": 0.9639523928145826, "loc": 0.04360223858353247, "logScale": -0.14969508014439148}