{"g1": 0.0024610502875318753, "g2": 14.96612845997665, "logK": 0.34803396384135166, "loc": -0.01847229118436538, "logScale": 0.17010668803149065}