{"g1": 0.14539933276317474, "g2": 0.036761118541194904, "logK": 0.47557731686520577, "loc": 0.10272248564389522, "logScale": 0.02716476650699845}