{"g1": 0.09457000262788402, "g2": 13.96830681365096, "logK": 0.4751863104632247, "loc": -0.01657945577370288, "logScale": 0.360330164703174}