{"g1": 0.03376528691039155, "g2": 7.601547839479087, "logK": 0.9875052639585737, "loc": -0.06380913256949307, "logScale": -0.03507781295709428}