{"g1": 0.03708456371255363, "g2": 3.020016024968254, "logK": -4.205405062678782, "loc": -0.005296605777359299, "logScale": 1.0280946814588936}