{"g1": 0.0026515459226530355, "g2": 10.464267173128519, "logK": -2.206043203428343, "loc": -0.10964861810334238, "logScale": 0.9662984807709347}