{"g1": 0.9563285812347103, "g2": 0.02929376814949347, "logK": -0.42471200509079843, "loc": -0.09803877465551854, "logScale": 0.7833408472812377}