{"g1": 0.05372813754362043, "g2": 8.778230355608631, "logK": 0.16731012736444573, "loc": 0.07570361793283531, "logScale": 0.4750774604336343}