{"g1": 0.009152575649614678, "g2": 2.4215003039790037, "logK": -0.22067144667036231, "loc": 0.024245441852580124, "logScale": 0.7089490033147676}