{"g1": 0.7745282903497592, "g2": 0.0511262680564859, "logK": -2.6867635681209765, "loc": -0.13560952276860294, "logScale": 1.1991935600245838}