{"g1": 0.02105551982474417, "g2": 2.923930791801953, "logK": -3.998164167295697, "loc": -0.0532079562406234, "logScale": 1.0222154375466326}