{"g1": 0.052082316733380804, "g2": 4.403371311634442, "logK": 0.978505229956259, "loc": 0.04017028777902497, "logScale": -0.29351778916901117}