{"g1": 0.014839199001906916, "g2": 6.9815585295849125, "logK": -0.7079253787810946, "loc": 0.04445030458473943, "logScale": 0.8334254532035739}