{"g1": 0.07522503984041418, "g2": 13.844153646087124, "logK": -0.49807196250889874, "loc": -0.061373842585339934, "logScale": 0.8729281452454645}