{"g1": 0.04877692705198568, "g2": 0.39099145482262576, "logK": 0.6953811942575827, "loc": 0.02526230809154785, "logScale": 0.30130009779827804}