{"g1": 0.028586628046496376, "g2": 13.812801170429315, "logK": 0.6609248328532058, "loc": -0.13023850499953765, "logScale": -0.17738109996170037}