{"g1": 0.006185300943319642, "g2": 13.700378927457068, "logK": -4.645002825735698, "loc": -0.10750080773754522, "logScale": 1.0169958046984602}