{"g1": 0.04030173170305812, "g2": 14.900301690383023, "logK": -0.9691131018176009, "loc": 0.06302231254665946, "logScale": 0.8656521387687429}