{"g1": 0.006393943698963302, "g2": 5.160380401508382, "logK": -3.79709132046199, "loc": -0.03271845826204452, "logScale": 0.9808333227524062}