{"g1": 0.3865621723134013, "g2": 0.1522573157029239, "logK": -0.34616894720181635, "loc": -0.023516778829878, "logScale": 0.7392347014271461}