{"g1": 0.02368484558500496, "g2": 1.1551961008327054, "logK": 0.07030360730710628, "loc": -0.0865198597484266, "logScale": 0.3649624681450124}