{"g1": 0.08468313314153965, "g2": 4.914442646705504, "logK": 0.9612120064417464, "loc": 0.034603581311920956, "logScale": -0.15357350514215906}