{"g1": 0.05049979781044593, "g2": 6.51545956778098, "logK": 0.47525727059899425, "loc": -0.10224934188546456, "logScale": 0.4607575411492404}