{"g1": 0.04318502206023664, "g2": 8.090955237687297, "logK": -3.6978173892242614, "loc": 0.06318832928165803, "logScale": 1.00750376338332}