{"g1": 0.9167215394385291, "g2": 0.10260776766110524, "logK": -3.743983678670391, "loc": -0.043870077607303395, "logScale": 1.1448536475469169}