{"g1": 0.11193843960734379, "g2": 0.034555787715914055, "logK": 0.9917878844777617, "loc": -0.021004176086323705, "logScale": -0.072373096406253}