{"g1": 0.12261324400852494, "g2": 14.630698997985867, "logK": 0.7104628888305224, "loc": -0.009876053769701295, "logScale": -0.026174099307328058}