{"g1": 0.07133002459902128, "g2": 4.827695311805081, "logK": 0.5443846335584195, "loc": -0.08134125658764078, "logScale": 0.20829894746392563}