{"g1": 0.9077820229604847, "g2": 0.022761566565664637, "logK": 0.882810320533811, "loc": -0.04372148950213857, "logScale": 0.09884255592750663}