{"g1": 0.0034151762558647103, "g2": 0.9418600767166952, "logK": 0.6998173852991534, "loc": -0.022738432729310427, "logScale": 0.04618855628836416}