{"g1": 0.03148263614645601, "g2": 4.26529862788475, "logK": 0.19251426130957136, "loc": -0.08005258350087668, "logScale": 0.4354250404203238}