{"g1": 0.8152392776338137, "g2": 0.022380620587319038, "logK": -3.3315150270139053, "loc": -0.09541236275394077, "logScale": 1.2392138572363156}