{"g1": 0.11587200030213218, "g2": 10.987100387215873, "logK": 0.7690752523780366, "loc": -0.07994182304903798, "logScale": 0.05271416420610531}