{"g1": 0.024337756572740038, "g2": 6.13277057193501, "logK": 0.3863003214529993, "loc": -0.051906366071895735, "logScale": 0.17235124901088944}