{"g1": 0.030187441323874784, "g2": 0.8648917651823655, "logK": 0.3645134290923213, "loc": 0.031558643591169715, "logScale": 0.2946197531389675}