{"g1": 0.9203120187416978, "g2": 0.07428229126786169, "logK": -4.767895972700855, "loc": -0.10183010921542858, "logScale": 0.9944478177814841}