{"g1": 0.03032075938694309, "g2": 4.974866781334077, "logK": -1.936840837014096, "loc": -0.009705624330306827, "logScale": 1.399133746821445}