{"g1": 0.07394667608929453, "g2": 1.4709529678425288, "logK": 0.8877233979351965, "loc": -0.11470999326083978, "logScale": 0.045016275651176885}