{"g1": 0.0028003781493513014, "g2": 6.524777884845629, "logK": 0.8756677674607318, "loc": 0.04431018574138974, "logScale": 0.3129159832556635}