{"g1": 0.9044070613811018, "g2": 3.8315049837591335, "logK": -2.9226680190549, "loc": -0.0070863750435907775, "logScale": -3.386208972314226}