{"g1": 0.2509659434080027, "g2": 0.5134665835410369, "logK": -0.1270204138204905, "loc": -0.035124626477032656, "logScale": 0.7271836629203521}