{"g1": 0.017183888854548454, "g2": 8.917234531768454, "logK": -2.3346110036604015, "loc": 0.14400267595236352, "logScale": 1.328475571308492}