{"g1": 0.0035299300252973898, "g2": 5.064861246262752, "logK": 0.9650458403857574, "loc": -0.06726640645550924, "logScale": 0.360693226251684}