{"g1": 0.7364793611070239, "g2": 2.7131066263995938, "logK": -0.4403616810402121, "loc": -0.025656592209453318, "logScale": -2.9059213144240434}