{"g1": 0.9588031604879584, "g2": 8.340652831974001, "logK": -4.370301444424172, "loc": 0.012253172610639164, "logScale": -2.6622066869642365}