{"g1": 0.6487146012605456, "g2": 13.773493733979365, "logK": -1.235563329289928, "loc": 0.001773112317727088, "logScale": -3.028856499381501}