{"g1": 0.016471295829717927, "g2": 14.993646990459997, "logK": 0.4495518500853636, "loc": -0.14548689399229794, "logScale": 0.6490137994424156}