{"g1": 0.7934390588756729, "g2": 9.283319646298933, "logK": 0.7442632537607581, "loc": -0.008635481689460076, "logScale": -3.494416283933695}