{"g1": 0.6417403665399942, "g2": 3.6585958456135756, "logK": -0.7919454675325462, "loc": -0.014816573573165659, "logScale": -3.9807156126286083}