{"g1": 0.7027778537099285, "g2": 2.3746103286947218, "logK": -3.6281883039336167, "loc": 0.011748462072564567, "logScale": -3.5344997144612345}