{"g1": 0.6243649596287248, "g2": 13.426247177904187, "logK": -3.3306636531750615, "loc": -0.0056089817211210855, "logScale": -3.969043066404151}