{"g1": 0.8847835954331245, "g2": 13.06009812918024, "logK": 0.6173733733671614, "loc": -0.0454582899710697, "logScale": -3.555329100415233}