{"g1": 0.8183164814822327, "g2": 10.575718190172424, "logK": -2.732146879619114, "loc": -0.0005312294861037553, "logScale": -3.8248655877129663}