{"g1": 0.569899725982706, "g2": 11.227474333731564, "logK": -1.8438742990573833, "loc": 8.413435117344409e-05, "logScale": -3.926651570159485}