{"g1": 0.7933326529055189, "g2": 8.577097376091784, "logK": -4.092931002169707, "loc": -0.015983301776845205, "logScale": -3.9884924661612624}