{"g1": 0.7743293997775144, "g2": 12.326937003390254, "logK": 0.7011234907995927, "loc": -0.055967349693246335, "logScale": -3.4786629601183026}