{"g1": 0.5521838717191442, "g2": 7.379244835060192, "logK": -2.1112628292131466, "loc": 0.000448040591123168, "logScale": -2.693034109335661}