{"g1": 0.06447962607522914, "g2": 1.1719841161433062, "logK": 0.9853933826246806, "loc": -0.11599160271810273, "logScale": 0.23129142939115144}