{"g1": 0.4330435397169186, "g2": 6.903552917560278, "logK": -2.100690522344099, "loc": -0.003099293404917024, "logScale": -3.8781840603132602}