{"g1": 0.0073567784566112016, "g2": 3.6277561347109355, "logK": -0.6340468377616132, "loc": 0.04699028027369083, "logScale": 1.364968087567323}