{"g1": 0.854929934762681, "g2": 3.1545583529439085, "logK": 0.9857749844512971, "loc": -0.14181242208378814, "logScale": 0.037420289197619534}