{"g1": 0.818975140521215, "g2": 6.989238672108282, "logK": -4.571961132747292, "loc": 0.0020195018298060884, "logScale": -3.9907298244891156}