{"g1": 0.1645067297460311, "g2": 14.52583003149066, "logK": -1.8457663261845503, "loc": 0.00289821846223034, "logScale": -3.9763756931079737}