{"g1": 0.014980467702747025, "g2": 8.29831270241836, "logK": 0.6524253754338774, "loc": -0.1371950217468566, "logScale": 0.2985657775881376}