{"g1": 0.9482327905172284, "g2": 2.8055483086491946, "logK": -2.5031803002390474, "loc": 0.001931821094167324, "logScale": -3.9947186446287644}