{"g1": 0.7998245256672434, "g2": 7.429868913466216, "logK": -3.6998281430772098, "loc": 0.001672143176079199, "logScale": -3.9799422605797163}