{"g1": 0.09444269550312762, "g2": 2.2544687098021337, "logK": 0.9780417572003091, "loc": -0.14964805051112476, "logScale": 0.8319371240673629}