{"g1": 0.8000773401505099, "g2": 10.188528081471773, "logK": 0.9465517289720038, "loc": -0.01596334729469858, "logScale": -3.821397673967971}