{"g1": 0.9683147073700962, "g2": 3.0067902975530085, "logK": -0.5623788310029131, "loc": -0.005491095824955447, "logScale": -3.1973172368964646}