{"g1": 0.511953301229589, "g2": 7.8056369692697, "logK": -1.2357723497312099, "loc": -0.016447962295930423, "logScale": -3.990015032514215}