{"g1": 0.999508287517561, "g2": 4.906057085379101, "logK": -4.8961660697507705, "loc": -0.004596063297913798, "logScale": -3.736687110992552}