{"g1": 0.0017273825367657035, "g2": 9.886263921769782, "logK": 0.09568606221928544, "loc": -0.07817069785035481, "logScale": 0.9070064683876181}