{"g1": 0.027643797994854606, "g2": 8.778414020896388, "logK": 0.11953849523199844, "loc": -0.031002491631055007, "logScale": 0.625186398557692}