{"g1": 0.8783926455686497, "g2": 11.92295226087331, "logK": 0.32334318760848824, "loc": -0.01090289171581703, "logScale": -3.7704026462659517}