{"g1": 0.736561752258522, "g2": 14.950163044609388, "logK": -1.8569128112265054, "loc": -0.0035403908850176807, "logScale": -3.997710834107641}