{"g1": 0.5756246616732033, "g2": 2.6953453602125332, "logK": -0.9006888361189547, "loc": -0.006354752595925809, "logScale": -3.9985691469514393}