{"g1": 0.716924949395756, "g2": 9.902510787474952, "logK": -2.088037092769218, "loc": 0.00754504813573258, "logScale": -2.950433574600102}