{"g1": 0.4380369939952428, "g2": 0.027116586164274037, "logK": 0.3404035733180768, "loc": 0.13564877741944034, "logScale": 1.4845840425289047}