{"g1": 0.7933120485457044, "g2": 4.6890260610165, "logK": 0.6795663110118789, "loc": -0.0109945509902553, "logScale": -3.6628449331105744}