{"g1": 0.6972540438671878, "g2": 0.21233665963158455, "logK": -3.1909566963569027, "loc": 0.10237391758665013, "logScale": 1.539090484348565}