{"g1": 0.6473814351579463, "g2": 8.152224169936572, "logK": -4.366634957150555, "loc": 0.006647045218907953, "logScale": -3.5478641639993347}