{"g1": 0.3928124139550303, "g2": 0.02562613508837508, "logK": 0.9916531227977772, "loc": -0.0467973056092771, "logScale": -0.25181083954424793}