{"g1": 0.026205496978607357, "g2": 14.036823056247666, "logK": -0.08522763970450842, "loc": -0.08463408365266756, "logScale": 0.9337528549770139}