{"g1": 0.01834214150817325, "g2": 4.7899823210636985, "logK": -2.418874754711731, "loc": 0.022530586906360596, "logScale": 1.577215577178499}