{"g1": 0.9773132641446007, "g2": 2.599161438332228, "logK": 0.41971437382397364, "loc": -0.01329160830752318, "logScale": -3.9873152773948246}