{"g1": 0.015551126067892912, "g2": 14.831951588340607, "logK": 0.9585599730280743, "loc": -0.08838353754834855, "logScale": 0.1818474266736845}