{"g1": 0.033165363829787325, "g2": 1.0645242140674855, "logK": 0.457258321546678, "loc": -0.010761748400300135, "logScale": 0.40794692343596756}