{"g1": 0.891833308880126, "g2": 13.402533850717104, "logK": 0.8166236755308458, "loc": -0.023448676784934872, "logScale": -3.592298067038007}