{"g1": 0.08111279210594896, "g2": 6.805484636892981, "logK": 0.6338413284119624, "loc": -0.10199982828138207, "logScale": 0.2709431933156028}