{"g1": 0.42455210244311054, "g2": 0.8282711774497544, "logK": 0.9421544265370074, "loc": -0.018244248566656917, "logScale": -0.14428756903263174}