{"g1": 0.9988724483494019, "g2": 3.3997483319768946, "logK": -1.6298305163229687, "loc": -0.0012912544209633826, "logScale": -3.992184822807006}