{"g1": 0.6677926568881252, "g2": 7.417631110926447, "logK": -0.22339130024519926, "loc": -0.013656938175795233, "logScale": -2.457599710224703}