{"g1": 0.9016743410937359, "g2": 1.0151673937536163, "logK": -1.980011858675514, "loc": -0.008238711497275484, "logScale": -3.9462888368776405}