{"g1": 0.9748601401762663, "g2": 3.4263395073251024, "logK": -4.723876211402291, "loc": -0.0007364629472183305, "logScale": -3.996380251564674}