{"g1": 0.9421547830281782, "g2": 1.9525246502837623, "logK": 0.11700975339522923, "loc": -0.02657423329666926, "logScale": -3.9832089960663426}