{"g1": 0.9966901058221532, "g2": 4.3826927214612565, "logK": -2.219438395299081, "loc": 0.006067966889691856, "logScale": -3.3278563184893657}