{"g1": 0.4885605870116542, "g2": 1.9851696028825672, "logK": 0.9711833459996924, "loc": -0.14398715359116177, "logScale": -0.37657254902634585}