{"g1": 0.033824741102918346, "g2": 9.098678434362474, "logK": -3.29572302446843, "loc": -0.006170974465783213, "logScale": 1.5324035547327586}