{"g1": 0.8464251071511018, "g2": 14.467927219990317, "logK": -2.877655998243021, "loc": -0.005709788103323385, "logScale": -3.2908950373527386}