{"g1": 0.008406043531134305, "g2": 2.915519570095829, "logK": 0.8340414772244492, "loc": 0.0906695014963971, "logScale": 0.6805697149969047}