{"g1": 0.4930125713493829, "g2": 0.040185025037095534, "logK": -4.128334222959236, "loc": 0.015008178467226272, "logScale": 1.2380983339361091}