{"g1": 0.4327799471664144, "g2": 0.3309779347422991, "logK": 0.9693520354927072, "loc": 0.09170668410809904, "logScale": 0.2749120853457181}