{"g1": 0.8294151038296886, "g2": 9.286593913283939, "logK": 0.7142537746213453, "loc": -0.05129329652397496, "logScale": -3.3191902894755825}