{"g1": 0.5613508231629512, "g2": 6.397517818868236, "logK": -0.49758967053259295, "loc": 0.013098342929536655, "logScale": -3.5544497757976092}