{"g1": 0.9661013817068926, "g2": 8.303202535571213, "logK": 0.42089605486128223, "loc": -0.02370578881501131, "logScale": -3.6873132338878727}