{"g1": 0.03918230879737572, "g2": 12.92538867906864, "logK": -1.2707362939083535, "loc": -0.1396396522684539, "logScale": 1.193343458593614}