{"g1": 0.8818816799927817, "g2": 6.117660931397209, "logK": 0.4972267337803529, "loc": -0.007100394924405834, "logScale": -3.733878547481357}