{"g1": 0.8354244931271413, "g2": 14.605203861237674, "logK": -4.35870537261954, "loc": 0.0025472019671748287, "logScale": -3.9898060441970777}