{"g1": 0.9708434401203907, "g2": 14.74575791960759, "logK": -0.03544022711161077, "loc": -0.013562684810217027, "logScale": -2.933735722472943}