{"g1": 0.35255896956201804, "g2": 13.143956936198737, "logK": 0.8768035169716937, "loc": 0.05187421141617554, "logScale": -0.07757931707577154}