{"g1": 0.054854294679341796, "g2": 13.48458083066363, "logK": -0.3019301626620996, "loc": -0.08788137925702318, "logScale": 0.8344110098667811}