{"g1": 0.647586685170975, "g2": 0.2519853269748271, "logK": 0.6296808989238765, "loc": -0.028855861063207124, "logScale": -3.8508870321739477}