{"g1": 0.6874407825408521, "g2": 5.139439572754435, "logK": -2.8594999733627446, "loc": 0.0060307654009909145, "logScale": -3.9974767378761125}