{"g1": 0.7958093975072331, "g2": 8.01772552804963, "logK": 0.8699437930602436, "loc": -0.06707528137067627, "logScale": -3.3798568559772626}