{"g1": 0.9381021645474014, "g2": 11.07008423520014, "logK": 0.16061624973744043, "loc": -0.015472658988170471, "logScale": -3.8007860308557255}