{"g1": 0.5219340321854744, "g2": 0.03831467410744516, "logK": 0.9108316738732067, "loc": -0.05978720852776938, "logScale": 0.3389931696066951}