{"g1": 0.8453745286114316, "g2": 10.812989429742567, "logK": -0.9517320127757577, "loc": 0.0022245513130339624, "logScale": -3.949553988462518}