{"g1": 0.7807485812696577, "g2": 5.883513943889758, "logK": -1.420098684911447, "loc": -0.013685300143754327, "logScale": -3.8120531675470604}