{"g1": 0.801997467240589, "g2": 9.18650824328595, "logK": 0.7209772606136657, "loc": -0.054765856860779345, "logScale": -2.848860995634507}