{"g1": 0.9810178552872958, "g2": 8.694965065103656, "logK": -4.529109791612024, "loc": -0.0012410827492542378, "logScale": -3.467270931484881}