{"g1": 0.03583685763376833, "g2": 4.765888921118167, "logK": 0.5516569423226799, "loc": 0.08591245769369024, "logScale": 1.0152051791848005}