{"g1": 0.9627923651143258, "g2": 12.616652243795226, "logK": 0.8053228600924891, "loc": -0.03198454772770783, "logScale": -3.566168892991606}