{"g1": 0.9076397910012736, "g2": 5.519743397883072, "logK": -3.6604032885891082, "loc": -0.011123758673478763, "logScale": -3.826494375418104}