{"g1": 0.8230374802855102, "g2": 10.314730287219968, "logK": -1.205096290287446, "loc": -0.001273660267837786, "logScale": -2.9144798380084613}