{"g1": 0.6939971583698719, "g2": 13.778889684435672, "logK": -1.1656012270638605, "loc": -0.0044474135135304845, "logScale": -3.9984653926267026}