{"g1": 0.32042471490988716, "g2": 0.009184633334635125, "logK": 0.2943486928242269, "loc": 0.03504381965186729, "logScale": 0.658695384532223}