{"g1": 0.8493307260227833, "g2": 3.6505433734274577, "logK": -2.1086233263149734, "loc": -0.0056212519521387115, "logScale": -3.982418506183997}