{"g1": 0.9987174867127105, "g2": 7.749516588689167, "logK": -0.48334789308386483, "loc": -0.02615711374422611, "logScale": -3.1889756149563833}