{"g1": 0.9405957462359297, "g2": 4.121285758117226, "logK": -3.352177657991333, "loc": -0.001462347076606581, "logScale": -3.9768690803280897}