{"g1": 0.07266206346120826, "g2": 1.2739704177661737, "logK": 0.7070368222036887, "loc": -0.11971137631559976, "logScale": 0.874227748282477}