{"g1": 0.683196230788442, "g2": 12.950565522626809, "logK": -3.168961469775674, "loc": -0.0050981425513352795, "logScale": -3.8299821864285244}