{"g1": 0.8619324149505493, "g2": 12.838048225657738, "logK": -2.1216389662601998, "loc": 0.0021888138169728327, "logScale": -3.9980612069577277}