{"g1": 0.7838673625062269, "g2": 10.647188520181338, "logK": -1.1294737540439213, "loc": -0.01517423280082707, "logScale": -3.996022375644988}