{"g1": 0.9970705575648395, "g2": 14.885295804302205, "logK": -1.380574259649463, "loc": -0.006771178838257022, "logScale": -3.9620593290215274}