{"g1": 0.751614482788485, "g2": 0.6034009499810965, "logK": 0.5390587812413449, "loc": 0.022608409775097597, "logScale": 0.9509293665603369}