{"g1": 0.7831826834790507, "g2": 8.424701490709829, "logK": 0.9842770635290018, "loc": -0.03265325796892379, "logScale": -3.1440795510759014}