{"g1": 0.8572814665830321, "g2": 1.5159307021384774, "logK": 0.554102640063225, "loc": -0.029000482535886704, "logScale": -3.9848566115816846}