{"g1": 0.49141348444285105, "g2": 7.453494272479138, "logK": 0.7005789336725667, "loc": 0.0058317448668788775, "logScale": -0.47927976312262066}