{"g1": 0.026816603593013463, "g2": 11.216285916288541, "logK": 0.9797938822550281, "loc": -0.033767075731330524, "logScale": 0.008535656653183232}