{"g1": 0.6181673650622421, "g2": 14.480586980743299, "logK": -0.7540459614740831, "loc": -0.01357286781406555, "logScale": -3.996393965939577}