{"g1": 0.8572039773690107, "g2": 13.064213060217703, "logK": 0.816373907906135, "loc": -0.03444463743939206, "logScale": -3.6016656635229176}