{"g1": 0.5911357173652494, "g2": 7.803204788010004, "logK": -4.229744756402008, "loc": -0.019803476844904952, "logScale": -2.9865118501439265}