{"g1": 0.0608900736787345, "g2": 0.2368715349511935, "logK": -2.1720099095081955, "loc": -0.0721400339424978, "logScale": 1.636517491616605}