{"g1": 0.9464348646231345, "g2": 2.961381292375179, "logK": 0.2664874391971654, "loc": -0.007596587681090254, "logScale": -3.995324668339196}