{"g1": 0.18705586992234818, "g2": 14.531903168206368, "logK": -1.9698589670575632, "loc": 0.00284115335773786, "logScale": -3.973888474150716}