{"g1": 0.9957988848331888, "g2": 12.870897395313762, "logK": -1.684813694655889, "loc": -0.005866871921566966, "logScale": -3.9904089233450515}