{"g1": 0.0016833972059896937, "g2": 11.572894015845998, "logK": 0.9888483340283349, "loc": -0.07067664598715084, "logScale": 0.49322961863097287}