{"g1": 0.7437943527835031, "g2": 0.018792629138979396, "logK": -3.320192423788914, "loc": 0.10532195470353434, "logScale": 1.1459033853395164}