{"g1": 0.7751744352904204, "g2": 7.1221531847323885, "logK": -4.956602329759173, "loc": 0.006302557925090525, "logScale": -3.987674078530095}