{"g1": 0.9199029374643442, "g2": 0.03930498575488743, "logK": -3.525819341848691, "loc": 0.10900570118965346, "logScale": 1.6701078485425886}