{"g1": 0.9833668283907887, "g2": 11.571122125468259, "logK": 0.9989575275137134, "loc": -0.02098423979787159, "logScale": -3.97535285969778}