{"g1": 0.832588134139348, "g2": 5.485694505440563, "logK": 0.09633595796694794, "loc": -0.011336976147876624, "logScale": -3.988747669568114}