{"g1": 0.5989944867195343, "g2": 7.0288139554259175, "logK": -2.1845030226141833, "loc": 0.004831603517876842, "logScale": -3.9822117102911285}