{"g1": 0.012042477152254427, "g2": 0.9184367060445282, "logK": 0.41457242334113786, "loc": -0.017399469556949505, "logScale": 0.3847231283784516}