{"g1": 0.0597932653052118, "g2": 0.023286659572166125, "logK": 0.9048246548255217, "loc": 0.11750783691728255, "logScale": 0.7902737645057172}