{"g1": 0.9314879449263287, "g2": 6.0833863620475155, "logK": -1.3439435548011658, "loc": 0.002314368757159818, "logScale": -3.367610028191214}