{"g1": 0.9091571764430773, "g2": 7.289001569873802, "logK": -0.1635846964990315, "loc": 0.01839624603383527, "logScale": -2.4452807978986186}