{"g1": 0.6568079849809119, "g2": 6.507736303436793, "logK": -4.996676478337577, "loc": -0.006018537743851046, "logScale": -3.798109266862976}