{"g1": 0.17566123132482636, "g2": 10.680481306622614, "logK": 0.9966239564917148, "loc": 0.10991755991442315, "logScale": 0.17829983890996554}