{"g1": 0.9229228744088979, "g2": 14.486371926773462, "logK": -1.7703127480104381, "loc": -0.005964771588925902, "logScale": -3.9538082434570514}