{"g1": 0.430471633846926, "g2": 0.0402603956437233, "logK": -3.595463261700462, "loc": 0.09615417410656758, "logScale": 1.255790887345271}