{"g1": 0.5294532033733093, "g2": 8.532367911966922, "logK": -3.1223687080507494, "loc": 0.002795243532562282, "logScale": -3.979375434521924}