{"g1": 0.02421979366731046, "g2": 12.59586944190519, "logK": 0.9956834139618169, "loc": 0.0011994019571761848, "logScale": -0.016206412551497795}