{"g1": 0.8615726694565466, "g2": 12.480411325869552, "logK": -4.820531705965878, "loc": -0.0007887294980247314, "logScale": -3.9556646593675873}