{"g1": 0.9213029739177631, "g2": 3.379193879052565, "logK": -1.445272762986805, "loc": -0.013630425386287504, "logScale": -3.9356933146902024}