{"g1": 0.9985528038569952, "g2": 3.4559651948770553, "logK": 0.9776332425361494, "loc": -0.015092306817030346, "logScale": -3.897855704317187}