{"g1": 0.0861401294994561, "g2": 0.9175699102419532, "logK": -3.3886231047807422, "loc": 0.11767887954363884, "logScale": 1.505756743172584}