{"g1": 0.7123452100695272, "g2": 8.828250306325788, "logK": -1.9541138204699848, "loc": -0.004032554081515895, "logScale": -3.8845753857319543}