{"g1": 0.6688503698355208, "g2": 7.355158519439409, "logK": -1.9064766708903051, "loc": -0.005149771186228146, "logScale": -3.9931999141435117}