{"g1": 0.02210597705429557, "g2": 1.2935077672790456, "logK": -2.373832819986848, "loc": 0.1381418859460344, "logScale": 1.1816179517170426}