{"g1": 0.9981016259243157, "g2": 6.340530549977216, "logK": -2.774189524766749, "loc": 0.001308347863499433, "logScale": -3.9642561453917144}