{"g1": 0.018308612375668148, "g2": 1.9361952732954153, "logK": 0.6363946095182242, "loc": -0.009569350332427624, "logScale": 0.7395627267559092}