{"g1": 0.9202702333782978, "g2": 4.981755913045344, "logK": 0.6896923064869123, "loc": -0.021728041266923823, "logScale": -3.984456026853765}