{"g1": 0.6284464687486415, "g2": 12.858779415637247, "logK": -1.627123823220523, "loc": 0.004768393797545084, "logScale": -3.9844853040819954}