{"g1": 0.9753360832747189, "g2": 1.1555391316406736, "logK": -3.3532632576663746, "loc": 0.004618893810601229, "logScale": -3.8427331044657147}