{"g1": 0.07824694458659373, "g2": 0.3900573715304634, "logK": 0.343273136643338, "loc": -0.062148421104958426, "logScale": 0.5267989225739059}