{"g1": 0.9972415143450855, "g2": 8.07592294510451, "logK": -2.489748359195715, "loc": 0.0036430748336959556, "logScale": -3.957610611332142}