{"g1": 0.0228206968983673, "g2": 5.031619423889035, "logK": -1.5365396816092263, "loc": -0.0507970969452588, "logScale": 1.0844171466346668}