{"g1": 0.12533844595591037, "g2": 6.105172106255885, "logK": 0.8385614759467239, "loc": 0.057758164046511615, "logScale": 0.25908125885801475}