{"g1": 0.9072419712784076, "g2": 8.136238013993651, "logK": 0.39928090695341933, "loc": -0.03803960619482966, "logScale": -3.5296710082775506}