{"g1": 0.07410448233724623, "g2": 0.9054811493212196, "logK": 0.9183893279825259, "loc": -0.126199970346559, "logScale": 0.13157079019987716}