{"g1": 0.6928730556607615, "g2": 1.6443596377566856, "logK": 0.12143350016246524, "loc": -0.0073360773571838084, "logScale": -2.9544364773185943}