{"g1": 0.27354371435375996, "g2": 7.15092661242763, "logK": 0.990941487682346, "loc": -0.12272880666780062, "logScale": -0.6483074556357453}