{"g1": 0.9976245630025, "g2": 8.943305189381487, "logK": 0.7900500771499628, "loc": -0.010833650685585991, "logScale": -3.8027819703243138}