{"g1": 0.46408055310260754, "g2": 7.125586573709574, "logK": -1.9086025335104144, "loc": -0.007976347782962499, "logScale": -3.8611024386652906}