{"g1": 0.8946235560047274, "g2": 10.789217140030242, "logK": 0.13486907244275195, "loc": -0.01775015139471666, "logScale": -3.629970542763866}