{"g1": 0.8901871478032926, "g2": 5.5301014555075945, "logK": 0.9474306050650056, "loc": -0.049608819061988246, "logScale": -3.730697129087037}