{"g1": 0.04644499405785918, "g2": 10.873807125893745, "logK": 0.9936689594193854, "loc": -0.043548025863413845, "logScale": -0.28462112899844916}