{"g1": 0.7910702183615479, "g2": 0.02669261355079522, "logK": 0.5623063855425585, "loc": -0.14238647316044042, "logScale": 0.2983784609888478}