{"g1": 0.5519333466504741, "g2": 13.569245731984397, "logK": -0.8708367593302611, "loc": -0.004674196895706334, "logScale": -3.996986941901906}