{"g1": 0.8898704877828084, "g2": 3.5050941923406387, "logK": -3.2395915141379015, "loc": -0.00040741526819696177, "logScale": -3.797304204883268}