{"g1": 0.35145631838049535, "g2": 6.693279740280533, "logK": -2.833408452128762, "loc": 0.003100799121079521, "logScale": -3.6848601950570385}