{"g1": 0.05046654496944991, "g2": 12.902942845580393, "logK": 0.09821125779320272, "loc": 0.08072833619135536, "logScale": 0.843930869042476}