{"g1": 0.999699063305194, "g2": 6.049908354467128, "logK": -2.905719685953153, "loc": -0.012460865288469873, "logScale": -3.7890973626395237}