{"g1": 0.9770861953144113, "g2": 3.7362724850542537, "logK": 0.23660233438792533, "loc": -0.00728269353430539, "logScale": -3.8440123983571364}