{"g1": 0.31994445346269945, "g2": 0.028781700582664715, "logK": 0.4288941436457884, "loc": 0.10701446781974552, "logScale": 0.7720734245544578}