{"g1": 0.3993875737554937, "g2": 0.0030076181589695494, "logK": 0.958872570248074, "loc": 0.0839380527185246, "logScale": -0.03540549955466332}