{"g1": 0.05418510970811752, "g2": 4.677236239345643, "logK": -2.5672182287796326, "loc": -0.10644866353592095, "logScale": 1.4398621890455086}