{"g1": 0.7544366171911057, "g2": 8.473258095990573, "logK": -3.32080039613984, "loc": 0.0013515928400316933, "logScale": -3.9932513238302816}