{"g1": 0.9850827946757528, "g2": 13.343013788407232, "logK": 0.8785662519454547, "loc": -0.043288517365641085, "logScale": -3.8534647954942094}