{"g1": 0.9614605222638047, "g2": 10.683328830004687, "logK": -1.9275688781007734, "loc": -0.010122209466459246, "logScale": -3.9995255162208974}