{"g1": 0.48417733707454713, "g2": 0.7722081282044146, "logK": 0.9918935640379564, "loc": -0.1325904329247543, "logScale": 0.8810844257928452}