{"g1": 0.02389261633363947, "g2": 2.1718028034496912, "logK": 0.9966894274994245, "loc": -0.10208007649290884, "logScale": -0.06841097015544106}