{"g1": 0.022398508753262474, "g2": 0.792020424367637, "logK": 0.6738451494794626, "loc": -0.04357412856469348, "logScale": 0.18923206866752312}