{"g1": 0.42641052463341617, "g2": 4.89159149693078, "logK": -4.056771691496689, "loc": 0.012231535017421129, "logScale": -3.922663378917199}