{"g1": 0.5259574332096792, "g2": 12.075910429466305, "logK": -4.381564194611631, "loc": -0.005810231704382864, "logScale": -3.9836737023941415}