{"g1": 0.8217240506344202, "g2": 6.731949114260356, "logK": -0.025698960754223066, "loc": -0.005870719955825437, "logScale": -3.9917274592419623}