{"g1": 0.6480219128157502, "g2": 0.9364581732909958, "logK": 0.41038729495370435, "loc": -0.010642478050993755, "logScale": -3.246328829811969}