{"g1": 0.764512834203375, "g2": 5.703280559410463, "logK": -3.8437680745236227, "loc": 0.0023987782702203156, "logScale": -3.421768491031809}