{"g1": 0.9239135017915711, "g2": 7.733454253929328, "logK": 0.2620250802220247, "loc": -0.01875805648477602, "logScale": -3.9929565859293525}