{"g1": 0.8031018896128226, "g2": 7.338122947631921, "logK": -3.4343147575076696, "loc": -0.006099006706369939, "logScale": -2.7837435384653277}