{"g1": 0.8873740182531636, "g2": 10.572602438165584, "logK": -0.4869210970284304, "loc": -0.009492123871407632, "logScale": -3.8459028371198936}