{"g1": 0.8398503751091498, "g2": 13.309407700959419, "logK": -4.1317809972683435, "loc": -0.001349276748879434, "logScale": -3.9989769254673595}