{"g1": 0.5460504289337422, "g2": 13.538065444586909, "logK": -2.404561601784548, "loc": 0.002647750117961839, "logScale": -3.9766103522400673}