{"g1": 0.5521438089261819, "g2": 7.70158999032623, "logK": 0.8816187362663899, "loc": -0.027699469433639837, "logScale": -3.7852316372534647}