{"g1": 0.9805139573009493, "g2": 12.843170833387958, "logK": 0.9862421889015727, "loc": -0.01882204790252871, "logScale": -3.9926804613958566}