{"g1": 0.8996670079569772, "g2": 9.028100319351687, "logK": -0.33647579279253037, "loc": -0.011088605203768776, "logScale": -3.2765813620865707}