{"g1": 0.014147842087322957, "g2": 1.1608780664695746, "logK": 0.5342194419118815, "loc": -0.032735510779631966, "logScale": 0.5712273575312112}