{"g1": 0.04133674418737843, "g2": 10.235179302672245, "logK": 0.5274530005989224, "loc": 0.09824742726099017, "logScale": 0.1865806317235259}