{"g1": 0.0011877481359387487, "g2": 3.4415109344488486, "logK": 0.5450660555675303, "loc": -0.06289779831424783, "logScale": 0.15161032811689212}