{"g1": 0.9782751970802079, "g2": 9.987355791831954, "logK": -3.179512424151187, "loc": -0.0024741571994564004, "logScale": -3.7939692275190255}