{"g1": 0.01828922589536102, "g2": 6.174944406590239, "logK": -3.206925804239174, "loc": 0.09851580974608135, "logScale": 1.0318878111579401}