{"g1": 0.02075294192718352, "g2": 8.691493123382081, "logK": 0.8566065718784525, "loc": -0.03542998067015481, "logScale": 0.024229478569578286}