{"g1": 0.8966992862257224, "g2": 4.199457289159871, "logK": -2.5422154699787485, "loc": -0.004660534010118347, "logScale": -3.998594340855222}