{"g1": 0.895252404807902, "g2": 4.636973993512776, "logK": -2.4857757328313905, "loc": 0.0003948212787260128, "logScale": -3.9971988431762133}