{"g1": 0.9306979132028873, "g2": 2.5507555429773907, "logK": -3.6652364725528215, "loc": -0.0026799020575234353, "logScale": -3.9815644387827}