{"g1": 0.812251372091888, "g2": 6.532817916540222, "logK": -3.860674004873842, "loc": 0.004415186576938651, "logScale": -3.913646460030427}