{"g1": 0.6308406251490457, "g2": 9.341838831203374, "logK": -2.396394102372397, "loc": -0.005638482363706522, "logScale": -3.9787726027513464}