{"g1": 0.5251269847965041, "g2": 13.25160957955445, "logK": 0.9824682819828805, "loc": -0.13353137449390123, "logScale": 0.013471944566762761}