{"g1": 0.9882842420057684, "g2": 9.232140422004264, "logK": -2.2609951082819473, "loc": -0.011104485356716338, "logScale": -3.8638879131598256}