{"g1": 0.853003500538533, "g2": 14.674303422769784, "logK": -0.8247198905091168, "loc": -0.0014367728477133052, "logScale": -3.9876303650269853}