{"g1": 0.032440014825674435, "g2": 5.947014318061859, "logK": 0.6620739868229287, "loc": 0.06179683865341852, "logScale": 0.8868310861514426}