{"g1": 0.8748400595950397, "g2": 9.161916468083453, "logK": -1.4024828718901232, "loc": 0.004332476230956934, "logScale": -3.994466596507289}