{"g1": 0.518621034447875, "g2": 6.95995413677886, "logK": -3.6618691083693022, "loc": -0.021868284284679306, "logScale": -3.267411262987173}