{"g1": 0.04008495619384654, "g2": 14.377854917198729, "logK": -4.085957905769504, "loc": -0.1156340149791821, "logScale": 1.5423987828359025}