{"g1": 0.7790586926719548, "g2": 0.005666640505170184, "logK": -3.7381495339425075, "loc": -0.03880623189321819, "logScale": 1.3965319381906334}