{"g1": 0.6029504306723026, "g2": 12.507759053963921, "logK": -1.5552103769140335, "loc": -0.011657331653209759, "logScale": -3.742895682469131}