{"g1": 0.5941848765244345, "g2": 8.622930904833687, "logK": 0.20925447564440502, "loc": -0.038319543078077244, "logScale": -3.7511354974819104}