{"g1": 0.9789555351468991, "g2": 8.346083710289971, "logK": -0.2017520540076985, "loc": -0.02681726943138823, "logScale": -3.351580139400837}