{"g1": 0.03297844195371388, "g2": 11.889971032132234, "logK": 0.9038439108691727, "loc": -0.12520884443354355, "logScale": 0.30214966796654885}