{"g1": 0.69043066441753, "g2": 6.958434005983512, "logK": -3.5426410493867166, "loc": -0.014977834312882042, "logScale": -2.125560962440857}