{"g1": 0.8155199043720132, "g2": 8.540374444113105, "logK": -0.1437551688752321, "loc": -0.015003444794751042, "logScale": -3.351600717375571}