{"g1": 0.8512595075787031, "g2": 4.559603764690392, "logK": -0.17266263185307662, "loc": -0.053021223088296404, "logScale": -3.1735150010274427}