{"g1": 0.8541385077480759, "g2": 13.00927042197575, "logK": -0.5859387840162467, "loc": -0.008567146540641953, "logScale": -3.9962775325239366}