{"g1": 0.9311775544113176, "g2": 11.081898669250208, "logK": -3.8930093619369965, "loc": -0.004722411869793233, "logScale": -3.1679641670412537}