{"g1": 0.9799097476250852, "g2": 4.189832576541624, "logK": -3.126707551946354, "loc": 6.964254952981919e-05, "logScale": -3.867055224174524}