{"g1": 0.9184934646438737, "g2": 14.40993092757515, "logK": 0.4715023568287029, "loc": -0.012399973048995018, "logScale": -3.59602435040919}