{"g1": 0.3888025069432385, "g2": 0.445872319252552, "logK": 0.8741351051645027, "loc": -0.03746235366753492, "logScale": -0.30415206606049106}