{"g1": 0.32076281618476093, "g2": 0.023995739401142746, "logK": -3.7871680378231267, "loc": -0.08259500294479742, "logScale": 1.3973440704385691}