{"g1": 0.5911280400359695, "g2": 1.542313809739821, "logK": -2.9792621855540493, "loc": 0.000796135036241233, "logScale": -2.54728470241349}