{"g1": 0.8219482899888136, "g2": 13.278436780025393, "logK": 0.9961017320425517, "loc": -0.026733570471138883, "logScale": -3.8297466457738416}