{"g1": 0.8195124204260752, "g2": 0.4320298947712784, "logK": 0.35210638585615794, "loc": -0.009656158383232676, "logScale": -3.8700554793222217}