{"g1": 0.8590663564817013, "g2": 12.666898999858063, "logK": 0.4418839565198074, "loc": -0.02278079004351658, "logScale": -3.973648464468255}