{"g1": 0.8629725624263879, "g2": 8.18640641330531, "logK": 0.9928892964629904, "loc": -0.12851770706141175, "logScale": -1.3853234671744992}