{"g1": 0.7478677182412383, "g2": 4.497264023450521, "logK": 0.984588886777664, "loc": -0.03384574925297214, "logScale": -3.7356363240642056}