{"g1": 0.4870037117857522, "g2": 8.843301271014603, "logK": -3.279539177629867, "loc": -0.004031321919884857, "logScale": -3.993786254815757}