{"g1": 0.6535582217732236, "g2": 5.945986437043154, "logK": -4.445613648308476, "loc": -0.005718488094128098, "logScale": -2.9153330790666914}