{"g1": 0.042675861411141436, "g2": 4.429254330743687, "logK": 0.980223370740594, "loc": -0.10807487311820613, "logScale": 0.3180601712534868}