{"g1": 0.002693063536996887, "g2": 8.251126124225475, "logK": 0.8661143296635114, "loc": -0.10663905602398546, "logScale": 0.30392011767318056}