{"g1": 0.9124419665275316, "g2": 5.803155991036771, "logK": -3.5014395773189992, "loc": -0.007989955739685946, "logScale": -3.9676506619489595}