{"g1": 0.5146897891957276, "g2": 2.4913551405281726, "logK": -2.958970839433543, "loc": 0.007258828024004682, "logScale": -2.8944236774903254}