{"g1": 0.5233446327798628, "g2": 6.255919773783235, "logK": -0.9181053716513408, "loc": -0.008807193241212811, "logScale": -3.8264475833425986}