{"g1": 0.8814391030220282, "g2": 5.406224622644795, "logK": 0.19920751733567316, "loc": 0.0028086729806974693, "logScale": -3.713032858493005}