{"g1": 0.9782364269671424, "g2": 11.070935200504666, "logK": -0.24576505893044573, "loc": -0.0075782584858858516, "logScale": -3.810505262644158}