{"g1": 0.13318574763856666, "g2": 0.232754078040883, "logK": 0.8706340336393334, "loc": 0.046135216933056875, "logScale": -0.0151259918451285}