{"g1": 0.8258270299830003, "g2": 10.737813384000884, "logK": 0.28329869000794167, "loc": -0.014230279469833115, "logScale": -3.185650549885704}