{"g1": 0.5279929498084315, "g2": 0.06839525780472921, "logK": -3.8736889752179637, "loc": -0.015799302957194988, "logScale": 1.2087035486301354}