{"g1": 0.9680396136345668, "g2": 5.940610871078782, "logK": -0.4544998487154428, "loc": 0.002099957843647473, "logScale": -3.998092191307313}