{"g1": 0.9855802896515737, "g2": 8.028247421986613, "logK": -1.251197645700076, "loc": -0.010467429775351447, "logScale": -3.845790465954853}