{"g1": 0.10005731692426933, "g2": 0.01991349943457779, "logK": 0.5006832828791918, "loc": 0.07222498444659212, "logScale": 0.5920818820253012}