{"g1": 0.5759506973387816, "g2": 13.751509765533287, "logK": -4.534286645724047, "loc": -0.008278066133171629, "logScale": -3.954290414156994}