{"g1": 0.713705529870152, "g2": 1.1961962721395691, "logK": -3.6211676797494077, "loc": -0.019440638611543132, "logScale": -2.7100062578485935}