{"g1": 0.8405653831876732, "g2": 7.080095049052302, "logK": -0.65918836387519, "loc": 0.0070469615859400266, "logScale": -3.142835892227892}