{"g1": 0.37331295108045565, "g2": 10.580622495301583, "logK": -0.5018606632677178, "loc": -0.007984632858402304, "logScale": -3.969917768694635}