{"g1": 0.7432424504889814, "g2": 3.758462110436649, "logK": -4.168426915896903, "loc": 0.0037190090989227525, "logScale": -3.974213665603254}