{"g1": 0.9992178116295487, "g2": 9.431773049257956, "logK": -4.038213800112648, "loc": 0.004306844044659395, "logScale": -3.3101155758761447}