{"g1": 0.8721485932481741, "g2": 10.134661473962929, "logK": -0.28455287053698086, "loc": -0.019405343258178838, "logScale": -3.3142038672388754}