{"g1": 0.6776711570061126, "g2": 0.9572835933836981, "logK": -1.410515736306467, "loc": -0.001519693708168672, "logScale": -3.917413594182553}