{"g1": 0.0017830357826427723, "g2": 0.4783509447228153, "logK": 0.7619951038442907, "loc": -0.02649281968676461, "logScale": 0.2595462689117069}