{"g1": 0.8675818551955323, "g2": 3.1514022972227025, "logK": 0.5751229146162438, "loc": -0.004632603053750274, "logScale": -3.64013817298629}