{"g1": 0.033443691012926574, "g2": 3.0061897364534964, "logK": 0.6316058193724006, "loc": -0.09139249984283694, "logScale": 0.28505958343375387}