{"g1": 0.8773051504393617, "g2": 10.561909950207001, "logK": 0.8651859910065574, "loc": -0.0313140456046629, "logScale": -3.983105649400533}