{"g1": 0.9339736410641167, "g2": 12.138371397826306, "logK": 0.11067708554452071, "loc": -0.023061139903706816, "logScale": -3.296993036994301}