{"g1": 0.0244880100646864, "g2": 1.2728192855005527, "logK": -0.9973134316035646, "loc": 0.12282604519559936, "logScale": 2.0026887817651904}