{"g1": 0.9165898332715197, "g2": 7.000932243105092, "logK": 0.894077267159046, "loc": -0.02184288192153993, "logScale": -3.583266429607677}