{"g1": 0.8621539588525688, "g2": 0.6181713942843481, "logK": -4.921621254906961, "loc": 0.0039824407945769115, "logScale": -3.9972031350658783}