{"g1": 0.9002481646922078, "g2": 7.804378978451964, "logK": -1.9224142134326478, "loc": -0.004573735304822076, "logScale": -3.998849190291306}