{"g1": 0.07543436381081349, "g2": 10.264475819475393, "logK": 0.7360103334581478, "loc": 0.040047088740433556, "logScale": 0.309905875895219}