{"g1": 0.5865750127715497, "g2": 14.81054531403247, "logK": -3.1406062567196624, "loc": -0.0008019657185493587, "logScale": -3.993167313364422}