{"g1": 0.7927757416836679, "g2": 12.94127754420342, "logK": -2.4559564816458974, "loc": -0.021075605960533872, "logScale": -2.750256142686729}