{"g1": 0.9666793837134947, "g2": 4.579301595276679, "logK": -2.8552799773821027, "loc": 0.004623236941548439, "logScale": -3.5700434198530724}