{"g1": 0.23361997097405576, "g2": 7.275487125568926, "logK": -2.002182720903962, "loc": -0.0007489868279461145, "logScale": -3.9774315788885453}