{"g1": 0.9426704577952482, "g2": 12.799960154730861, "logK": -0.8247992813534921, "loc": -0.007482472845591255, "logScale": -3.8977387420342486}