{"g1": 0.9856185537556583, "g2": 12.737722149608304, "logK": -3.957183024619751, "loc": -0.0010539015493991003, "logScale": -3.813807978918984}