{"g1": 0.002745244453726231, "g2": 1.077959367958302, "logK": 0.9944361408695177, "loc": -0.008182168276978779, "logScale": -1.5151304089507502}