{"g1": 0.02438631502030842, "g2": 7.823968675139303, "logK": 0.8887194594631591, "loc": 0.07367957216786572, "logScale": 0.8815397824722946}