{"g1": 0.021833279749254052, "g2": 9.404611202202421, "logK": -3.0432583427639415, "loc": 0.09380530725443335, "logScale": 1.1950988118138828}