{"g1": 0.9788084288307359, "g2": 0.5709494905855963, "logK": 0.8908528449790776, "loc": -0.026362028116314055, "logScale": -3.5554705902344663}