{"g1": 0.7441000918887073, "g2": 9.598903955816454, "logK": -4.987994720834237, "loc": -0.002884477750687599, "logScale": -3.9950241247662577}