{"g1": 0.9976805279214347, "g2": 14.893113388541265, "logK": 0.635283413511532, "loc": -0.020583715520139472, "logScale": -3.5750794071786247}