{"g1": 0.8963864130160567, "g2": 11.25460216881857, "logK": -0.5048494585498119, "loc": -0.00838258241880653, "logScale": -3.9953728872297387}