{"g1": 0.9333537554959885, "g2": 2.6093583724769225, "logK": -3.8983581623166206, "loc": -0.004425578786543101, "logScale": -3.2233220707842403}