{"g1": 0.06809097254954592, "g2": 8.956892833200572, "logK": 0.8761886216046784, "loc": 0.03549547989237578, "logScale": 0.37636140259119977}