{"g1": 0.03479292988541939, "g2": 12.219754865376077, "logK": 0.934806854155099, "loc": -0.038864393139402216, "logScale": 0.3128128327118115}