{"g1": 0.0391505621076549, "g2": 10.959926324374154, "logK": 0.517873604677488, "loc": -0.11455329361177534, "logScale": 0.10573363831089913}