{"g1": 0.9636045488328575, "g2": 8.85370595156974, "logK": -0.26714618365654275, "loc": -0.015030196312266443, "logScale": -3.3522171103094345}