{"g1": 0.5960906268622371, "g2": 14.300324023066453, "logK": -2.7141913515759994, "loc": 0.009001879336300297, "logScale": -3.815526236974706}