{"g1": 0.8132130468110775, "g2": 0.7338759393496853, "logK": -2.4084735913691566, "loc": -0.0018419674378592713, "logScale": -3.8716610041055626}