{"g1": 0.0015795187289677644, "g2": 9.386710689567774, "logK": -0.4060366177193315, "loc": 0.08854728061811212, "logScale": 1.2310264994328755}