{"g1": 0.8125118435687062, "g2": 3.982404593574133, "logK": 0.5274402106170176, "loc": -0.053384699824955896, "logScale": -3.6378410908487466}