{"g1": 0.8274793047669206, "g2": 4.4778973612346515, "logK": 0.9873449236419775, "loc": -0.058741708492033716, "logScale": -3.679851276434568}