{"g1": 0.4767933323954412, "g2": 3.3784579930960845, "logK": -1.2241620304577363, "loc": -0.05195847215449416, "logScale": -2.8987311018473667}