{"g1": 0.01876652162098609, "g2": 2.168881560412819, "logK": 0.590974647968971, "loc": 0.0883008852894111, "logScale": 0.3762475648178656}