{"g1": 0.8949553698826997, "g2": 1.549608143703015, "logK": -3.5236515511324256, "loc": 0.00950727239401373, "logScale": -3.999482409080709}