{"g1": 0.24360470252990762, "g2": 1.6148298934696355, "logK": -3.0243001080882776, "loc": -0.008114255509353942, "logScale": -3.858789396591028}