{"g1": 0.8867731807064678, "g2": 3.8480298341636314, "logK": -2.615641668644021, "loc": 0.00320264118741153, "logScale": -3.855175928852034}