{"g1": 0.9299194315119346, "g2": 1.3811131051605268, "logK": -4.145801781040081, "loc": -0.0014396247180236891, "logScale": -3.9749921332660882}