{"g1": 0.6440433705841201, "g2": 11.795606290953888, "logK": 0.9690494217348993, "loc": -0.016781925917913727, "logScale": -3.9976923639609168}