{"g1": 0.9619028339639867, "g2": 14.824979833463946, "logK": -4.737695253366381, "loc": 0.008452053589447573, "logScale": -3.878167418801764}