{"g1": 0.06912918723492452, "g2": 0.030660364200128076, "logK": 0.7788449438429349, "loc": 0.11272335539391687, "logScale": 0.12235159265890794}