{"g1": 0.9829670088830788, "g2": 1.1318444556589196, "logK": 0.686899151572165, "loc": -0.025766663579310532, "logScale": -3.2501792723641225}