{"g1": 0.01876214096462133, "g2": 13.601975265805116, "logK": 0.6741516991294327, "loc": -0.009850853807877612, "logScale": 0.22055670510373643}