{"g1": 0.42130270763746974, "g2": 0.22006465507289796, "logK": -2.4129699083948806, "loc": -0.005763658670021278, "logScale": -3.9940326604580365}