{"g1": 0.9971149711472291, "g2": 10.749191535148988, "logK": 0.10989488732007646, "loc": -0.032136704654280125, "logScale": -3.7630965863785875}