{"g1": 0.8730340979317964, "g2": 13.770539865972978, "logK": -0.211563996027766, "loc": -0.010010215506728825, "logScale": -3.3240157803060977}