{"g1": 0.5324200534730624, "g2": 0.028568504196179623, "logK": 0.9962494177077069, "loc": 0.09031928395698167, "logScale": 0.11424944135658388}