{"g1": 0.503399104762889, "g2": 7.5841871440257185, "logK": -3.63895135995759, "loc": -0.008268403254614459, "logScale": -3.9629700316076324}