{"g1": 0.9935739195350661, "g2": 9.502894285913492, "logK": -3.5792396488347693, "loc": 0.005098639690269233, "logScale": -3.9921505469808336}