{"g1": 0.8421547838127345, "g2": 4.538226716544949, "logK": -0.7053192918926262, "loc": -0.0065318832270088445, "logScale": -3.8723285809219035}