{"g1": 0.5160030217924437, "g2": 1.4682428845687867, "logK": 0.7250884452119382, "loc": -0.045129793226098856, "logScale": -0.2286868756586712}