{"g1": 0.13390729540368934, "g2": 0.23135112638207028, "logK": 0.6774757929568322, "loc": -0.10296157859933934, "logScale": 0.5108252888374076}