{"g1": 0.6795747279048101, "g2": 0.6806265879755822, "logK": 0.5969354087781782, "loc": 0.08431650973776315, "logScale": -0.793177341929393}