{"g1": 0.7639541198076245, "g2": 4.256746032621214, "logK": 0.5144418808349868, "loc": -0.002910158329487964, "logScale": -3.724957767032117}