{"g1": 0.9256597161772008, "g2": 9.678591292704521, "logK": -4.998859631021097, "loc": -0.0009986543458041699, "logScale": -3.999923001202564}