{"g1": 0.6770744684925427, "g2": 6.668395461886599, "logK": 0.9706109621879928, "loc": -0.026422139884352658, "logScale": -0.6122218945810753}