{"g1": 0.7152182791785479, "g2": 14.775826200834086, "logK": 0.7748007748823662, "loc": -0.017518624401576515, "logScale": -3.9938348450663215}