{"g1": 0.0026632077920898216, "g2": 1.2371029024159923, "logK": 0.98447692973834, "loc": -0.02473005276686844, "logScale": 0.3628000775892445}