{"g1": 0.6156893966060762, "g2": 0.06345718979339376, "logK": -1.2418912164462592, "loc": -0.014310943947799326, "logScale": -3.9976083653665535}