{"g1": 0.662121997674031, "g2": 12.500001929120982, "logK": -0.9863618268446759, "loc": -0.0457896153896683, "logScale": -2.863056133962541}