{"g1": 0.5338803379675124, "g2": 0.505404775456462, "logK": 0.04811765490210007, "loc": -0.001084796087863103, "logScale": -3.2430531570872025}