{"g1": 0.7807973972744069, "g2": 4.6339594270693745, "logK": -3.431456050115788, "loc": 0.006003605869131411, "logScale": -3.9701840793596803}