{"g1": 0.21374781356539793, "g2": 0.3065544554751936, "logK": 0.41674925245559213, "loc": 0.1249992300478219, "logScale": 0.2576598179084355}