{"g1": 0.9987203630238677, "g2": 13.660835005197171, "logK": -2.9796279886611403, "loc": 0.0038605031287742234, "logScale": -3.999267672533983}