{"g1": 0.0014693244161835903, "g2": 7.8645200252621335, "logK": -1.2524715160179272, "loc": -0.0802564883583641, "logScale": 1.599842452687995}