{"g1": 0.5551956189319561, "g2": 14.961111066703005, "logK": -4.7286926286860265, "loc": 0.008181957384169374, "logScale": -3.9205167421767064}