{"g1": 0.8155594780784792, "g2": 10.237843252399779, "logK": -1.7284765203194525, "loc": -0.0016640276137106834, "logScale": -3.9667542169131007}