{"g1": 0.058434684467724755, "g2": 5.455308166527425, "logK": 0.6768126288416071, "loc": -0.023152494786999003, "logScale": 0.2128808535379182}