{"g1": 0.913234061061323, "g2": 3.8218272843264702, "logK": 0.7857410122639257, "loc": -0.012445541246672673, "logScale": -3.7571495486660194}