{"g1": 0.8725056831662231, "g2": 0.7133951990308334, "logK": -0.7905683097984395, "loc": -0.004883421919943513, "logScale": -3.998737233046218}