{"g1": 0.048780433556195546, "g2": 14.86157957294738, "logK": 0.9934242749248189, "loc": 0.04753854606837321, "logScale": 0.06964062239869562}