{"g1": 0.025474359506368612, "g2": 2.5247446997682403, "logK": 0.5567465930834581, "loc": -0.019677483601378803, "logScale": 1.0830168708733847}