{"g1": 0.5650847924184791, "g2": 0.637277576814341, "logK": -0.6237407333931747, "loc": -0.003016426232676798, "logScale": -3.134066487244817}