{"g1": 0.9266790431528844, "g2": 4.9735055893267335, "logK": 0.407535075102329, "loc": -0.010545072464849113, "logScale": -3.9777085178558744}