{"g1": 0.9741878163739198, "g2": 9.612428880165972, "logK": 0.8588890087775126, "loc": -0.012944277285992924, "logScale": -3.9973553174645025}