{"g1": 0.9159313763623107, "g2": 13.988294884109932, "logK": -3.8036140370150213, "loc": -0.0050960552637588415, "logScale": -3.7248898273804225}