{"g1": 0.9989859492208142, "g2": 0.9493180932200378, "logK": -3.52438239369963, "loc": -0.0009037346559099772, "logScale": -3.218961487844111}