{"g1": 0.855953152215354, "g2": 10.745374559136607, "logK": -0.08644905598888264, "loc": -0.0058837473025465615, "logScale": -3.984143615827533}