{"g1": 0.8298958753872122, "g2": 13.508285006954576, "logK": -4.117433690796568, "loc": 0.0009809993417909872, "logScale": -3.9824980021027305}