{"g1": 0.03760516464110958, "g2": 9.096896809158013, "logK": 0.6210152865919056, "loc": -0.01529107201365617, "logScale": 0.21450780623505228}