{"g1": 0.8547614473337272, "g2": 4.8051833052552055, "logK": 0.4596826342068998, "loc": -0.024326056898944546, "logScale": -3.8354413066658677}