{"g1": 0.09965494944189579, "g2": 0.3027715752127902, "logK": -2.6888751474816384, "loc": -0.03049380384105293, "logScale": 1.0878194567276054}