{"g1": 0.02705410584335144, "g2": 9.009736619748558, "logK": 0.9645207182971217, "loc": -0.03133943520755763, "logScale": -0.443027699534952}