{"g1": 0.003124776366010388, "g2": 2.31297643788032, "logK": -3.071172677993925, "loc": 0.004338519676832853, "logScale": 0.9575389139628143}