{"g1": 0.9063234301403245, "g2": 14.710933631710338, "logK": 0.9946019500237334, "loc": -0.05347128724707496, "logScale": -3.5309813046745755}