{"g1": 0.0032767212081665914, "g2": 2.829142072959069, "logK": 0.9915912623495532, "loc": -0.014356556015072571, "logScale": -0.3789402702553596}