{"g1": 0.9975342572015612, "g2": 11.436593726798582, "logK": -0.2774884766040868, "loc": -0.023834371169875978, "logScale": -3.9957925448254246}