{"g1": 0.9297028132388061, "g2": 0.6755102798218647, "logK": 0.8774259098915016, "loc": 0.12212174451223146, "logScale": 0.3804098928126843}