{"g1": 0.6447238230097694, "g2": 6.192771189709255, "logK": -1.8439880922682872, "loc": 0.013473158393648405, "logScale": -3.3225269903588575}