{"g1": 0.6616574075503099, "g2": 14.899421634547998, "logK": -4.255719533067229, "loc": -0.001300442804366685, "logScale": -3.986195149608425}