{"g1": 0.6249460553741837, "g2": 7.026750560536075, "logK": 0.9835935801654863, "loc": -0.011257808173355957, "logScale": -3.5673843710920243}