{"g1": 0.7544217271038729, "g2": 2.856558492762373, "logK": -3.229240211868757, "loc": -0.0072515307759846576, "logScale": -3.006241224440356}