{"g1": 0.32622673370970445, "g2": 12.37971467425103, "logK": -0.6684863856480863, "loc": -0.010123624861111697, "logScale": -3.9977473010159885}