{"g1": 0.974594070347323, "g2": 4.6167538554801, "logK": 0.41088599411204507, "loc": -0.008957878139911621, "logScale": -3.763080564502748}