{"g1": 0.7584804438785573, "g2": 6.765762388018886, "logK": -3.230809686700373, "loc": -0.00930552186164404, "logScale": -3.9919976932855605}