{"g1": 0.6600747324091485, "g2": 3.4735064220461314, "logK": 0.9933459333392363, "loc": -0.027225103460467113, "logScale": -3.99242402247283}