{"g1": 0.5743314954280829, "g2": 3.7688055229249495, "logK": -4.108536631307584, "loc": -0.021039179273387117, "logScale": -3.704379505142029}