{"g1": 0.9196225638649781, "g2": 11.995896620449681, "logK": 0.744194813278553, "loc": -0.028785508821496043, "logScale": -3.727169372477827}