{"g1": 0.7193263878502472, "g2": 14.945806116667262, "logK": -0.4992228889745134, "loc": -0.00664946804614353, "logScale": -3.8612428902308604}