{"g1": 0.74778659106376, "g2": 3.4716128547772813, "logK": -2.804733428446724, "loc": -0.013884786280881129, "logScale": -3.3635748488930592}