{"g1": 0.7960752437069563, "g2": 3.2788567976007768, "logK": 0.8929338096606951, "loc": -0.02741908626074171, "logScale": -3.877164015001011}