{"g1": 0.0013310665276972666, "g2": 6.777037460373608, "logK": 0.9609160899154967, "loc": -0.08757962445953506, "logScale": 0.6556825915988046}