{"g1": 0.02890490546063997, "g2": 9.559756885643164, "logK": 0.8731030095380842, "loc": 0.009749211987585518, "logScale": 0.43877934109227323}