{"g1": 0.705174154464977, "g2": 14.896266759383684, "logK": -1.0155755007239287, "loc": -0.008755989582399828, "logScale": -3.479220390172711}