{"g1": 0.2958226203716025, "g2": 10.690513914380725, "logK": 0.8472454400333371, "loc": -0.005102060781632847, "logScale": 0.07297774596816088}