{"g1": 0.5110129699824343, "g2": 0.0481108533910124, "logK": 0.9510872409408406, "loc": 0.10020466060187361, "logScale": -0.3445612454825981}