{"g1": 0.9479224966379443, "g2": 0.020495131986693213, "logK": 0.5320109541948028, "loc": -0.04519310764852058, "logScale": 1.1335022111283717}