{"g1": 0.004075035250108899, "g2": 13.823100383278955, "logK": 0.9990576853269901, "loc": -0.07548138563428095, "logScale": -0.0797470240884362}