{"g1": 0.8003367354031261, "g2": 8.787935024850421, "logK": -2.6704457900053002, "loc": -0.01028417543120335, "logScale": -3.9984658412501903}