{"g1": 0.9161746515227315, "g2": 2.941266022700286, "logK": -1.1421833674384314, "loc": -0.00973012507988132, "logScale": -3.999190584900872}