{"g1": 0.24946209572897513, "g2": 0.45051620971110085, "logK": 0.7005257559889775, "loc": 0.02938929933994949, "logScale": 1.004364840726895}