{"g1": 0.03365457800391842, "g2": 8.113763946441846, "logK": 0.8579289809943685, "loc": 0.015172013031019144, "logScale": 0.4474884182823715}