{"g1": 0.8543688709745804, "g2": 10.227482104661084, "logK": -4.030870723474928, "loc": -0.00023044536716402934, "logScale": -3.993654051205704}