{"g1": 0.9359430781326961, "g2": 6.839591760515036, "logK": 0.09310701247920772, "loc": -0.003389655097640677, "logScale": -3.9850252174471534}