{"g1": 0.9024374236559841, "g2": 4.7295603450916905, "logK": 0.9966519740742589, "loc": -0.031125117703114383, "logScale": -3.67042003324445}