{"g1": 0.9993735422463997, "g2": 2.9027210879203658, "logK": -4.39476844717974, "loc": 0.007912480840959992, "logScale": -3.9929844837854063}