{"g1": 0.03414656660081824, "g2": 5.415401351563307, "logK": 0.41894929483607923, "loc": -0.049626189936033474, "logScale": 0.577139159328805}