{"g1": 0.9777449571739995, "g2": 8.036575829793128, "logK": 0.1630444687082644, "loc": -0.027216766682843518, "logScale": -3.7088463913758045}