{"g1": 0.9678615271266524, "g2": 13.881510529221341, "logK": -2.420372001200079, "loc": 0.0005162878164260715, "logScale": -3.9791520448332145}