{"g1": 0.9933957105543806, "g2": 6.411779409234967, "logK": -4.161466946874429, "loc": 0.010309753955819748, "logScale": -3.3973915738781257}