{"g1": 0.970666069675676, "g2": 8.222119813622765, "logK": 0.8360602882973587, "loc": -0.0071524677116570935, "logScale": -3.9887543912929413}