{"g1": 0.9363644093331909, "g2": 0.10040410091938234, "logK": 0.4020797165755892, "loc": 0.059460800396577494, "logScale": 0.9443002796468185}