{"g1": 0.8614316320984166, "g2": 9.42499235962866, "logK": -4.983221134468168, "loc": 0.0015822424714256598, "logScale": -3.8496781309515766}