{"g1": 0.8870542773554453, "g2": 1.9300464496608272, "logK": -1.6948497671455056, "loc": 0.0060767042370017, "logScale": -3.9881572771483436}