{"g1": 0.9354491501710945, "g2": 1.3925949697660824, "logK": -2.3764643569992128, "loc": -0.0017258364377224457, "logScale": -3.991914320200443}