{"g1": 0.1740405067830285, "g2": 0.06204023194546315, "logK": -3.7209619351048713, "loc": 0.1202543737603845, "logScale": 1.6062875300489623}