{"g1": 0.3666396670473413, "g2": 8.78879998841277, "logK": 0.8840052560268938, "loc": 0.143810767218083, "logScale": 0.5035236425636247}