{"g1": 0.05609560939170074, "g2": 11.572422082066407, "logK": -0.8046806488252081, "loc": -0.04147090906367188, "logScale": 1.4288668991603632}