{"g1": 0.8734028538906191, "g2": 11.984838102360952, "logK": -4.7045553854599405, "loc": 0.0042688741261859495, "logScale": -3.413047352230956}