{"g1": 0.06014898235014061, "g2": 11.413419014417203, "logK": 0.29067384251404604, "loc": 0.12364829659079687, "logScale": 0.6098644887452709}