{"g1": 0.47390668630532984, "g2": 14.975510798571637, "logK": -4.593742897575156, "loc": 0.00046926302886127766, "logScale": -3.866427326156242}