{"g1": 0.8801587105577587, "g2": 8.573245461587284, "logK": -1.1688672764729129, "loc": -0.0021448573211475287, "logScale": -3.6902414833783177}