{"g1": 0.2033194556292348, "g2": 1.5474413225813668, "logK": 0.9953944628459566, "loc": -0.125441288383157, "logScale": -0.8319262368931412}