{"g1": 0.4015603453073986, "g2": 4.364372151738865, "logK": -0.6516011881090951, "loc": -0.010677290234926123, "logScale": -3.994747397548127}