{"g1": 0.7533694654653682, "g2": 11.848358534461275, "logK": 0.663645818274127, "loc": -0.04444688209659065, "logScale": -3.523954717164239}