{"g1": 0.9099786821725298, "g2": 11.56932877615091, "logK": -3.7433476395793672, "loc": -0.02506839019958527, "logScale": -2.5280298126258116}