{"g1": 0.9153282566578327, "g2": 8.045344203895716, "logK": -4.357703477355755, "loc": -0.01079398631759311, "logScale": -3.7407240868142657}