{"g1": 0.018750278004506557, "g2": 2.2137091760701098, "logK": 0.9911102782694077, "loc": -0.04849105701577968, "logScale": -0.08659255582396251}