{"g1": 0.8655203953230903, "g2": 8.233507175118314, "logK": -0.7697298273092381, "loc": -0.0051933704724356575, "logScale": -3.990191331919057}