{"g1": 0.9675511296049695, "g2": 6.381033771046894, "logK": -0.7039184723066518, "loc": -0.003662029305972825, "logScale": -3.9809512790826616}