{"g1": 0.9787066129641364, "g2": 13.857693027367512, "logK": -2.048031225669845, "loc": -0.013795787012846306, "logScale": -3.9953376176516926}