{"g1": 0.7573397088860353, "g2": 7.568899642276767, "logK": -3.6479508263090272, "loc": 0.014097803395799201, "logScale": -3.246581443049042}