{"g1": 0.9086743386350312, "g2": 9.246500377818565, "logK": 0.2112294065256227, "loc": -0.007644054393066887, "logScale": -3.993085145305488}