{"g1": 0.9773065569659415, "g2": 2.2012433630357995, "logK": 0.14821562638494556, "loc": -0.07028032710469755, "logScale": -2.691357633970229}