{"g1": 0.9143525095520239, "g2": 2.88801163103735, "logK": 0.3597584730663066, "loc": -0.013592743873856998, "logScale": -3.8199242766894046}