{"g1": 0.023727646246502608, "g2": 1.725067338738088, "logK": -4.561610384164011, "loc": -0.05415546279496167, "logScale": 1.2374008383797943}