{"g1": 0.8190292172437907, "g2": 13.323166730249694, "logK": -2.485731764674359, "loc": 0.008672930576428817, "logScale": -3.070916360449132}