{"g1": 0.9403001105873818, "g2": 1.2567113411790443, "logK": 0.7485683783981028, "loc": -0.09652627898179017, "logScale": 0.2418451370512731}