{"g1": 0.6265036742820588, "g2": 6.583987064837874, "logK": -2.0655943534403494, "loc": -0.002829680433193288, "logScale": -3.9983044373255274}