{"g1": 0.9477816076782114, "g2": 6.052567371286016, "logK": -0.13557624963511605, "loc": -0.021738277883411122, "logScale": -3.8758241007380856}