{"g1": 0.026318309938489187, "g2": 13.873672423559523, "logK": -0.20606098023887043, "loc": -0.04792885584692268, "logScale": 0.8435185676879939}