{"g1": 0.049895838939802095, "g2": 6.3509327488305445, "logK": 0.8124544925314328, "loc": 0.00520484944472524, "logScale": 0.07372364188921421}