{"g1": 0.7130657155513834, "g2": 0.9383669603709544, "logK": -1.7998395290353637, "loc": -0.01853287156537666, "logScale": -3.612936918220413}