{"g1": 0.9496753677044789, "g2": 6.513795965627558, "logK": -3.0189524396879754, "loc": -0.0028356849851023545, "logScale": -3.8415953576736284}