{"g1": 0.06048225475872412, "g2": 9.448845123897883, "logK": 0.36846510640391184, "loc": -0.12898714306099626, "logScale": 0.5479127945651362}