{"g1": 0.7230619901854239, "g2": 13.896660087792956, "logK": -4.085237274080778, "loc": -0.003580827780742736, "logScale": -3.2454701749989288}