{"g1": 0.9837719188721605, "g2": 12.521680131443345, "logK": -4.353180690275479, "loc": -4.828876640931151e-05, "logScale": -3.1386738644688488}