{"g1": 0.9499272063405295, "g2": 0.2733333929538073, "logK": 0.9888453272697739, "loc": -0.0951870673790633, "logScale": 0.25664503997312194}