{"g1": 0.9881924324002944, "g2": 9.803144641369292, "logK": -3.950187387340433, "loc": 0.025581359608641115, "logScale": -2.5086015532984614}