{"g1": 0.9418299614813976, "g2": 8.309592027976764, "logK": -1.006758203510124, "loc": -0.028027514700518397, "logScale": -3.2650252135058677}