{"g1": 0.028992774268217752, "g2": 0.254062222873194, "logK": -3.7578458032854556, "loc": 0.11731637840549722, "logScale": 1.799194424904955}