{"g1": 0.6901434538516578, "g2": 6.278353724013428, "logK": -0.07569260553877522, "loc": -0.012929528598712846, "logScale": -3.674969065386765}