{"g1": 0.9851826544229577, "g2": 13.204028940546934, "logK": -4.777419726446092, "loc": -0.016103718448521438, "logScale": -3.399541734817695}