{"g1": 0.025555973344326327, "g2": 11.339118157322085, "logK": 0.977391862948048, "loc": -0.015633888030305146, "logScale": 0.16429771984607533}