{"g1": 0.9407126920242286, "g2": 12.083844783662448, "logK": 0.9935988875885248, "loc": -0.030786510767533998, "logScale": -3.834154274597324}