{"g1": 0.014150877207751489, "g2": 0.1560285605410554, "logK": -0.8532050811318919, "loc": 0.03659245502183971, "logScale": 1.8072593447429548}