{"g1": 0.6451503651189173, "g2": 9.687065227223185, "logK": -0.6915054309287175, "loc": -0.014456031691802398, "logScale": -2.996498788198452}