{"g1": 0.9363698917296498, "g2": 6.996716170527177, "logK": 0.1542904012999067, "loc": -0.024818903701551435, "logScale": -3.428178781879742}