{"g1": 0.9654388634452287, "g2": 14.964105615889702, "logK": 0.9965281524661804, "loc": -0.04640935849213456, "logScale": -3.1662611116163673}