{"g1": 0.8445262265610479, "g2": 0.09839094056169018, "logK": 0.8008318223394852, "loc": 0.038053068822542224, "logScale": 0.6822716078172032}