{"g1": 0.7828411290246852, "g2": 5.899068158371032, "logK": -0.46492883491703796, "loc": 0.003961236989927322, "logScale": -3.682532836607331}