{"g1": 0.09309157404183091, "g2": 14.090999917476267, "logK": 0.9310979419646372, "loc": 0.11586844811588631, "logScale": -0.4989047184168395}