{"g1": 0.9235722733841596, "g2": 6.516633831321876, "logK": -2.8280530091564735, "loc": -0.003977216542563207, "logScale": -3.5358396881584753}