{"g1": 0.7909153769349236, "g2": 5.434445093619894, "logK": -4.295650652095813, "loc": -0.00406455245975983, "logScale": -3.730226654284878}