{"g1": 0.014373299596690758, "g2": 6.265607554041852, "logK": 0.22468630059392125, "loc": 0.0030588120893614637, "logScale": 0.7166324263508892}