{"g1": 0.9836863679824231, "g2": 6.313025404423458, "logK": -4.411653663731562, "loc": 0.000577992594206999, "logScale": -3.9949869687766415}