{"g1": 0.9211227089628027, "g2": 12.98988588789343, "logK": 0.9728497231535126, "loc": -0.02479867179202558, "logScale": -3.9940915183162344}