{"g1": 0.8176664144004913, "g2": 14.992933729271302, "logK": -3.7303867840252276, "loc": -0.000560268681453131, "logScale": -3.845675081603436}