{"g1": 0.4133029400571094, "g2": 10.712082188335673, "logK": 0.9928190480284331, "loc": -0.08677574499255838, "logScale": -0.5729917973741399}