{"g1": 0.8203423224085922, "g2": 0.23850977128837236, "logK": 0.8101397259814697, "loc": -0.05226979824737024, "logScale": 0.19979535271752658}