{"g1": 0.5416177234872962, "g2": 13.523406912976395, "logK": 0.04592532928186921, "loc": -0.01202304413284478, "logScale": -3.9987154638921987}