{"g1": 0.018719227510497857, "g2": 9.54868280689394, "logK": 0.8541661565796466, "loc": -0.09797235102636331, "logScale": 0.4368902951388037}