{"g1": 0.0580889648790861, "g2": 7.980293123615581, "logK": 0.9356142738128891, "loc": -0.10065521812555754, "logScale": 0.1414423541032852}