{"g1": 0.02155050427227714, "g2": 13.489147456421785, "logK": 0.22588041610957355, "loc": 0.09962522584123912, "logScale": 0.814984293474293}