{"g1": 0.5330815103296569, "g2": 13.119368083105293, "logK": -1.2419323910000242, "loc": -0.011136166352712836, "logScale": -3.996037270229389}