{"g1": 0.5554453619895803, "g2": 3.324151979597664, "logK": -3.155510451531115, "loc": -0.007546246638561132, "logScale": -3.998322542727188}