{"g1": 0.06640216745399498, "g2": 2.143708563250502, "logK": 0.7437375524395807, "loc": -0.051622590771211715, "logScale": 0.07632036427781536}