{"g1": 0.9145012254230573, "g2": 7.962622968493054, "logK": -4.245079482201614, "loc": 0.005197742833270762, "logScale": -3.9794585840080376}