{"g1": 0.027580790949209677, "g2": 13.478526423897968, "logK": 0.5267000977925759, "loc": -0.06280706854998061, "logScale": 0.14828065168331397}