{"g1": 0.9672293744751328, "g2": 9.112122597300479, "logK": -4.590236189686042, "loc": -0.007000979713270049, "logScale": -3.8437983986038113}