{"g1": 0.0017834215726128463, "g2": 6.079110172677693, "logK": 0.0995521755237867, "loc": 0.13090650204920537, "logScale": 0.8022907949937541}