{"g1": 0.5778689988034826, "g2": 11.390632843994986, "logK": 0.7553678182001626, "loc": -0.01507425363608076, "logScale": -3.5581596928305754}