{"g1": 0.2843161950478974, "g2": 2.130130494622022, "logK": 0.6939211105957195, "loc": -0.029711095454331645, "logScale": 0.14909788090513576}