{"g1": 0.9500459290365177, "g2": 8.313347015440202, "logK": -3.6677331916941305, "loc": 0.006230279314065433, "logScale": -3.739677833789832}