{"g1": 0.001068430774954006, "g2": 4.258104898457192, "logK": 0.9375738895468078, "loc": -0.07327184888560939, "logScale": -0.04868315715147831}