{"g1": 0.7803623130868417, "g2": 9.062629250679189, "logK": -0.3432011608942241, "loc": -0.02563177624875743, "logScale": -3.4431117123069237}