{"g1": 0.9926994715577333, "g2": 13.479439024006012, "logK": -0.5018893490775994, "loc": -0.0043964924327126315, "logScale": -3.968857645855497}