{"g1": 0.6250094164285834, "g2": 1.4022327276820572, "logK": 0.9928011827496561, "loc": -0.14778060557320763, "logScale": -0.20138972303156816}