{"g1": 0.008884268574676689, "g2": 7.398710908164805, "logK": -2.7019920794483303, "loc": 0.055599901106478056, "logScale": 1.271620824909541}