{"g1": 0.005139739498403942, "g2": 14.090923359627762, "logK": 0.33053414907799816, "loc": -0.02402099290648923, "logScale": 0.22581395611438157}