{"g1": 0.6347474608218383, "g2": 5.5531337170799535, "logK": -2.934912622690457, "loc": 0.008378176849225611, "logScale": -2.807354174019802}