{"g1": 0.632908657224875, "g2": 2.50338358710004, "logK": -3.711775179209354, "loc": -0.004385324672709105, "logScale": -3.628813484731026}