{"g1": 0.47600991067534193, "g2": 9.608134081681726, "logK": -4.15937265666658, "loc": 0.0057068559081421555, "logScale": -3.2867016769475517}