{"g1": 0.7009378609980353, "g2": 5.458401894299737, "logK": -4.350908176745129, "loc": -0.01056238904964956, "logScale": -3.6582265941814716}