{"g1": 0.38383102583655926, "g2": 2.2771612226636266, "logK": 0.9985099472676244, "loc": 0.013559610350296483, "logScale": -0.012359971925178785}