{"g1": 0.9982214335594504, "g2": 3.9796390327890183, "logK": 0.14960071839168365, "loc": -0.03336009510128732, "logScale": -3.459597212948933}