{"g1": 0.6564011221889425, "g2": 9.609252605683293, "logK": -0.8241243106581723, "loc": -0.0031564911652208344, "logScale": -3.9969394929879614}