{"g1": 0.14447032356323708, "g2": 0.3590196670385519, "logK": 0.9128193404493272, "loc": -0.11700397777156454, "logScale": 0.6500064674736777}