{"g1": 0.5035102836775025, "g2": 7.064568234979784, "logK": -1.9860621747929947, "loc": -0.007914978684252366, "logScale": -3.99888033944077}