{"g1": 0.9262673625456153, "g2": 3.0787501451638892, "logK": 0.19517180037534743, "loc": -0.041692926343829734, "logScale": -3.641609689517831}