{"g1": 0.7441350691419674, "g2": 7.225634996649092, "logK": 0.7832669636259539, "loc": -0.05652574683606533, "logScale": -3.4096112933913583}