{"g1": 0.018698915705045456, "g2": 13.371489232690289, "logK": -3.0669234445744493, "loc": -0.008063741389376926, "logScale": 1.2749993180135537}