{"g1": 0.03784571469410495, "g2": 10.033956240772131, "logK": 0.557999481300866, "loc": 0.1076175546390028, "logScale": 0.3253321530062302}