{"g1": 0.7748594123935331, "g2": 11.608673944674633, "logK": -3.2661497644130595, "loc": -0.04688692933127837, "logScale": -2.119496709523022}