{"g1": 0.47205432686441, "g2": 6.235979237113421, "logK": -4.937573283422406, "loc": 0.0009328099171033925, "logScale": -3.9907041802055274}