{"g1": 0.3598249830594118, "g2": 5.599766341908647, "logK": 0.9955981012063533, "loc": -0.10546940940209605, "logScale": -0.521753367145569}