{"g1": 0.9326296781870075, "g2": 7.554016984357117, "logK": -1.7061285086692761, "loc": -0.004142978510547219, "logScale": -3.9903077327062646}