{"g1": 0.7908156491093308, "g2": 6.802745826832827, "logK": -3.2692537624823306, "loc": 0.0022401624086317556, "logScale": -3.940537114523842}