{"g1": 0.4468366442255166, "g2": 12.648507644650872, "logK": 0.08010476165158914, "loc": -0.026990211359715136, "logScale": -3.194418821635624}