{"g1": 0.8433896885112516, "g2": 11.683835299084473, "logK": -0.5284888144716304, "loc": 0.0013752122085178287, "logScale": -3.24724719651229}