{"g1": 0.898020958596901, "g2": 3.2487580022278175, "logK": -1.2260145507150353, "loc": -0.011928043576087018, "logScale": -3.996559628274125}