{"g1": 0.9020179046778669, "g2": 10.87145880655503, "logK": 0.8425174801488525, "loc": -0.028696690548533535, "logScale": -3.7500471036401346}