{"g1": 0.06357862524112384, "g2": 4.550220907305587, "logK": 0.6790984402976222, "loc": -0.059107435478710287, "logScale": 0.3404700494090237}