{"g1": 0.04275231788315341, "g2": 11.197642674285992, "logK": 0.8674395889330073, "loc": -0.09958589822931871, "logScale": -0.19427109474023452}