{"g1": 0.9250660790860519, "g2": 0.005332464379129043, "logK": 0.9040014477849512, "loc": -0.13074746141245464, "logScale": 0.8125418777283638}