{"g1": 0.9996839697356279, "g2": 7.304649347654184, "logK": 0.5905210556042206, "loc": -0.022283682590503753, "logScale": -3.985416274008267}