{"g1": 0.8337818078174852, "g2": 12.495888750786397, "logK": -3.999773155841551, "loc": -0.004260720138946037, "logScale": -3.9889898175635174}