{"g1": 0.18609456875955505, "g2": 7.495435420671119, "logK": -0.43087261746208805, "loc": -0.00922128009514183, "logScale": -3.9851557063703034}