{"g1": 0.038833387221044575, "g2": 1.4397944422631763, "logK": -0.031404124020996016, "loc": 0.07551607879790599, "logScale": 1.2964298426216843}