{"g1": 0.9188795604968434, "g2": 8.341222389286779, "logK": -4.688885653992335, "loc": -0.0036139011986049893, "logScale": -3.1779941562248792}