{"g1": 0.7484263099438636, "g2": 9.420764077772704, "logK": 0.19724825607795704, "loc": -0.025807376596619157, "logScale": -3.536361810372072}