{"g1": 0.6564177639528609, "g2": 9.771140088584897, "logK": -2.7251540366323646, "loc": -0.02392277550052774, "logScale": -2.8891547621518168}