{"g1": 0.04469804464483332, "g2": 2.3368785493863986, "logK": -4.980709117388004, "loc": -0.028303841489649928, "logScale": 1.3055164003777753}