{"g1": 0.6506407135530957, "g2": 8.902220116265237, "logK": -4.867243818334687, "loc": -0.00754016138146834, "logScale": -2.630273121186775}