{"g1": 0.7317164852349313, "g2": 3.525647422096109, "logK": -2.571802889438379, "loc": 0.0008011741753516412, "logScale": -3.989693416954208}