{"g1": 0.023662341442095686, "g2": 6.848540903734397, "logK": 0.9474901579160785, "loc": -0.05571922066037465, "logScale": 0.5106413104157576}