{"g1": 0.06951996238872152, "g2": 11.4246737873695, "logK": 0.9183483563359869, "loc": -0.028562749742595255, "logScale": -0.8442997257339266}