{"g1": 0.9809260556879265, "g2": 8.022801086757289, "logK": -2.974470433781817, "loc": 0.0011097005990806834, "logScale": -3.8514670234180257}