{"g1": 0.01751650380907389, "g2": 9.696354703686245, "logK": 0.4910053106807586, "loc": 0.05965651933762091, "logScale": 0.0017815521451962635}