{"g1": 0.9394214418736008, "g2": 2.5833258085685094, "logK": 0.6645942231948545, "loc": -0.0025405236567610165, "logScale": -3.493671691276715}