{"g1": 0.8790068768350476, "g2": 4.701522196817934, "logK": -0.6031146058838437, "loc": -0.007243813512139485, "logScale": -3.8720612964158363}