{"g1": 0.45405123917705903, "g2": 0.18808605258746813, "logK": 0.7000250071714904, "loc": -0.02180112494516386, "logScale": 0.9804088488943055}