{"g1": 0.9430531522547988, "g2": 11.19992826551213, "logK": -1.324605764297337, "loc": -0.00450390938482422, "logScale": -3.991567386245698}