{"g1": 0.9399074843592328, "g2": 9.01660324190098, "logK": -3.956958774346491, "loc": 0.0043704265578370415, "logScale": -3.8017349439542385}