{"g1": 0.7978881608321422, "g2": 0.27226594750977845, "logK": 0.8093635653220107, "loc": -0.003822528735996134, "logScale": 0.4867978599087866}