{"g1": 0.9849261248521203, "g2": 13.04742226748686, "logK": -1.4674940675522379, "loc": 0.0077356160139387745, "logScale": -3.647359828826656}