{"g1": 0.06945548861230852, "g2": 8.487785119872887, "logK": 0.9854178127561362, "loc": -0.012191010770021701, "logScale": -0.4602474272860526}