{"g1": 0.005907835320013388, "g2": 3.0054551991355147, "logK": 0.24176874411757632, "loc": 0.04703634246286192, "logScale": 0.7463154071152333}