{"g1": 0.8705145538082131, "g2": 2.9231817504337476, "logK": 0.2988921350376608, "loc": -0.016999066267048474, "logScale": -1.9850467517131127}