{"g1": 0.9978498029464113, "g2": 7.677390432375627, "logK": -4.214907052887794, "loc": -0.02253805619739351, "logScale": -2.704019513138309}