{"g1": 0.4068021954444379, "g2": 5.7354138317138466, "logK": -3.9677533388924013, "loc": 0.011036689651098917, "logScale": -3.988478307209603}