{"g1": 0.24423752538147767, "g2": 13.027235315848715, "logK": 0.705035878520893, "loc": -0.02519666906295681, "logScale": -0.008948394633051068}