{"g1": 0.7042525976869853, "g2": 14.99178981987638, "logK": 0.832573764171314, "loc": -0.05140183717761321, "logScale": -3.8304826024017373}