{"g1": 0.04263424934746628, "g2": 14.76556678104008, "logK": 0.5717875078979784, "loc": -0.046368592462387045, "logScale": 0.5319903904991015}