{"g1": 0.8577681152906156, "g2": 5.523944634998564, "logK": 0.34625006499987304, "loc": -0.005372594790564483, "logScale": -3.7141852916915705}