{"g1": 0.5720623358546216, "g2": 0.3314150914441263, "logK": 0.9729489775963405, "loc": 0.10669485211314704, "logScale": 0.6401606379736982}