{"g1": 0.9315232711893866, "g2": 3.8543092694214125, "logK": -1.7231441228952797, "loc": -0.002395544140421504, "logScale": -3.97413945899263}