{"g1": 0.05168730464171871, "g2": 6.788262106010772, "logK": 0.8393333452622785, "loc": 0.031089286105114293, "logScale": 0.20751930121639672}