{"g1": 0.72320400006322, "g2": 5.78401967612581, "logK": -4.419530019796931, "loc": 0.0029049918371217755, "logScale": -3.9907981442175315}