{"g1": 0.644681700195763, "g2": 5.798403335374806, "logK": 0.9927500738605317, "loc": -0.06990591336440996, "logScale": -0.09759663186628059}