{"g1": 0.5680057223812724, "g2": 9.809272379282897, "logK": -4.984997839281676, "loc": -0.001475806179663832, "logScale": -3.9781917142207144}