{"g1": 0.0034635504446558357, "g2": 13.97486417993128, "logK": 0.7863461973571197, "loc": 0.1316428719730915, "logScale": -0.16520914083940122}