{"g1": 0.04252894180080172, "g2": 1.879346490077611, "logK": -0.5946150363492855, "loc": -0.1457216901910847, "logScale": 0.8716976371669864}