{"g1": 0.9935543487564367, "g2": 7.37962608353423, "logK": -2.998547753902898, "loc": -0.007554383854783141, "logScale": -3.9740496221920965}