{"g1": 0.6315185574732651, "g2": 4.383268854787377, "logK": -0.9719664534619814, "loc": 4.756736789253337e-05, "logScale": -3.5986864820762547}