{"g1": 0.8636343475435507, "g2": 9.340990555394075, "logK": -4.6384562972278784, "loc": -0.005891210009158208, "logScale": -3.4935348487113242}