{"g1": 0.23815053804340683, "g2": 1.068650738566248, "logK": 0.9966880062169569, "loc": 0.07450037179504634, "logScale": -0.07404803374651892}