{"g1": 0.3730004178307398, "g2": 12.047817735286392, "logK": -1.682252861088971, "loc": -0.002481379979914317, "logScale": -3.99210103874685}