{"g1": 0.05255227305961162, "g2": 4.919333637232501, "logK": 0.6849193297317724, "loc": -0.14477488966307453, "logScale": 0.20267044573333437}