{"g1": 0.9973483839925781, "g2": 14.639517945486666, "logK": -2.361395948834253, "loc": 0.007000417012506175, "logScale": -3.5170320585578194}