{"g1": 0.8144204692017456, "g2": 7.615314271814578, "logK": -0.2795371283006318, "loc": -0.007216858467054875, "logScale": -3.595167163886139}