{"g1": 0.7803350574585188, "g2": 12.008367505739228, "logK": -0.45187295609923006, "loc": -0.007022241100317432, "logScale": -3.3545627426679845}