{"g1": 0.9251174750363312, "g2": 0.5200095398985729, "logK": 0.9862413402802024, "loc": -0.012745211005525225, "logScale": -3.986260656064675}