{"g1": 0.012648175251823721, "g2": 8.225643822872845, "logK": 0.8973914002327876, "loc": -0.0967911608762593, "logScale": -0.11113771356936808}