{"g1": 0.7441648887431431, "g2": 12.738631039412633, "logK": 0.9334695406242484, "loc": -0.03487248007275491, "logScale": -3.775361616646258}