{"g1": 0.022136724649463202, "g2": 0.017034534412170788, "logK": 0.44249579587382704, "loc": 0.00668922067920215, "logScale": 0.5646233438749398}