{"g1": 0.979121570791806, "g2": 11.368169459316542, "logK": -0.060944921052809575, "loc": -0.016479750188558743, "logScale": -3.4362856246546576}