{"g1": 0.9802839021536924, "g2": 12.914956172352333, "logK": -4.132830110205368, "loc": -0.005829338570816869, "logScale": -3.4246525429845436}