{"g1": 0.6213298369029993, "g2": 5.338796547767471, "logK": -3.03145332110374, "loc": 0.006866343391168107, "logScale": -3.9087337589386473}