{"g1": 0.7255036857113577, "g2": 0.036698221563000066, "logK": 0.15299250113108542, "loc": -0.027871082872139137, "logScale": 0.7811021189406097}