{"g1": 0.7444615141125851, "g2": 8.842102309214317, "logK": 0.6353436687110634, "loc": -0.024387746670766167, "logScale": -3.4386338673269177}