{"g1": 0.4317218988474498, "g2": 6.2484876650341725, "logK": 0.6873315954489685, "loc": -0.05577796779917576, "logScale": -3.3747921263968466}