{"g1": 0.04358117894275506, "g2": 4.329665473141805, "logK": 0.3872646082996254, "loc": 0.016912356771273895, "logScale": 0.4443468606894505}