{"g1": 0.8752536148088912, "g2": 12.020343500556978, "logK": 0.8538592027084784, "loc": -0.012993092217849993, "logScale": -3.994123777881169}