{"g1": 0.005256182453227318, "g2": 12.145682427818514, "logK": 0.9972272468919461, "loc": 0.02193445897291626, "logScale": -0.0954693485729862}