{"g1": 0.6739500518477446, "g2": 6.8645551267943965, "logK": -0.9943976387604228, "loc": -0.03899397912900831, "logScale": -2.8777796192230745}