{"g1": 0.6750989199473916, "g2": 14.689823887378138, "logK": -3.982473902172921, "loc": 0.0013807807609555556, "logScale": -3.996899880912195}