{"g1": 0.35188786328501653, "g2": 0.020241770647452778, "logK": -3.225437647899809, "loc": 0.12208038462116691, "logScale": 1.5796713829150721}