{"g1": 0.998446910895664, "g2": 9.524505369526288, "logK": -1.9508334108661218, "loc": 0.005457069452543123, "logScale": -3.9727208467829307}