{"g1": 0.5387118945478191, "g2": 4.745785313884388, "logK": -3.543183801789789, "loc": -0.006152914164802111, "logScale": -3.8586798750042957}