{"g1": 0.6567478865995328, "g2": 4.952751681772234, "logK": -4.287571658746787, "loc": -0.00718996684543699, "logScale": -2.9349768320628806}