{"g1": 0.0081948832060997, "g2": 0.3254653564928957, "logK": 0.7152517236333776, "loc": -0.046204934293720676, "logScale": 0.10523859657431878}