{"g1": 0.2631613871427602, "g2": 7.231220612375881, "logK": 0.9862511398522233, "loc": -0.09727513001885675, "logScale": -0.034414816676147375}