{"g1": 0.7833999912324956, "g2": 12.872287001734172, "logK": -3.8991060834913713, "loc": -0.0013565233482837067, "logScale": -3.996950679707738}