{"g1": 0.9010099077770399, "g2": 8.582198600632656, "logK": 0.24373830918601175, "loc": -0.03859955554290111, "logScale": -3.5452738272699946}