{"g1": 0.7966583668355458, "g2": 8.739394248157089, "logK": -0.13644563699628676, "loc": -0.043777141350239406, "logScale": -3.0212569735226498}