{"g1": 0.9058524015451308, "g2": 4.077174374085518, "logK": 0.48551834025880725, "loc": -0.030010901511116496, "logScale": -3.83487593643804}