{"g1": 0.26706187700432693, "g2": 11.436386608467467, "logK": 0.8738922837251466, "loc": 0.07993047557667372, "logScale": 0.3601400415740146}