{"g1": 0.9041930903282032, "g2": 11.246005465156026, "logK": -1.6577633622240988, "loc": -0.0058914314110235545, "logScale": -3.9830727930711207}