{"g1": 0.9988990424813662, "g2": 1.803377857203106, "logK": 0.868872568273892, "loc": -0.013730995511184674, "logScale": -3.9900756265058583}