{"g1": 0.35481941974974723, "g2": 0.13227638719233376, "logK": 0.9941448397349635, "loc": 0.05812547792535076, "logScale": -0.2098482956946192}