{"g1": 0.8918629721780489, "g2": 0.042965499931406484, "logK": 0.869231482091668, "loc": 0.1312801986272756, "logScale": 0.14652523269245576}