{"g1": 0.7264778257811947, "g2": 0.0356129717914305, "logK": -4.542492859476727, "loc": 0.050021480013172845, "logScale": 0.9718585649927496}