{"g1": 0.6082818213908393, "g2": 1.7616551517985126, "logK": -4.390022948108898, "loc": 0.0042775489368976505, "logScale": -3.977234840154455}