{"g1": 0.7485150538229421, "g2": 8.47072686949015, "logK": -3.527842480812264, "loc": -0.011889448178206946, "logScale": -2.4741661749321855}