{"g1": 0.8020650245048119, "g2": 13.882275727858694, "logK": -1.7067181015254886, "loc": -0.009844122040614314, "logScale": -3.8548232301870033}