{"g1": 0.04369477187535217, "g2": 3.2185823185189193, "logK": 0.7661892137812425, "loc": -0.0692670267177487, "logScale": 0.5326515855742577}