{"g1": 0.79559340675648, "g2": 2.7610751073608335, "logK": -1.4977612246356196, "loc": -0.006538150206955838, "logScale": -3.9732097573515337}