{"g1": 0.9464393493601415, "g2": 9.182947934795106, "logK": -1.5480512657889889, "loc": 0.0005007088836695333, "logScale": -3.9968107915426625}