{"g1": 0.3699890803031344, "g2": 2.4316159274748568, "logK": 0.9986526846049479, "loc": -0.10684766477367946, "logScale": -0.02056245867065215}