{"g1": 0.9602812574033849, "g2": 9.308269204908674, "logK": -4.330512260452549, "loc": 0.009210890502236484, "logScale": -3.9144732470861996}