{"g1": 0.9662320039093425, "g2": 11.958460653925304, "logK": 0.06162368287294795, "loc": -0.013388116607738802, "logScale": -3.6379519000770797}