{"g1": 0.8578747952275786, "g2": 8.672042940450279, "logK": 0.7523984728036944, "loc": -0.034829142539753895, "logScale": -3.989651159115945}