{"g1": 0.7366197224913735, "g2": 7.562126721780637, "logK": -3.8979843983950593, "loc": -0.005164411722751823, "logScale": -3.192355017518144}