{"g1": 0.9734724341235568, "g2": 2.010257369471779, "logK": -0.8123628840697801, "loc": 0.004376496162935135, "logScale": -3.999176509013531}