{"g1": 0.6382539248209238, "g2": 1.4054488894886825, "logK": -1.7420924872538035, "loc": -0.0060633526617675, "logScale": -3.982554036280855}