{"g1": 0.7043188932489021, "g2": 4.380560591073136, "logK": 0.28864954969887147, "loc": -0.002354233021044781, "logScale": -3.63070631242972}