{"g1": 0.7790877308680095, "g2": 5.512849304755977, "logK": 0.98110308977261, "loc": -0.10991075353756763, "logScale": -2.6512906647760257}