{"g1": 0.07546802380214228, "g2": 0.3142788134205744, "logK": -2.9488841950137052, "loc": -0.05017730440259849, "logScale": 1.342530058888409}