{"g1": 0.005401908609312056, "g2": 5.426620934487193, "logK": -1.9371284892627165, "loc": -0.0752018555298217, "logScale": 1.2914078934258473}