{"g1": 0.720619544971979, "g2": 6.718434439883598, "logK": -1.3311116224227582, "loc": -0.010939286620793135, "logScale": -3.969067570747945}