{"g1": 0.0029330735243562056, "g2": 12.092031079286695, "logK": 0.32643481083080517, "loc": -0.01603467599164957, "logScale": 0.34959477970981223}