{"g1": 0.058920600937467094, "g2": 6.820022720031111, "logK": 0.7664526343145823, "loc": -0.08738688891147747, "logScale": 0.4696029982358064}