{"g1": 0.8342734716136081, "g2": 13.413265670672693, "logK": -4.559467435309768, "loc": -0.0014359662667591654, "logScale": -3.974782136909306}