{"g1": 0.9023020393112777, "g2": 0.18217207668805013, "logK": 0.2048816308347874, "loc": -0.14460523962914962, "logScale": 0.6934866977711512}