{"g1": 0.852907496523464, "g2": 9.941931243729323, "logK": 0.8203119363332632, "loc": -0.04864536206167219, "logScale": -3.3848220306555574}