{"g1": 0.9457452841076144, "g2": 0.017659259313834053, "logK": 0.9648471754806811, "loc": -0.01187007783922419, "logScale": 0.31220486102243994}