{"g1": 0.1714788168453417, "g2": 0.13980881566258851, "logK": 0.9483576245559884, "loc": -0.01357464050021568, "logScale": 0.19771694268667517}