{"g1": 0.577226109402919, "g2": 10.266869158527017, "logK": 0.2663183436963612, "loc": -0.003503300595592421, "logScale": -3.0853383253326014}