{"g1": 0.9995959934599061, "g2": 10.651625090113697, "logK": -3.0773207832482066, "loc": 0.00041506912558761464, "logScale": -3.8057293550406044}