{"g1": 0.633454758683971, "g2": 5.819075170160003, "logK": -3.0812208153476224, "loc": -0.002724306299721469, "logScale": -3.996913837260613}