{"g1": 0.04392255486061545, "g2": 0.18597018633494677, "logK": 0.9921668561720955, "loc": 0.017963493327956576, "logScale": 0.8904656989781949}