{"g1": 0.7052924922927228, "g2": 8.145319399343645, "logK": -3.858636266765009, "loc": -0.014789810593209239, "logScale": -2.9902285682769585}