{"g1": 0.5917437269944918, "g2": 3.563732202058792, "logK": -0.5717449584235648, "loc": 0.004254819017307355, "logScale": -3.5807928457656906}