{"g1": 0.38680435714013156, "g2": 6.681709021987881, "logK": -2.9110780780217156, "loc": -0.0020836773986835375, "logScale": -3.972274332092073}