{"g1": 0.5659680340547776, "g2": 10.515558091326337, "logK": 0.1821186680315539, "loc": -0.03518359062574967, "logScale": -2.9339407927258967}