{"g1": 0.84197107499229, "g2": 0.5399327187654112, "logK": 0.0036589022143746486, "loc": 0.05077296951775741, "logScale": 1.0517208917496148}