{"g1": 0.8312218787148425, "g2": 0.2166041909701395, "logK": -3.3356824906914353, "loc": 0.00521985872840853, "logScale": -3.9902023800535282}