{"g1": 0.9054209985970807, "g2": 4.346428684021193, "logK": -3.541123666092276, "loc": 0.020566416825152492, "logScale": -3.104408516431161}