{"g1": 0.005945764855925621, "g2": 14.335260143230654, "logK": 0.8572025061922973, "loc": -0.04564271291874086, "logScale": -0.13610550505522545}