{"g1": 0.9305446756271085, "g2": 10.754185069860712, "logK": 0.3190909996083029, "loc": -0.010875234283153167, "logScale": -3.7902947502174364}