{"g1": 0.9174624025799788, "g2": 10.192552465055405, "logK": -2.241769092608603, "loc": -0.02371626548881458, "logScale": -3.077479005161152}