{"g1": 0.7045197703561032, "g2": 7.108903664371257, "logK": -4.19044726886383, "loc": -0.001174247430007845, "logScale": -3.952218154211947}