{"g1": 0.8669966247237443, "g2": 11.35007677353891, "logK": -3.5905101323965285, "loc": 0.0020655016635016243, "logScale": -3.974038458015353}