{"g1": 0.003317942113983857, "g2": 8.588124760234386, "logK": 0.94865360771211, "loc": -0.001838274957127256, "logScale": 0.43797154491226675}