{"g1": 0.9529523939828396, "g2": 2.9195532818601273, "logK": 0.5058614841024269, "loc": -0.026920865818392918, "logScale": -3.6333415806868583}