{"g1": 0.9413942473343092, "g2": 5.296923680571581, "logK": -0.9982302262119989, "loc": -0.003642005199465337, "logScale": -3.7770683769345474}