{"g1": 0.6568211636573763, "g2": 5.768932808088801, "logK": -3.746508327095944, "loc": 0.0005778460975110217, "logScale": -3.9874547783323835}