{"g1": 0.9956043723922869, "g2": 14.774217901336907, "logK": 0.8874624023228705, "loc": -0.025543791936333177, "logScale": -3.6822167214120283}