{"g1": 0.78881841614303, "g2": 10.156779464582206, "logK": -3.539685049198548, "loc": -0.001555542047195507, "logScale": -3.995802078606447}