{"g1": 0.9621697223994521, "g2": 13.175970538547686, "logK": -3.6513314831987564, "loc": -0.0003082644062761904, "logScale": -3.3457224532760335}