{"g1": 0.8876918027081044, "g2": 14.589384592228367, "logK": -1.7133284487937548, "loc": -0.006839187887859664, "logScale": -3.975693234464537}