{"g1": 0.04276792961583934, "g2": 11.882912196844327, "logK": 0.7248957614397127, "loc": 0.029645713199509014, "logScale": -0.30691351776499265}