{"g1": 0.8174607961646176, "g2": 5.022265448549809, "logK": -1.853718284326242, "loc": 0.007530377929378499, "logScale": -3.9959534597045856}