{"g1": 0.5425522351312365, "g2": 7.413521848209836, "logK": -0.36471736332091176, "loc": -0.027657762888341438, "logScale": -3.2137129141541463}