{"g1": 0.9757892707504321, "g2": 9.921462120838568, "logK": -0.6162826750914931, "loc": -0.010299828638719343, "logScale": -3.638718856727577}