{"g1": 0.8082084835832892, "g2": 13.069691100181453, "logK": 0.42033121281290153, "loc": -0.005091576357234815, "logScale": -3.197546672480908}