{"g1": 0.8327573470880717, "g2": 5.61502227444856, "logK": -0.011517413690598943, "loc": -0.03413639536517978, "logScale": -2.9358968832417176}