{"g1": 0.8764101191386713, "g2": 0.5426166380778226, "logK": -3.7775998444588925, "loc": 3.541727536789628e-05, "logScale": -3.959817795910004}