{"g1": 0.9756631641646982, "g2": 4.330535573514242, "logK": 0.471837277918867, "loc": -0.04708627083158111, "logScale": -3.636332501408682}