{"g1": 0.03486934233172739, "g2": 13.81096302960783, "logK": -4.837074267155379, "loc": -0.01902978925072582, "logScale": 1.0930775978406655}