{"g1": 0.9999348592996818, "g2": 9.525893574236608, "logK": -1.508737894768234, "loc": 0.010219154796586475, "logScale": -3.8384978161378873}