{"g1": 0.7735257608945083, "g2": 14.937336474313263, "logK": 0.9971537966127713, "loc": -0.017514828538955772, "logScale": -3.849535971277149}