{"g1": 0.8341622523330501, "g2": 7.9135312812002825, "logK": -0.5712216542677202, "loc": -0.00786721863912599, "logScale": -3.978151555089503}