{"g1": 0.9434095930840478, "g2": 9.293822284009764, "logK": -1.9613532837810135, "loc": 0.007529797329527423, "logScale": -3.9725367712333317}