{"g1": 0.49374982593812533, "g2": 3.4537039941067493, "logK": -4.638527146791756, "loc": 0.000844724037373121, "logScale": -3.969276040961817}