{"g1": 0.09700502539008293, "g2": 14.220200969506589, "logK": 0.8997529878360301, "loc": -0.05298918122887746, "logScale": 0.08848423768229158}