{"g1": 0.7664876313350718, "g2": 2.718105980355073, "logK": -4.581389317434755, "loc": -0.0015029495377703638, "logScale": -3.9809143795278388}