{"g1": 0.9236471945654876, "g2": 4.189014993980936, "logK": 0.28093522172224705, "loc": -0.004385775329058103, "logScale": -3.9983597315790447}