{"g1": 0.6954716190158241, "g2": 1.8250746714203756, "logK": -0.29983345039430387, "loc": 0.002205111659252263, "logScale": -3.9855310595411075}