{"g1": 0.5341577294918467, "g2": 13.160098187849982, "logK": -2.8394449049369452, "loc": -0.0123086411728974, "logScale": -3.326971653501866}