{"g1": 0.9828981534334781, "g2": 11.147755906851781, "logK": -0.10304502913784641, "loc": -0.021637905294836973, "logScale": -3.3690548710507096}