{"g1": 0.09457998730253789, "g2": 3.0644791246563345, "logK": 0.45399954123622344, "loc": -0.04438903597227521, "logScale": 0.23274705590715372}