{"g1": 0.8732582704993112, "g2": 9.825547289202246, "logK": 0.8359836323129851, "loc": -0.04542349196559284, "logScale": -3.4842659621703773}