{"g1": 0.029840120582429016, "g2": 6.803294444203557, "logK": 0.6944364622265886, "loc": -0.07121679654477026, "logScale": 0.9536004606066533}