{"g1": 0.009007213244839482, "g2": 4.009028824518692, "logK": 0.9835003648987979, "loc": 0.0035776944627194324, "logScale": -0.340414744311529}