{"g1": 0.04142766297197091, "g2": 13.283191770762922, "logK": 0.8363281595600636, "loc": -0.06912398432941157, "logScale": 1.0805184529391596}