{"g1": 0.7332041611364808, "g2": 13.077008686760358, "logK": -2.986899841299713, "loc": -0.011523975603447686, "logScale": -3.5108425603067075}