{"g1": 0.14024850675676878, "g2": 3.8999015715973515, "logK": 0.5788154223741271, "loc": -0.004333501343343038, "logScale": 1.0590571116364091}