{"g1": 0.8903809618157144, "g2": 9.801368749662455, "logK": -0.4343228134401714, "loc": -0.001864733532352233, "logScale": -3.4850497107717406}