{"g1": 0.7152538060984741, "g2": 11.02720775729098, "logK": -2.648554029301363, "loc": -0.01066482973982011, "logScale": -2.8173281487365323}