{"g1": 0.013989328802070211, "g2": 8.75752269427473, "logK": 0.36764764136943434, "loc": 0.03594614771781446, "logScale": 0.7240589499042929}