{"g1": 0.6489117820857849, "g2": 7.640438384282885, "logK": 0.7444688614753454, "loc": -0.002522077053836261, "logScale": -3.7456935238038387}