{"g1": 0.9947180142799084, "g2": 0.7670522665122151, "logK": -2.768858306212051, "loc": -0.012080703991303392, "logScale": -3.200816924983548}