{"g1": 0.05222219837123418, "g2": 3.178553413484367, "logK": 0.7712882568255701, "loc": 0.03412074156712726, "logScale": 0.7586006054411859}