{"g1": 0.013230956950789477, "g2": 6.764185790078808, "logK": -4.068055759455833, "loc": -0.05740208867881211, "logScale": 1.5584199344590135}