{"g1": 0.8057522682055132, "g2": 13.55931982403923, "logK": 0.9844941855344279, "loc": -0.0719073436191179, "logScale": -2.6264621853593138}