{"g1": 0.098676188106598, "g2": 2.052666860877894, "logK": 0.20064710670393826, "loc": 0.016481610203206876, "logScale": 1.4830852231386569}