{"g1": 0.8047291909756733, "g2": 3.350850306094649, "logK": -4.270793060788138, "loc": 0.0029491365944118663, "logScale": -3.997438359574414}