{"g1": 0.9784709382535545, "g2": 11.803209335231973, "logK": -4.223588154412127, "loc": -0.0020467594047341893, "logScale": -3.819428239176791}