{"g1": 0.030914466096114562, "g2": 11.141783654144396, "logK": 0.32215466406541327, "loc": 0.0013550035821830175, "logScale": 0.43507866003602513}