{"g1": 0.865108637658254, "g2": 10.150886013018585, "logK": -2.507643989413017, "loc": 0.0009846708806823031, "logScale": -3.9468040847513293}