{"g1": 0.5967053929024684, "g2": 4.581927656047908, "logK": -1.529297848271691, "loc": -0.003745825808267324, "logScale": -3.8174289275810755}