{"g1": 0.05224421223044664, "g2": 6.496866994859305, "logK": 0.995918409484104, "loc": -0.1499395385914659, "logScale": 0.11441284323533642}