{"g1": 0.9899320053740807, "g2": 9.294754452548139, "logK": -4.9806835932590205, "loc": 0.00039902098925415075, "logScale": -3.985143995085894}