{"g1": 0.8677885811326734, "g2": 3.70270359134778, "logK": 0.7487661297134416, "loc": -0.040049106779298196, "logScale": -3.816896253908328}