{"g1": 0.7510138172951636, "g2": 1.2363361565853561, "logK": -4.496558573488058, "loc": -0.00036899710135142273, "logScale": -3.995738950028238}