{"g1": 0.838348048469781, "g2": 12.734384482871928, "logK": -2.840590304128786, "loc": -0.011026883409317257, "logScale": -3.999469915383991}