{"g1": 0.7637752351725768, "g2": 3.0952437316743424, "logK": 0.9822334270497239, "loc": -0.07383138635535713, "logScale": 0.29035342154812194}