{"g1": 0.49636909160001547, "g2": 7.119001831354004, "logK": -0.6728716925867226, "loc": -0.01688629355162758, "logScale": -3.9745301475031627}