{"g1": 0.9961289707528682, "g2": 0.5518278364886922, "logK": -4.235403296198435, "loc": -0.004247644902411212, "logScale": -3.986189286810224}