{"g1": 0.0010319476641087177, "g2": 10.440925199574671, "logK": 0.9991580867653334, "loc": -0.047065256013257666, "logScale": -0.07845173416027207}