{"g1": 0.3284549100638566, "g2": 6.270591179495019, "logK": 0.9949803765227648, "loc": 0.044496394540648375, "logScale": -0.20786938285714368}