{"g1": 0.3611152384511825, "g2": 1.6649413745934751, "logK": -4.5174706529052555, "loc": 0.000633192555651892, "logScale": -3.9998392134898255}