{"g1": 0.7718535645949905, "g2": 5.856102506012819, "logK": -1.754996904344805, "loc": -0.01034083924250027, "logScale": -3.953697967746104}