{"g1": 0.5992991409737488, "g2": 13.663800397478509, "logK": -1.970231411974865, "loc": 0.0022742584269509585, "logScale": -3.9927726095022034}