{"g1": 0.8771968152348582, "g2": 7.119559790471168, "logK": 0.9932510802880934, "loc": -0.027841212818388045, "logScale": -3.9989456380790966}