{"g1": 0.9889534974036805, "g2": 14.402102180591768, "logK": -4.175579979225027, "loc": -0.011807672764285317, "logScale": -3.9958288052445905}