{"g1": 0.7886240107018175, "g2": 5.837016835228486, "logK": 0.984240382795714, "loc": -0.018231678460082876, "logScale": -3.8213942558736824}