{"g1": 0.06903511239371955, "g2": 9.691450095502438, "logK": 0.9970105873458117, "loc": 0.06681543443923509, "logScale": -0.3808964697007936}