{"g1": 0.9934043818485951, "g2": 6.971785538829414, "logK": -3.2201843711426, "loc": 0.014950907355606606, "logScale": -3.2269114920404833}