{"g1": 0.8812574263191031, "g2": 5.293730696139734, "logK": -0.017316673407196448, "loc": -0.023744486289476882, "logScale": -2.9707358404920607}