{"g1": 0.06670062184122992, "g2": 1.0085594834867107, "logK": 0.9114775844054223, "loc": -0.1030694543948208, "logScale": 0.20945981731086838}