{"g1": 0.9715695932056454, "g2": 10.860452813998961, "logK": 0.5970816799500316, "loc": -0.022937891678164415, "logScale": -3.978690722017482}