{"g1": 0.0015976760503121357, "g2": 2.459749954579367, "logK": -3.030460596019072, "loc": -0.1411779712926262, "logScale": 1.4836289434999153}