{"g1": 0.010908775912640455, "g2": 13.393100085638313, "logK": 0.9917799198596808, "loc": 0.05077994618663433, "logScale": -0.0656423197151128}