{"g1": 0.8425062184959239, "g2": 13.56333621794543, "logK": 0.8955195185412697, "loc": -0.08501513284569909, "logScale": -2.8940330003513584}