{"g1": 0.8136181767271957, "g2": 7.272754956242033, "logK": 0.422625817169077, "loc": -0.012954643771957548, "logScale": -3.6420768068929266}