{"g1": 0.9227626917679121, "g2": 10.71808582703746, "logK": 0.5919051922910885, "loc": -0.07518964172033038, "logScale": -2.9632008487059194}