{"g1": 0.8135482629266804, "g2": 8.197915163862675, "logK": 0.5585198930076857, "loc": 0.0013573508991781152, "logScale": -3.98496875521174}