{"g1": 0.6203181331606612, "g2": 5.018783256437585, "logK": 0.9850836448701438, "loc": -0.022328959279451627, "logScale": -3.5069292269892}