{"g1": 0.953285741352543, "g2": 2.8360232042216147, "logK": -2.5173951678779884, "loc": -0.013879145748088698, "logScale": -2.893588406581506}