{"g1": 0.05495469254490243, "g2": 5.1716578962350646, "logK": 0.9731045512789646, "loc": -0.10440533576038627, "logScale": -0.886123293446775}