{"g1": 0.05545597566176861, "g2": 6.176378126427373, "logK": 0.9969661699848024, "loc": -0.030367202488857912, "logScale": -0.33587431343550056}