{"g1": 0.888057173914478, "g2": 10.717433152693076, "logK": -2.2944044778099033, "loc": -0.00023106138152024537, "logScale": -3.679136763225957}