{"g1": 0.5495025430278025, "g2": 5.528874560451266, "logK": -0.042429249865745255, "loc": -0.0010130018306225917, "logScale": -3.8461398191044385}