{"g1": 0.31614650077832623, "g2": 3.3175840235980476, "logK": 0.9955611409499128, "loc": 0.03065695758641142, "logScale": -0.4299689171106762}