{"g1": 0.044461365018493265, "g2": 4.201036021063455, "logK": 0.8827303529183864, "loc": -0.10398549403154794, "logScale": 0.15671827977207523}