{"g1": 0.002346761266312017, "g2": 9.433338088348862, "logK": -3.409038991488213, "loc": 0.12705368282866858, "logScale": 1.5383524809234266}