{"g1": 0.7968101803766434, "g2": 3.063247733726312, "logK": -0.6900224729252372, "loc": -0.006205990342283665, "logScale": -3.9958577836807256}