{"g1": 0.03473130135000595, "g2": 7.890045128255452, "logK": -3.0980678196140126, "loc": -0.10243184284735286, "logScale": 1.5447661803682047}