{"g1": 0.01901308147878336, "g2": 6.5558812848816, "logK": 0.8148450776876555, "loc": -0.009865493451422775, "logScale": -0.04953982874579799}