{"g1": 0.7246253694848219, "g2": 12.643286576069176, "logK": 0.8892572033772501, "loc": -0.004082265937151808, "logScale": -3.844004512599757}