{"g1": 0.07628987006354604, "g2": 9.98556491834411, "logK": 0.8980201350031396, "loc": 0.01140120779149889, "logScale": 0.4586418899997047}