{"g1": 0.8095632090417713, "g2": 6.376015478986614, "logK": -2.8822269687960786, "loc": -0.0010348126246249151, "logScale": -3.997157006142918}