{"g1": 0.9957230198336928, "g2": 3.8950666175657194, "logK": 0.8172014172036152, "loc": -0.0056184966219623, "logScale": -3.993785484565567}