{"g1": 0.3699945977756013, "g2": 3.8402374018269922, "logK": -1.3568886305463081, "loc": -0.008515051293201615, "logScale": -3.9126885970076217}