{"g1": 0.927551495792897, "g2": 14.989972901872306, "logK": 0.5943141037472626, "loc": -0.025380272737358423, "logScale": -3.7203853271406477}