{"g1": 0.021016481766520087, "g2": 4.8638221200157865, "logK": 0.9893343996042588, "loc": -0.055254729798654215, "logScale": 0.5178131582304832}