{"g1": 0.34078561463321, "g2": 11.875947782214006, "logK": 0.9076645947225249, "loc": -0.1010575993107421, "logScale": -0.8780830118419591}