{"g1": 0.002444841409759424, "g2": 2.399647059423209, "logK": 0.7796112005353741, "loc": -0.07487172663468356, "logScale": 0.046799028634112894}