{"g1": 0.6939573392742059, "g2": 7.131881337954879, "logK": -2.000926230568652, "loc": -0.0060010683351032065, "logScale": -3.9635805134978312}