{"g1": 0.8877875995654883, "g2": 8.483296376367221, "logK": -4.829268693757908, "loc": 0.011072400687623041, "logScale": -3.9992280531414877}