{"g1": 0.837218796365146, "g2": 13.331816568643722, "logK": -4.298625391949371, "loc": -0.006796537186687223, "logScale": -3.9714362375386436}