{"g1": 0.04552707985667265, "g2": 13.66224187597479, "logK": 0.7905196246823458, "loc": 0.0980745196481033, "logScale": 0.34348208389830526}