{"g1": 0.046427886833942694, "g2": 9.576880116341536, "logK": 0.58640837848202, "loc": 0.11474266083325951, "logScale": 0.29079086780872543}