{"g1": 0.7189152091437007, "g2": 11.231520893387277, "logK": -2.9451400898402396, "loc": -0.00419229591715935, "logScale": -3.9944739421232036}