{"g1": 0.9188188679335854, "g2": 5.295581554194616, "logK": -0.7671557380012989, "loc": -0.009862029233576566, "logScale": -3.50455609972011}