{"g1": 0.8066056746523974, "g2": 2.9134579652679666, "logK": -3.0030181860320657, "loc": 0.006267914941183943, "logScale": -2.7335903394555685}