{"g1": 0.5226304221775663, "g2": 0.05441108917749993, "logK": 0.35097801945479823, "loc": -0.09739043897305115, "logScale": 1.0221159578194559}