{"g1": 0.8459980567085188, "g2": 2.878097682661534, "logK": 0.7025143255642448, "loc": -0.021128995926586583, "logScale": -3.6120978693363743}