{"g1": 0.7012135026381457, "g2": 0.37069570245816585, "logK": -0.29049535605800614, "loc": 0.09382164068611597, "logScale": 1.613772487062926}