{"g1": 0.07298948521665499, "g2": 9.63163622493714, "logK": 0.9779215317536981, "loc": -0.1497723840032073, "logScale": -0.3539747502999303}