{"g1": 0.661179580444762, "g2": 8.8505646351652, "logK": 0.9804671940513375, "loc": -0.03667674266064997, "logScale": -3.998481180069525}