{"g1": 0.780568744069307, "g2": 1.8499868632099556, "logK": -1.43127180544662, "loc": 0.006807612197191439, "logScale": -3.4978221900386073}