{"g1": 0.36544103471048905, "g2": 0.2654531363314413, "logK": 0.9933843589417727, "loc": 0.09597221644533961, "logScale": 0.4560321534138636}