{"g1": 0.9497939576182973, "g2": 4.9659206514207455, "logK": -2.5366593469114713, "loc": 0.006075502307435537, "logScale": -3.5884600436321383}