{"g1": 0.49974419569048223, "g2": 9.571576461906991, "logK": -4.774721413405158, "loc": -0.0014086844320508234, "logScale": -3.974025778394935}