{"g1": 0.507777359480844, "g2": 3.457683800647774, "logK": 0.993885489810832, "loc": -0.021173012094734642, "logScale": -3.88160749528952}