{"g1": 0.9626947887818694, "g2": 9.385165845852871, "logK": -4.99612536386974, "loc": -0.0004639446325056563, "logScale": -3.804524958201319}