{"g1": 0.9596519316522939, "g2": 3.6210108716487355, "logK": -2.8758337612407647, "loc": -0.008070634177651664, "logScale": -3.985238981602787}