{"g1": 0.8100337059924702, "g2": 13.46581611350711, "logK": -1.3376106092178053, "loc": -0.005615743358705896, "logScale": -3.9498884568766353}