{"g1": 0.5369833941009686, "g2": 0.6170081288577466, "logK": 0.3132995890300491, "loc": -0.0510423927572132, "logScale": 0.9096272652409046}