{"g1": 0.07527669173360502, "g2": 14.1550659652798, "logK": 0.6123360285790249, "loc": 0.07241601507326406, "logScale": 0.2649048682392969}