{"g1": 0.9869412839990069, "g2": 5.959955314796208, "logK": -4.9293549784142705, "loc": 0.0012142703136992748, "logScale": -3.8017504449386994}