{"g1": 0.019317814646260555, "g2": 12.812367305502015, "logK": 0.8007063452249067, "loc": -0.06554307972632112, "logScale": 0.2263453968975775}