{"g1": 0.8851241000278949, "g2": 6.938177275946282, "logK": -4.360195892587163, "loc": -0.013984398215963638, "logScale": -2.987353825857669}