{"g1": 0.4154757344127128, "g2": 0.9059589461419741, "logK": 0.9823127650653443, "loc": -0.05237026849612389, "logScale": 0.3607939968037027}