{"g1": 0.8165751257473429, "g2": 0.5604143232427755, "logK": -2.1882199564617966, "loc": -0.07718414921391625, "logScale": 0.9935952435541819}