{"g1": 0.8608610373509035, "g2": 11.736127681909643, "logK": -1.573129459262632, "loc": -0.016443447080361173, "logScale": -3.9934542788469276}