{"g1": 0.30138314893485607, "g2": 0.27269968795877914, "logK": 0.3630422670591177, "loc": 0.12178633126358981, "logScale": 1.0971925310178399}