{"g1": 0.8305508152162778, "g2": 6.160126900683672, "logK": 0.21515181209633982, "loc": -0.006922632879789052, "logScale": -3.6868901252895556}