{"g1": 0.9526372614383954, "g2": 3.2016704789978654, "logK": 0.5010091664161122, "loc": -0.004379721264657362, "logScale": -3.4483292075071406}