{"g1": 0.9446183217736156, "g2": 10.070519947044374, "logK": -3.101042949443937, "loc": 0.00254769160944613, "logScale": -3.99303622476142}