{"g1": 0.0014733204312603887, "g2": 6.5373257261334325, "logK": -4.91934364650057, "loc": -0.06048829760424922, "logScale": 1.328658636427822}