{"g1": 0.8288864235138863, "g2": 13.946588831243693, "logK": 0.7946511072318478, "loc": -0.018611315371663585, "logScale": -3.6875558858344073}