{"g1": 0.7722020941764351, "g2": 9.935624909010816, "logK": -1.6803763010461141, "loc": -0.00816672194293732, "logScale": -3.9845416220349663}