{"g1": 0.9691917796517396, "g2": 8.714737754296019, "logK": 0.7500660937451242, "loc": -0.05797263668371134, "logScale": -3.3780917374938064}