{"g1": 0.9767096847393619, "g2": 9.482077321378, "logK": 0.49858956708064994, "loc": 0.0009225185149802743, "logScale": -3.6391544410670114}