{"g1": 0.9258606840077614, "g2": 7.516000577545417, "logK": 0.9861806550343901, "loc": -0.018404131012023876, "logScale": -3.9815414250711725}