{"g1": 0.7268478595980776, "g2": 1.2170778755209872, "logK": -2.2813348342796926, "loc": 0.004424135212277074, "logScale": -3.9494798159306552}