{"g1": 0.8047676356173341, "g2": 0.6548578787858494, "logK": -1.202789013709086, "loc": -0.010950163601675745, "logScale": -3.9458437899981265}