{"g1": 0.7956940393628498, "g2": 1.0828519175024016, "logK": -4.517328480952246, "loc": -0.004751565927861129, "logScale": -3.9190549530089203}