{"g1": 0.01882097982778, "g2": 3.674836583538644, "logK": 0.6982280088377593, "loc": -0.02701129360575835, "logScale": 0.4349417647514314}