{"g1": 0.03364546711081812, "g2": 8.916460705813666, "logK": 0.5783625599645277, "loc": -0.09228739300497221, "logScale": 0.8266445165234055}