{"g1": 0.23836031931511212, "g2": 14.013123340166679, "logK": 0.6946295332949564, "loc": 0.05163779782839044, "logScale": 0.08807166472189318}