{"g1": 0.624630689806926, "g2": 7.460767454425257, "logK": -2.3756918824001425, "loc": 0.0015023505321645433, "logScale": -3.9959184081022103}