{"g1": 0.668561155039723, "g2": 10.161551391732871, "logK": -0.5887573267708854, "loc": -0.009809421775209437, "logScale": -3.9999600698936004}