{"g1": 0.4673926726320766, "g2": 0.02708631280454386, "logK": 0.6313130495501457, "loc": 0.0008394946936710395, "logScale": 0.6976282168586837}