{"g1": 0.8140775497443967, "g2": 8.975759673530176, "logK": -2.7274757364047177, "loc": 0.00204945964098752, "logScale": -3.9554566542031817}