{"g1": 0.003984728539387964, "g2": 10.640226969200643, "logK": 0.5663756373959496, "loc": -0.05092641321532516, "logScale": 0.06303772840147381}