{"g1": 0.251825972717395, "g2": 0.0020420261274038953, "logK": 0.5840284294711431, "loc": -0.06648725670106137, "logScale": 0.49383012988590347}