{"g1": 0.8281168721671901, "g2": 12.237264211640529, "logK": 0.670312785993788, "loc": -0.028134786157747584, "logScale": -3.8139089861088684}