{"g1": 0.8756061505025324, "g2": 10.72412293686024, "logK": 0.2316750801957288, "loc": -0.010131836810420299, "logScale": -3.9815389994734733}