{"g1": 0.053850589471237116, "g2": 11.975306242238243, "logK": 0.4652886332314097, "loc": -0.11647369755956871, "logScale": 0.5146405635638296}