{"g1": 0.27207632574710555, "g2": 0.051518668056478756, "logK": 0.7370928011869846, "loc": 0.06467079528063893, "logScale": 0.47094795573014026}