{"g1": 0.9997101598906327, "g2": 6.197500185371392, "logK": 0.26857535085607154, "loc": -0.033143855730043845, "logScale": -3.592005550319708}