{"g1": 0.9193202722558962, "g2": 9.734988982378429, "logK": 0.2521733065384062, "loc": -0.017405887566127258, "logScale": -3.9818804885909778}