{"g1": 0.9988100587608767, "g2": 2.452748295199888, "logK": -1.3998782689802154, "loc": -0.0026805869794951083, "logScale": -3.996757001516165}