{"g1": 0.9973105673085233, "g2": 11.21642031703611, "logK": -4.967921857658056, "loc": 0.009438186879089962, "logScale": -3.97492364395702}