{"g1": 0.9898143056298272, "g2": 6.558892581390979, "logK": 0.054775325118445406, "loc": -0.024730699544949126, "logScale": -3.6177408754743228}