{"g1": 0.8659585548936207, "g2": 4.9166878625946655, "logK": 0.9979474171070886, "loc": -0.02612173335067749, "logScale": -3.9967820175946382}