{"g1": 0.6906504524470712, "g2": 11.783104005304113, "logK": -4.3280373838913935, "loc": 0.002023396623177477, "logScale": -3.9933458379565496}