{"g1": 0.8713593812160018, "g2": 12.18381421269716, "logK": 0.9668951558646275, "loc": -0.013753116508244706, "logScale": -3.8563612616153655}