{"g1": 0.6759175182923054, "g2": 14.364204451812032, "logK": 0.17199273240917282, "loc": -0.047953219089153065, "logScale": -3.1774298060669146}