{"g1": 0.028264584248804833, "g2": 6.2316918011318005, "logK": -4.039767211504683, "loc": 0.0742883853694095, "logScale": 1.2875224928382585}