{"g1": 0.9984611696990284, "g2": 10.504605922492622, "logK": -0.3736553608985149, "loc": -0.010633083979931523, "logScale": -3.1742775923101307}