{"g1": 0.899084926689128, "g2": 14.073767805365671, "logK": -1.7816957111718261, "loc": -0.006543365066772715, "logScale": -3.9934491033034627}