{"g1": 0.7044390766646567, "g2": 2.141380451481251, "logK": -4.190801571409516, "loc": 0.006521277899280885, "logScale": -3.397813145789324}