{"g1": 0.9414360628326228, "g2": 10.027378919713637, "logK": 0.364731260424772, "loc": -0.006190170206117075, "logScale": -3.871441527301153}