{"g1": 0.030480324663635188, "g2": 1.8899719627451979, "logK": 0.9964926969628141, "loc": -0.1401142757037981, "logScale": -0.01704384653976375}