{"g1": 0.689629831685133, "g2": 1.1599884301258596, "logK": -3.0110726887922294, "loc": 0.00180453548016948, "logScale": -3.9964006414054793}