{"g1": 0.714107101501718, "g2": 0.020543673561971038, "logK": 0.137321062643142, "loc": -0.10762584231664173, "logScale": 0.6811310888872104}