{"g1": 0.8122304695752288, "g2": 11.11115923689782, "logK": 0.9903994485848641, "loc": -0.03322272353444626, "logScale": -3.734360287312697}