{"g1": 0.021646772171164397, "g2": 5.132446590312801, "logK": -1.7141454249939077, "loc": -0.0030940799077657233, "logScale": 1.4533509408173726}