{"g1": 0.7196242275990946, "g2": 13.099271108381984, "logK": 0.6040889865308534, "loc": -0.002482976408057884, "logScale": -3.996885937687879}