{"g1": 0.0053991042920739155, "g2": 3.7585513799340355, "logK": 0.9876568842305445, "loc": -0.05183575069220928, "logScale": 0.05063642682203229}