{"g1": 0.7240138343890793, "g2": 4.606547954352081, "logK": -2.8316049256812006, "loc": 0.012377678691868796, "logScale": -3.21384941258953}