{"g1": 0.0015216691401909836, "g2": 5.830747907995509, "logK": -4.191298655783228, "loc": -0.004908602696157861, "logScale": 1.0671532743181884}