{"g1": 0.6071960735154829, "g2": 1.168967264460463, "logK": -3.068532107038207, "loc": 0.003050700711689262, "logScale": -3.9960039578522917}