{"g1": 0.6079113110768444, "g2": 4.329921481263902, "logK": -2.9605493417351636, "loc": -0.0071620064151316325, "logScale": -3.9118953533660887}