{"g1": 0.4054034692946459, "g2": 4.594918516816006, "logK": 0.9568109108371838, "loc": 0.008816496613147953, "logScale": -3.99917991697017}