{"g1": 0.02420819864303342, "g2": 4.875426257301989, "logK": 0.9985387189419219, "loc": 0.009705829713080878, "logScale": 0.050747384829742115}