{"g1": 0.7885416036224443, "g2": 6.281681443648513, "logK": -1.7420328995976908, "loc": 0.0032074087727745858, "logScale": -3.994272320819161}