{"g1": 0.9046405889799087, "g2": 0.2693360123727233, "logK": -4.434551197362761, "loc": 0.01403214234079321, "logScale": -3.3916378870315267}