{"g1": 0.9419993488753472, "g2": 0.46587245500887364, "logK": -1.7654707259484954, "loc": -0.0034917579505278767, "logScale": -3.9924262821154106}