{"g1": 0.6461063506354171, "g2": 9.145581285203086, "logK": -4.136864431840646, "loc": 0.00427544017739623, "logScale": -3.9704725549105566}