{"g1": 0.645678468639863, "g2": 13.534370781053596, "logK": -4.821392971270228, "loc": -0.0063990893354126995, "logScale": -3.9776751083514212}