{"g1": 0.012939126513822383, "g2": 14.662830998003628, "logK": -1.5454617413954173, "loc": -0.1459221789617741, "logScale": 1.2921669553382922}