{"g1": 0.738653921228168, "g2": 12.77625751171, "logK": -3.780447386908316, "loc": -0.002094383068877751, "logScale": -3.958084771843743}