{"g1": 0.5539982893556046, "g2": 11.455318798238762, "logK": -2.5727136189627826, "loc": -0.0001692790457538968, "logScale": -3.9995001083596424}