{"g1": 0.905550111824837, "g2": 11.97939115444962, "logK": -2.2900400993190226, "loc": -0.007409830519121755, "logScale": -3.973986690896761}