{"g1": 0.965009708512532, "g2": 10.259959685257668, "logK": -4.476275995797216, "loc": -0.0014710426758200862, "logScale": -3.8192611834502195}