{"g1": 0.002175806617653757, "g2": 6.883322183622812, "logK": 0.9985538935552659, "loc": -0.10468559711457681, "logScale": 0.0945496989394406}