{"g1": 0.983235573760662, "g2": 2.488499764287215, "logK": -4.989634243906536, "loc": 0.003352927175732282, "logScale": -3.8311869986660256}