{"g1": 0.065519592382484, "g2": 2.822853665818119, "logK": 0.8587162033825142, "loc": -0.10264218440892575, "logScale": 0.1098526533213805}