{"g1": 0.9706138076412107, "g2": 12.846147925646388, "logK": 0.993769162182712, "loc": -0.03162970396163666, "logScale": -3.719849055693614}