{"g1": 0.7360332536847697, "g2": 6.689415746076987, "logK": -1.5981099460697368, "loc": 0.004932216641487811, "logScale": -3.9855787185943954}