{"g1": 0.9721360591908733, "g2": 11.05015138859524, "logK": 0.7214556825343317, "loc": -0.009400330052886173, "logScale": -3.831657919757312}