{"g1": 0.6736761132650086, "g2": 6.8007770117418245, "logK": -0.6084181573365304, "loc": -0.016249580888489688, "logScale": -3.9934621417756326}