{"g1": 0.0355931796431129, "g2": 3.3941079261231537, "logK": 0.9980845908333421, "loc": 0.0742374097555153, "logScale": 0.1370681868966719}