{"g1": 0.5739558921449495, "g2": 0.6874224420394044, "logK": 0.08798397112478984, "loc": -0.014832709129245931, "logScale": -3.0514769220851683}