{"g1": 0.0013981786351111025, "g2": 4.413140386109966, "logK": -0.6300636973297685, "loc": -0.05298008806696139, "logScale": 1.477047872144686}