{"g1": 0.9427006638359079, "g2": 0.03091243960645418, "logK": 0.979405839876905, "loc": 0.08616886311828667, "logScale": 0.41426210363985266}