{"g1": 0.02642572501762308, "g2": 6.856861137856082, "logK": 0.9962288159747097, "loc": -0.06666360119602598, "logScale": -0.17002293046783507}