{"g1": 0.0018949041625233864, "g2": 11.612059120203561, "logK": -0.3389540953215142, "loc": -0.03455804900592935, "logScale": 1.5104937507521028}