{"g1": 0.79525628705159, "g2": 10.741037236290923, "logK": -3.1118061605475975, "loc": 0.0069172206640249825, "logScale": -3.706047440795092}