{"g1": 0.8816090813411352, "g2": 4.032099997618825, "logK": 0.5947755727100881, "loc": -0.008633874139265058, "logScale": -3.8005438760245625}