{"g1": 0.8663674780539931, "g2": 9.462819254878177, "logK": -2.90145938233899, "loc": -0.04022516311276449, "logScale": -1.8942074818072716}