{"g1": 0.832667457845474, "g2": 4.596151604042947, "logK": 0.9996953766397992, "loc": -0.11203207927543962, "logScale": -1.205489053905299}