{"g1": 0.024971097480809994, "g2": 1.3058675934491206, "logK": 0.40206531705883297, "loc": -0.140746912450687, "logScale": 0.5948271640869636}