{"g1": 0.7818817412110977, "g2": 4.333345679565719, "logK": 0.1068239755514182, "loc": -0.0397523185750691, "logScale": -3.359484647422179}