{"g1": 0.8087180870630882, "g2": 14.680895289129253, "logK": -2.1232900307911007, "loc": -0.014241395562006655, "logScale": -3.369491984303912}