{"g1": 0.9138238597001723, "g2": 0.07170800113526105, "logK": -1.5122209313034087, "loc": -0.028410971598242764, "logScale": 1.1532113536499868}