{"g1": 0.09156880452027527, "g2": 3.406571376073466, "logK": 0.33318496408264275, "loc": -0.06195323436496511, "logScale": 0.5879352404246107}