{"g1": 0.06443797614490096, "g2": 6.3884955669923755, "logK": 0.7997605592664704, "loc": 0.09107290645732351, "logScale": 0.07955865081872884}