{"g1": 0.7230790055839621, "g2": 2.4569455732876175, "logK": -2.157111499522454, "loc": -0.004432666686874305, "logScale": -3.9848247423121523}