{"g1": 0.0056923976249697375, "g2": 14.176902006222559, "logK": 0.567660735618152, "loc": -0.019036194182095564, "logScale": 0.4355320630257449}