{"g1": 0.9793554602199277, "g2": 10.062311759933088, "logK": -3.8980532046732064, "loc": -0.005013655062901783, "logScale": -3.8904961076534343}