{"g1": 0.08062377620316469, "g2": 0.04312191129525256, "logK": 0.7564369628536673, "loc": -0.10829905560770697, "logScale": 0.7153897893890342}