{"g1": 0.8515913651582943, "g2": 0.7315158955896337, "logK": -4.879393922764991, "loc": -0.004485945143915171, "logScale": -3.9628235286758735}