{"g1": 0.9994765481039436, "g2": 11.342259088785504, "logK": -3.1509127890928563, "loc": -0.0002045865206869264, "logScale": -3.4330161782374526}