{"g1": 0.11948042570530042, "g2": 4.49755979076942, "logK": 0.9124964038983068, "loc": -0.061170677121979794, "logScale": 0.22008454705033342}