{"g1": 0.04688071259382207, "g2": 6.865087569714417, "logK": -3.1942792241566402, "loc": 0.035547434953329585, "logScale": 1.1893863924970853}