{"g1": 0.5058276369135724, "g2": 0.029506196112628336, "logK": 0.18908382337020374, "loc": 0.07305676954686117, "logScale": 0.9601280704626995}