{"g1": 0.9345917658165716, "g2": 5.7553557958458015, "logK": 0.971893929656139, "loc": -0.08789559645428471, "logScale": -2.537625576314327}