{"g1": 0.7728961652964843, "g2": 4.3306042563860565, "logK": -1.2259150254527347, "loc": -0.005631154143648058, "logScale": -3.3554471541439868}