{"g1": 0.023855600256453058, "g2": 9.463853170335597, "logK": 0.4565160360644186, "loc": 0.0042473575454761575, "logScale": 0.3822565611644034}