{"g1": 0.9353352840951467, "g2": 4.423807656836117, "logK": 0.02222689143679496, "loc": -0.0233454331390506, "logScale": -3.9760939234759833}