{"g1": 0.896626107983725, "g2": 10.964705932763465, "logK": -2.5848333809077753, "loc": 0.005389099450710883, "logScale": -3.988852135612171}