{"g1": 0.9527278999860473, "g2": 8.771429581443218, "logK": 0.4067801265598423, "loc": -0.0211860474366458, "logScale": -3.850510785764674}