{"g1": 0.9337032138396534, "g2": 6.5915321618482405, "logK": 0.5240726126041426, "loc": 0.004504394004483776, "logScale": -3.6275362956967494}