{"g1": 0.7847803313048568, "g2": 1.0667799629049344, "logK": -3.8927064036729875, "loc": 0.0104746982772314, "logScale": -3.9700590736505657}