{"g1": 0.5808832335792516, "g2": 0.023818791895789976, "logK": 0.39842152483042603, "loc": -0.11144593018247435, "logScale": 0.9083609552396655}