{"g1": 0.14676564715640575, "g2": 8.526950697132452, "logK": 0.5028465095631665, "loc": -0.0696574808137859, "logScale": 1.0975087173029747}