{"g1": 0.22265759719814235, "g2": 0.06817817335495491, "logK": 0.9873732193574487, "loc": -0.045551785987807084, "logScale": -0.2947322732012616}