{"g1": 0.8088773479075672, "g2": 7.158951324150483, "logK": -0.36768134566154015, "loc": -0.013168754477332012, "logScale": -3.9778846079697807}