{"g1": 0.38799298007975347, "g2": 12.486653888065105, "logK": -2.4919448526169554, "loc": 0.001360854188091256, "logScale": -3.9995370492027886}