{"g1": 0.01763525477527761, "g2": 7.591416246339136, "logK": 0.7834129052549983, "loc": 0.09784432700324001, "logScale": 0.3551169924046942}