{"g1": 0.8925431673463212, "g2": 5.781079862530938, "logK": -3.329025680918769, "loc": 0.013634805669123569, "logScale": -3.1545262100507725}