{"g1": 0.8971521367231396, "g2": 3.896440332883813, "logK": 0.9930772098296419, "loc": -0.015209931481368108, "logScale": -3.8114210166252294}