{"g1": 0.036061907310439095, "g2": 12.331727632566377, "logK": 0.5388983215247731, "loc": -0.1329124951121371, "logScale": 0.45828398476716603}