{"g1": 0.8914858396319452, "g2": 6.893482021342969, "logK": -4.990516969209348, "loc": -0.011668882688148138, "logScale": -3.9943165489110015}