{"g1": 0.9592111140681626, "g2": 11.424333495062026, "logK": 0.2942433146585046, "loc": -0.03708079581382735, "logScale": -3.5344383391251326}