{"g1": 0.6913960765952658, "g2": 8.166057299154517, "logK": 0.2617994665583222, "loc": -0.00436523312013902, "logScale": -3.681147755268091}