{"g1": 0.8608689043708377, "g2": 6.09455778557106, "logK": -3.747827822484544, "loc": 0.00784466091046378, "logScale": -3.053776362117577}