{"g1": 0.5784100324459494, "g2": 0.07822167559203069, "logK": -4.422893421817184, "loc": 0.07771417328406163, "logScale": 1.5676684896827546}