{"g1": 0.9306563888609917, "g2": 4.389757052582484, "logK": 0.9146738658497187, "loc": -0.019879455560204363, "logScale": -3.9727450994198286}