{"g1": 0.9616401207295663, "g2": 7.126022210190973, "logK": 0.8937597901003334, "loc": -0.013996064492540037, "logScale": -3.978234335707148}