{"g1": 0.94122341438564, "g2": 7.110103924402997, "logK": 0.7551119186129385, "loc": -0.045386911659259926, "logScale": -3.62123851161726}