{"g1": 0.9000652836666705, "g2": 5.9527863801528635, "logK": -3.3894136213528014, "loc": -0.01355870987458906, "logScale": -3.982936725143017}