{"g1": 0.18485497621815297, "g2": 0.07541447775190258, "logK": 0.8378598210646298, "loc": -0.08193669973694036, "logScale": 0.227523183023834}