{"g1": 0.5596501826592531, "g2": 3.271429627201183, "logK": -1.709961302871128, "loc": -0.013471544059656934, "logScale": -3.871174421366472}