{"g1": 0.09797172583313386, "g2": 9.771108980191169, "logK": 0.9946134130054649, "loc": 0.03769121957022602, "logScale": -0.047862356339012146}