{"g1": 0.536700145399553, "g2": 5.212826177067916, "logK": -4.777602610090168, "loc": -0.0031505491412540353, "logScale": -3.90187940434814}