{"g1": 0.9306937383308324, "g2": 14.18574340308446, "logK": -4.052194491885246, "loc": -0.009189399634910462, "logScale": -3.663671903772104}