{"g1": 0.22706717378481797, "g2": 14.825618710292373, "logK": 0.43681047660095496, "loc": -0.09362552013713794, "logScale": -0.6552963199814015}