{"g1": 0.41732732204562806, "g2": 7.435184395594691, "logK": -0.6319657613448051, "loc": -0.016638016549172133, "logScale": -3.9900150422544503}