{"g1": 0.8397713203608863, "g2": 3.712184271149931, "logK": 0.3416894396763399, "loc": -0.01442638309558736, "logScale": -3.7496268332703173}