{"g1": 0.828569540324362, "g2": 2.7323940764792005, "logK": 0.8409419313234143, "loc": -0.01920955079068097, "logScale": -3.935102570838597}