{"g1": 0.83880858353685, "g2": 9.83987423789558, "logK": 0.8484840764569371, "loc": -0.023258405445649864, "logScale": -3.8769327909564812}