{"g1": 0.030437678310609784, "g2": 2.1866071373690055, "logK": 0.9963406176873155, "loc": 0.08183852143072898, "logScale": 0.052727022380447686}