{"g1": 0.919780516139594, "g2": 6.673602598869113, "logK": 0.7268648436581033, "loc": -0.005676045521693963, "logScale": -3.7432605292066636}