{"g1": 0.5153176038714642, "g2": 5.867734069467062, "logK": -4.7980630820892385, "loc": -0.0001537520481781911, "logScale": -3.9831702143331276}