{"g1": 0.9748728506771134, "g2": 5.435244694763343, "logK": 0.7372256392407017, "loc": -0.01674372517933578, "logScale": -3.8767926990112622}