{"g1": 0.05350484541048434, "g2": 0.5019665302360863, "logK": 0.7602192091551174, "loc": -0.09485313114633595, "logScale": 0.2933343875542611}