{"g1": 0.4594573326619645, "g2": 0.3913428484137375, "logK": 0.9939054862328819, "loc": -0.14911235259108965, "logScale": 0.26459792134418064}