{"g1": 0.9304609084001073, "g2": 9.228064408304103, "logK": -2.8256831312534514, "loc": -0.003159883280956041, "logScale": -3.620691725764786}