{"g1": 0.838954062822405, "g2": 8.865269219899533, "logK": -3.500448424854219, "loc": -0.0010905755105619528, "logScale": -3.290837970422916}