{"g1": 0.9978590618225305, "g2": 0.1002833252130102, "logK": -3.528251644350974, "loc": 0.010569688168885856, "logScale": -3.9131490881297135}