{"g1": 0.7975746709244682, "g2": 11.317213210204407, "logK": -0.4185349756253609, "loc": -0.004643912214458694, "logScale": -3.197470780478977}