{"g1": 0.9763881408573517, "g2": 5.011568955902543, "logK": 0.44673247764377866, "loc": -0.007147742550488178, "logScale": -3.996728122141277}