{"g1": 0.06622070322580043, "g2": 0.7458506978939076, "logK": 0.2568268666801843, "loc": 0.08465254890974117, "logScale": 0.3184524267694271}