{"g1": 0.9057531949323351, "g2": 12.4627434922952, "logK": 0.699701820183281, "loc": -0.06916825481515487, "logScale": -2.7058966606862054}