{"g1": 0.018577975212248077, "g2": 1.7465043013203352, "logK": 0.9988264612184368, "loc": 0.006527505627326222, "logScale": 0.5473250910467012}