{"g1": 0.9777381002245953, "g2": 6.495219146519025, "logK": -3.901896418773793, "loc": -0.02019987921961218, "logScale": -3.7296244819138247}