{"g1": 0.4346250631330501, "g2": 13.17521745961322, "logK": -1.9602564209216067, "loc": 0.000264409458304732, "logScale": -3.99533583110264}