{"g1": 0.9967931356614406, "g2": 0.316861105395267, "logK": -1.9224871142100934, "loc": 0.005385321505846148, "logScale": -3.97226273475842}