{"g1": 0.9762444669091079, "g2": 1.936340997975834, "logK": 0.48051431522702714, "loc": -0.025787907727397016, "logScale": -3.4970434752771973}