{"g1": 0.918624819433966, "g2": 10.302007582526336, "logK": -2.814807304409706, "loc": -0.0031110310140793837, "logScale": -3.0061071360719223}