{"g1": 0.7375951023408003, "g2": 2.0526359047069054, "logK": -1.450065158202265, "loc": -0.017497578156372172, "logScale": -3.345665798233149}