{"g1": 0.8211876135216292, "g2": 14.984486599721047, "logK": -4.087398782855111, "loc": -0.0009619345207383181, "logScale": -3.9933850634307957}