{"g1": 0.04609276220056284, "g2": 5.421147470689135, "logK": 0.9952217385021, "loc": -0.09500508153333435, "logScale": 0.3261223259200234}