{"g1": 0.001776830505784006, "g2": 11.578256747011327, "logK": 0.9983507662972363, "loc": -0.004305922771958352, "logScale": -0.6587551387093095}