{"g1": 0.626556868983343, "g2": 4.561080995126449, "logK": -4.300481083354738, "loc": -0.01154615392244958, "logScale": -3.878612623539339}