{"g1": 0.8090710179473781, "g2": 3.952951281464661, "logK": 0.00025680632654789814, "loc": -0.01959993054720883, "logScale": -3.669530374301882}