{"g1": 0.932575122982167, "g2": 4.214127999965912, "logK": -1.113936505211055, "loc": 0.0035300870839825014, "logScale": -3.990701598426503}