{"g1": 0.4639238857485518, "g2": 9.770279037954912, "logK": 0.6897839966182651, "loc": -0.05284614666187354, "logScale": -3.099404685749707}