{"g1": 0.9472267419441883, "g2": 2.6055216398481713, "logK": 0.6814199125118785, "loc": -0.018828640182697486, "logScale": -3.7799110599651473}