{"g1": 0.9617534925124818, "g2": 2.922572352805794, "logK": 0.6550962891894065, "loc": -0.002199648286677241, "logScale": -3.996449302115356}