{"g1": 0.9223321714399366, "g2": 4.538203087570775, "logK": -4.975617352645135, "loc": 0.003565205192743129, "logScale": -3.9941770418830997}