{"g1": 0.18416056585469393, "g2": 0.01665928575699384, "logK": 0.873407626096548, "loc": -0.13622644680456955, "logScale": -0.8934717621084758}