{"g1": 0.9128166140944164, "g2": 13.122407700058671, "logK": 0.1768321313809541, "loc": -0.01787064606875499, "logScale": -3.6955908679265517}