{"g1": 0.8116397170445857, "g2": 4.940076994472449, "logK": -3.211756723347711, "loc": 0.004911767365357412, "logScale": -3.99692583781429}