{"g1": 0.6865593905253397, "g2": 3.846535388451355, "logK": -1.1915828539772706, "loc": 0.020949234184397193, "logScale": -3.0582468969590284}