{"g1": 0.0027455114442329343, "g2": 0.7267521800705414, "logK": -4.5188812834423056, "loc": -0.1288678480982701, "logScale": 1.6295712150704749}