{"g1": 0.9959661269482347, "g2": 14.99651455220133, "logK": -4.101527020226527, "loc": 0.003370928083100265, "logScale": -3.996225510211131}