{"g1": 0.8441465924570786, "g2": 6.756603929312667, "logK": -4.987262760241846, "loc": -0.0015696698625775533, "logScale": -3.516303314675661}