{"g1": 0.6530503662090846, "g2": 6.315435406695295, "logK": -3.9739425548635037, "loc": 0.00014463894888098387, "logScale": -3.999956616605859}