{"g1": 0.0013236541401922472, "g2": 12.27525693679377, "logK": -0.6461452003085205, "loc": -0.14354004876425236, "logScale": 1.2931126497184964}