{"g1": 0.4383252811162771, "g2": 8.001081703021235, "logK": 0.9732659819442397, "loc": -0.13707118070804195, "logScale": -0.791124291834777}