{"g1": 0.7895459880399401, "g2": 8.784392116534868, "logK": -3.553941796765381, "loc": 0.00718704472632492, "logScale": -2.653483646619738}