{"g1": 0.5114586196932025, "g2": 7.899079184789391, "logK": -4.981053326406778, "loc": -0.0049925595582650875, "logScale": -3.8044867340489525}