{"g1": 0.7575903836212112, "g2": 14.425399568749716, "logK": -4.404905337676853, "loc": -0.004977906834304472, "logScale": -3.9949112564965126}