{"g1": 0.9795073875779108, "g2": 7.39183875539716, "logK": -4.977001052776284, "loc": -0.0003703570776223842, "logScale": -3.457193686572971}