{"g1": 0.06444118509630968, "g2": 0.4264526561264468, "logK": 0.8704210658641458, "loc": -0.056791402202623575, "logScale": -0.03454868820048782}