{"g1": 0.891865574469793, "g2": 0.11094683561714325, "logK": -0.7731816435824737, "loc": -0.00909527868432504, "logScale": -3.371369331453208}