{"g1": 0.7806470760376919, "g2": 6.637502576612937, "logK": -3.3683432848609183, "loc": -0.0017048003237870209, "logScale": -3.951968092683012}