{"g1": 0.8848785529960235, "g2": 4.019096863595058, "logK": -4.093528044312678, "loc": -0.00709789231558367, "logScale": -3.9920255044899813}