{"g1": 0.974660451416128, "g2": 11.234963653037893, "logK": -0.7049749373838505, "loc": -0.017088088665428634, "logScale": -3.6200246405542904}