{"g1": 0.7697567082000434, "g2": 2.198159622906676, "logK": -3.345791742920574, "loc": -0.005085410376898629, "logScale": -2.7881592989313875}