{"g1": 0.047904399213273476, "g2": 7.69661547844858, "logK": -0.12722282133203816, "loc": 0.11618549383652066, "logScale": 0.6909969215893973}