{"g1": 0.9883666285026068, "g2": 14.336551231498715, "logK": 0.4954932256050495, "loc": -0.042204381708988825, "logScale": -2.5671573316815124}