{"g1": 0.0037305540555334776, "g2": 1.4700853844858313, "logK": 0.7183001941781267, "loc": 0.1330109747345814, "logScale": 0.21911561617184971}