{"g1": 0.5146502250274287, "g2": 7.524057324133313, "logK": -1.8200110914067662, "loc": -0.007402013250221724, "logScale": -3.9900286390108004}