{"g1": 0.40585396313723615, "g2": 3.903375193162379, "logK": 0.8113875220212583, "loc": -0.12221745269936, "logScale": 0.019847335427858548}