{"g1": 0.7205099267399899, "g2": 7.784153044722234, "logK": 0.8171207876211918, "loc": -0.03632743517680628, "logScale": -3.768453441676509}