{"g1": 0.9944586410609983, "g2": 13.750246524097617, "logK": 0.4083578558722436, "loc": -0.01955205569918731, "logScale": -3.9261401766681905}