{"g1": 0.9998289746881082, "g2": 11.65267605590788, "logK": -2.4177801335462683, "loc": -0.0077889153232619975, "logScale": -3.7665517040762246}