{"g1": 0.6874859406823189, "g2": 9.54689975224848, "logK": 0.04216235670876345, "loc": -0.004185264443987834, "logScale": -3.998404152055624}