{"g1": 0.8500589649975668, "g2": 12.704117465880223, "logK": 0.9949594561915915, "loc": -0.12912656775648787, "logScale": -1.1383095990446228}