{"g1": 0.9457960276929247, "g2": 8.477539595219026, "logK": 0.3879891046086528, "loc": -0.033902604234016157, "logScale": -3.6991283479303614}