{"g1": 0.8550352684698486, "g2": 3.1681758434039375, "logK": 0.4175621984933151, "loc": -0.023370667147873343, "logScale": -3.692537968748835}