{"g1": 0.8578323876073584, "g2": 9.8737241226425, "logK": 0.7205774489652095, "loc": -0.02072356293151678, "logScale": -3.980854972754209}