{"g1": 0.5836311417572841, "g2": 14.609493491694849, "logK": 0.13244220783836647, "loc": -0.030397934795584183, "logScale": -3.622524229272777}