{"g1": 0.031994747312805806, "g2": 5.274857031177744, "logK": -0.6384583437610039, "loc": -0.04948171736192684, "logScale": 1.141050628684535}