{"g1": 0.9679999915375858, "g2": 1.6824816309558206, "logK": 0.27438025248473186, "loc": -0.03089559203154014, "logScale": -3.772772531738191}