{"g1": 0.6870870815393538, "g2": 0.24427966949782198, "logK": 0.31999864065167527, "loc": -0.028978391005190878, "logScale": -3.596363702728418}