{"g1": 0.8741699086401062, "g2": 4.852721763071516, "logK": 0.5526130021602942, "loc": -0.12255747593198188, "logScale": -2.7409100729112956}