{"g1": 0.9509278390198725, "g2": 7.904979859257687, "logK": -1.404010482991907, "loc": -0.02498058081687746, "logScale": -3.127508416454598}