{"g1": 0.9082657065477235, "g2": 8.77541013318638, "logK": -2.779594484974792, "loc": 0.00403714143899556, "logScale": -3.8615309203852917}