{"g1": 0.9454817029505662, "g2": 9.47173934696621, "logK": 0.36082472879138017, "loc": -0.02465229638597616, "logScale": -3.515406688640705}