{"g1": 0.996510169282429, "g2": 8.608545835969533, "logK": -3.6047266442357047, "loc": 0.0031345292239539626, "logScale": -3.9956105711559036}