{"g1": 0.9996438692179446, "g2": 0.9970150152261035, "logK": 0.7541267274931723, "loc": -0.015075512973905865, "logScale": -3.998890630598661}