{"g1": 0.8940410973320585, "g2": 13.62663298759284, "logK": -4.928950035500641, "loc": -0.006506522528246355, "logScale": -3.99980636149945}