{"g1": 0.004348803184666378, "g2": 2.6119026837920574, "logK": -0.6706693176212812, "loc": 0.10163499219027484, "logScale": 0.8805552326420827}