{"g1": 0.6409626888686943, "g2": 13.039439662657053, "logK": -3.990876443981251, "loc": 0.006341523809049482, "logScale": -3.9888792401712276}