{"g1": 0.6943040893261135, "g2": 13.654882655997042, "logK": -4.526435959062653, "loc": -0.0026166922227079297, "logScale": -3.989064594162106}