{"g1": 0.7990863093835313, "g2": 5.377032320694648, "logK": 0.5389802877669108, "loc": -0.05285739964702174, "logScale": -2.648437706099967}