{"g1": 0.6423418066067585, "g2": 12.698027766917736, "logK": -2.577878032006424, "loc": -0.0007926238082750208, "logScale": -3.946142059723311}