{"g1": 0.842973927187469, "g2": 2.0598883984067893, "logK": -0.16302862460439643, "loc": -0.006356860150707634, "logScale": -3.6678297974833955}