{"g1": 0.019442018019268814, "g2": 3.939455985060353, "logK": -2.83633968111171, "loc": 0.012520149695265248, "logScale": 1.3246480417175666}