{"g1": 0.6662060714215724, "g2": 10.087706571137513, "logK": -2.8544040806316042, "loc": 0.009850626346186088, "logScale": -3.2914519928915285}