{"g1": 0.9120453029098021, "g2": 3.1268740909195145, "logK": -1.3698340079338749, "loc": -0.003013114101114547, "logScale": -3.6901252419542496}