{"g1": 0.9488197466718786, "g2": 6.9928974308929375, "logK": 0.4234061170897623, "loc": -0.0107827646515854, "logScale": -3.983561105877356}