{"g1": 0.8448855915181066, "g2": 4.263455056056203, "logK": -3.336237387924707, "loc": -0.008250450487564101, "logScale": -3.9995972001528313}