{"g1": 0.017610969020139533, "g2": 8.22105519761606, "logK": 0.7677025096566525, "loc": -0.0514574742521506, "logScale": 0.24562484142729657}