{"g1": 0.9370975608611025, "g2": 4.211736426717494, "logK": -0.9682780586948756, "loc": -0.0015231416298279975, "logScale": -3.996484407947722}