{"g1": 0.016662692359251143, "g2": 5.374714641756785, "logK": 0.8676178370768906, "loc": 0.08157411389218114, "logScale": 0.40815194237081553}