{"g1": 0.6014149118678243, "g2": 0.33275339857217845, "logK": 0.6457963509744954, "loc": -0.07698388471943629, "logScale": 0.4301001422115831}