{"g1": 0.9963307944445317, "g2": 13.643884610179713, "logK": 0.8469541243443277, "loc": -0.00528659860260902, "logScale": -3.7767285075923023}