{"g1": 0.08681317233607072, "g2": 3.149646659204378, "logK": 0.9664713455630047, "loc": -0.0011839188845406794, "logScale": 0.46203804316467}