{"g1": 0.8326434810004941, "g2": 11.85859813039954, "logK": -1.541733426773038, "loc": -0.007431479642562688, "logScale": -3.8584689334487283}