{"g1": 0.9162494999878941, "g2": 10.114932419094764, "logK": -4.674986979785993, "loc": 0.005773489986781637, "logScale": -3.9973723339175478}