{"g1": 0.6210874296333433, "g2": 10.31997830117559, "logK": -0.9649138947477464, "loc": -0.015259752055957133, "logScale": -2.8232199303150787}