{"g1": 0.7622967888613992, "g2": 9.068128882284917, "logK": 0.9959758333742762, "loc": -0.03337248207995732, "logScale": -3.981936480154445}