{"g1": 0.024031138434269992, "g2": 3.564246502229979, "logK": 0.981188733554879, "loc": -0.037514229026969194, "logScale": -0.17295963179561247}