{"g1": 0.6851277028985482, "g2": 1.9338462432065027, "logK": -4.92710132407279, "loc": -0.002246264931714589, "logScale": -3.250351762330807}