{"g1": 0.6964274403744186, "g2": 10.568340526572346, "logK": -4.4202257056832375, "loc": 0.006237658371940456, "logScale": -3.1101107852967407}