{"g1": 0.741088585672557, "g2": 7.139486898139073, "logK": 0.9849195660188255, "loc": -0.03126767393185523, "logScale": 0.6361616041841273}