{"g1": 0.6416542274565301, "g2": 0.19067079749336413, "logK": -4.521360509938184, "loc": -0.005348729581983786, "logScale": -3.998630467673673}