{"g1": 0.0010585206275607953, "g2": 0.004000943379564692, "logK": 0.9945406527728681, "loc": -0.03889664039962179, "logScale": 0.7671442861834087}