{"g1": 0.0038665889047085084, "g2": 13.626646888989423, "logK": 0.7855740913897901, "loc": -0.09466952410185545, "logScale": 0.27045963671845813}