{"g1": 0.9002116458358075, "g2": 8.804106126282957, "logK": -2.41812257336554, "loc": 0.0001998123904778104, "logScale": -3.9971131512603635}