{"g1": 0.04270785026819722, "g2": 0.22693189920567747, "logK": 0.6005278378969334, "loc": -0.1492611740612704, "logScale": 0.45572646129662175}