{"g1": 0.666653025463321, "g2": 4.985190175161013, "logK": -0.5982376572215632, "loc": -0.013987547606785921, "logScale": -3.9988665213676287}