{"g1": 0.009478777106926024, "g2": 2.282633160382299, "logK": -0.20027029134231, "loc": 0.07302412033149075, "logScale": 0.9151752403164704}