{"g1": 0.35438152194338524, "g2": 1.1263751360706373, "logK": 0.8207004351883461, "loc": -0.07425842396502011, "logScale": 0.4351941774629515}