{"g1": 0.08198234370294644, "g2": 3.204829341420438, "logK": 0.9970295758505451, "loc": 0.0591729802916838, "logScale": 0.31043621072516253}