{"g1": 0.5763888065706622, "g2": 9.88639378259606, "logK": 0.1241114524748852, "loc": -0.012758953303494507, "logScale": -3.6964352563691136}