{"g1": 0.3130548436145477, "g2": 4.9492529842023, "logK": 0.9644017623406782, "loc": -0.14331640871877555, "logScale": 0.024282451265226657}