{"g1": 0.03248060053067792, "g2": 10.26104897785157, "logK": 0.8160101771563458, "loc": 0.01687698398308557, "logScale": 0.5879628985809608}