{"g1": 0.854767032533097, "g2": 2.9429025393826187, "logK": -4.816953756456188, "loc": 0.0007779249580184971, "logScale": -2.498149069932242}