{"g1": 0.15031914068639057, "g2": 1.8130337022696568, "logK": 0.7513617766194542, "loc": -0.09447230996348158, "logScale": 1.0212636848249437}