{"g1": 0.7154859326272354, "g2": 14.672615060866288, "logK": -2.386578161666832, "loc": -0.004645138444335854, "logScale": -3.9842911788423687}