{"g1": 0.4299986367693602, "g2": 0.8870413564695678, "logK": 0.9968916492833282, "loc": -0.004312836397654438, "logScale": 0.08588131102622217}