{"g1": 0.8468139611353422, "g2": 6.872275863334631, "logK": -0.8165057442157635, "loc": 0.009430693965107404, "logScale": -3.181318343156646}