{"g1": 0.03917258319402943, "g2": 4.2028673256002715, "logK": 0.5249805478250504, "loc": -0.06156744862573674, "logScale": 0.13738312808764352}