{"g1": 0.6865602457704603, "g2": 11.400014162062652, "logK": -3.676455116534009, "loc": 0.003325556838863889, "logScale": -3.9341163079227406}