{"g1": 0.10339410969323047, "g2": 0.6058278980087242, "logK": -4.100698512953945, "loc": 0.05201247093233047, "logScale": 1.0333235279796444}