{"g1": 0.9238876044634715, "g2": 14.68987005456238, "logK": 0.4896836676781905, "loc": -0.01579023545072117, "logScale": -3.5231543569149766}