{"g1": 0.055104042312353274, "g2": 3.749181493053042, "logK": 0.9988817188417352, "loc": 0.015869763214252597, "logScale": 0.3755745408895308}