{"g1": 0.003707261060369775, "g2": 0.46808817757389143, "logK": 0.746475380815316, "loc": -0.04636354743002776, "logScale": 0.5212455117941575}