{"g1": 0.01776411355577086, "g2": 5.92617837113907, "logK": -2.0085633506137572, "loc": -0.1220558760327636, "logScale": 1.5723151357054537}