{"g1": 0.0034863823465932173, "g2": 5.7228570474569675, "logK": 0.9153033107527753, "loc": -0.013052114398186217, "logScale": 0.5460090448109232}