{"g1": 0.5199977835973769, "g2": 4.040030073140404, "logK": 0.8423755357336395, "loc": -0.014811299249337195, "logScale": -3.775736836786909}