{"g1": 0.9136254874839402, "g2": 9.068870502409057, "logK": -3.732401690090396, "loc": -0.004122083568209904, "logScale": -3.980544225457801}