{"g1": 0.9752772017158721, "g2": 11.200313147522449, "logK": -4.379631493995642, "loc": 0.0027648438639082187, "logScale": -3.3182829608070876}