{"g1": 0.8270682596306955, "g2": 0.06231001629223343, "logK": -4.199013305255111, "loc": 0.119344177474265, "logScale": 1.241235820626715}