{"g1": 0.8079505166627496, "g2": 0.020691076544206908, "logK": -4.002486969782955, "loc": -0.08283553127953666, "logScale": 1.7053792976772113}