{"g1": 0.6318735789157061, "g2": 9.601198798389808, "logK": 0.09480710103904666, "loc": -0.008620931978453705, "logScale": -3.9697673880308506}