{"g1": 0.41858779027704424, "g2": 2.6133893508087485, "logK": -2.692366053918722, "loc": -0.0024053054351002336, "logScale": -3.9938549545193736}