{"g1": 0.6606107549898563, "g2": 9.733412310724695, "logK": -0.4531440394281561, "loc": -0.003452155926253562, "logScale": -3.993177667376841}