{"g1": 0.0253175058664879, "g2": 6.456146480476735, "logK": -1.8658356232307736, "loc": 0.13264541032824811, "logScale": 1.4771513320618883}