{"g1": 0.8001209209326465, "g2": 6.129232498321538, "logK": 0.9987857751047895, "loc": -0.04752445710508921, "logScale": -3.8379131391650927}