{"g1": 0.6782018053978767, "g2": 4.252487393415175, "logK": 0.6304742823367374, "loc": -0.02400041364067922, "logScale": -3.9156482496279668}