{"g1": 0.10531869335871712, "g2": 9.450861308937982, "logK": 0.8068569197981663, "loc": -0.13323004200097704, "logScale": 0.20647939400279114}