{"g1": 0.44397048922805515, "g2": 0.7345619645833034, "logK": -1.878512456762081, "loc": 0.007200421148485532, "logScale": -3.9793010395714363}