{"g1": 0.2994653080412859, "g2": 0.007171146803019057, "logK": 0.99954964845331, "loc": -0.047870660129820705, "logScale": -0.017608279473866662}