{"g1": 0.004310746528305882, "g2": 2.158485725362329, "logK": 0.04694439027696895, "loc": 0.06666196402331197, "logScale": 0.680064912369981}