{"g1": 0.906386334429471, "g2": 6.555231643106568, "logK": 0.6860356183914567, "loc": -0.01593539479284851, "logScale": -3.767541713485317}