{"g1": 0.005506716330230412, "g2": 8.285866116993054, "logK": 0.47050741112531846, "loc": 0.06665061135682868, "logScale": 0.17560658584757094}