{"g1": 0.6356992538359447, "g2": 12.257664464568023, "logK": -0.19990145291108408, "loc": -0.007310594024610043, "logScale": -3.5214379069351542}