{"g1": 0.9461942012620315, "g2": 3.838046083423215, "logK": 0.4113046549642432, "loc": -0.04109249375937892, "logScale": -3.383504703461904}