{"g1": 0.4513895446798859, "g2": 1.1454367265340746, "logK": -3.891385329925689, "loc": 0.003033271660075055, "logScale": -3.8224592420749275}