{"g1": 0.7605775553408255, "g2": 10.882517581424892, "logK": 0.6996814906009248, "loc": -0.006865228262620009, "logScale": -3.6652645422100614}