{"g1": 0.4276290116098893, "g2": 0.7373647733170279, "logK": 0.7754272569372419, "loc": -0.1246557244724392, "logScale": -0.8263112619939407}