{"g1": 0.7122031212162434, "g2": 7.41101350810038, "logK": -3.23319278979379, "loc": -0.004476419276523721, "logScale": -3.9957777423992513}