{"g1": 0.5748715459939537, "g2": 9.172410207888039, "logK": -0.10125908157312757, "loc": -0.011161064203136221, "logScale": -3.176818513986461}