{"g1": 0.9962686070962389, "g2": 12.091027785933484, "logK": -1.1328815156421896, "loc": 0.0013446462651134049, "logScale": -3.8306324562665974}