{"g1": 0.05702540128384607, "g2": 6.9480961365780125, "logK": 0.9829462319581384, "loc": 0.0631030325625013, "logScale": 0.21003613869779372}