{"g1": 0.05686050114213882, "g2": 14.45404431022051, "logK": 0.9450444298906826, "loc": -0.14961116692300172, "logScale": 0.48683276321464}