{"g1": 0.8845970664133042, "g2": 5.252354018534313, "logK": 0.18520116065760295, "loc": -0.030924376815396736, "logScale": -3.1961093109192547}