{"g1": 0.8843243168498026, "g2": 10.638493847191228, "logK": -4.876787117873899, "loc": -0.002102337977099328, "logScale": -3.793288727260012}