{"g1": 0.8406670217053721, "g2": 3.410685562908399, "logK": -0.7222622589544503, "loc": 0.0009221196470260533, "logScale": -3.7633737565359646}