{"g1": 0.06517825296925343, "g2": 12.474410214719043, "logK": 0.05448913179741641, "loc": -0.14999186971378214, "logScale": 0.6027690656103972}