{"g1": 0.02763551410586948, "g2": 10.875793774484444, "logK": 0.7760465378106147, "loc": -0.08777080909109462, "logScale": -0.804333788939996}