{"g1": 0.6298886471519813, "g2": 10.253321515374122, "logK": -3.0485245536555476, "loc": 0.0015736968982833213, "logScale": -3.9950264798701984}