{"g1": 0.4020938963254516, "g2": 1.0788274693559783, "logK": 0.7849704038735466, "loc": 0.031302815420653954, "logScale": 0.7046420776203727}