{"g1": 0.8559872843934455, "g2": 6.889975430141201, "logK": -2.0812146310732986, "loc": 0.004399695126769694, "logScale": -3.2662030016795107}