{"g1": 0.8483525228923025, "g2": 12.224275011952662, "logK": -2.525188364492591, "loc": -0.011179278853998081, "logScale": -3.7216329494485847}