{"g1": 0.0181608191619935, "g2": 13.040421436654382, "logK": 0.9926913593023077, "loc": 0.10196975567419536, "logScale": 0.6356167557132639}