{"g1": 0.6786109223146161, "g2": 14.929158355185905, "logK": -3.2106424733433836, "loc": -0.004520397829153821, "logScale": -3.988765711482706}