{"g1": 0.5465242355801601, "g2": 9.698181036731864, "logK": -3.1760120681234967, "loc": -2.1360976592030984e-05, "logScale": -3.775971671274046}