{"g1": 0.8153148069483526, "g2": 3.8172441377723842, "logK": -0.03692266794194453, "loc": -0.006963025017343173, "logScale": -3.631087009911053}