{"g1": 0.9252145862454944, "g2": 10.941950355471516, "logK": -3.6156164998267744, "loc": 0.004931347271100877, "logScale": -3.998515040345004}