{"g1": 0.5446169257604538, "g2": 6.684531828870266, "logK": 0.38565807595686613, "loc": 0.00015891264532063524, "logScale": -3.996282626881407}