{"g1": 0.7324179700244874, "g2": 0.9244064366108296, "logK": -0.5435785667177642, "loc": 0.00716804307563125, "logScale": -3.0847695948856826}