{"g1": 0.6452272525621536, "g2": 13.568976048016392, "logK": 0.9956278208762038, "loc": -0.02471389959808553, "logScale": -3.9753742238167478}