{"g1": 0.7048628252102223, "g2": 8.726408421773147, "logK": -3.9353618499008913, "loc": -0.004153593640136065, "logScale": -3.8180364480526854}