{"g1": 0.8662253472333764, "g2": 14.296930584165583, "logK": -0.22364281308388767, "loc": -0.012803812039162369, "logScale": -3.7878704068232145}