{"g1": 0.7781295370756619, "g2": 14.560274994018968, "logK": 0.24834221074154877, "loc": -0.03285412427703183, "logScale": -3.660865349612634}