{"g1": 0.5892071929686333, "g2": 13.650429666207897, "logK": -0.1694583778020804, "loc": -0.018656651166596275, "logScale": -3.980529257525467}