{"g1": 0.8674442387763976, "g2": 8.557517554915563, "logK": -0.8271592417548832, "loc": -0.02285273420798125, "logScale": -3.261708634013772}