{"g1": 0.7792928633805282, "g2": 2.2074572356948137, "logK": -2.1147844350265292, "loc": -0.02216360606607641, "logScale": -3.0360904601185834}