{"g1": 0.4007601782939516, "g2": 9.3014300517328, "logK": -2.2605893368165297, "loc": -0.0026847465506083332, "logScale": -3.990550352936937}