{"g1": 0.5494161956860014, "g2": 8.728676531457298, "logK": -1.6666454650832034, "loc": -0.007324937824147705, "logScale": -3.9928629118901275}