{"g1": 0.7133806443573112, "g2": 7.349313254998101, "logK": 0.322241611383663, "loc": -0.034282055989882904, "logScale": -3.248444419073051}