{"g1": 0.5779730254617014, "g2": 9.917422571375841, "logK": -2.28599877278686, "loc": -0.005676300988976443, "logScale": -3.9945156249162665}