{"g1": 0.004480668303085231, "g2": 11.910914337616012, "logK": -3.9275146928532387, "loc": -0.03741238064958665, "logScale": 1.1525321316836117}