{"g1": 0.7966028952343389, "g2": 6.92014492236152, "logK": -0.5167493915672607, "loc": -0.012920284905124101, "logScale": -3.977020039422241}