{"g1": 0.2869803241018394, "g2": 7.205743442600888, "logK": -4.781138528521761, "loc": -0.0016239945278543107, "logScale": -3.9605967700255467}