{"g1": 0.5885632522974229, "g2": 7.097362236662871, "logK": 0.07231773148278076, "loc": -0.004428694046089312, "logScale": -3.9942995230170917}