{"g1": 0.6963775100786515, "g2": 8.210544730553723, "logK": -1.9126021486488476, "loc": -0.0016458925920107628, "logScale": -3.996869282262082}