{"g1": 0.9988692802847182, "g2": 1.563655961535698, "logK": -1.9974323052095593, "loc": -0.0055843272603116265, "logScale": -3.857363030502496}