{"g1": 0.9987832334321127, "g2": 5.4760052872409695, "logK": 0.650282856287264, "loc": -0.023837896627030758, "logScale": -3.094263776355388}