{"g1": 0.6828146742750882, "g2": 7.464484245475101, "logK": 0.9894450535821235, "loc": -0.0554600535233586, "logScale": -3.6844361827816594}