{"g1": 0.7068882058482227, "g2": 11.185692306842874, "logK": -2.8293618805743996, "loc": 0.007965906483208461, "logScale": -3.99935946028388}