{"g1": 0.6913797941882548, "g2": 0.717050049238066, "logK": 0.3048494892776385, "loc": -0.008998290767200356, "logScale": -3.45619357116672}