{"g1": 0.9843911355623782, "g2": 7.792137694942097, "logK": 0.48006692254579647, "loc": -0.01691230080668924, "logScale": -3.1380142376492834}