{"g1": 0.9260091525194412, "g2": 6.9417183063341525, "logK": -4.751078255140917, "loc": 0.014932123482921023, "logScale": -3.6794980199072693}