{"g1": 0.9863703848321144, "g2": 9.438065958797289, "logK": -4.783958273606152, "loc": 0.00561582380011263, "logScale": -2.9949682866218845}