{"g1": 0.9876666980843527, "g2": 11.851605773007874, "logK": -3.8313576649274306, "loc": -0.00550662227985053, "logScale": -3.737444282321814}