{"g1": 0.7505507941101611, "g2": 3.2970153783020084, "logK": 0.40485459792875267, "loc": 0.0002633348621523439, "logScale": -3.8981534944636604}