{"g1": 0.022180608353021207, "g2": 1.2525781693556992, "logK": -0.20740200764111605, "loc": -0.08125741105715986, "logScale": 0.9105612714673905}