{"g1": 0.5646189651159327, "g2": 10.746788155300116, "logK": -2.932196300507533, "loc": 0.010481893479427167, "logScale": -3.9950442968247235}