{"g1": 0.9997101195031122, "g2": 7.801643716533157, "logK": 0.8626798170963891, "loc": -0.07732331566748286, "logScale": -2.7380358829711886}