{"g1": 0.4305832024047003, "g2": 9.049748726213501, "logK": -3.7079496010579076, "loc": 0.003878712524131057, "logScale": -3.987846478072555}