{"g1": 0.7788019737189641, "g2": 14.8082567673654, "logK": -3.2199076186268023, "loc": -0.00411738591636205, "logScale": -3.93851332621004}