{"g1": 0.675808315388248, "g2": 2.90270247508953, "logK": -0.8492094930007064, "loc": -0.03249430197558453, "logScale": -3.3261761304226534}