{"g1": 0.6318043636834856, "g2": 0.002934136637361905, "logK": -0.7738956686891927, "loc": -0.08973773363761994, "logScale": 1.5398121143923045}