{"g1": 0.9468607964907213, "g2": 4.631440855717323, "logK": 0.4389359699625103, "loc": -0.03239589235300795, "logScale": -3.439444453376995}