{"g1": 0.04762066753052567, "g2": 0.47908572832147667, "logK": 0.7569436149681984, "loc": 0.13599037774247197, "logScale": 0.09859465795661701}