{"g1": 0.026997643948158182, "g2": 3.5436141649277997, "logK": -0.10397920734596111, "loc": -0.01178858013067486, "logScale": 0.46919804205686566}