{"g1": 0.06640944823217966, "g2": 9.754803541628052, "logK": 0.6049718120197385, "loc": -0.10518734061788249, "logScale": 0.13064623495547023}