{"g1": 0.8676031620439375, "g2": 0.10099736865967548, "logK": -3.767278104650992, "loc": 0.07038564797315722, "logScale": 1.691411106337708}