{"g1": 0.9996174773368746, "g2": 9.84386696511782, "logK": -2.438188884848767, "loc": -0.000273867021992235, "logScale": -3.971745095317359}