{"g1": 0.02799510260060177, "g2": 13.440348644564098, "logK": 0.6827775647955547, "loc": 0.0014077859735335888, "logScale": 0.34239223138460456}