{"g1": 0.8435010425561644, "g2": 8.948990788218845, "logK": -4.5947729027169775, "loc": 0.00410928750061482, "logScale": -2.9819872881578724}