{"g1": 0.9995458194243892, "g2": 12.88143780555729, "logK": 0.1845536568965912, "loc": -0.03170662662711705, "logScale": -3.7090074522393635}