{"g1": 0.9993116632438317, "g2": 7.085010326854217, "logK": -2.7278017784497743, "loc": 0.00283669195363609, "logScale": -3.831900579175436}