{"g1": 0.8507259577935018, "g2": 3.0117071383179823, "logK": -0.12050929880077144, "loc": 0.0008124624073571618, "logScale": -3.34492592673181}