{"g1": 0.8641366749615057, "g2": 11.54806476121448, "logK": 0.9181439479371295, "loc": -0.06631852024020087, "logScale": -3.196389317271234}