{"g1": 0.9509670594830208, "g2": 7.627269250276953, "logK": 0.5236901910650401, "loc": -0.02120225463924786, "logScale": -3.659389690470982}