{"g1": 0.9368128200043258, "g2": 1.4710217462087822, "logK": -2.056381679971531, "loc": 0.001751853209407417, "logScale": -3.993782499403663}