{"g1": 0.0035422907021792883, "g2": 7.6634440793200245, "logK": 0.5598645900690169, "loc": 0.12986885573051773, "logScale": 0.7135379992446769}