{"g1": 0.8141500234924695, "g2": 6.193130093870161, "logK": 0.9305992296148164, "loc": -0.05746120317806175, "logScale": -3.2802035605220254}