{"g1": 0.4621913899193905, "g2": 0.36837484978124035, "logK": 0.6603977745520884, "loc": -0.1001125025623534, "logScale": 0.17608890781877237}