{"g1": 0.005085104777690856, "g2": 8.340672766747282, "logK": 0.6415466688464634, "loc": -0.027376297516182126, "logScale": 0.6943691357629755}