{"g1": 0.7079448644649055, "g2": 0.14055347765769638, "logK": -2.5405476354530303, "loc": 0.10655487952327182, "logScale": 1.44612391418679}