{"g1": 0.010046099812921871, "g2": 1.8746957836763487, "logK": 0.9029921837922463, "loc": -0.008554696018562943, "logScale": 0.7151928779591225}