{"g1": 0.9505999193876209, "g2": 0.3244327974716974, "logK": 0.4547879038873841, "loc": 0.06921502602328924, "logScale": 0.7440496311574987}