{"g1": 0.035369165034175545, "g2": 8.897032956829566, "logK": 0.6598839584268044, "loc": 0.042627638709587724, "logScale": 0.23130139669481492}