{"g1": 0.0021669001661285374, "g2": 7.148358104721195, "logK": 0.73908706642217, "loc": 0.014585434076819614, "logScale": -0.054214025616815854}