{"g1": 0.7998049716417982, "g2": 1.3975934915197223, "logK": -4.807545328889795, "loc": -0.014957233661410291, "logScale": -2.961460373266953}