{"g1": 0.0012009015946666118, "g2": 14.004716197238345, "logK": 0.9093214362455644, "loc": 0.1484583684109146, "logScale": 0.027574200999343434}