{"g1": 0.03881626662491876, "g2": 3.571476096494597, "logK": -0.0344584883222252, "loc": 0.024807760181544736, "logScale": 0.8389633869998829}