{"g1": 0.4335071644652609, "g2": 7.429780066140514, "logK": -0.6617535604680623, "loc": -0.013230157705651672, "logScale": -3.9526472102877093}