{"g1": 0.9959188993872821, "g2": 6.174362596952935, "logK": -4.328948859324593, "loc": -0.008297761942856516, "logScale": -3.998211365975173}