{"g1": 0.146256781646045, "g2": 0.0100618615640142, "logK": 0.6113783135654163, "loc": -0.12501771097800493, "logScale": 0.15558608348784497}