{"g1": 0.8879039177070184, "g2": 6.7506399331000315, "logK": 0.8647994187169035, "loc": -0.053936628536772696, "logScale": -3.3974033788702287}