{"g1": 0.9444047591780647, "g2": 11.315087971435988, "logK": 0.7237497669960731, "loc": -0.012499447771344988, "logScale": -3.8570597129154263}