{"g1": 0.9303092738313063, "g2": 0.9470247834473844, "logK": -2.829081499751406, "loc": -0.0077618121988697105, "logScale": -3.9966004195713696}