{"g1": 0.9998216074426372, "g2": 8.907295974225812, "logK": -3.926415817736106, "loc": -0.002713387511674886, "logScale": -3.2339912568982827}