{"g1": 0.00336110447096985, "g2": 11.564194010459232, "logK": 0.18939938256521893, "loc": 0.07306631383818965, "logScale": 0.7767399984351785}