{"g1": 0.04697440918116033, "g2": 5.79661197384472, "logK": 0.7373548635802034, "loc": 0.14810736244615036, "logScale": 0.241949970932553}