{"g1": 0.05396072239131301, "g2": 0.3452417787152088, "logK": 0.8796109505188043, "loc": -0.1054960867154691, "logScale": 0.48707439679105324}