{"g1": 0.001131037837709542, "g2": 4.162472142404917, "logK": -4.830811539389943, "loc": -0.06121617823816006, "logScale": 1.5078633063359326}