{"g1": 0.7601197999470424, "g2": 10.291388739883281, "logK": -2.5321424406020046, "loc": -0.0018439694751568644, "logScale": -3.9787599968968426}