{"g1": 0.8209724057582978, "g2": 2.7324018185237557, "logK": -3.0057373158512597, "loc": -0.007031262796656467, "logScale": -3.9893371102751525}