{"g1": 0.8602248505063768, "g2": 0.025879013975821596, "logK": 0.9960655892485024, "loc": -0.03139646104290833, "logScale": -0.2433308198591822}