{"g1": 0.9651576351761934, "g2": 5.991084178768691, "logK": -4.503270038615686, "loc": -0.008483788404499105, "logScale": -3.747269602440311}