{"g1": 0.7855319562343259, "g2": 12.826785170442374, "logK": -1.036367399151597, "loc": -0.017432769411195995, "logScale": -2.8422882496169715}