{"g1": 0.5827795664971458, "g2": 0.8725510232568434, "logK": 0.7491757670570015, "loc": -0.01829068457456376, "logScale": -3.962032777109256}