{"g1": 0.9761383652893626, "g2": 14.942731512570663, "logK": -1.5292160249409563, "loc": -0.00016660963169764717, "logScale": -3.7240798454999298}