{"g1": 0.7005628753543972, "g2": 4.478724768236646, "logK": -4.1520422716381695, "loc": 0.007631221629042496, "logScale": -2.713168026710474}