{"g1": 0.9184305845864152, "g2": 2.4444948548041774, "logK": -4.649482312812791, "loc": -0.004860532002092027, "logScale": -3.456180947416641}