{"g1": 0.26243152003180537, "g2": 7.035074989126096, "logK": 0.9671078129638373, "loc": 0.09042365601627683, "logScale": -0.2773440868165281}