{"g1": 0.25756190681828484, "g2": 0.8943929412008904, "logK": 0.44888524687626385, "loc": 0.1242394096361235, "logScale": 0.21724324158103422}