{"g1": 0.6076155681344213, "g2": 5.252775443751304, "logK": 0.6656590354994758, "loc": 0.04747068572285054, "logScale": 0.2219392755088358}