{"g1": 0.9218776240770701, "g2": 1.2033323448985873, "logK": -2.3294073860789, "loc": -0.0034136776291806446, "logScale": -3.8317753782754966}