{"g1": 0.8072117931332281, "g2": 5.622748441025367, "logK": -0.23109394309841935, "loc": -0.03544870979516789, "logScale": -3.512380790335693}