{"g1": 0.9998887207087177, "g2": 12.071835149546873, "logK": -4.353940279682498, "loc": -0.022617181418475435, "logScale": -3.102342008436877}