{"g1": 0.873944882543946, "g2": 13.30232419792018, "logK": 0.908667724017477, "loc": -0.055953164517908716, "logScale": -3.5156025358706713}