{"g1": 0.041547924074084475, "g2": 1.3376894670335835, "logK": 0.46415946903388816, "loc": -0.12350937668566417, "logScale": 0.7802754272009921}