{"g1": 0.3577444715893566, "g2": 0.08499908898224628, "logK": 0.9845412389991971, "loc": -0.10270804776054748, "logScale": 0.7137297986426421}