{"g1": 0.7312787392944406, "g2": 2.2956333491744845, "logK": -0.039363675188422015, "loc": -0.003999605213194386, "logScale": -3.656523018866593}