{"g1": 0.9927880792933267, "g2": 3.8930661026492315, "logK": 0.5305729680982325, "loc": -0.005370184691077582, "logScale": -3.8199118191529533}