{"g1": 0.9702674222623352, "g2": 5.1839100948363, "logK": -3.338555776572524, "loc": -0.004201133533904362, "logScale": -3.9737430850051645}