{"g1": 0.02430698905167973, "g2": 6.282673525646834, "logK": 0.8242401742699093, "loc": -0.07846892832013573, "logScale": -0.19844262835299387}