{"g1": 0.6263325597546656, "g2": 10.005198858434179, "logK": -4.877844912677621, "loc": -0.003715131137482692, "logScale": -3.986785637671566}