{"g1": 0.8732634392127561, "g2": 14.733138444878794, "logK": -0.4151647240201173, "loc": -0.00926807179703543, "logScale": -3.9948199330647483}