{"g1": 0.504236657546272, "g2": 0.011985152870045535, "logK": 0.41154822576179445, "loc": -0.08691528999770443, "logScale": 0.5343676560371294}