{"g1": 0.023658329378095755, "g2": 7.443448321945208, "logK": 0.9579341595608194, "loc": -0.030526389460256313, "logScale": 0.39396046563714643}