{"g1": 0.9080841734928536, "g2": 11.021259390226872, "logK": -4.511713254317091, "loc": -0.038926261918106005, "logScale": -2.8892511824778455}