{"g1": 0.7079637347287194, "g2": 0.012173505733559686, "logK": 0.8292755179036831, "loc": 0.1149194322007322, "logScale": 0.38820603999802533}