{"g1": 0.13267043676386575, "g2": 1.2500321807336798, "logK": 0.6446745458620815, "loc": 0.14976434090809676, "logScale": 0.3250109116186174}