{"g1": 0.8117155426746318, "g2": 12.099147021020311, "logK": -1.2588258596709967, "loc": 0.0074183735654111335, "logScale": -3.9790473307167673}