{"g1": 0.6724514008864394, "g2": 12.579908384141333, "logK": 0.9937276853275676, "loc": -0.11707432683197802, "logScale": -1.282240482843485}