{"g1": 0.595158285248954, "g2": 0.012196806364269609, "logK": -0.6085419780011674, "loc": 0.003935024445796867, "logScale": 0.8696674207010018}