{"g1": 0.7748213154468114, "g2": 2.837318454432049, "logK": 0.9074781181817727, "loc": -0.07268835894959144, "logScale": -3.199512232302923}