{"g1": 0.8416943606468658, "g2": 14.394335377884122, "logK": 0.8987617501575647, "loc": -0.01417947826038237, "logScale": -3.96414218956991}