{"g1": 0.6813541187303409, "g2": 6.6746079027161915, "logK": -1.1471916267223656, "loc": -0.00998308511426663, "logScale": -3.995489129964833}