{"g1": 0.6709937516121254, "g2": 1.6802463238573644, "logK": 0.666327473105226, "loc": -0.017991333649725823, "logScale": -3.019848784963426}