{"g1": 0.8086471411023773, "g2": 6.492446500171306, "logK": 0.3104762315677048, "loc": -0.015752218508024683, "logScale": -3.800995039930426}