{"g1": 0.9096705950881613, "g2": 12.050652162319045, "logK": -3.45372970897652, "loc": 0.0030258079328797927, "logScale": -3.9853148773525264}