{"g1": 0.6851860241106456, "g2": 2.302732949703441, "logK": -2.689321330444407, "loc": -0.0027966420769542084, "logScale": -3.99709300558441}