{"g1": 0.9928114943717122, "g2": 10.779780299577453, "logK": -4.299044966331851, "loc": -0.003975874137858985, "logScale": -3.8024187963767853}