{"g1": 0.9560781878711089, "g2": 13.722685727925672, "logK": -0.4955292765562386, "loc": -0.0005114492946740185, "logScale": -3.946945911742737}