{"g1": 0.039862358748587436, "g2": 8.424892576953491, "logK": 0.37984269445746177, "loc": -0.1318600035599883, "logScale": 0.430111281150408}