{"g1": 0.6858675280406518, "g2": 13.895515276153233, "logK": -2.9726215723558127, "loc": 0.0003647578222772934, "logScale": -3.9730944998534548}