{"g1": 0.9430710658218859, "g2": 7.782281877147329, "logK": 0.8607487065196598, "loc": -0.06262922678595123, "logScale": -3.1260825165748063}