{"g1": 0.938540676403795, "g2": 8.183391156190831, "logK": 0.7811929170337382, "loc": -0.050351964733824923, "logScale": -3.2229813816417616}