{"g1": 0.7585803221050862, "g2": 0.2185055553505102, "logK": 0.7449710774325882, "loc": -0.12290664369291734, "logScale": 0.1393887951830575}