{"g1": 0.02891531951246197, "g2": 14.076698203985325, "logK": 0.13274027523246112, "loc": -0.14402723655564958, "logScale": 0.81116779305936}