{"g1": 0.6468798795329799, "g2": 1.0359664877955992, "logK": 0.6009835544916345, "loc": 0.047046608042701055, "logScale": 1.1134909146449523}