{"g1": 0.015343771330529507, "g2": 9.761125289111808, "logK": 0.4917560827757076, "loc": -0.14977421888850379, "logScale": 1.266016200834238}