{"g1": 0.21062129438853697, "g2": 0.0327844890191669, "logK": 0.4815209373098124, "loc": 0.05488623816274949, "logScale": 0.2889906091971653}