{"g1": 0.04331075933692377, "g2": 3.7583489266210544, "logK": 0.42492893784980773, "loc": 0.11436969554244389, "logScale": 0.526339737221722}