{"g1": 0.023606990157725927, "g2": 13.976020052163069, "logK": 0.9995841550677392, "loc": 0.06789499893234027, "logScale": 0.9868651240799697}