{"g1": 0.9219632365180899, "g2": 0.4313369650483314, "logK": -0.22073945603456163, "loc": -0.0011192777127244178, "logScale": -3.999052498777578}