{"g1": 0.624330273246045, "g2": 10.106652496159333, "logK": 0.9763892873579139, "loc": -0.034575123567407905, "logScale": -3.3181844608278532}