{"g1": 0.38492566915931437, "g2": 4.462961176221257, "logK": 0.9948525019602243, "loc": -0.08979070769221559, "logScale": -0.24119738187373968}