{"g1": 0.6980025281694764, "g2": 4.369742950875593, "logK": -2.6912688025956166, "loc": -0.005901406072020609, "logScale": -3.9965945924254274}