{"g1": 0.9598569508072916, "g2": 8.776451570998336, "logK": -4.515604275993207, "loc": -0.018198873438747633, "logScale": -2.725064041137819}