{"g1": 0.9116074013137937, "g2": 6.2966518775686495, "logK": -0.9721410155657808, "loc": -0.012814056244952089, "logScale": -3.99271928274299}