{"g1": 0.7866855590567321, "g2": 4.457315760414356, "logK": 0.6323743842807987, "loc": -0.053722303740894616, "logScale": -3.426866215850557}