{"g1": 0.8470707493904727, "g2": 6.371119241029584, "logK": -0.9528628703641286, "loc": -0.008542816096891493, "logScale": -3.9423748264277365}