{"g1": 0.004051818864864845, "g2": 11.70521978925135, "logK": 0.8132132927336303, "loc": 0.12247283273153875, "logScale": 0.2788536909531327}