{"g1": 0.037723096508904194, "g2": 13.88215878582683, "logK": 0.3168067990099293, "loc": -0.11311943463978456, "logScale": 0.9704678532737772}