{"g1": 0.9139124345148524, "g2": 8.030715407242898, "logK": 0.03372166365815055, "loc": -0.025777373070289038, "logScale": -3.826352464105392}