{"g1": 0.9594770917548752, "g2": 6.633488733405681, "logK": -1.2550708103847954, "loc": 0.004987320634843001, "logScale": -3.8082677264134346}