{"g1": 0.9117152899978144, "g2": 7.5195323815416435, "logK": -0.021998925019456994, "loc": -0.004180111485745286, "logScale": -3.9955154874776224}