{"g1": 0.8676628079257207, "g2": 4.796920329149206, "logK": -2.69683791566175, "loc": -0.007623754773239237, "logScale": -3.9842103273174043}