{"g1": 0.8130648534701321, "g2": 13.902744839323812, "logK": -1.5571346363286973, "loc": 0.00027173108244919145, "logScale": -3.98602635257485}