{"g1": 0.6376747569601985, "g2": 5.837710539002479, "logK": 0.9785156843765579, "loc": -0.023577785179556797, "logScale": -3.6315046191104075}