{"g1": 0.8823771236634742, "g2": 2.812389012106533, "logK": -0.3858264012652691, "loc": -0.007673041568036475, "logScale": -3.622245891893998}