{"g1": 0.5608564015489209, "g2": 6.935033221998364, "logK": -0.17384008040950927, "loc": -0.04082794035406366, "logScale": -2.750991995025288}