{"g1": 0.6885215931769635, "g2": 2.9682136169473283, "logK": -0.062246906251294476, "loc": -0.007365027159182072, "logScale": -3.9890439519032603}