{"g1": 0.8074524739917964, "g2": 8.789368552815422, "logK": -4.332910690648649, "loc": -0.018642339356254405, "logScale": -2.911244974309147}