{"g1": 0.10230079900359851, "g2": 8.282472420666267, "logK": 0.6768509936824963, "loc": -0.13461608165942154, "logScale": -0.05556956087738768}