{"g1": 0.8283031542449846, "g2": 7.184716890537448, "logK": -3.4977404846389724, "loc": 0.0024914354347390865, "logScale": -3.9697924699615394}