{"g1": 0.07976245786138068, "g2": 0.08150018889806177, "logK": 0.909887699385115, "loc": 0.05901243990339868, "logScale": 0.611702768731935}