{"g1": 0.7538444552746076, "g2": 7.72095113614693, "logK": -3.681425165965901, "loc": 0.01013629086513769, "logScale": -3.9712051529248575}