{"g1": 0.9834323567850778, "g2": 5.694000909467197, "logK": 0.4270050047743285, "loc": -0.012652319717988435, "logScale": -3.8388837761214516}