{"g1": 0.977624847405123, "g2": 7.603663332999293, "logK": -2.933662062298116, "loc": -0.00817257771667972, "logScale": -3.896023722046417}