{"g1": 0.5527723503844412, "g2": 0.4646200452999064, "logK": 0.5563741857387178, "loc": -0.012376574426949812, "logScale": 0.781156923735377}