{"g1": 0.7823983029293198, "g2": 2.4406382390802213, "logK": -4.990961339702866, "loc": -0.002623749001119339, "logScale": -3.6415853161315583}