{"g1": 0.9807312613283137, "g2": 3.9790745402476837, "logK": -4.736366490119597, "loc": -0.007500069177196535, "logScale": -3.9753014332080587}