{"g1": 0.8302947190726496, "g2": 14.216006582695044, "logK": -3.3299286085519135, "loc": 0.002376615680857673, "logScale": -3.8267570245349907}