{"g1": 0.7654235229128126, "g2": 14.04451196488426, "logK": -4.986906323251798, "loc": -0.007375585449655168, "logScale": -3.8601924755751367}