{"g1": 0.8005718285654753, "g2": 7.9581942210676555, "logK": -2.354084430336467, "loc": 0.01985407902376378, "logScale": -3.1041085875095447}