{"g1": 0.7533764025000674, "g2": 10.915077525558903, "logK": -1.522100287553244, "loc": -0.012313945799221144, "logScale": -3.511517232458358}