{"g1": 0.91341010866604, "g2": 5.2993317952889765, "logK": -0.2017062521673032, "loc": -0.01707384837917987, "logScale": -3.607141178731757}