{"g1": 0.7800765302716319, "g2": 11.516125433908995, "logK": -2.619507036787361, "loc": 0.008711356528649596, "logScale": -3.8662728466307867}