{"g1": 0.8323538094957748, "g2": 11.993123320301441, "logK": 0.9939128030200797, "loc": -0.019209490909171636, "logScale": -3.8405009340195697}