{"g1": 0.8644754020321868, "g2": 0.9390618811291311, "logK": -3.816529793490801, "loc": 0.011215694872265612, "logScale": -3.994045000971383}