{"g1": 0.830868925577328, "g2": 10.845895011714582, "logK": 0.6825930604750589, "loc": -0.023128359308557327, "logScale": -3.776052404316732}