{"g1": 0.006267074367746969, "g2": 5.701344476146664, "logK": 0.8967164828987482, "loc": -0.07748776688887271, "logScale": 0.009961434890535676}