{"g1": 0.8955009166335531, "g2": 4.248671467626448, "logK": 0.18084306199641897, "loc": -0.00609636355640107, "logScale": -3.9980602587600202}