{"g1": 0.0501191419558186, "g2": 10.444683521555742, "logK": 0.0552775757128553, "loc": 0.1305319021290567, "logScale": 1.1127975243315646}