{"g1": 0.7949447746065422, "g2": 11.33178280792139, "logK": -2.51569598299061, "loc": 0.0005980618534524013, "logScale": -3.9935134910844248}