{"g1": 0.5392532354522135, "g2": 2.3032114731024165, "logK": 0.9811695434564774, "loc": -0.1359182165387559, "logScale": -0.4950657562564641}