{"g1": 0.06409244333413336, "g2": 8.118451903338958, "logK": -0.6491647233329602, "loc": 0.06026964895672268, "logScale": 0.9017539595036883}