{"g1": 0.014730120519326262, "g2": 4.214566655606955, "logK": 0.23155083109148644, "loc": 0.00567202680836093, "logScale": 0.5317920415397536}