{"g1": 0.7770944683264428, "g2": 13.950881043380473, "logK": -4.129705359874675, "loc": -0.006205508380146737, "logScale": -3.998924832769727}