{"g1": 0.7944750366699895, "g2": 0.8146048230551317, "logK": -2.3397908621312475, "loc": -0.010854752442228818, "logScale": -3.2372068097007864}