{"g1": 0.7093705286381214, "g2": 14.957645268285706, "logK": 0.6747777016022352, "loc": -0.011576983574389108, "logScale": -3.9874156803987915}