{"g1": 0.7212307411788288, "g2": 3.5053458663478922, "logK": -1.5795979391828816, "loc": -0.03456096079670016, "logScale": -2.074812904881702}