{"g1": 0.9991763584717166, "g2": 3.4698529620231082, "logK": -3.9309717276042204, "loc": 0.005070051965876369, "logScale": -3.9928064585112226}