{"g1": 0.8173098400324348, "g2": 9.197532543880165, "logK": -1.109325839335676, "loc": 0.0005711407227256601, "logScale": -3.834656245144916}