{"g1": 0.9648369616676289, "g2": 10.871226214109855, "logK": 0.845847258417779, "loc": -0.00936882973565649, "logScale": -3.6634724723450867}