{"g1": 0.9807363607106137, "g2": 0.06080977098488288, "logK": 0.44032212264317017, "loc": -0.06598620834037099, "logScale": 0.24903979890543831}