{"g1": 0.017364363305727118, "g2": 2.4556508923411644, "logK": 0.8799970090566624, "loc": -0.14128117084222178, "logScale": -0.178366754296234}