{"g1": 0.0438058297365844, "g2": 4.242022721933315, "logK": 0.8814221699223913, "loc": -0.06479766872694792, "logScale": 0.33693431898852955}