{"g1": 0.027832319855578675, "g2": 6.701281749623876, "logK": 0.8173128471866087, "loc": 0.014640674482563412, "logScale": -0.09476250608548842}