{"g1": 0.8265897194766494, "g2": 6.714786702793854, "logK": -4.894548707401741, "loc": 0.005232034380037616, "logScale": -3.984510866889172}