{"g1": 0.23397760571672657, "g2": 0.035701607209250974, "logK": -3.3035776400455967, "loc": 0.010427431359904697, "logScale": 1.8426429904084682}