{"g1": 0.7603349458563572, "g2": 8.483706475020385, "logK": -0.29287395197432275, "loc": -0.003279989986093284, "logScale": -3.8380185069497186}