{"g1": 0.955393225752522, "g2": 12.035066205370207, "logK": -0.6048178623703865, "loc": -0.006343645889004143, "logScale": -3.9786618035430874}