{"g1": 0.7240008271856412, "g2": 10.736774586419413, "logK": 0.31953756710967474, "loc": -0.0268587617245508, "logScale": -3.1330061066883577}