{"g1": 0.7440379109033957, "g2": 2.735743021987342, "logK": 0.5644183722278062, "loc": -0.0284337412538445, "logScale": -3.1578539760166864}