{"g1": 0.9300579972999709, "g2": 9.121493971177951, "logK": -3.349185264655962, "loc": 0.006230842446400132, "logScale": -3.9963758629737374}