{"g1": 0.9257098993363828, "g2": 2.228925574689795, "logK": -3.4001098778454777, "loc": -0.009017561694786323, "logScale": -3.7974571915990953}