{"g1": 0.0836458348055937, "g2": 13.30336692991114, "logK": -0.814935764613077, "loc": 0.023584279818816594, "logScale": 1.1855117409893672}