{"g1": 0.0035202052746868273, "g2": 13.517686201262553, "logK": -3.9503894417726007, "loc": -0.08671993127600963, "logScale": 0.801005437230382}