{"g1": 0.8421054036749077, "g2": 2.9921771376928277, "logK": 0.05375710791788335, "loc": -0.049582418480760414, "logScale": -2.4489252988210954}