{"g1": 0.02895444038976666, "g2": 3.441471166605032, "logK": 0.7824630920504336, "loc": -0.11479564223945403, "logScale": 0.34217013784267847}