{"g1": 0.8567548693187276, "g2": 9.33834688932471, "logK": -2.303113473872924, "loc": -0.0035705415667679962, "logScale": -3.590746963197267}