{"g1": 0.6772043334031079, "g2": 0.6269883004366512, "logK": 0.012960651300545967, "loc": -0.01121757694842948, "logScale": -3.4691963477208683}