{"g1": 0.7558962953204961, "g2": 12.874374117848301, "logK": -2.742508416576767, "loc": -0.00039162728074722264, "logScale": -3.864032822430058}