{"g1": 0.9145283404163899, "g2": 0.02418601653943875, "logK": 0.6016662650160587, "loc": -0.07721753150254573, "logScale": 0.2910914100135049}