{"g1": 0.9995750082933, "g2": 4.4135167147591705, "logK": -1.8296213067988325, "loc": -0.0027621751472070646, "logScale": -3.878181331283152}