{"g1": 0.8311630885017707, "g2": 0.17488121875883644, "logK": -0.21973305624009987, "loc": -0.10948691446276762, "logScale": 1.231655966344815}