{"g1": 0.696789688275298, "g2": 13.043637160355916, "logK": -0.041108055205175034, "loc": -0.01017928306703254, "logScale": -3.685325961361106}