{"g1": 0.9603719160476403, "g2": 14.72964760285664, "logK": -3.319170051540371, "loc": -0.013380941088205846, "logScale": -3.7974077542744227}