{"g1": 0.7069640514273066, "g2": 4.0358831195050335, "logK": 0.5466374390274611, "loc": 0.002676068250030021, "logScale": -3.83975491054517}