{"g1": 0.6604348714747007, "g2": 13.784054265291557, "logK": -1.5932886429747648, "loc": -0.0027373913218898447, "logScale": -3.9630386191910514}