{"g1": 0.20544780377955787, "g2": 0.08927675207680075, "logK": -0.21277168592524015, "loc": 0.05610423930304322, "logScale": 1.0755469275029361}