{"g1": 0.007647813236690573, "g2": 2.0290610984104975, "logK": 0.7629041564024759, "loc": 0.020604512568721256, "logScale": 0.3787753859704388}