{"g1": 0.9590353832152847, "g2": 9.097714640701025, "logK": 0.8762475309589369, "loc": -0.10021473426887385, "logScale": -2.733516847450046}