{"g1": 0.6635739823349724, "g2": 10.411575169677537, "logK": -3.384207109834925, "loc": 0.009169536693762859, "logScale": -3.994894833845636}