{"g1": 0.7594110880189432, "g2": 7.936610742212643, "logK": 0.4003861746991767, "loc": -0.005704727479819295, "logScale": -3.4938111977153135}