{"g1": 0.02249964722771679, "g2": 13.269476210322935, "logK": 0.9078048655949975, "loc": -0.08015309027000202, "logScale": -0.26909103052882755}