{"g1": 0.8227335763906246, "g2": 12.869750380463262, "logK": 0.982932173742719, "loc": -0.019396711130184666, "logScale": -3.7595691126023425}