{"g1": 0.3795578850932691, "g2": 7.888133649517089, "logK": -4.07715668001128, "loc": -0.0025785095868078945, "logScale": -3.9900332464785135}