{"g1": 0.9145593114882729, "g2": 5.331911808215927, "logK": 0.3614452418680001, "loc": -0.020827554993084887, "logScale": -3.7199622053538897}