{"g1": 0.21917917649077615, "g2": 13.190274061530552, "logK": 0.6869483428332186, "loc": -0.05500772620016257, "logScale": -0.021133545345725313}