{"g1": 0.8584656218880234, "g2": 0.48286316163403953, "logK": -2.3713870157508063, "loc": -0.005143858440173543, "logScale": -3.9930643402865345}