{"g1": 0.6848293464683048, "g2": 13.722894489417769, "logK": -0.7659910889801007, "loc": 0.004296971138166038, "logScale": -3.9333521398171554}