{"g1": 0.9038492773823196, "g2": 8.828488031886852, "logK": -3.199204748108512, "loc": -0.024129678093316932, "logScale": -3.143783465161765}