{"g1": 0.8710894731653951, "g2": 12.954698456142221, "logK": -2.3031909201627174, "loc": 0.006396143571186869, "logScale": -3.9708730683257345}