{"g1": 0.8053322125258546, "g2": 7.958136279105473, "logK": -0.5369247639010757, "loc": -0.007583511134944713, "logScale": -3.998797038810022}