{"g1": 0.7526219594184107, "g2": 1.7350137470857119, "logK": -3.410370857412842, "loc": -0.0017615014696505601, "logScale": -3.8287600213587685}