{"g1": 0.02468780176626306, "g2": 5.176464930909062, "logK": 0.9943605497509103, "loc": 0.10712218425742323, "logScale": 0.458335342885433}