{"g1": 0.651170003976309, "g2": 5.408422031102957, "logK": 0.9639629347998009, "loc": -0.020043511706037548, "logScale": -3.9761971541210848}