{"g1": 0.8814281310504597, "g2": 2.4477593626596494, "logK": 0.03834099035062444, "loc": -0.00912103633941406, "logScale": -3.3274178345072123}