{"g1": 0.7756392038015023, "g2": 6.814755113076449, "logK": -1.8558194402663324, "loc": 0.011237656380748728, "logScale": -2.8907116713701915}