{"g1": 0.8560663527363123, "g2": 1.1348562320170883, "logK": -4.52777804881688, "loc": -0.008033026487444441, "logScale": -3.928256156652456}