{"g1": 0.9693290386135369, "g2": 4.491279095421679, "logK": -0.5085610714107194, "loc": -0.01605571343328207, "logScale": -3.9224499018408014}