{"g1": 0.9740849050710819, "g2": 9.229696876361901, "logK": -2.8066010423458203, "loc": 0.0011877513112050903, "logScale": -3.5878975744832395}