{"g1": 0.7355666920568233, "g2": 0.046837147993813166, "logK": 0.22380907325960653, "loc": -0.051629647533798596, "logScale": 1.41798903951785}