{"g1": 0.5623215925083891, "g2": 2.132577342436793, "logK": -3.1267897094797514, "loc": -0.00340491068473117, "logScale": -3.9837163052335733}