{"g1": 0.5929174284097011, "g2": 2.509114548764198, "logK": -2.9875161051928893, "loc": 0.006470292384872529, "logScale": -3.999021010095482}