{"g1": 0.9642546723052152, "g2": 12.372818708702088, "logK": 0.5964808601675665, "loc": -0.022145428394394484, "logScale": -3.2938940763674713}