{"g1": 0.9313440569682856, "g2": 11.172455650210868, "logK": -2.925379841435647, "loc": -0.009833864706608488, "logScale": -3.0117322857972155}