{"g1": 0.6995512541657203, "g2": 11.517488705616048, "logK": -2.0595266858147943, "loc": 0.004978278523361086, "logScale": -3.92910950502801}