{"g1": 0.9936789844124891, "g2": 10.812131739112871, "logK": -4.837132609591097, "loc": 0.006590734371999215, "logScale": -3.579958287602725}