{"g1": 0.8377728966495969, "g2": 1.6068324602412059, "logK": -0.9661399275050309, "loc": -0.004843744439890021, "logScale": -3.9956078034389146}