{"g1": 0.8688760089038207, "g2": 11.01900986054077, "logK": -4.402556578579365, "loc": -0.002614800003081147, "logScale": -3.7857513273690744}