{"g1": 0.0418360529056779, "g2": 4.8363878183363, "logK": 0.8674298002228246, "loc": 0.11183016880929939, "logScale": 0.12156867435512958}