{"g1": 0.10923448820973891, "g2": 1.8557327652047348, "logK": 0.7932574978940261, "loc": -0.13976463760388172, "logScale": -0.019412508458396982}