{"g1": 0.5405086270663987, "g2": 14.101424435634659, "logK": 0.9953198866390327, "loc": -0.04584425376080468, "logScale": -3.998003593668515}