{"g1": 0.8124438244974046, "g2": 10.127310276924925, "logK": -0.511301786303946, "loc": -0.010564689503305236, "logScale": -3.983143122036057}