{"g1": 0.9944500825432968, "g2": 13.16987277952757, "logK": 0.99993873371116, "loc": -0.034774784852181564, "logScale": -3.3236824574003903}