{"g1": 0.9243773830788385, "g2": 3.2846073952610566, "logK": 0.6040217495690476, "loc": -0.02952886735138431, "logScale": -3.8563799219081836}