{"g1": 0.018828550699566075, "g2": 5.641211525558962, "logK": 0.6270340544053671, "loc": -0.13721419734471335, "logScale": 0.24173340307873342}