{"g1": 0.20818677307350125, "g2": 0.3720549042944235, "logK": 0.7601886294698985, "loc": -0.05203656606911325, "logScale": -1.6769278470810303}