{"g1": 0.25774117183406986, "g2": 2.6400975188919618, "logK": -4.556848902384975, "loc": -0.005433549342575285, "logScale": -3.9757480187418675}