{"g1": 0.8591547251003301, "g2": 11.400367025211414, "logK": -0.931632990414706, "loc": -0.005780667597085374, "logScale": -3.990304611682572}