{"g1": 0.6417028974444385, "g2": 9.927670666294336, "logK": -4.157317401016325, "loc": 0.00878001955394487, "logScale": -3.130436651533158}