{"g1": 0.5742750495296247, "g2": 0.40119983137670695, "logK": 0.7811088314744786, "loc": -0.08877062103985799, "logScale": 0.37114693059218595}