{"g1": 0.7746679816079003, "g2": 9.665949333584027, "logK": -1.958173919581318, "loc": 0.00392155909482888, "logScale": -3.9795687714659147}