{"g1": 0.11690329418686526, "g2": 0.5133904360939452, "logK": 0.7116595741175098, "loc": 0.059497310022014825, "logScale": -0.15297301742712566}