{"g1": 0.8729406748505519, "g2": 11.347490681864155, "logK": -1.374092206294474, "loc": 0.02325764389686036, "logScale": -2.7768221032236537}