{"g1": 0.8603426499996363, "g2": 10.181164634566397, "logK": 0.5516534238177947, "loc": -0.016825165731986894, "logScale": -3.422945285341111}