{"g1": 0.8199846585238069, "g2": 7.936440513064261, "logK": -1.5472147558976956, "loc": -0.005066185749784275, "logScale": -3.964158397965183}