{"g1": 0.7306803120508144, "g2": 5.526775054603554, "logK": 0.8531478260120415, "loc": -0.013849043043196771, "logScale": -3.734881269291691}