{"g1": 0.6108118936376794, "g2": 11.678493435277481, "logK": -0.8624125699105764, "loc": -0.013402814300704185, "logScale": -3.8309344144702333}