{"g1": 0.5218158790627472, "g2": 7.122875694723645, "logK": -4.80693548438578, "loc": 0.00449263741473287, "logScale": -3.9733006248450304}