{"g1": 0.838212798597232, "g2": 13.926399116609975, "logK": 0.4921980047304903, "loc": -0.01178062457832575, "logScale": -3.8211712190960925}