{"g1": 0.94207817007346, "g2": 8.194417678123443, "logK": -0.49786786666427896, "loc": 0.0029284037836387247, "logScale": -3.8737627042041125}