{"g1": 0.017489078491897014, "g2": 10.730197599623015, "logK": -3.224049321195113, "loc": 0.10427482315917783, "logScale": 1.1973775712658596}