{"g1": 0.5280799158670237, "g2": 12.690087574881547, "logK": -3.108359760156058, "loc": 0.0044813358008972334, "logScale": -3.3889354112432213}