{"g1": 0.09657556905358171, "g2": 5.753713467483307, "logK": 0.9690511387332128, "loc": 0.06204387900666024, "logScale": -0.43034152044244944}