{"g1": 0.07265735399148202, "g2": 3.398509479000589, "logK": 0.8822375401067251, "loc": -0.022453315643144567, "logScale": 0.2873489183159706}