{"g1": 0.7984294651096354, "g2": 12.079970299921404, "logK": 0.8341977603017998, "loc": -0.06555092942772653, "logScale": -2.876697401453807}