{"g1": 0.7567433773761072, "g2": 5.72447471189389, "logK": 0.5500874037419449, "loc": -0.013487387273258277, "logScale": -3.9947494864887534}