{"g1": 0.6645331523404054, "g2": 2.778888541314953, "logK": 0.3264848122498124, "loc": -0.016304427249421084, "logScale": -3.63052370574182}