{"g1": 0.7132690952961074, "g2": 0.7815337612060445, "logK": -0.030076882324781007, "loc": -0.03187243250779859, "logScale": -3.2802128229368903}