{"g1": 0.09901705744043376, "g2": 7.34623572815795, "logK": 0.7867137033317074, "loc": 0.0768404483747999, "logScale": 0.37815108916367146}