{"g1": 0.5803008666413394, "g2": 0.38640742339506895, "logK": 0.38613513867722826, "loc": -0.016358266458265876, "logScale": 1.527464700730653}