{"g1": 0.0013581948274824429, "g2": 1.0845500846751674, "logK": -3.869091318550994, "loc": 0.024584270512246084, "logScale": 1.7535045832023073}