{"g1": 0.979622089813332, "g2": 2.137862801111219, "logK": -3.2871553352905583, "loc": 0.0031156323688707865, "logScale": -3.992034708732281}