{"g1": 0.85076292956166, "g2": 3.915164019576748, "logK": 0.02524100647709515, "loc": 0.0016873807160023863, "logScale": -3.7738070144606333}