{"g1": 0.664766113432886, "g2": 13.90744985707282, "logK": -4.242024912267931, "loc": -0.017113625670737875, "logScale": -3.8297627386874784}