{"g1": 0.05252413701774401, "g2": 14.990232570048542, "logK": 0.6803224689160282, "loc": -0.03927637990596433, "logScale": 0.4992072972104483}