{"g1": 0.5831203948117654, "g2": 3.6474566182521135, "logK": -4.552252017508203, "loc": 0.009936744536422622, "logScale": -3.0945244716379}