{"g1": 0.6422488460106887, "g2": 1.2035029804054882, "logK": -0.5791281635635939, "loc": -0.014118602502012526, "logScale": -3.9767071525241793}