{"g1": 0.8901635052815994, "g2": 3.9645254277428124, "logK": 0.832586742707881, "loc": -0.04298189636984197, "logScale": -3.962696380029491}