{"g1": 0.9521399761667468, "g2": 3.253138274659473, "logK": -0.5966571169068596, "loc": -0.01580674674620451, "logScale": -3.5486633546273074}