{"g1": 0.7852591494141272, "g2": 4.9119376122450475, "logK": 0.6255817552716828, "loc": -0.019914994495056022, "logScale": -3.2620588679694373}