{"g1": 0.8378286542143982, "g2": 5.497757944609409, "logK": -4.59801424625168, "loc": 0.004815979667025448, "logScale": -3.995493059967003}