{"g1": 0.9014861758896817, "g2": 3.295400489905039, "logK": -2.3228813844719145, "loc": 0.012454084213548437, "logScale": -3.3026316617895675}