{"g1": 0.780181237709267, "g2": 10.995437077696968, "logK": -0.20358244920891266, "loc": -0.010863619126775243, "logScale": -3.8657472215815747}