{"g1": 0.0025073814618182966, "g2": 4.538618468369093, "logK": 0.75747691290379, "loc": 0.043183427265815234, "logScale": 0.23472829877393153}