{"g1": 0.7590134036570828, "g2": 8.328190181775778, "logK": -0.7195127327789876, "loc": -0.007757306676672793, "logScale": -3.1728565229130528}