{"g1": 0.5941189901136438, "g2": 0.6396975307051134, "logK": 0.9856572992563115, "loc": 0.018444328074899177, "logScale": 0.7699408456926219}