{"g1": 0.6458377870601192, "g2": 14.763731259541105, "logK": -0.6670758013375039, "loc": -0.010242254956929746, "logScale": -3.6407040281263057}