{"g1": 0.6760641586423315, "g2": 12.0735138463719, "logK": 0.8800037661167159, "loc": -0.006800851917494667, "logScale": -3.6625559724979424}