{"g1": 0.9965544696108343, "g2": 10.848340441845787, "logK": -1.3302759468543714, "loc": 0.0020372819381328173, "logScale": -3.8656525284446133}