{"g1": 0.8483817283385122, "g2": 7.495488831606708, "logK": 0.9844575446650405, "loc": -0.04351262562577834, "logScale": -0.5396311815108532}