{"g1": 0.04757839845159924, "g2": 0.4377000606301582, "logK": 0.9948691400575348, "loc": 0.018301521526484385, "logScale": 0.7898607259618418}