{"g1": 0.7970406231166661, "g2": 6.2037874187815465, "logK": 0.29754715503835877, "loc": -0.0006559316487712158, "logScale": -3.997908795338051}