{"g1": 0.5864468945298695, "g2": 10.776401672246433, "logK": -3.487447239543757, "loc": 0.007991333194750965, "logScale": -3.984375870277242}