{"g1": 0.77524840062687, "g2": 3.44306623781622, "logK": 0.9037167790897549, "loc": -0.0229151723361666, "logScale": -3.6964975063027348}