{"g1": 0.8389206916128646, "g2": 9.437650463199047, "logK": 0.5568955203709429, "loc": -0.014518705217893224, "logScale": -3.8153133392361025}