{"g1": 0.7619203251589981, "g2": 7.27226696099769, "logK": -4.084688190489705, "loc": 0.02620511666832087, "logScale": -2.8607829553946313}