{"g1": 0.3286030221525059, "g2": 0.04848475807794278, "logK": 0.5376672495480544, "loc": 0.0957988814726707, "logScale": 1.0372539249390287}