{"g1": 0.557263532722464, "g2": 6.5130644642539535, "logK": -0.195574462852608, "loc": -0.03600524492529957, "logScale": -3.463716135162306}