{"g1": 0.039626493510832674, "g2": 4.506171498337394, "logK": 0.556611246008884, "loc": -0.027119446237370056, "logScale": 0.10361472411461894}