{"g1": 0.9008110492439889, "g2": 8.178933287595765, "logK": 0.5001739508077261, "loc": -0.07059000012971547, "logScale": -2.1769507630169405}