{"g1": 0.7703299843211037, "g2": 5.362296285152173, "logK": -4.627466929033207, "loc": -0.008810976107209208, "logScale": -3.9971483875150073}