{"g1": 0.6764742301089703, "g2": 4.915193533179738, "logK": 0.47036978059111645, "loc": -0.0035914087549289656, "logScale": -3.750982423502586}