{"g1": 0.8986691379240987, "g2": 3.0900560483633552, "logK": -0.28999525825315353, "loc": -0.007649586357030558, "logScale": -3.9558140019242476}