{"g1": 0.02513968100808011, "g2": 11.212764367180053, "logK": 0.40359210053523853, "loc": -0.038149551667032974, "logScale": 0.5799024515842552}