{"g1": 0.7715011275792618, "g2": 5.043882273839738, "logK": -1.9475581965065765, "loc": -0.00911195650477741, "logScale": -3.056392950591574}