{"g1": 0.42375534403208837, "g2": 0.33111167726339824, "logK": -4.648354234439455, "loc": -0.09375490701404238, "logScale": 1.541945452381043}