{"g1": 0.7428550618494183, "g2": 8.23505327547015, "logK": -2.1354726349285245, "loc": -0.0004696860505772459, "logScale": -3.8420329331034333}