{"g1": 0.0782360574842739, "g2": 0.032338032674102735, "logK": -3.085486068571228, "loc": 0.09335945537332367, "logScale": 1.0741446302587596}