{"g1": 0.7904380803150738, "g2": 4.845684340703832, "logK": -4.439478355452694, "loc": 0.00010851666074345595, "logScale": -2.9144905396282783}