{"g1": 0.01895743354945069, "g2": 10.075231937481295, "logK": -3.768070569269556, "loc": -0.14411466780787044, "logScale": 1.190556013466637}