{"g1": 0.8130701606323558, "g2": 4.942636756958085, "logK": -3.8154381085216498, "loc": -0.004407920753276676, "logScale": -3.9764640679167282}