{"g1": 0.9040953791728982, "g2": 12.33747085227812, "logK": -4.812053671472206, "loc": -0.01860192545562132, "logScale": -3.4083761920076787}