{"g1": 0.9343027295689182, "g2": 14.08244056202221, "logK": -3.943398636175467, "loc": 0.005845372802688973, "logScale": -3.9993671919470692}