{"g1": 0.8015883721320465, "g2": 4.2630055533035085, "logK": -1.4024887926688134, "loc": -0.0010570904862724495, "logScale": -3.2476314366366865}