{"g1": 0.050079769817386446, "g2": 8.277712572074016, "logK": 0.7985379230646541, "loc": 0.11206477080155458, "logScale": -0.1582413122221424}