{"g1": 0.7664858090178551, "g2": 0.014069076031846237, "logK": -3.0993528109250423, "loc": 0.09615656535880646, "logScale": 1.2063556409518392}