{"g1": 0.031305283783235424, "g2": 5.733587769638831, "logK": 0.7959848810643, "loc": 0.04260248989715429, "logScale": -0.1259338876043321}