{"g1": 0.7756165235111944, "g2": 0.03131199373214999, "logK": -0.0350002173358307, "loc": 0.046480927826116826, "logScale": 1.6209232973859815}