{"g1": 0.4469615125152625, "g2": 0.03294103816242, "logK": 0.7774625833048318, "loc": 0.0030482465448907438, "logScale": 0.58976669693316}