{"g1": 0.9973169592457358, "g2": 11.55501676502196, "logK": -4.724089385425405, "loc": -0.005023777669193487, "logScale": -3.996651307228934}