{"g1": 0.5043726524646158, "g2": 7.680189455555677, "logK": 0.9499034564271901, "loc": -0.11375328409840432, "logScale": -0.62879605964758}