{"g1": 0.7428262166067274, "g2": 2.1213680463286306, "logK": -0.06939190617321234, "loc": -0.013012065563782434, "logScale": -3.1253434380450407}