{"g1": 0.1865056733084018, "g2": 0.018061007675528984, "logK": -1.4850981728494659, "loc": -0.03484288869082677, "logScale": 2.1199489544021017}