{"g1": 0.9991172323667388, "g2": 13.612735333155333, "logK": 0.12666580149156137, "loc": -0.016077996125175992, "logScale": -3.8201788932716627}