{"g1": 0.8293533946062173, "g2": 5.728193707744321, "logK": -2.7815446001004904, "loc": 0.015830820501328422, "logScale": -3.1174066085268057}