{"g1": 0.9526859919732482, "g2": 6.940127296033792, "logK": 0.19944533107279278, "loc": -0.01851733241114006, "logScale": -3.9795144861748253}