{"g1": 0.9999332954996016, "g2": 3.8164062240598136, "logK": -2.5274414230117555, "loc": 0.013376142524433692, "logScale": -3.001630758946661}