{"g1": 0.5327770418544582, "g2": 0.02939241558546768, "logK": 0.29909629955263184, "loc": 0.1253340032583966, "logScale": 0.5008135756938515}