{"g1": 0.939518522676274, "g2": 10.88253315596415, "logK": -3.8950123947735533, "loc": 0.016158621309687995, "logScale": -1.136889391477904}