{"g1": 0.7030740966623762, "g2": 9.760791536291544, "logK": -1.4906292475465688, "loc": -0.007883269938564032, "logScale": -3.803993294825683}