{"g1": 0.060860973442490376, "g2": 1.640729242400997, "logK": -0.7214302305764995, "loc": 0.07610734932418618, "logScale": 0.9758027401873172}