{"g1": 0.7876894425646269, "g2": 1.3088866738799405, "logK": -1.7598337096294894, "loc": -0.009650382573382976, "logScale": -3.9566363144285828}