{"g1": 0.8157754135831016, "g2": 10.007848190007003, "logK": -2.040071058828484, "loc": 0.0069608741041955555, "logScale": -3.250095321171016}