{"g1": 0.7027373545386297, "g2": 8.523241693050624, "logK": 0.4883292738956774, "loc": -0.0020420958373432475, "logScale": -3.459952154363841}