{"g1": 0.32662479072535966, "g2": 0.2997803562592989, "logK": 0.9996652227072399, "loc": 0.06503605737442072, "logScale": -0.08912554592593269}