{"g1": 0.8617140646102063, "g2": 5.657066210192689, "logK": 0.9992042786529365, "loc": -0.03034298466301829, "logScale": -3.7102251597605416}