{"g1": 0.023933599662547655, "g2": 11.393615425505308, "logK": 0.06931643416272149, "loc": -0.09747717720475474, "logScale": 0.8930575550623684}