{"g1": 0.030868989967963653, "g2": 8.148560710944423, "logK": 0.8949353329818882, "loc": -0.1450685325045265, "logScale": 0.2783421521391716}