{"g1": 0.9234193550840332, "g2": 3.6675170994688844, "logK": 0.7267347229534246, "loc": -0.040068776621400806, "logScale": -3.428034836416339}