{"g1": 0.9995550128421321, "g2": 14.442342209251187, "logK": -3.409094797385333, "loc": 0.006556515705074934, "logScale": -3.9965172928811152}