{"g1": 0.005549501604074178, "g2": 5.8367451670980115, "logK": 0.38846873954772665, "loc": -0.1488929778719047, "logScale": 0.3242165447539813}