{"g1": 0.19813866514346185, "g2": 0.26695692959860207, "logK": 0.8642690323269848, "loc": -0.08291753382881042, "logScale": 0.24656476426539542}