{"g1": 0.42532006729668453, "g2": 11.108986196794215, "logK": -2.6084289743247195, "loc": -0.011813082318771078, "logScale": -3.0432575552361607}