{"g1": 0.019423494817167625, "g2": 8.973140492769417, "logK": 0.3351515144840982, "loc": 0.06368214699860086, "logScale": 0.5224383037258131}