{"g1": 0.5295670513120322, "g2": 5.086576076851079, "logK": 0.7492990435145299, "loc": -0.10144183348790371, "logScale": 0.30634092666829543}