{"g1": 0.3249355110393839, "g2": 8.447299606693011, "logK": 0.9956757099822394, "loc": -0.04283853770364397, "logScale": -2.953722867188395}