{"g1": 0.6382033961214084, "g2": 11.815996343600734, "logK": -2.018303744776847, "loc": -0.010689995442002177, "logScale": -3.5892445563675013}