{"g1": 0.8900023563392976, "g2": 8.666900189625295, "logK": -3.1970384168099666, "loc": -0.0023659936203765833, "logScale": -3.8654849023493383}