{"g1": 0.8433649038736667, "g2": 5.629845623283656, "logK": 0.7097170577080384, "loc": -0.022621487326611338, "logScale": -3.9894285927814463}