{"g1": 0.7820369214325894, "g2": 11.61654981404289, "logK": -4.856726794511866, "loc": -0.014387316102748477, "logScale": -3.8710132027730233}