{"g1": 0.2502926523645967, "g2": 11.41931714642494, "logK": 0.5276976547376249, "loc": -0.09410994169826233, "logScale": 0.40812638410483937}