{"g1": 0.7710271583186833, "g2": 2.6009207518096775, "logK": -3.3026365941308664, "loc": -0.007866555562540633, "logScale": -3.9990619247816106}