{"g1": 0.0197699105332339, "g2": 1.2838570431562872, "logK": 0.031934376924429964, "loc": -0.07877366510247155, "logScale": 0.8253198439271603}