{"g1": 0.6854923428569528, "g2": 1.8516082753727643, "logK": 0.5244227171303607, "loc": -0.029182713058526162, "logScale": -3.9795930416536995}