{"g1": 0.2095696192472128, "g2": 0.4991087899070338, "logK": 0.594354475402245, "loc": 0.05089603782666024, "logScale": 0.537879740386367}