{"g1": 0.8789477973312356, "g2": 11.236268557371641, "logK": -3.2046549445437256, "loc": 0.006248011441148345, "logScale": -3.8131124849698086}