{"g1": 0.018613733412236006, "g2": 7.794943452900682, "logK": 0.7655956855280097, "loc": 0.0796459903059629, "logScale": -0.12230128445383293}