{"g1": 0.10365369726081267, "g2": 5.125119508147745, "logK": -0.11796815208070222, "loc": 0.03432635022887321, "logScale": 0.5863813278932516}