{"g1": 0.9175341939637114, "g2": 9.280481272523254, "logK": -1.8569844588002726, "loc": -0.012026044442372957, "logScale": -3.9820891982780067}