{"g1": 0.9523267805962629, "g2": 7.713968358302958, "logK": 0.9266291683888295, "loc": -0.04570513049447202, "logScale": -3.5333632105135093}