{"g1": 0.6447956420486108, "g2": 12.040284952529031, "logK": -3.8242897272345764, "loc": 0.005007916699160607, "logScale": -3.817347137041281}