{"g1": 0.6680159806974966, "g2": 4.388961969812387, "logK": -1.2807353161170352, "loc": -0.0016907252908455132, "logScale": -3.7827204284802676}