{"g1": 0.6048357981201186, "g2": 5.226353775504063, "logK": -0.6557467876776923, "loc": -0.011434984687394954, "logScale": -3.9633729383539698}