{"g1": 0.6380629533497109, "g2": 1.760914190894116, "logK": -4.318573047441009, "loc": -0.01108615238043915, "logScale": -3.52027326161152}