{"g1": 0.07009497065964244, "g2": 12.701962100238537, "logK": 0.38592242349116024, "loc": 0.041743687263330914, "logScale": 0.6868823692605361}