{"g1": 0.7137326481980063, "g2": 10.716843275736355, "logK": -3.8508800450258764, "loc": 0.0011908861987184917, "logScale": -3.990634205732547}