{"g1": 0.9444688236232347, "g2": 12.415575470397517, "logK": -3.226652814889267, "loc": 0.0058419650322573645, "logScale": -3.982985466636276}