{"g1": 0.7667284160498079, "g2": 9.344517188603788, "logK": -3.7711990390587133, "loc": -0.004280644990761592, "logScale": -3.783755743478714}