{"g1": 0.0018604428759050745, "g2": 6.408277069155414, "logK": 0.827878920302664, "loc": 0.09642294991862882, "logScale": -0.008372074686809686}