{"g1": 0.9028627813606014, "g2": 2.4797328623136874, "logK": -4.786595052398363, "loc": 0.015222602253581855, "logScale": -3.0504630577305605}