{"g1": 0.8374814190847256, "g2": 12.348754672185354, "logK": -4.990563764836094, "loc": 0.004931080543296445, "logScale": -3.990156543383552}