{"g1": 0.24077647529795848, "g2": 11.573274579267887, "logK": 0.9984929570308548, "loc": 0.06787827818761129, "logScale": -0.3185702824001324}