{"g1": 0.6122985803093091, "g2": 9.842395550072863, "logK": -0.9420168823212489, "loc": -0.009898628540229638, "logScale": -3.9898793124250265}