{"g1": 0.47072191300678934, "g2": 14.24526651280133, "logK": -4.3506344703696405, "loc": 0.005114523361580147, "logScale": -3.9862328455136167}