{"g1": 0.20616840800722086, "g2": 0.2862906800591585, "logK": 0.8649444811418738, "loc": 0.05816400010070131, "logScale": 0.1654565068910301}