{"g1": 0.07296848801439415, "g2": 14.002673833656734, "logK": 0.8338562225965622, "loc": -0.025385043759194273, "logScale": 0.15181283850029947}