{"g1": 0.3283335331882033, "g2": 0.04666280532186651, "logK": 0.9858086391038556, "loc": -0.08122385036648483, "logScale": -0.461847539427663}