{"g1": 0.9180297878574535, "g2": 9.622303742221034, "logK": -3.6514848559834077, "loc": -0.0037573793067619612, "logScale": -3.719302809785698}