{"g1": 0.006881263500848625, "g2": 10.238046538616304, "logK": 0.16545207249108757, "loc": -0.018248906953134962, "logScale": 0.7480079276955356}