{"g1": 0.7447766610428759, "g2": 0.27379776972976533, "logK": 0.9934110416274751, "loc": 0.02371801990037477, "logScale": -0.31654213163867884}