{"g1": 0.5895815560919384, "g2": 10.122711307882641, "logK": 0.9641096080818982, "loc": -0.018451301598821537, "logScale": -3.579508480274524}