{"g1": 0.8490001414917122, "g2": 12.271372393256536, "logK": -1.3735005918813359, "loc": -0.001776411045426366, "logScale": -3.99158465012811}