{"g1": 0.7126002985035046, "g2": 5.109831884227339, "logK": -1.0801111400263201, "loc": -0.020144383252586225, "logScale": -3.154113124000798}