{"g1": 0.7854610392159875, "g2": 10.116571929664312, "logK": 0.9878788775973754, "loc": -0.06021315084885771, "logScale": -3.1196589399100496}