{"g1": 0.22488097296851783, "g2": 9.7315418430761, "logK": -4.707833276079026, "loc": 0.014599177233718919, "logScale": -3.978279710799916}