{"g1": 0.12766437053064483, "g2": 9.115478290525859, "logK": 0.8150534593624155, "loc": -0.1296963673235898, "logScale": -0.35315095428383936}