{"g1": 0.8968564942538296, "g2": 3.8901681888275355, "logK": -1.7603470158277483, "loc": 0.0011878265155151405, "logScale": -3.979380839555413}