{"g1": 0.007302813987466454, "g2": 14.035614708554633, "logK": -3.9933400785979156, "loc": 0.09471476433534415, "logScale": 1.859094615269622}