{"g1": 0.7126114904260432, "g2": 9.86472969204599, "logK": -0.4444000480460216, "loc": -0.015290435125583136, "logScale": -2.8954617172307495}