{"g1": 0.9996910949642855, "g2": 14.026407810221826, "logK": -0.05447782581097482, "loc": -0.018948882928774308, "logScale": -3.3514710424490737}