{"g1": 0.04807470534764034, "g2": 12.907491711138022, "logK": 0.13873789109404955, "loc": 0.06825337409260188, "logScale": 0.6461733173062425}