{"g1": 0.0014545231423248178, "g2": 9.32197803143228, "logK": 0.46794000401933444, "loc": 0.0008249608685119425, "logScale": 0.504702518697853}