{"g1": 0.8764556823856907, "g2": 0.4936143868448375, "logK": -4.816226419956057, "loc": -0.016190540171934747, "logScale": -3.238016986130539}