{"g1": 0.03447392692720802, "g2": 2.3553647291899145, "logK": 0.6994474154367359, "loc": 0.06180178371374351, "logScale": 0.4591525438232639}