{"g1": 0.0595251543716932, "g2": 1.0274482781402254, "logK": 0.9539101031676558, "loc": -0.07239677098577411, "logScale": -0.04001733833778687}