{"g1": 0.6522526932178438, "g2": 6.676621003117675, "logK": -1.4809241162416755, "loc": -0.01357610020346156, "logScale": -3.992490201927878}