{"g1": 0.1508254680677871, "g2": 4.406998680976029, "logK": 0.8528934542145459, "loc": -0.14252577287159207, "logScale": -0.31021679914444966}