{"g1": 0.7844200357856611, "g2": 3.1406609000760555, "logK": 0.5779274503673821, "loc": 0.0013040465509527492, "logScale": -3.5557074881399604}