{"g1": 0.655601052151133, "g2": 0.01769812717062802, "logK": 0.9961977259458598, "loc": -0.008142409943159262, "logScale": 0.5338436866467275}