{"g1": 0.9385398632574234, "g2": 8.814348776639962, "logK": -0.20630256150425072, "loc": -0.004590831266608258, "logScale": -3.4506608253534874}