{"g1": 0.9391465898317902, "g2": 5.93062614914194, "logK": 0.9827751271126912, "loc": -0.1092292913224237, "logScale": -2.624816616615746}