{"g1": 0.001712104792886103, "g2": 5.0237335313782125, "logK": 0.8677128404286487, "loc": -0.0467843338111726, "logScale": 0.15492345079338066}