{"g1": 0.02381978745413181, "g2": 2.273813315457531, "logK": -3.9555602695357712, "loc": 0.12736568532721218, "logScale": 1.1509592802330113}