{"g1": 0.5309076248342232, "g2": 1.117669171140428, "logK": 0.9696292401139279, "loc": -0.12140816654393888, "logScale": -0.7883452647693907}