{"g1": 0.7102718657213958, "g2": 6.358089171943487, "logK": -0.05213079748130256, "loc": -0.005723886537022136, "logScale": -3.724466195639681}