{"g1": 0.20510302789543022, "g2": 13.399358058574823, "logK": -1.045528269223828, "loc": -0.0014914614043758008, "logScale": -3.9999010452172508}