{"g1": 0.999114134317001, "g2": 5.471090282715336, "logK": -1.67806339854091, "loc": -0.0018584327749428314, "logScale": -3.7814362744917407}