{"g1": 0.021712691421163693, "g2": 14.210603025038768, "logK": 0.6843875143782655, "loc": 0.11950194313300919, "logScale": -0.11350783207973208}