{"g1": 0.10524019561019407, "g2": 6.6968937113113345, "logK": 0.6845958637941187, "loc": 0.05805628818182137, "logScale": 0.10207255567481188}