{"g1": 0.9123181766146042, "g2": 1.7892953469600432, "logK": 0.9264081998521796, "loc": -0.03197683925217915, "logScale": -3.9978822357492096}