{"g1": 0.3857421063180848, "g2": 13.424509056545716, "logK": -3.492658829375943, "loc": 0.007620117748529281, "logScale": -3.994286087340033}