{"g1": 0.8199139067426963, "g2": 11.684169422516444, "logK": -3.3970621406433854, "loc": 0.0019017441780330704, "logScale": -3.7245155012579496}