{"g1": 0.45531400144225576, "g2": 0.7073890077465861, "logK": 0.9705317748278576, "loc": 0.05198105618075496, "logScale": 0.38824162596543355}