{"g1": 0.014312723687185253, "g2": 5.154333793374185, "logK": -0.5657946731372258, "loc": -0.05116847182515556, "logScale": 0.94999193288798}