{"g1": 0.7779443782276518, "g2": 1.106376080939417, "logK": -0.578832217146832, "loc": -0.02141971307811986, "logScale": -3.996946776574825}