{"g1": 0.6620218541824338, "g2": 5.4541504454809075, "logK": -3.081003783453588, "loc": -0.0075997230748698665, "logScale": -3.972476470019434}