{"g1": 0.999850227591615, "g2": 3.6999767971511384, "logK": -3.9855297550539204, "loc": 0.0004966285053728554, "logScale": -3.9937111262645004}