{"g1": 0.7609977776565422, "g2": 2.0570089681236112, "logK": -4.743236392002612, "loc": -0.005719922952371569, "logScale": -3.974006767721293}