{"g1": 0.5207245085880506, "g2": 5.86711601015558, "logK": -0.6387356299529512, "loc": 0.003250813449609008, "logScale": -3.0858840921465265}