{"g1": 0.024461431951152333, "g2": 14.237278490595845, "logK": 0.4662789935654319, "loc": 0.0049461318967339305, "logScale": 0.45255139100121256}