{"g1": 0.8706734879704258, "g2": 6.80356675279653, "logK": 0.6278090674770942, "loc": -0.029645885458713512, "logScale": -3.816008841730407}