{"g1": 0.7027509088818739, "g2": 11.762626102155881, "logK": 0.8425531433034976, "loc": -0.0006186595623835223, "logScale": -3.5119308444221518}