{"g1": 0.9427633587951861, "g2": 2.0044729978647595, "logK": -2.9397363546795496, "loc": -0.02357421502628855, "logScale": -2.9697311465120326}