{"g1": 0.8021587203576823, "g2": 2.0130304217490957, "logK": 0.6696399574946792, "loc": 0.0005418181065143774, "logScale": -3.439389573449062}