{"g1": 0.7097212129400472, "g2": 10.10281712803378, "logK": -0.2808481286135627, "loc": -0.015901819940788615, "logScale": -3.4992987146281345}