{"g1": 0.9097431529896275, "g2": 13.874083086035476, "logK": 0.41034371360641064, "loc": -0.026458384138565577, "logScale": -3.8172039117435004}