{"g1": 0.44688973555213907, "g2": 0.09208629958829717, "logK": 0.8418255614164759, "loc": 0.008230975794188009, "logScale": -0.03438406044428344}