{"g1": 0.6061718862043146, "g2": 3.9033139154784386, "logK": 0.763494873355961, "loc": -0.04507496280619977, "logScale": -0.14801830522898657}