{"g1": 0.944213955077682, "g2": 8.803818289807385, "logK": 0.43325551985849353, "loc": -0.004614144973338166, "logScale": -3.5925513907488864}