{"g1": 0.4693293039457458, "g2": 4.7008495141248074, "logK": -1.9757178853991895, "loc": -0.0008436889221637104, "logScale": -3.9939351868356248}