{"g1": 0.9284561679741707, "g2": 12.677246720891855, "logK": -3.2205775678863975, "loc": -0.0006672200691361643, "logScale": -3.6431333674511897}