{"g1": 0.9535883310871947, "g2": 9.764933220698257, "logK": 0.4344014355477104, "loc": -0.020835740483685805, "logScale": -3.55876516050078}