{"g1": 0.983778202492746, "g2": 11.300287291510376, "logK": -0.0735719687289671, "loc": -0.006963302013363601, "logScale": -3.813597226770476}