{"g1": 0.008184379720943172, "g2": 13.94284299728116, "logK": 0.7469431265434228, "loc": -0.07571353592290925, "logScale": 0.5108220415914225}