{"g1": 0.01148133327306175, "g2": 6.328610171193546, "logK": -1.633519697631935, "loc": 0.1218584092181013, "logScale": 1.2127396948645521}