{"g1": 0.6710359137157549, "g2": 9.832035512479488, "logK": -3.545561295695602, "loc": -0.0006843680747948384, "logScale": -3.998819514459492}