{"g1": 0.22906909295126066, "g2": 0.07042813645305035, "logK": 0.6657464674819275, "loc": 0.07196385247099699, "logScale": 0.637157669808848}