{"g1": 0.9785148493095264, "g2": 0.6992902361309228, "logK": -2.044954976140449, "loc": -0.0028561445220897565, "logScale": -3.991395615871441}