{"g1": 0.7975960272218472, "g2": 0.25216097586066866, "logK": -2.0501486539228333, "loc": -0.0022235629651385595, "logScale": -3.9934063072931876}