{"g1": 0.4254123254963096, "g2": 0.05901923405913312, "logK": 0.6224551571156971, "loc": 0.10117421795465173, "logScale": 0.1686085521725862}