{"g1": 0.8628821181589867, "g2": 6.435887971680095, "logK": -0.342837104291128, "loc": 0.009605721001973409, "logScale": -3.457385704608435}