{"g1": 0.005229895417456443, "g2": 7.9136226577565125, "logK": 0.96149097019252, "loc": 0.0478538570776314, "logScale": 0.6946271809547261}