{"g1": 0.6900180316785375, "g2": 8.136219466100886, "logK": -0.24119505563352628, "loc": -0.010736693947728963, "logScale": -3.9958996702221117}