{"g1": 0.5324601984078045, "g2": 8.24354395660985, "logK": -0.6927960268855097, "loc": -0.009394454159443212, "logScale": -3.9985930623532875}