{"g1": 0.7612140050989199, "g2": 6.460914777271274, "logK": -2.521841437973328, "loc": -0.005546578723220377, "logScale": -3.208698624048169}