{"g1": 0.9618774103429966, "g2": 6.608641774105813, "logK": 0.5045955834716089, "loc": -0.014593757964523921, "logScale": -3.652286455902638}