{"g1": 0.00226022497889615, "g2": 0.03529987880988111, "logK": -3.8959436805041103, "loc": 0.07798734448214285, "logScale": 1.1278776105773185}