{"g1": 0.9666169442128824, "g2": 4.567539869684515, "logK": -0.7613092880107271, "loc": -0.00722593341249511, "logScale": -3.9858790113762192}