{"g1": 0.5404224353128324, "g2": 13.291170488007218, "logK": -4.485624140354727, "loc": 0.0057911641038260325, "logScale": -3.7544164986382}