{"g1": 0.7163535470188594, "g2": 7.664076654891564, "logK": -0.21099364730011572, "loc": -0.02710357277018972, "logScale": -3.3902451327322494}