{"g1": 0.6028587417099377, "g2": 14.982964345701005, "logK": -2.299088450781948, "loc": -0.009187889035976428, "logScale": -3.9992664270213862}