{"g1": 0.8422800898082692, "g2": 2.114891971070921, "logK": -4.98249300766472, "loc": 0.000512657192688711, "logScale": -3.8667984933855957}