{"g1": 0.7662029876136989, "g2": 13.822480896357183, "logK": -1.5060686946165827, "loc": -0.00020570991994200727, "logScale": -2.9701966425689323}