{"g1": 0.9260688171529512, "g2": 12.92280037780623, "logK": 0.6372555876294558, "loc": -0.009222779130010746, "logScale": -3.852822307822948}