{"g1": 0.8869145923030655, "g2": 2.433244889744584, "logK": 0.6956534131204797, "loc": -0.009324688640192109, "logScale": -3.9811751530150543}