{"g1": 0.029686803614342394, "g2": 10.016156927924852, "logK": -4.613993384183582, "loc": 0.037166968565919056, "logScale": 1.119530986624775}