{"g1": 0.7036871814087056, "g2": 0.5735797629605272, "logK": -0.34178289239958914, "loc": -0.14905520245287734, "logScale": 0.9725135836224874}