{"g1": 0.8272804769380842, "g2": 2.4330573621728346, "logK": 0.3193791494461466, "loc": -0.04039294739769625, "logScale": -3.5682007678938055}