{"g1": 0.9621740043295783, "g2": 12.984045151035868, "logK": -4.873572575249167, "loc": -0.0026276145880422324, "logScale": -3.991083585321651}