{"g1": 0.9845600085672859, "g2": 13.742511020275508, "logK": -4.0891072790626986, "loc": -0.014333146167965702, "logScale": -3.6528108033936064}