{"g1": 0.6897966566079601, "g2": 11.537383192985981, "logK": 0.9956731303348616, "loc": -0.012923778662116116, "logScale": -3.9991694115600773}