{"g1": 0.3373296072951559, "g2": 0.33005215267853183, "logK": 0.8157747253138512, "loc": -0.035073171372618415, "logScale": 0.8269328960408159}