{"g1": 0.18294120651516205, "g2": 0.07477489817004557, "logK": 0.033655883986181634, "loc": 0.1330727355926439, "logScale": 0.8742479649049835}