{"g1": 0.06178696067304135, "g2": 4.797317742955648, "logK": 0.9892508005901619, "loc": -0.0181851148135989, "logScale": 0.018317850411812414}