{"g1": 0.8753238185345283, "g2": 14.053710710170904, "logK": 0.3012359285349737, "loc": -0.04873182083339624, "logScale": -3.424495872348348}