{"g1": 0.9492107873037003, "g2": 8.626349820373937, "logK": -2.127768498690866, "loc": -0.00488613308961873, "logScale": -3.9993446728985647}