{"g1": 0.0030551230958544007, "g2": 1.839976066044767, "logK": -2.886509166153476, "loc": -0.07540455716762472, "logScale": 2.333753133651652}