{"g1": 0.9639237871229571, "g2": 11.980919091476927, "logK": -4.934828648867885, "loc": -0.0011840309353705353, "logScale": -3.903181298217957}