{"g1": 0.7394507468567436, "g2": 3.7696262751597214, "logK": -1.9389041847550366, "loc": -0.0027609038328811515, "logScale": -3.8737679806030005}