{"g1": 0.9759146122807925, "g2": 0.2588994809630538, "logK": -2.8215414695656706, "loc": -0.003369677176161148, "logScale": -3.781423809769434}