{"g1": 0.5884268181761576, "g2": 0.20111725902081368, "logK": -0.7190297998366018, "loc": 0.041538090764790044, "logScale": 1.3199483379375616}