{"g1": 0.9979054748325307, "g2": 13.956917788809333, "logK": -1.8746303265167816, "loc": -0.009225985083321717, "logScale": -3.624125997696032}