{"g1": 0.5609696497874374, "g2": 0.00196353458397025, "logK": -0.15530749940051214, "loc": 0.02300387154950607, "logScale": 0.9622498694776486}