{"g1": 0.6329688339425467, "g2": 0.7366953813307267, "logK": -2.9835739350782147, "loc": -0.004029695094076889, "logScale": -3.8343998753101514}