{"g1": 0.0014293851631170156, "g2": 9.450706606297208, "logK": -2.9515253771494185, "loc": -0.020138046234844734, "logScale": 1.651681641843303}