{"g1": 0.22419931881903477, "g2": 11.621838824756976, "logK": -0.7136882324792322, "loc": -0.006379698616365122, "logScale": -3.8157642732879657}