{"g1": 0.11012122926309964, "g2": 0.13487581585717556, "logK": -2.792771798646837, "loc": 0.06604710820668598, "logScale": 1.2250065647364314}