{"g1": 0.9003011302530849, "g2": 11.807053751639707, "logK": -1.879320354708371, "loc": 0.003438168284270791, "logScale": -2.902668014158052}