{"g1": 0.9760781543657849, "g2": 13.972133270306761, "logK": 0.7021283352125388, "loc": -0.03210019830906746, "logScale": -3.8441370489841327}