{"g1": 0.5372361731370078, "g2": 11.447779165288722, "logK": -0.18813328450941513, "loc": -0.04523897909802459, "logScale": -3.208776414783037}