{"g1": 0.0043674740656867665, "g2": 1.9220226880304252, "logK": 0.745575296510315, "loc": 0.10026675675396655, "logScale": 0.05278813226005971}