{"g1": 0.9655108249351553, "g2": 7.649739675993763, "logK": -1.397378694665393, "loc": -0.0114578237601328, "logScale": -3.9974311588142997}