{"g1": 0.912911959896175, "g2": 11.619542931366693, "logK": 0.5558275233898122, "loc": -0.018495357100968148, "logScale": -3.3265709323228294}