{"g1": 0.9817897044782935, "g2": 9.285149769999169, "logK": 0.8467670452441625, "loc": -0.03334373919925737, "logScale": -3.999882481565675}