{"g1": 0.003992344666362613, "g2": 9.579648132565934, "logK": -2.628374339513095, "loc": 0.01259463689460913, "logScale": 1.4701204472639133}