{"g1": 0.005528225924326751, "g2": 0.6736371746157424, "logK": 0.3804652625122324, "loc": -0.07951938918889667, "logScale": 0.7341587471621569}