{"g1": 0.6278444612795848, "g2": 3.729750038343027, "logK": -2.2985635378541036, "loc": 0.006386906258543783, "logScale": -3.9942433848266434}