{"g1": 0.8021805703010862, "g2": 6.707518418815927, "logK": -1.3985403738130038, "loc": 0.007943926900751363, "logScale": -3.9978411401869733}