{"g1": 0.9995924877066648, "g2": 13.304342060998744, "logK": -3.24998590035338, "loc": -0.022807683531772302, "logScale": -2.984471139789048}