{"g1": 0.38971487860123094, "g2": 0.49923291021771465, "logK": 0.39816272626917004, "loc": 0.08512947206684496, "logScale": 0.7783276449183452}