{"g1": 0.7892767773101572, "g2": 13.15636751043225, "logK": -4.178790058941303, "loc": -0.005046953070163637, "logScale": -3.977317837085767}