{"g1": 0.9743725013563856, "g2": 14.553946659771743, "logK": -2.4868229621712943, "loc": -0.007203196734390162, "logScale": -3.5362811927023348}