{"g1": 0.045919175826257985, "g2": 6.698573770785826, "logK": -3.5418614763032696, "loc": -0.027128909917293585, "logScale": 1.2413261648080378}