{"g1": 0.849104375857866, "g2": 9.45640531424208, "logK": -1.9290830614344676, "loc": -0.003252865358510133, "logScale": -3.999081587527441}