{"g1": 0.6726005299221112, "g2": 0.39935750777588197, "logK": 0.6131016194574753, "loc": 0.05674946776456584, "logScale": 0.3335954248962683}