{"g1": 0.8787585914008894, "g2": 14.603715571790197, "logK": -4.197054068820251, "loc": -0.0033591073681254607, "logScale": -3.998332195940164}