{"g1": 0.8481673127395243, "g2": 8.314153982023454, "logK": -1.122774532305635, "loc": -0.014366857583791555, "logScale": -3.9767841042325505}