{"g1": 0.45692505876100437, "g2": 4.6150366334201625, "logK": -3.0205288543155087, "loc": -0.001958117158459235, "logScale": -3.998477415705247}