{"g1": 0.40801534137331613, "g2": 0.4396934727809778, "logK": 0.8152233928946382, "loc": -0.12454570884149431, "logScale": -0.030362615848260638}