{"g1": 0.487437718594513, "g2": 3.3548180672670416, "logK": -4.634210171107801, "loc": -0.008463756100793588, "logScale": -3.99082533399772}