{"g1": 0.7066229481087387, "g2": 5.551219046146857, "logK": -0.6496355985611757, "loc": 0.00011076645317781297, "logScale": -3.304332047448692}