{"g1": 0.6664242982690562, "g2": 7.946410320564319, "logK": 0.743807536964337, "loc": -0.025814088792344966, "logScale": -3.793734958772129}