{"g1": 0.7284948047206494, "g2": 5.350035246593941, "logK": -3.1880959495772054, "loc": -0.0072994789231107075, "logScale": -3.733705295168652}