{"g1": 0.9259792745006847, "g2": 2.1808409465391163, "logK": 0.8430421967234988, "loc": -0.047794875177791636, "logScale": -3.476982084047137}