{"g1": 0.756198171343275, "g2": 14.673121814952218, "logK": -0.13898550998354975, "loc": -0.04627634848189637, "logScale": -2.45837619631797}