{"g1": 0.008148919517086836, "g2": 13.886371489190656, "logK": 0.04822994056537411, "loc": 0.03859273910554024, "logScale": 0.428870869665261}