{"g1": 0.9270750595715678, "g2": 6.070360683564797, "logK": -0.9391089793149641, "loc": -0.0014391488339084782, "logScale": -3.9428949674495093}