{"g1": 0.16318741285142943, "g2": 0.15726525405600977, "logK": -2.727442697668558, "loc": -0.016283630717525997, "logScale": 1.8605143176219312}