{"g1": 0.6032812489625413, "g2": 2.1656175583192665, "logK": -0.9320390043991567, "loc": -0.03428818371146724, "logScale": -3.094346786751182}