{"g1": 0.7894791844137216, "g2": 13.272813797856745, "logK": -0.8657937995124472, "loc": -0.005937135654524489, "logScale": -2.6602155834057895}