{"g1": 0.9796709204381431, "g2": 9.779704753757176, "logK": -0.4312949048884255, "loc": -0.015980616007366572, "logScale": -3.8611193754697855}