{"g1": 0.9875595331774201, "g2": 6.89136158752618, "logK": -3.4333372895540504, "loc": 0.0048228262466604305, "logScale": -3.9832208832738436}