{"g1": 0.8503511594735862, "g2": 11.640883111865206, "logK": 0.9766948372277606, "loc": -0.062221822361124675, "logScale": -3.0946870407124845}