{"g1": 0.006084040793772767, "g2": 6.673676817623225, "logK": -2.5132506090020144, "loc": -0.11347778957027349, "logScale": 1.332054202670721}