{"g1": 0.7696078037110631, "g2": 9.596534476192932, "logK": -3.17364260056353, "loc": 0.002746348414062823, "logScale": -3.8793618593464}