{"g1": 0.8408283861967806, "g2": 4.629670519629281, "logK": 0.2681634919320037, "loc": 0.0010021834228117268, "logScale": -3.990499690025795}