{"g1": 0.028330968316485038, "g2": 5.750203067166844, "logK": 0.835785020546685, "loc": 0.0804620332007944, "logScale": 0.2764940814370055}