{"g1": 0.7889476030655511, "g2": 0.6328205564744973, "logK": -3.4031698680313074, "loc": 0.0022326232774285, "logScale": -3.9945425230268423}