{"g1": 0.036719011151648384, "g2": 14.873384585317938, "logK": 0.9268003135949607, "loc": -0.029838378894429265, "logScale": 0.16836063250765565}