{"g1": 0.9127029478939408, "g2": 8.621880219804787, "logK": 0.4149491207937188, "loc": -0.012985521620827686, "logScale": -3.6297944271854696}