{"g1": 0.786829283190675, "g2": 5.651225298521664, "logK": -1.575570327141923, "loc": -0.010676868218558157, "logScale": -3.9858354320479523}