{"g1": 0.9794267507678261, "g2": 10.603464670885975, "logK": -0.7607192815184654, "loc": -0.0016751885989253873, "logScale": -3.774040386594263}