{"g1": 0.8683573016661861, "g2": 9.833658599602508, "logK": -4.240298175059747, "loc": 0.0027545404668729845, "logScale": -3.7868871577726426}