{"g1": 0.06590665410079138, "g2": 8.462653698088177, "logK": 0.9823363698122325, "loc": 0.09316452189723738, "logScale": -0.17298969213435522}