{"g1": 0.8510599173706368, "g2": 8.922052597008744, "logK": 0.6991038450665958, "loc": -0.016156972514292645, "logScale": -3.8960659916170575}