{"g1": 0.8438254650120282, "g2": 6.165539719234089, "logK": 0.6411230372902252, "loc": -0.017205693162446658, "logScale": -3.599385911245998}