{"g1": 0.16982153201274863, "g2": 0.04763302558425586, "logK": -1.865963314360764, "loc": -0.026296398931648667, "logScale": 2.149355051697394}