{"g1": 0.02555285213555985, "g2": 0.015601391007180498, "logK": 0.25656559861966327, "loc": 0.1367169055732635, "logScale": 0.46994553015957585}