{"g1": 0.0075563543216980306, "g2": 14.061838695751808, "logK": 0.6321304198324698, "loc": -0.11937126537393426, "logScale": 0.45088938221235275}