{"g1": 0.6894630641239464, "g2": 0.007301623373599853, "logK": 0.9156222994462159, "loc": -0.10103002599541476, "logScale": -0.11568561411790382}