{"g1": 0.0898666217816623, "g2": 0.35327075162703236, "logK": 0.9318415778673262, "loc": 0.09185739850213792, "logScale": -0.01532923062144409}