{"g1": 0.6217745253966319, "g2": 5.902922286977928, "logK": -3.2045152773498056, "loc": -0.01133056820489686, "logScale": -3.9938129625537715}