{"g1": 0.9756463289806319, "g2": 4.764344661647647, "logK": -0.3859456217086792, "loc": -0.015329984741542693, "logScale": -3.2926253066606503}