{"g1": 0.8518246205959774, "g2": 0.29645165907331616, "logK": 0.28091804752403776, "loc": -0.023204762171438093, "logScale": -3.3217530416097847}