{"g1": 0.9534498285067177, "g2": 0.7218304499068475, "logK": -4.98585501967435, "loc": 0.00910895503041615, "logScale": -3.843877653577767}