{"g1": 0.9566347881454398, "g2": 2.5036578931124396, "logK": -4.733828530252427, "loc": 0.01256462204608412, "logScale": -3.2132218141308884}