{"g1": 0.9177227796260855, "g2": 6.7898404485218675, "logK": -2.4881876002759986, "loc": 0.0017147322295067158, "logScale": -3.415542971411965}