{"g1": 0.5008017285427422, "g2": 10.454076291636294, "logK": -4.78782706791122, "loc": 0.010719833736732604, "logScale": -3.960351082017926}