{"g1": 0.47926812441761923, "g2": 6.269452581379351, "logK": -1.159949383998302, "loc": -0.010169566947357926, "logScale": -3.993714849320401}