{"g1": 0.5635956427326296, "g2": 8.182076122565203, "logK": 0.9531095828878509, "loc": -0.04411513446910913, "logScale": -3.987116413622502}