{"g1": 0.02479195892076369, "g2": 7.455696160035497, "logK": 0.6676320422341473, "loc": -0.14716059181258306, "logScale": 0.3634803409848924}