{"g1": 0.5887530776779654, "g2": 8.54039792677808, "logK": -3.4065814941725354, "loc": 0.005622139253998054, "logScale": -3.9846474277838384}