{"g1": 0.0010396555532631493, "g2": 9.416310404892634, "logK": 0.9615593043548636, "loc": 0.042659418451357886, "logScale": 0.15566206193459498}