{"g1": 0.029799784506490026, "g2": 6.410276402293514, "logK": 0.9203662518925704, "loc": 0.057045117914656635, "logScale": 0.1125798679638722}