{"g1": 0.9332961424241972, "g2": 11.480250802010303, "logK": -2.5358868802039787, "loc": -0.018684411281213786, "logScale": -2.2169744407263856}