{"g1": 0.8908238468635215, "g2": 9.945378354348193, "logK": -2.056262596325557, "loc": 0.0016706197341875232, "logScale": -3.996246353294608}