{"g1": 0.5896979972657841, "g2": 1.1248017296793227, "logK": 0.7755952823714465, "loc": -0.14150047231031698, "logScale": 0.9823981907733761}