{"g1": 0.0012038299212359035, "g2": 8.242707714766485, "logK": 0.6852779569667998, "loc": 0.05215482459332959, "logScale": 0.44630610116081476}