{"g1": 0.946718857910981, "g2": 11.957771445037492, "logK": 0.4684962669469757, "loc": -0.060107818741389624, "logScale": -2.5542807542236523}