{"g1": 0.02990037062868682, "g2": 0.31988312040528366, "logK": -4.828310291539379, "loc": 0.14879251878297994, "logScale": 0.8959471146931335}