{"g1": 0.7705588899488746, "g2": 4.973707084241905, "logK": 0.24881348500697298, "loc": -0.0184306267900341, "logScale": -3.6796186027476714}