{"g1": 0.02484398477887588, "g2": 4.3065096383906605, "logK": 0.9978867281514406, "loc": 0.14961664921510412, "logScale": -0.19513425040149923}