{"g1": 0.7174314814198811, "g2": 0.009325267690399208, "logK": 0.7454382998370983, "loc": 0.032366170512313705, "logScale": 0.342828110534523}