{"g1": 0.17555037706193782, "g2": 0.007846021911366297, "logK": -0.0859222163843586, "loc": -0.14943017328182245, "logScale": 0.8710082692510697}