{"g1": 0.9081203093681716, "g2": 8.031829673836333, "logK": -0.3835594670020628, "loc": -0.007272429490307701, "logScale": -3.5434504521351897}