{"g1": 0.03728241489176286, "g2": 11.515877213228539, "logK": 0.8202807278126723, "loc": -0.05428530519593132, "logScale": 0.18441686172598998}