{"g1": 0.7798767993172937, "g2": 4.314573547865192, "logK": -3.3115547264298613, "loc": -0.007201148655488574, "logScale": -2.3130579173500276}