{"g1": 0.5094221361898161, "g2": 8.037338924325883, "logK": 0.5088039376155689, "loc": -0.04355293833194511, "logScale": -3.5609143974363486}