{"g1": 0.7065185849749938, "g2": 0.24285575329730225, "logK": -1.274656111923815, "loc": -0.03543742565428738, "logScale": 1.9612490697255147}