{"g1": 0.6959532887966743, "g2": 14.995964099620206, "logK": 0.03533703342939298, "loc": -0.010542764407960634, "logScale": -3.193864379943467}