{"g1": 0.11093701330012629, "g2": 0.3202385165468239, "logK": 0.686200549556963, "loc": -0.09739218423229713, "logScale": 0.29083604770491484}