{"g1": 0.8214633176324911, "g2": 12.932184418824678, "logK": 0.6798586723406884, "loc": -0.0528473761052315, "logScale": -3.2573568572656493}