{"g1": 0.07956751079837478, "g2": 4.852948039681333, "logK": 0.797986656355645, "loc": -0.13867517453445352, "logScale": -0.15999188591452942}