{"g1": 0.7872851278678477, "g2": 1.9501479331931342, "logK": -2.5047620789543954, "loc": 0.01848743475518881, "logScale": -2.1356679476236993}