{"g1": 0.05277958051837184, "g2": 11.922418586047788, "logK": 0.528383655468712, "loc": 0.145297100344035, "logScale": 0.3192925458118555}