{"g1": 0.026643066407157898, "g2": 4.907324296873885, "logK": 0.28654135647338824, "loc": 0.01404021702108739, "logScale": 0.2751508961403317}