{"g1": 0.8900142733879837, "g2": 2.8521363519433818, "logK": 0.8803261093605625, "loc": -0.02476085322975368, "logScale": -3.989846095665483}