{"g1": 0.9940577745970247, "g2": 12.54577159733524, "logK": 0.9805034997291411, "loc": -0.023138809744880126, "logScale": -3.7934008793008522}