{"g1": 0.05003536388818517, "g2": 6.785347990189133, "logK": 0.6610800662531722, "loc": -0.14157750081854906, "logScale": 0.1020995286162874}