{"g1": 0.10147921419719526, "g2": 10.24978853599009, "logK": 0.874776564598073, "loc": -0.03680064661826341, "logScale": -0.09839477616452658}