{"g1": 0.6101419533520751, "g2": 7.498638058694451, "logK": -4.198646137662523, "loc": -0.007577826502154069, "logScale": -3.760888660764663}