{"g1": 0.005974655245109567, "g2": 6.591945450454958, "logK": 0.786302130033459, "loc": -0.052751516475777076, "logScale": 0.4864723008865621}