{"g1": 0.9926632777331543, "g2": 14.05405620525451, "logK": -1.2523782987564496, "loc": -0.011433904129438177, "logScale": -3.9982212874582697}