{"g1": 0.5534093811296333, "g2": 0.3479410216484272, "logK": 0.9960694361469558, "loc": -0.09943593747552947, "logScale": 0.1800675877624976}