{"g1": 0.9037972013444262, "g2": 9.231233661842811, "logK": -3.7177234594353066, "loc": -0.002797487480021601, "logScale": -3.987106915522178}