{"g1": 0.9698314895865732, "g2": 5.8709738248340235, "logK": 0.9513706260266446, "loc": -0.021316356694545763, "logScale": -3.384889430312998}