{"g1": 0.7204067324496478, "g2": 4.043450931503926, "logK": 0.48412527918613213, "loc": -0.04522158177151166, "logScale": -3.266658418914526}