{"g1": 0.3958041716555477, "g2": 0.023392866181107363, "logK": 0.7175166561861986, "loc": 0.1015464742974305, "logScale": 0.27599350174817083}