{"g1": 0.6013900788361223, "g2": 3.4634266795680837, "logK": -3.767779970296802, "loc": -0.002706347065716203, "logScale": -3.993217970381867}