{"g1": 0.58661050801323, "g2": 0.010258228870037911, "logK": -4.989860087342638, "loc": 0.13783468534833065, "logScale": 1.2209344196565604}