{"g1": 0.024642783308067892, "g2": 8.124999227181974, "logK": -3.9215164909279907, "loc": -0.06363183631018855, "logScale": 0.9077796544888533}