{"g1": 0.12851645937953984, "g2": 2.0884540966676512, "logK": 0.7172584304267486, "loc": 0.14999379840632568, "logScale": -0.05664605217425306}