{"g1": 0.6098058832343916, "g2": 8.618736461611345, "logK": 0.4330240377997029, "loc": -0.04187160881276983, "logScale": -3.0889404696031173}