{"g1": 0.8066872909621889, "g2": 6.721423121923103, "logK": 0.22663178686743968, "loc": -0.019969480738074245, "logScale": -3.5587708124240818}