{"g1": 0.9994289952679286, "g2": 11.632998781332924, "logK": -0.025004217812132634, "loc": -0.011875213403174396, "logScale": -3.9930024968366937}