{"g1": 0.9509375314430504, "g2": 13.86058190311794, "logK": -0.3694417727358934, "loc": 0.005792239008564456, "logScale": -3.525067911045182}