{"g1": 0.4398966137582398, "g2": 2.054973994171324, "logK": -2.730855140433024, "loc": 0.0027207297787818566, "logScale": -3.973235887894759}