{"g1": 0.9355265464024838, "g2": 12.442398732309924, "logK": -2.4419528735967733, "loc": 0.0024781522856076894, "logScale": -3.753603962442619}