{"g1": 0.6262626316217124, "g2": 9.755069107395201, "logK": -2.1944397938381663, "loc": -0.004101484013605839, "logScale": -3.98178852693223}