{"g1": 0.14928323035953805, "g2": 0.34590460454037253, "logK": 0.9587561385291163, "loc": 0.11771534654005134, "logScale": 0.23389607524367712}