{"g1": 0.6375098185853475, "g2": 0.06548352511044975, "logK": 0.8592165079616554, "loc": -0.09443968130780155, "logScale": 0.02486832438773463}