{"g1": 0.7474222291197049, "g2": 11.30301473569349, "logK": -3.545452676555182, "loc": 0.0023755459121121026, "logScale": -3.993104351660261}