{"g1": 0.9707134273767616, "g2": 8.590789414948102, "logK": -2.745779461964468, "loc": 0.00036138553174235467, "logScale": -3.9999149110949492}