{"g1": 0.9475579051745775, "g2": 4.429214049960155, "logK": 0.1133769267932232, "loc": -0.030786141239817905, "logScale": -3.72493220718305}