{"g1": 0.676862669679542, "g2": 9.569593663776667, "logK": -4.861797882857809, "loc": 0.0007826782217006739, "logScale": -3.9885233947648544}