{"g1": 0.0016484719521348903, "g2": 0.8361222059466428, "logK": -2.3865387331873213, "loc": -0.12375842975510534, "logScale": 1.0474101035037295}