{"g1": 0.62867137165944, "g2": 6.27561813350941, "logK": -1.5302216840075258, "loc": 0.00902513631633776, "logScale": -3.9548122332476314}