{"g1": 0.8411875645224134, "g2": 11.03413289891265, "logK": 0.6624017248031703, "loc": -0.019180232019144674, "logScale": -3.9953870015456894}