{"g1": 0.76853465940252, "g2": 7.853501279150433, "logK": -0.017339158315113984, "loc": -0.035230667359827494, "logScale": -2.8149567883621627}