{"g1": 0.49468323078870613, "g2": 0.0427249846923254, "logK": -0.08656312512066705, "loc": -0.0009347540683367628, "logScale": 0.7450325028605882}