{"g1": 0.8373283457217566, "g2": 5.3957593373103165, "logK": -0.46626646694921214, "loc": -0.011260397344753361, "logScale": -3.996364536430513}