{"g1": 0.5146101740171509, "g2": 12.783513812257464, "logK": -4.134490546691856, "loc": 0.0040314962077732585, "logScale": -3.9968466851686952}