{"g1": 0.7172816424135422, "g2": 8.642985508654423, "logK": 0.1562354316624086, "loc": -0.00195671814188532, "logScale": -3.495026137302875}