{"g1": 0.7644398106807213, "g2": 0.9515766383023061, "logK": -3.687354162343454, "loc": 0.017235016875213408, "logScale": -3.1309928313758855}