{"g1": 0.961492736130644, "g2": 8.80980777989135, "logK": -0.8434592859054191, "loc": -0.005345916293846745, "logScale": -3.9929813196597017}