{"g1": 0.1064430205417873, "g2": 10.974539730337879, "logK": 0.9922278974035137, "loc": -0.08422338438315402, "logScale": 0.46308147168788216}