{"g1": 0.8389743911858604, "g2": 5.936820066697183, "logK": 0.4196327004466434, "loc": -0.016319266033802227, "logScale": -3.3094165802314004}