{"g1": 0.9668739538319117, "g2": 9.739482513824923, "logK": 0.6815688013035266, "loc": -0.019252564596681995, "logScale": -3.9851460207982194}