{"g1": 0.016968090340674882, "g2": 5.42209982415527, "logK": 0.6047478344289905, "loc": -0.05899044618441559, "logScale": 1.0800977446600384}