{"g1": 0.02540213466732741, "g2": 6.295735531475893, "logK": 0.7743711013505463, "loc": -0.0024555524233687512, "logScale": 0.2441037378862021}