{"g1": 0.9957117698102954, "g2": 14.04832628175361, "logK": -2.0991237366008937, "loc": -0.004606130579739276, "logScale": -3.4962886088360614}