{"g1": 0.5639327677076478, "g2": 8.923657941797128, "logK": -3.2689903969660326, "loc": -0.007567196444733897, "logScale": -3.986212998325944}