{"g1": 0.7584692397881341, "g2": 3.5209080472366905, "logK": -1.327125695033004, "loc": -0.008060544932129817, "logScale": -3.89581237496773}