{"g1": 0.9835495452202359, "g2": 10.9734043977736, "logK": -1.6191050718356097, "loc": -0.012477922810891384, "logScale": -3.171379416945741}