{"g1": 0.03404096127713532, "g2": 4.280613304854521, "logK": 0.8136597993776308, "loc": -0.12082201881819031, "logScale": 0.6940625787295928}