{"g1": 0.013305613017641136, "g2": 4.549863784210037, "logK": 0.9839793890649673, "loc": 0.013616099418023081, "logScale": 0.25382971989595665}