{"g1": 0.9264594116791665, "g2": 13.3876207143992, "logK": -2.9749149577728096, "loc": -0.007932263880586878, "logScale": -3.982063480088932}