{"g1": 0.728682895610856, "g2": 9.410718755130294, "logK": -0.5981326275586469, "loc": -0.012345307071679933, "logScale": -3.478377528298502}