{"g1": 0.8795322679798467, "g2": 2.7049848634415126, "logK": 0.2989349059218016, "loc": -0.0017033176030114006, "logScale": -3.2063886445344996}