{"g1": 0.5245080678135925, "g2": 5.662103641280096, "logK": -2.3021513823685655, "loc": -0.003887818546120872, "logScale": -3.9688303991917455}