{"g1": 0.9276455201475182, "g2": 0.026643544200688152, "logK": 0.5912391530882735, "loc": -0.1356180612432515, "logScale": 0.2866628252373828}