{"g1": 0.8792609160335978, "g2": 6.497952922131329, "logK": 0.7637845434773415, "loc": -0.018274130770389745, "logScale": -3.528127877796909}