{"g1": 0.11815118800106113, "g2": 0.5237404843782141, "logK": 0.48462562885985977, "loc": -0.0030185122304502016, "logScale": 0.3266291632509201}