{"g1": 0.0575057383743543, "g2": 5.513768348547959, "logK": 0.6049697574313317, "loc": -0.07847538663267573, "logScale": -0.8412623521978981}