{"g1": 0.7588965530911668, "g2": 0.9017607163214069, "logK": 0.6754296472918793, "loc": -0.09345162689210366, "logScale": 0.1993932698318588}