{"g1": 0.6899737984111994, "g2": 10.726740422382996, "logK": -3.739089228142049, "loc": -0.001650444061176119, "logScale": -3.9975151563023448}