{"g1": 0.7945768397990517, "g2": 11.40986907949013, "logK": -2.571295475056967, "loc": 0.002780104182747171, "logScale": -3.9957563137019942}