{"g1": 0.8878900037686271, "g2": 10.943422570464179, "logK": 0.8100940203306584, "loc": -0.007680337006385967, "logScale": -3.9895775491704892}