{"g1": 0.3179685495551465, "g2": 0.413194192805475, "logK": 0.22769846793155887, "loc": 0.05668974708669287, "logScale": 1.2526677859479345}