{"g1": 0.9039569905234076, "g2": 2.3006549868990085, "logK": 0.5944792479734896, "loc": -0.016340591343706214, "logScale": -3.6856787893342386}