{"g1": 0.44739179011627894, "g2": 0.13826993678966792, "logK": 0.16469980240516247, "loc": -0.06112172913996847, "logScale": 0.5617431317603224}