{"g1": 0.9990472890569024, "g2": 10.650820647329722, "logK": -4.762191455273598, "loc": 0.00017708724826585441, "logScale": -3.9483097638919156}