{"g1": 0.44815675911037955, "g2": 8.919596676538907, "logK": -1.6185261298306595, "loc": -0.0069314409870243655, "logScale": -3.98457477620891}