{"g1": 0.7398969772418825, "g2": 7.531737631858026, "logK": -3.804106508546392, "loc": 0.005006230921603464, "logScale": -3.95891199923274}