{"g1": 0.8373004455170986, "g2": 13.21395941556812, "logK": -3.1013185130909573, "loc": -0.007002143072452546, "logScale": -3.991078076316083}