{"g1": 0.8142883591290344, "g2": 2.0608268226786333, "logK": 0.7017405905363416, "loc": -0.018882369417091666, "logScale": -3.8580290889007443}