{"g1": 0.7105226673653614, "g2": 9.304670429942146, "logK": -0.32949153190038866, "loc": -0.017077429126406404, "logScale": -3.996987291631007}