{"g1": 0.6510574054542536, "g2": 12.916578636981834, "logK": -4.975734560299571, "loc": -0.0038880200374492926, "logScale": -3.9839361014834496}