{"g1": 0.6662826888485875, "g2": 14.050887187230003, "logK": -4.426713062334855, "loc": -0.012521481827564174, "logScale": -3.8108791920620884}