{"g1": 0.47589594993102624, "g2": 0.19607086781236172, "logK": -4.382277884424521, "loc": 0.03912528554169099, "logScale": 1.2982727092638537}