{"g1": 0.8269834543892405, "g2": 14.975473336367445, "logK": 0.8581255909699956, "loc": -0.035326074179449087, "logScale": -3.633557091371776}