{"g1": 0.41872588392726656, "g2": 1.0798471338256959, "logK": 0.860945295880787, "loc": 0.09372701830360862, "logScale": 0.08543614956495568}