{"g1": 0.002926190169679599, "g2": 7.253128537311932, "logK": 0.7756232923418948, "loc": 0.03094693310129589, "logScale": 0.43669091464712584}