{"g1": 0.9170215769164565, "g2": 4.390359638735192, "logK": -0.1817380172796506, "loc": -0.027729803935636864, "logScale": -3.1016791124799075}