{"g1": 0.6475722191213363, "g2": 8.656273837682084, "logK": -3.7219308343350277, "loc": 0.010515558989140292, "logScale": -3.6369552707754167}