{"g1": 0.8640026169362334, "g2": 7.382872525493687, "logK": -0.225109888541062, "loc": -0.03538918409756668, "logScale": -3.386556476671116}