{"g1": 0.7131311466968323, "g2": 6.611616979766189, "logK": 0.9211163357298096, "loc": -0.03517876305739856, "logScale": -3.365921409249752}