{"g1": 0.07791979657044218, "g2": 5.088920033809488, "logK": 0.8071986724857458, "loc": 0.0856172197978057, "logScale": 0.2858843798335442}