{"g1": 0.8370991604958293, "g2": 5.362888885611001, "logK": -3.4016833456562856, "loc": -0.017625440717577837, "logScale": -3.6003251462545234}