{"g1": 0.08601941800112384, "g2": 7.631892005758983, "logK": -0.2517065994447696, "loc": 0.13903032099093418, "logScale": 1.2207664609568671}