{"g1": 0.9968403022174014, "g2": 10.308372201814647, "logK": -0.3610395145813079, "loc": 0.00010388650290559117, "logScale": -3.3908578638954827}