{"g1": 0.8173541001098387, "g2": 1.9273628664407703, "logK": 0.236571503157196, "loc": -0.027323733922722818, "logScale": -3.1689635392536597}