{"g1": 0.4818571689550407, "g2": 9.75323890682045, "logK": -4.111446873063391, "loc": -0.009660471889277052, "logScale": -3.992279726395251}