{"g1": 0.46698361810483896, "g2": 13.269167008504436, "logK": -3.1515877674054833, "loc": 0.008852575928232354, "logScale": -3.9854180934803107}