{"g1": 0.9374744640490764, "g2": 5.93578520558218, "logK": 0.9957971523456991, "loc": -0.04021087448089804, "logScale": -3.889892018148918}