{"g1": 0.8856478296840109, "g2": 5.849153603964754, "logK": 0.21418450611589268, "loc": -0.048650856239713436, "logScale": -3.0544563290199696}