{"g1": 0.0033021847377914283, "g2": 13.229516583993853, "logK": -2.3331990793166155, "loc": -0.10875009762695989, "logScale": 1.3829896869682532}