{"g1": 0.8054807813624874, "g2": 7.657475264471517, "logK": 0.7218465488466226, "loc": 0.000499567790634382, "logScale": -2.6085663272361317}