{"g1": 0.7585194147037015, "g2": 1.2943792710856732, "logK": -3.5309937087096595, "loc": -0.0030792762703098202, "logScale": -3.995956099622343}