{"g1": 0.9758785887201785, "g2": 2.593060877183786, "logK": -4.1424805162916405, "loc": -0.01899796596347228, "logScale": -3.0778851096432893}