{"g1": 0.08356738299277279, "g2": 5.605410799707305, "logK": 0.011173653966815023, "loc": -0.04691301882921048, "logScale": 0.9082417884670732}