{"g1": 0.7500201056835941, "g2": 0.0966644996999344, "logK": 0.6925742292341582, "loc": -0.13752866328355828, "logScale": 0.7161193944975096}