{"g1": 0.2451652353515425, "g2": 0.31918908371665483, "logK": 0.4405255623060441, "loc": 0.079321788136425, "logScale": 0.26410839758228855}