{"g1": 0.5828615468247987, "g2": 9.445055808497763, "logK": -3.217263862158029, "loc": -0.01948802266550419, "logScale": -3.0375207714492016}