{"g1": 0.8537578277494454, "g2": 13.789869136979796, "logK": -0.3129736333345758, "loc": -0.015361114406742, "logScale": -3.9926915663744538}