{"g1": 0.5392571767556698, "g2": 9.095974016051366, "logK": -1.2464092826385866, "loc": -0.005234321827201188, "logScale": -3.78249465603106}