{"g1": 0.29260130713584664, "g2": 1.1864406930683977, "logK": 0.9922319010734075, "loc": -0.10395462381624326, "logScale": 0.00923866017469055}