{"g1": 0.7353684142116637, "g2": 8.541541098703991, "logK": 0.7547757104654751, "loc": -0.00828531295635409, "logScale": -3.8536212022360177}