{"g1": 0.037303693545629374, "g2": 12.139659808988391, "logK": 0.13856629468417786, "loc": -0.07899491979037135, "logScale": 0.8206457257653593}