{"g1": 0.716267159435781, "g2": 8.725880120623616, "logK": -4.111833764839687, "loc": -0.004481154995329689, "logScale": -3.9781812314475977}