{"g1": 0.7898126046260443, "g2": 13.63518298739376, "logK": 0.6725863919506945, "loc": -0.015381710124680165, "logScale": -3.7423256263280305}