{"g1": 0.005549320973889556, "g2": 0.39316704048619044, "logK": 0.43583267441766804, "loc": -0.14192392029209416, "logScale": 1.1788603814964502}