{"g1": 0.03868957074957044, "g2": 10.280766333336915, "logK": 0.5423256291172684, "loc": 0.05672084046408899, "logScale": 0.7210749984278202}