{"g1": 0.6465035755009518, "g2": 2.1024453205687643, "logK": 0.7972760052081496, "loc": -0.0014914494706853923, "logScale": 0.3190381544258589}