{"g1": 0.9291760605961878, "g2": 4.529264618001007, "logK": -0.11457224350229317, "loc": 0.0019607122150238094, "logScale": -3.549843531606462}