{"g1": 0.04020760966240179, "g2": 13.226815633119262, "logK": 0.7211840234041236, "loc": -0.02288387930497365, "logScale": 0.3650040546491313}