{"g1": 0.8617192908892967, "g2": 7.390955260453834, "logK": -0.3363489034710736, "loc": -0.0024861211143049414, "logScale": -3.9709029942253937}