{"g1": 0.6461850508087534, "g2": 2.8393360652272133, "logK": -3.8921331720839745, "loc": -0.003992109018111614, "logScale": -3.9965870864100075}