{"g1": 0.9763363045663493, "g2": 13.221270513967095, "logK": 0.05812084925409833, "loc": -0.009953879483241628, "logScale": -3.8291052123214984}