{"g1": 0.19896422213478462, "g2": 0.2719228719349533, "logK": 0.8693614714065933, "loc": -0.08834527782825619, "logScale": -0.30187730560017234}