{"g1": 0.042651923144152414, "g2": 9.123599558680935, "logK": 0.39032210004974455, "loc": 0.06844131463129167, "logScale": -0.019950559459967154}