{"g1": 0.6943107376745221, "g2": 11.783950007625098, "logK": 0.9718786554733758, "loc": 0.012800577875831864, "logScale": -3.849564637875015}