{"g1": 0.34426641839082694, "g2": 3.574665950206354, "logK": -4.36913293274814, "loc": -0.011528019864405822, "logScale": -3.976517744177443}