{"g1": 0.8918288447156718, "g2": 7.993822398632258, "logK": -4.44967176149227, "loc": -0.004593322216188286, "logScale": -3.9899136253123246}