{"g1": 0.1101890134777587, "g2": 4.561019729424942, "logK": 0.04366070802330729, "loc": 0.044994685954551694, "logScale": 0.6143342452950106}