{"g1": 0.5121966159304101, "g2": 3.8277749600526874, "logK": -3.121190700885367, "loc": -0.007840474753088288, "logScale": -3.3798078543971295}