{"g1": 0.02841179691693023, "g2": 11.762674606213576, "logK": -0.15483971221862214, "loc": -0.06835469656756168, "logScale": 0.7535222161028295}