{"g1": 0.14532161054803647, "g2": 11.708486356658756, "logK": 0.9913368597107415, "loc": 0.001333555615569998, "logScale": -0.22792836585405768}