{"g1": 0.9123522294257566, "g2": 5.438950938772883, "logK": 0.9272972728575998, "loc": -0.029793514627875384, "logScale": -3.819524799185271}