{"g1": 0.9950349575535192, "g2": 0.9888586469823493, "logK": -2.201468953054491, "loc": 0.010710454315616695, "logScale": -3.3264534530459997}