{"g1": 0.9894809914994035, "g2": 7.082519804001713, "logK": 0.3411490836992482, "loc": -0.01682997052178683, "logScale": -3.8190484890223413}