{"g1": 0.029965239285373424, "g2": 6.052880211711012, "logK": 0.2605208051418819, "loc": -0.05205638130339967, "logScale": 0.5876920897002632}