{"g1": 0.6599017968465458, "g2": 9.16503400385195, "logK": -3.79300310191396, "loc": 0.035065205051478, "logScale": -2.8638554591752605}