{"g1": 0.7874016497140808, "g2": 5.933443440923414, "logK": -4.651305406076349, "loc": -0.0029540771789811704, "logScale": -2.9165924889337935}