{"g1": 0.0517377474106359, "g2": 3.824651822114986, "logK": 0.7416927351385051, "loc": -0.0562166524727276, "logScale": 0.12870496239300364}