{"g1": 0.6470589103738618, "g2": 0.007941236868796048, "logK": -4.840931598124777, "loc": 0.09699535134133994, "logScale": 1.332655898370184}