{"g1": 0.8242272917446418, "g2": 2.6564106601795654, "logK": 0.5148878425508095, "loc": -0.026457954582081666, "logScale": -3.8778686496942063}