{"g1": 0.43809475652367197, "g2": 14.204668212073189, "logK": -3.784957010199139, "loc": 0.009170238062187572, "logScale": -3.9821811919957333}