{"g1": 0.7327589627893851, "g2": 1.3891431175243578, "logK": -2.389173127553347, "loc": -0.007438404456008355, "logScale": -3.992769250650194}