{"g1": 0.8961705258768982, "g2": 1.3176935043213611, "logK": -1.8991851013283445, "loc": 0.00820961835494549, "logScale": -3.9797562319889677}