{"g1": 0.06613407658453818, "g2": 1.2233336594323467, "logK": 0.9894094476656645, "loc": -0.10813891527436692, "logScale": -0.19130057416334328}