{"g1": 0.7771668588726496, "g2": 7.980610276093806, "logK": 0.6399461824723498, "loc": -0.017756936494136902, "logScale": -1.7599082869667877}