{"g1": 0.020745710179993753, "g2": 1.1633157199052193, "logK": 0.27076595649602764, "loc": -0.11462990329902335, "logScale": 0.7871892784087537}