{"g1": 0.7735247509194092, "g2": 0.7353373465669979, "logK": -0.707001058061612, "loc": -0.018555069523701662, "logScale": -3.9768181225205166}