{"g1": 0.9292064189574814, "g2": 14.191875019463948, "logK": 0.8015453449499576, "loc": -0.029847656566383066, "logScale": -3.6932926961112345}