{"g1": 0.9367925292099328, "g2": 2.6632516514379234, "logK": -4.4011722805179305, "loc": -0.003570975552447824, "logScale": -3.441960839589337}