{"g1": 0.003311798310696769, "g2": 11.71342359270825, "logK": 0.4543357965290742, "loc": 0.10916824271624126, "logScale": 0.41227469434651853}