{"g1": 0.05984410139311678, "g2": 4.052579194208866, "logK": 0.9924893643998637, "loc": 0.07485657336775832, "logScale": -0.25764621892176665}