{"g1": 0.0453942174241983, "g2": 0.3057148347047285, "logK": -0.6684743736181227, "loc": -0.03915016243981204, "logScale": 1.3911192965482515}