{"g1": 0.5374302964869448, "g2": 3.2397538550489564, "logK": -4.2947086251079325, "loc": 0.00020533238014969202, "logScale": -3.9935704233957}