{"g1": 0.9254185496084059, "g2": 14.064469451333206, "logK": 0.46897216266791697, "loc": -0.018796939873435017, "logScale": -3.864545496617082}