{"g1": 0.9005862088736751, "g2": 11.361096892782175, "logK": -2.602939431852348, "loc": 0.004369847607790222, "logScale": -3.9937372651928076}