{"g1": 0.7476644656030454, "g2": 14.288320485349495, "logK": -1.7407532569247521, "loc": -0.008791093704349183, "logScale": -3.9995280995049116}