{"g1": 0.9452863965467441, "g2": 2.1075044429165897, "logK": -3.0287289698794644, "loc": -0.018192696070548926, "logScale": -3.2727407860115574}