{"g1": 0.5134734649349856, "g2": 0.16622915074116515, "logK": 0.21948801790862205, "loc": -0.0970629970607367, "logScale": 0.9067296385160362}