{"g1": 0.0712258255725747, "g2": 10.009166263182614, "logK": 0.5939404369999078, "loc": 0.10970088781482853, "logScale": 0.39423440988594877}