{"g1": 0.5084654452307601, "g2": 2.9174131387961704, "logK": -2.098280572651465, "loc": 0.001414038270747639, "logScale": -3.9745373459633537}