{"g1": 0.6287873026122951, "g2": 14.20229412560194, "logK": -4.063624378930817, "loc": 0.015051377351531166, "logScale": -3.128616155498038}