{"g1": 0.8147731546619107, "g2": 1.809668537150339, "logK": 0.35507094800608197, "loc": -0.016292043366739204, "logScale": -3.432364795921991}