{"g1": 0.9750071261123516, "g2": 7.203357885548828, "logK": 0.2715447123284128, "loc": -0.0050794569837926025, "logScale": -3.9880716733282116}