{"g1": 0.7925802879453654, "g2": 1.6551951908789437, "logK": 0.8432323324659411, "loc": -0.02689512651178297, "logScale": -3.743278839624026}