{"g1": 0.743200489435886, "g2": 13.602717832385219, "logK": -2.559117929774692, "loc": -0.0011303256794512589, "logScale": -3.9933334650726837}