{"g1": 0.6766560392602721, "g2": 3.229126060822464, "logK": -0.31169504796964254, "loc": -0.00411709459908064, "logScale": -3.828510578197606}