{"g1": 0.04381863535322368, "g2": 14.969893227224338, "logK": 0.7635321759077163, "loc": 0.00532917494101038, "logScale": -0.3243564166735336}