{"g1": 0.5142825321277299, "g2": 1.7289392672583022, "logK": 0.6629869013952295, "loc": 0.04115462574573384, "logScale": 0.6237494633096834}