{"g1": 0.0015157475335136061, "g2": 8.611990442630564, "logK": -1.029356628899178, "loc": -0.04971036357965863, "logScale": 1.2302888032580723}