{"g1": 0.7992883144283375, "g2": 9.592585098922918, "logK": 0.7124228872425431, "loc": -0.016409846432205586, "logScale": -3.998868322996605}