{"g1": 0.9608989643657706, "g2": 9.654052778730485, "logK": -2.62096837014429, "loc": -0.006596063249063134, "logScale": -3.561413802054893}