{"g1": 0.9992278949063221, "g2": 2.3242451731330975, "logK": 0.7852000410490365, "loc": -0.0408934595546843, "logScale": -3.4604364150510154}