{"g1": 0.9889271816177432, "g2": 10.525722227047194, "logK": 0.23896919728401866, "loc": -0.012834942427248988, "logScale": -3.9905185585956406}