{"g1": 0.627883730323035, "g2": 0.09066863194203978, "logK": -1.4245047659852337, "loc": 0.1414263157572795, "logScale": 1.8464644000068875}