{"g1": 0.9937361507310574, "g2": 6.842857056691535, "logK": -2.8139581403248695, "loc": -0.00175052930921254, "logScale": -3.8613999919977946}