{"g1": 0.0016877448739554546, "g2": 10.058284620320286, "logK": 0.5208242699372209, "loc": 0.06282653270132957, "logScale": 0.5485823341469415}