{"g1": 0.4689328550453654, "g2": 0.03912477246918414, "logK": 0.835056425294306, "loc": 0.10648700647832299, "logScale": 0.36263511732784565}