{"g1": 0.9092675876957388, "g2": 6.252147140947181, "logK": -2.689695179856733, "loc": 0.0088431389938146, "logScale": -3.9717184285871645}