{"g1": 0.08626651075227232, "g2": 8.030019082802333, "logK": 0.3874834108017525, "loc": 0.12096411761541313, "logScale": 0.6415051265629299}