{"g1": 0.2908359112743264, "g2": 0.7809075872472235, "logK": 0.20541571070166487, "loc": 0.04875466105133773, "logScale": 0.7615863153475346}