{"g1": 0.8127936858090281, "g2": 6.16042448610769, "logK": -2.123948317542438, "loc": -0.020747311419524826, "logScale": -2.7723206664271016}