{"g1": 0.9074710640364413, "g2": 0.11902960896938111, "logK": -3.458253989969034, "loc": 0.00015527718492489885, "logScale": -3.9947646116568296}