{"g1": 0.9495480666476677, "g2": 6.22212666457081, "logK": 0.47481987415217675, "loc": -0.02002670681609038, "logScale": -3.1682897853583474}