{"g1": 0.023902163862356912, "g2": 2.001056505791353, "logK": 0.9978261429629971, "loc": 0.11906113130047635, "logScale": -0.12038483519153842}