{"g1": 0.09310288116727511, "g2": 9.006904548373246, "logK": 0.9830703512166452, "loc": -0.1367449114859535, "logScale": 0.7373406923100789}