{"g1": 0.03047256181742902, "g2": 12.34901540655916, "logK": 0.9925128734803129, "loc": -0.06063255476564771, "logScale": -0.06239952375144403}