{"g1": 0.15902731644603185, "g2": 0.04113651444877897, "logK": -4.105744931066914, "loc": -0.07524968306854678, "logScale": 1.46845717772372}