{"g1": 0.9533209729849405, "g2": 5.007144577216561, "logK": 0.4144538064200374, "loc": -0.008952408542504398, "logScale": -3.9338542520370003}