{"g1": 0.943052645798678, "g2": 9.177566447629387, "logK": -3.6192140981738796, "loc": -0.0069178690462837825, "logScale": -3.988029566646023}