{"g1": 0.7379890267237574, "g2": 10.343628815957906, "logK": -3.3079285184396, "loc": -0.005844640999591245, "logScale": -3.608154187736181}