{"g1": 0.8847733576153445, "g2": 9.604476030504859, "logK": -0.10660007792877613, "loc": -0.006414478999950533, "logScale": -3.5837495912864874}