{"g1": 0.914801886752274, "g2": 2.57366350093609, "logK": -3.540498177816541, "loc": 0.0028959427737085012, "logScale": -3.9866058894790974}