{"g1": 0.8167401486519796, "g2": 6.128946168094618, "logK": 0.7039416520654084, "loc": -0.030731344987336442, "logScale": -3.9827937406353935}