{"g1": 0.10727977406776862, "g2": 6.163624594063339, "logK": 0.7235752124790377, "loc": 0.023789555295289585, "logScale": 0.2097750242812193}