{"g1": 0.9360916268011741, "g2": 14.463258434110632, "logK": -1.5689502170744474, "loc": -0.015288130775661657, "logScale": -3.995528607432319}