{"g1": 0.003859357807061835, "g2": 14.972422203039768, "logK": 0.8066978355209748, "loc": 0.13009521181786973, "logScale": -0.017500787240745247}