{"g1": 0.030397867942937196, "g2": 6.477951398317543, "logK": -0.44500718197869316, "loc": -0.035430823650871926, "logScale": 1.2178875743117168}