{"g1": 0.23615090328549562, "g2": 13.461619295862029, "logK": 0.8432671111696339, "loc": -0.12385595991115445, "logScale": -0.46282774165563934}