{"g1": 0.9203843865539539, "g2": 9.006439329419845, "logK": 0.3147657577261739, "loc": -0.015551642182100506, "logScale": -3.746105936580264}