{"g1": 0.03285996233653149, "g2": 3.5519515835435453, "logK": 0.9622946187868333, "loc": -0.14833204738520073, "logScale": -0.05193747894705125}