{"g1": 0.7664335339700348, "g2": 12.791787030578735, "logK": -2.2740892989078683, "loc": -0.0015689234279289022, "logScale": -3.98331659312494}