{"g1": 0.44602694915399116, "g2": 0.18624085222776937, "logK": 0.5512467761143136, "loc": 0.1197220247128226, "logScale": -0.16889559204752255}