{"g1": 0.7924484700480158, "g2": 7.282187353534988, "logK": -2.283927008420413, "loc": -0.001406437188817701, "logScale": -3.990748275174469}