{"g1": 0.6018230005681923, "g2": 6.471387112919881, "logK": -4.951476572326007, "loc": 0.0004717920770682428, "logScale": -3.986468839663572}