{"g1": 0.7957876383071878, "g2": 11.794399718775189, "logK": 0.872303871106015, "loc": -0.03417517406110565, "logScale": -3.7252912795515805}