{"g1": 0.04191826598609664, "g2": 1.5323847295045578, "logK": -3.834815710956836, "loc": -0.09939954131001677, "logScale": 1.0029503146363374}