{"g1": 0.21266560118296907, "g2": 13.038772945150868, "logK": 0.7098919618857011, "loc": 0.06379614140501207, "logScale": 0.23244294333377535}