{"g1": 0.7467725480288961, "g2": 14.992840381211623, "logK": 0.7442399462551581, "loc": -0.02822189407698624, "logScale": -3.999596037266329}