{"g1": 0.9680012089630438, "g2": 7.06976641182127, "logK": 0.341789479831273, "loc": -0.031659246109155964, "logScale": -3.36805253584457}