{"g1": 0.041937574220081805, "g2": 3.8366963117153157, "logK": 0.9116428779341786, "loc": -0.07602147730125222, "logScale": 0.06007436754602946}