{"g1": 0.8286415607227503, "g2": 14.101229572778712, "logK": -0.07412268743351291, "loc": -0.011165490273197225, "logScale": -3.54826478868453}