{"g1": 0.6151403899313, "g2": 3.485389385474037, "logK": -4.637366952532476, "loc": 0.005994326747312394, "logScale": -3.8196228240344294}