{"g1": 0.8549338103925946, "g2": 0.7664644756667971, "logK": -4.656336638614187, "loc": 0.00231201775917023, "logScale": -3.998872787593262}