{"g1": 0.3575097238872041, "g2": 0.04940387051539652, "logK": -3.8059117772124775, "loc": 0.14583330410583104, "logScale": 1.2868769913248044}