{"g1": 0.6075479696184362, "g2": 7.008839576310298, "logK": -1.6110375319686137, "loc": -0.006196848739651215, "logScale": -3.8984926610925146}