{"g1": 0.995305599257619, "g2": 8.410211728632222, "logK": -2.024641967407341, "loc": -0.002021212395720896, "logScale": -3.9703493895116697}