{"g1": 0.6095645316019745, "g2": 0.021715776502986506, "logK": 0.8844758493290206, "loc": 0.021507826791331244, "logScale": 0.5443227635935142}