{"g1": 0.010260270039260472, "g2": 5.380961348697765, "logK": -0.15998968664198693, "loc": 0.029241354634952147, "logScale": 0.9511448672675948}