{"g1": 0.033934920546015324, "g2": 10.606142509323002, "logK": -4.831365242933657, "loc": 0.015280575046848294, "logScale": 1.3313425198593147}