{"g1": 0.9367359437843791, "g2": 13.072360664596534, "logK": 0.0544482773605961, "loc": -0.0305663810403504, "logScale": -3.4796839050579007}