{"g1": 0.6750761447406882, "g2": 9.147088948237387, "logK": -4.711958851004545, "loc": 0.007526012757724382, "logScale": -3.945422171156381}