{"g1": 0.9570890733803002, "g2": 3.862393199032991, "logK": 0.6649741494887661, "loc": -0.012162444066737457, "logScale": -3.9860398334972995}