{"g1": 0.5414377578265189, "g2": 5.642620580697384, "logK": -2.5899432239436466, "loc": -0.005827538403427221, "logScale": -3.7716152539342485}