{"g1": 0.004909602223449591, "g2": 1.9707349415918456, "logK": 0.49513003484149853, "loc": -0.014770448232971594, "logScale": -3.6114612438855818}