{"g1": 0.005465137521250819, "g2": 12.101246243353243, "logK": 0.541576691784103, "loc": 0.14630260810448428, "logScale": 0.4372468018653769}