{"g1": 0.6916211500801717, "g2": 8.995215304169578, "logK": 0.8620647930170231, "loc": -0.01748453502498177, "logScale": -3.9985941363814668}