{"g1": 0.8550772229444833, "g2": 7.011717512269527, "logK": -3.619343013593345, "loc": 0.002468879645213761, "logScale": -2.685028996225531}