{"g1": 0.9046605401938086, "g2": 12.452652036292118, "logK": 0.0225578840107461, "loc": -0.04225394449288102, "logScale": -3.1035068854925187}