{"g1": 0.7017910467539155, "g2": 5.426301304904035, "logK": -3.5883962862299508, "loc": -0.010980633235870365, "logScale": -3.4143637869964576}