{"g1": 0.39774061047302756, "g2": 1.770759259613225, "logK": 0.838488205361074, "loc": -0.10795522416042103, "logScale": 0.3255261830065339}