{"g1": 0.8190118233347221, "g2": 9.883921522589151, "logK": 0.5370873080219248, "loc": -0.014611033492812278, "logScale": -3.8008249397293503}