{"g1": 0.3706736325940143, "g2": 3.8754821946492912, "logK": -1.4522723533515387, "loc": 0.0034316126789488296, "logScale": -3.808223033353087}