{"g1": 0.0038229996756284045, "g2": 4.831297418563647, "logK": 0.8202708379163776, "loc": -0.0341453833257008, "logScale": -0.025865332632366456}