{"g1": 0.9177597498918656, "g2": 5.275110492474244, "logK": -0.05866803092861428, "loc": -0.004589226449260591, "logScale": -3.639679021553863}