{"g1": 0.8830189436903939, "g2": 3.065672895909498, "logK": -4.945273443137713, "loc": 0.005892208015809171, "logScale": -3.995183967592042}