{"g1": 0.9981437360013308, "g2": 2.8908659000764225, "logK": -4.722669106504043, "loc": -0.006612767017517614, "logScale": -3.9956910052489727}