{"g1": 0.4497693179202896, "g2": 8.378741400092114, "logK": -0.2737714357336266, "loc": -0.008181797333699118, "logScale": -3.8296008302692486}