{"g1": 0.7920786658195628, "g2": 10.340978413295538, "logK": -2.786482965912896, "loc": 0.011416912767911019, "logScale": -3.310956580696453}