{"g1": 0.00452894722774233, "g2": 10.599468244578343, "logK": -4.991919212417419, "loc": -0.10093741291790523, "logScale": 1.6537822589683757}