{"g1": 0.7108151335003068, "g2": 6.792528020507486, "logK": -0.3683609339439007, "loc": -0.01711668770044146, "logScale": -2.7161404820863977}