{"g1": 0.02249641813879083, "g2": 3.409479887087243, "logK": -4.912724420874469, "loc": -0.043695259284830784, "logScale": 2.0478468180503966}