{"g1": 0.7502289543291913, "g2": 10.201123370372487, "logK": -3.2155905516646546, "loc": -0.003302220917618155, "logScale": -3.9909805095449413}