{"g1": 0.914674976451011, "g2": 3.2125324003242604, "logK": 0.2036124573086484, "loc": -0.015559154090280317, "logScale": -3.9128670347354606}