{"g1": 0.8672338716493386, "g2": 12.252820352024855, "logK": -1.112024805996981, "loc": 0.009964306408179822, "logScale": -3.3818543681945625}