{"g1": 0.004475162673212945, "g2": 6.678577220520744, "logK": 0.2476773408509212, "loc": 0.13916386186600166, "logScale": 0.806909479012146}