{"g1": 0.168979914898343, "g2": 4.542255779692139, "logK": 0.9788567345215161, "loc": -0.03334594124007326, "logScale": -0.029906100162226834}