{"g1": 0.08669160926978813, "g2": 14.19617221222727, "logK": 0.9952422000380868, "loc": 0.004171851970753142, "logScale": -0.5270867704780022}