{"g1": 0.24388646648985746, "g2": 0.28431868560225854, "logK": 0.8168448890104956, "loc": -0.047803366095438726, "logScale": 0.44153926511854424}