{"g1": 0.14827723193661407, "g2": 1.0300765799551854, "logK": -0.14157758374173024, "loc": 0.0767340260827997, "logScale": 0.9026958245380023}