{"g1": 0.5400830144326512, "g2": 9.583781601305311, "logK": -2.3836593649834157, "loc": -0.004302970638337451, "logScale": -3.960075324238793}