{"g1": 0.9917132222522268, "g2": 13.255941841448973, "logK": -2.9917180944429798, "loc": 0.012433499375158362, "logScale": -2.937728410575699}