{"g1": 0.8535176431928585, "g2": 12.32300113856041, "logK": -3.228885945957677, "loc": 0.008299313011018161, "logScale": -3.500546884202913}