{"g1": 0.8772019489940863, "g2": 13.04892658505153, "logK": -3.9751812568803606, "loc": -0.0035697765654936677, "logScale": -3.884041916999813}