{"g1": 0.9484762144779388, "g2": 9.378444194006233, "logK": 0.3721165592021568, "loc": -0.007058178857004275, "logScale": -3.735588578307898}