{"g1": 0.939520876208919, "g2": 11.084005292761034, "logK": -1.5267047376470981, "loc": -0.005766165807770965, "logScale": -3.967868452803345}