{"g1": 0.8671034297536427, "g2": 1.0722247832360408, "logK": 0.4380190920864767, "loc": 0.0055231527777082345, "logScale": -3.746809227428504}