{"g1": 0.9310012642083505, "g2": 11.85705562916827, "logK": -0.11643950969783146, "loc": -0.009460570024492552, "logScale": -3.999319245609477}