{"g1": 0.793034298516897, "g2": 12.026316701016132, "logK": -1.8322910962951215, "loc": -0.01361154036440699, "logScale": -3.9916544821684767}