{"g1": 0.7649619667241071, "g2": 4.408538949027288, "logK": -2.4482129209883663, "loc": 0.002164231687228261, "logScale": -3.4702470755545987}