{"g1": 0.19345945929363617, "g2": 0.20386364584459704, "logK": -3.837244016734889, "loc": 0.005386544044190537, "logScale": 1.2576862502869002}