{"g1": 0.5812699377888069, "g2": 7.14034463582684, "logK": -3.130926542536974, "loc": -0.02073820123310749, "logScale": -3.020363859813686}