{"g1": 0.9072533841851109, "g2": 1.1710302473690364, "logK": -1.2616336677839968, "loc": -0.003057887249170447, "logScale": -3.853173096756617}