{"g1": 0.9758748654041188, "g2": 14.967834875754246, "logK": -3.5880872248449687, "loc": -0.013738317061416039, "logScale": -3.7209332392033003}