{"g1": 0.6389690042107938, "g2": 7.120421294505178, "logK": -1.7342276176496576, "loc": 0.011569147252222817, "logScale": -3.9795779871816936}