{"g1": 0.8565398865198427, "g2": 13.68484014850389, "logK": -0.9063914159534932, "loc": -0.0029724179704562286, "logScale": -3.997257811000046}