{"g1": 0.8816340191392651, "g2": 9.812326752561624, "logK": -4.478995696579047, "loc": -0.0019442931773822874, "logScale": -3.9996399532478377}