{"g1": 0.3281496600928383, "g2": 3.1452211953787996, "logK": 0.7171606802047721, "loc": -0.05883394099061004, "logScale": 0.17157765631921912}