{"g1": 0.675257673981727, "g2": 8.205266392232314, "logK": -0.38931043327942944, "loc": -0.02358500479784773, "logScale": -2.6395962274899047}