{"g1": 0.6259061542448855, "g2": 6.5577261451423245, "logK": 0.6211867895356293, "loc": -0.06384250321006042, "logScale": -3.233422913011565}