{"g1": 0.40171860565731665, "g2": 0.012718237906350544, "logK": 0.5977594004604906, "loc": -0.021515838142724918, "logScale": 0.36941833288096415}