{"g1": 0.9032274921253522, "g2": 8.902654015862877, "logK": 0.10201207487182412, "loc": -0.0018312364407052743, "logScale": -3.4960743144220494}