{"g1": 0.9235340372228206, "g2": 14.398060592025018, "logK": -0.46740634716968343, "loc": -0.0233682831568355, "logScale": -3.8462026309999304}