{"g1": 0.09646760492165972, "g2": 0.03243769095936092, "logK": -2.61786500334289, "loc": 0.1276498045525814, "logScale": 1.218368449439019}