{"g1": 0.7187811246351958, "g2": 7.9230511374910355, "logK": 0.5487175855325586, "loc": -0.032044104763095105, "logScale": -3.6468777888655346}