{"g1": 0.576752103124792, "g2": 8.892121824041993, "logK": -1.15398124747446, "loc": -0.019033992070666597, "logScale": -3.118628300317484}