{"g1": 0.6433190693096699, "g2": 0.06194163516416573, "logK": -0.014094319090039886, "loc": 0.07433724733030916, "logScale": 0.9224792181226855}