{"g1": 0.8262421326805821, "g2": 11.295451290337192, "logK": 0.3686318318484183, "loc": -0.01835640035976055, "logScale": -3.9959511759293176}