{"g1": 0.9302168952026632, "g2": 2.8109245290034, "logK": 0.8946982880675833, "loc": -0.015494504753967558, "logScale": -3.9879876452421508}