{"g1": 0.001879413016888834, "g2": 6.538769426001439, "logK": -4.828798262951006, "loc": 0.052163327899467454, "logScale": 1.882257669321457}