{"g1": 0.912222618636373, "g2": 2.2015665692116166, "logK": -1.0070790201939461, "loc": 0.001416426724408382, "logScale": -3.9945159746558887}