{"g1": 0.8227185062342663, "g2": 5.515903139308969, "logK": 0.6960362931542057, "loc": -0.031180572116902262, "logScale": -3.614415834289182}