{"g1": 0.8880698337805197, "g2": 10.120639394291285, "logK": -4.8882608194153425, "loc": -0.004304206147418124, "logScale": -3.266328517162298}