{"g1": 0.8529228089934591, "g2": 0.9464155368292908, "logK": 0.21378084057507352, "loc": -0.012789392385192524, "logScale": -3.936512447510479}