{"g1": 0.9742163030019986, "g2": 6.236949303291658, "logK": 0.4189121653674691, "loc": -0.016891821549603437, "logScale": -3.804078779135741}