{"g1": 0.002905097733130496, "g2": 13.459752866316725, "logK": 0.7272448263396554, "loc": 0.03708118862461443, "logScale": 0.8432553263784975}