{"g1": 0.999014685771254, "g2": 3.2323079996728614, "logK": -1.5840844348282248, "loc": 0.0031618934025509013, "logScale": -3.9883086458388974}