{"g1": 0.9641549943447573, "g2": 8.414490923580162, "logK": -1.269256239598317, "loc": 0.0002478582985945329, "logScale": -3.8011074698477327}