{"g1": 0.8933619488289393, "g2": 9.28241537208076, "logK": -4.956302929534234, "loc": 0.005344169082167076, "logScale": -3.9772569988389845}