{"g1": 0.8325988810432388, "g2": 1.2974991501949837, "logK": -1.7856293493905286, "loc": -0.02522234781353439, "logScale": -3.338075787551837}