{"g1": 0.9843109264616229, "g2": 3.5238029572982814, "logK": 0.3409957661548616, "loc": -0.03161366218940645, "logScale": -3.634245349686506}