{"g1": 0.8821055760793546, "g2": 9.854731034153403, "logK": -3.4629698513543032, "loc": 0.0033305281683204714, "logScale": -3.994856760902138}