{"g1": 0.6972005721267238, "g2": 5.896307474257106, "logK": -2.7728482877572396, "loc": -0.012129478890001558, "logScale": -3.9831743384422222}