{"g1": 0.19424569740003722, "g2": 0.6185122660763274, "logK": -4.215163548673932, "loc": -0.1204946118585147, "logScale": 1.527211443280111}