{"g1": 0.060854375495857434, "g2": 10.528349376029574, "logK": 0.14934765084901702, "loc": -0.0338985721642904, "logScale": 0.45534486705684074}