{"g1": 0.9491196888470212, "g2": 0.04068605525934828, "logK": 0.785776136136099, "loc": 0.03812600430588431, "logScale": 0.4183098317279076}