{"g1": 0.8068045442752616, "g2": 3.7832598093161875, "logK": 0.7989245906400875, "loc": -0.03958576541081519, "logScale": -3.995633021480789}