{"g1": 0.7131058221961586, "g2": 0.26726523353192544, "logK": 0.5779029701079003, "loc": -0.044838828212566295, "logScale": -3.4903484457636247}