{"g1": 0.710941472234908, "g2": 12.52383810134948, "logK": -1.4541792739515855, "loc": -0.00747514864717066, "logScale": -3.996943250768486}