{"g1": 0.005195484718025556, "g2": 6.533367091490341, "logK": -3.7253516936105235, "loc": -0.0025000801428240772, "logScale": -3.798519848282296}