{"g1": 0.8756916980612245, "g2": 11.543371832022189, "logK": -4.052590757322777, "loc": 0.01616149678117059, "logScale": -3.148806485503635}