{"g1": 0.9751002504105208, "g2": 4.04948847544681, "logK": 0.03272697526914625, "loc": 0.004267771695066011, "logScale": -3.856476532506274}