{"g1": 0.21156030527203787, "g2": 0.19523008973802097, "logK": 0.8418396591472247, "loc": 0.12035459466794693, "logScale": 1.147274917826328}