{"g1": 0.846416164262345, "g2": 6.08305010432153, "logK": -2.9257282992429157, "loc": -0.003273258086596761, "logScale": -3.9706157501863384}