{"g1": 0.07280594597219142, "g2": 4.369908203349948, "logK": 0.045190541687444186, "loc": -0.0897376445835583, "logScale": 0.9843771616118919}