{"g1": 0.053174705952960956, "g2": 13.46873839914311, "logK": 0.8805906962970632, "loc": -0.05832813180869414, "logScale": -0.1325160824568511}