{"g1": 0.9010115654392393, "g2": 10.746262622816548, "logK": -1.7338767767128884, "loc": 0.003219875299178982, "logScale": -3.97362521185634}