{"g1": 0.8735448436798033, "g2": 2.8491038966104156, "logK": 0.6654136077157977, "loc": 0.0008951043507214977, "logScale": -3.9811883732973525}