{"g1": 0.0017834423066957691, "g2": 7.858325885041481, "logK": -1.9792088618166277, "loc": -0.03433823243646056, "logScale": 1.4670656964141802}