{"g1": 0.9727402129339014, "g2": 14.036088820889207, "logK": -4.990738519743056, "loc": 0.00030821937947983144, "logScale": -3.9993529482104058}