{"g1": 0.47577394544728957, "g2": 2.603911544139776, "logK": -4.9866041079238865, "loc": -0.005998550615137098, "logScale": -3.817148363005222}