{"g1": 0.0014395007877708865, "g2": 1.7110384053592673, "logK": 0.7739366481927374, "loc": -0.01249918427560923, "logScale": -0.06054120198077095}