{"g1": 0.9692559351185889, "g2": 8.803931180805582, "logK": -2.4026983616456494, "loc": 0.009708147043978951, "logScale": -3.993492831055442}