{"g1": 0.5301207278029747, "g2": 0.04523116281763917, "logK": 0.6665089657794931, "loc": -0.09398435729212017, "logScale": 0.260659128860929}