{"g1": 0.6698617626103303, "g2": 7.761968253259397, "logK": -2.8773142953903723, "loc": -0.0005813151088852869, "logScale": -3.9956565706020477}