{"g1": 0.8770823234519847, "g2": 4.38365780220103, "logK": 0.16766888412072722, "loc": -0.0024555972661519584, "logScale": -3.9911324009626488}