{"g1": 0.9591477419976485, "g2": 10.331040193201451, "logK": -4.536124050514917, "loc": 0.013462215597986237, "logScale": -3.443946123919237}