{"g1": 0.8128284648417943, "g2": 6.124572231542704, "logK": -2.6597595504513456, "loc": -0.002759504323308064, "logScale": -3.989741971831434}