{"g1": 0.0807808318762414, "g2": 13.314843635622676, "logK": 0.5303613721007242, "loc": -0.13841929914641, "logScale": 0.618410791696016}