{"g1": 0.9020623500467183, "g2": 5.71514693842277, "logK": -0.3236844702874728, "loc": -0.03271603751329226, "logScale": -2.9094177652754327}