{"g1": 0.9801499455122106, "g2": 8.148805965083996, "logK": -4.564449107267873, "loc": -0.0006109336763680494, "logScale": -3.6691908583580464}