{"g1": 0.023186454456172748, "g2": 10.653757676860208, "logK": -2.7196299903567285, "loc": -0.10977780992516248, "logScale": 1.5327532670272666}