{"g1": 0.09356990115144678, "g2": 0.19366655100728725, "logK": 0.6134473834314429, "loc": -0.0733569991452663, "logScale": -0.09619565835629323}