{"g1": 0.0981274439829356, "g2": 2.504454313808603, "logK": 0.8610328267661158, "loc": -0.014623346466172318, "logScale": 0.02066272366453653}