{"g1": 0.9823990070414741, "g2": 12.825838342063165, "logK": -0.8360867513455188, "loc": -0.004384521233230803, "logScale": -3.9854466684617127}