{"g1": 0.9975803722459118, "g2": 11.983289450812878, "logK": -2.3611842185048704, "loc": -0.0022249665604582272, "logScale": -3.7794667230632606}