{"g1": 0.6882091205800598, "g2": 11.778852046191108, "logK": 0.9706922958947364, "loc": -0.028225776441606922, "logScale": -3.869553651688392}