{"g1": 0.09258443354152895, "g2": 10.931396871863367, "logK": 0.4171812282777356, "loc": 0.020928561497378165, "logScale": 0.3527451969456945}