{"g1": 0.6740978969118397, "g2": 11.596277011013102, "logK": -4.795026989595566, "loc": -0.006644740261517953, "logScale": -2.7439079200537178}