{"g1": 0.039474136249890046, "g2": 14.03822348398721, "logK": 0.967211266650355, "loc": -0.1052473553442888, "logScale": 0.40417374943615414}