{"g1": 0.9626653662563054, "g2": 13.143412167600466, "logK": -4.134790323929468, "loc": -0.002082181759663525, "logScale": -3.6250859317626465}