{"g1": 0.8625504253617364, "g2": 8.610805961836837, "logK": -1.948336023886487, "loc": -0.0037894236289528586, "logScale": -3.9446173373973314}