{"g1": 0.8696829551656342, "g2": 13.237219759503317, "logK": 0.7663994613767293, "loc": -0.021090768457391953, "logScale": -3.559111600727901}