{"g1": 0.9580255622268863, "g2": 4.1881866352064065, "logK": 0.9483738816831687, "loc": -0.025109320339133594, "logScale": -3.784753945937817}