{"g1": 0.9270719975803364, "g2": 4.9647731253504395, "logK": 0.7627882369397361, "loc": -0.06911108250974454, "logScale": -3.014138601996041}