{"g1": 0.9036604915768709, "g2": 10.56252634092514, "logK": -0.9966544661510386, "loc": -0.02375083314613324, "logScale": -3.3581070181079773}