{"g1": 0.06427474576306769, "g2": 1.345581749880307, "logK": 0.2775523192574286, "loc": 0.013086505062262447, "logScale": 0.9819469339141621}