{"g1": 0.708010093569733, "g2": 9.496473986159792, "logK": 0.6358803348571295, "loc": -0.035815484124399395, "logScale": -3.8012735182700452}