{"g1": 0.3832449701955354, "g2": 0.6750369931679168, "logK": 0.8101914942929651, "loc": 0.06154909386692986, "logScale": 0.35633503960056145}