{"g1": 0.23780694653695195, "g2": 0.00276432931307502, "logK": -2.662966465658164, "loc": 0.034523093691623846, "logScale": 1.3554364812199582}