{"g1": 0.8205788545225783, "g2": 0.9933510125808294, "logK": -1.0269635138473534, "loc": -0.018988845243946565, "logScale": -2.9332676328255416}