{"g1": 0.6230787532103184, "g2": 7.098194625088794, "logK": 0.5020701602539515, "loc": -0.02943356600036203, "logScale": -2.8507381794799533}