{"g1": 0.9265862672121801, "g2": 8.009430835144078, "logK": -0.42714328697928616, "loc": -0.016233023081977556, "logScale": -3.997002391978768}