{"g1": 0.03324651990059185, "g2": 11.443620930235427, "logK": 0.1592889709401356, "loc": 0.10875829274084872, "logScale": 0.4802611625945774}