{"g1": 0.6262810565079088, "g2": 11.416332670210544, "logK": -3.650511128065366, "loc": 0.016111601814717862, "logScale": -3.994906862962883}