{"g1": 0.9992510531668215, "g2": 8.453686224157043, "logK": 0.9962972624824357, "loc": -0.003883796634335135, "logScale": -3.5686269851455936}