{"g1": 0.924369427864788, "g2": 8.053851850117157, "logK": -1.1808207249433804, "loc": -0.011715302409616213, "logScale": -3.982844313360809}