{"g1": 0.9619528560718106, "g2": 12.246951114749764, "logK": -0.897986600166027, "loc": -0.004376205831454285, "logScale": -3.8121814020328975}