{"g1": 0.08985769685630304, "g2": 0.005364425999197918, "logK": 0.6270118927818151, "loc": -0.09206642663043971, "logScale": 0.6240181241756421}