{"g1": 0.001736940522239952, "g2": 9.38814031737545, "logK": 0.9401904097712732, "loc": 0.008016650276621996, "logScale": -0.538326683554652}