{"g1": 0.5721706575477316, "g2": 14.99886929789002, "logK": -2.301834536269142, "loc": 0.006803048964334674, "logScale": -3.849147352268658}