{"g1": 0.00798405310526249, "g2": 4.987660495406425, "logK": 0.14625906222640184, "loc": 0.134966069113436, "logScale": 0.41582758475157466}