{"g1": 0.9570072927174498, "g2": 4.800909976253459, "logK": -1.145080890733208, "loc": -0.0036373367344381836, "logScale": -3.9907096799105344}