{"g1": 0.8687138823185031, "g2": 10.317759126538826, "logK": -1.7511282862258564, "loc": -0.0035025811685369217, "logScale": -3.962858003049072}