{"g1": 0.6877833032489623, "g2": 9.254377922087858, "logK": 0.500685766967433, "loc": -0.015328247905060315, "logScale": -3.1672225687824245}