{"g1": 0.008800220417689783, "g2": 14.714422954026613, "logK": 0.6010829051671402, "loc": 0.010056933936018716, "logScale": 1.0551476247092784}