{"g1": 0.7704148840743792, "g2": 6.054307973040231, "logK": -0.8565692638897884, "loc": -0.010965541222592154, "logScale": -3.807945189812334}