{"g1": 0.06710517510017436, "g2": 5.139329024099166, "logK": 0.9913205165480036, "loc": 0.02563436049088682, "logScale": 0.0889235976861526}