{"g1": 0.0322892073858902, "g2": 12.789491489660946, "logK": 0.5295784554301677, "loc": 0.08627747160051102, "logScale": 0.5100666360074997}