{"g1": 0.001158561222935034, "g2": 0.002477852652717605, "logK": 0.07568824696043017, "loc": 0.06565895202063372, "logScale": 0.7907074416711185}