{"g1": 0.9054437658517521, "g2": 6.057966676063178, "logK": -0.0297693438667313, "loc": -0.010074797137052106, "logScale": -3.4957991205876255}