{"g1": 0.48132229172853974, "g2": 14.795023681575582, "logK": -2.9910471561213363, "loc": 9.904422148143341e-05, "logScale": -3.99825846138056}