{"g1": 0.7559944863599809, "g2": 14.518084616021916, "logK": 0.24166597150675376, "loc": -0.01767192535322236, "logScale": -3.8704040949333582}