{"g1": 0.0026155899136191263, "g2": 7.505544789658044, "logK": 0.718508287727893, "loc": -0.03217143247851672, "logScale": 0.5131944810232716}