{"g1": 0.971035215788844, "g2": 14.041186356320365, "logK": -0.005964841933170706, "loc": -0.020162185105976702, "logScale": -3.9742784871168237}