{"g1": 0.9313986359475052, "g2": 12.613684210000343, "logK": -3.7667052730348796, "loc": -0.0019629614189735026, "logScale": -3.9845836076728753}