{"g1": 0.8606602033659247, "g2": 12.826625065149955, "logK": -2.249512506365395, "loc": -0.0017088151159786336, "logScale": -3.9957821469598533}