{"g1": 0.881488719430362, "g2": 7.0782012114027975, "logK": -0.40610174628916496, "loc": 0.0028556594704433457, "logScale": -3.98984268480282}