{"g1": 0.7904472055402263, "g2": 6.308636058605671, "logK": 0.9656031813689783, "loc": -0.034612083398469454, "logScale": -3.53756833524902}