{"g1": 0.7437460108185843, "g2": 3.172389064759417, "logK": -1.8346563927118398, "loc": -0.000254669061908637, "logScale": -3.9896344327592073}