{"g1": 0.9761543165461715, "g2": 5.17724484687883, "logK": -2.4511180566358446, "loc": 0.0022343661834579366, "logScale": -3.981985848723356}