{"g1": 0.03208969238818152, "g2": 8.622423716950465, "logK": 0.8729030844995981, "loc": 0.015514155017617708, "logScale": -0.1769497569983641}