{"g1": 0.9616045729911616, "g2": 9.928878385760129, "logK": -2.4580593147286995, "loc": -0.0011588484451075139, "logScale": -3.9978794913877858}