{"g1": 0.7895767692807422, "g2": 4.968402645011611, "logK": -1.2822494188461713, "loc": -0.02249084283698248, "logScale": -3.340308751768749}