{"g1": 0.03304574556270914, "g2": 7.8367643246790815, "logK": 0.9916019020130109, "loc": 0.11499119569589362, "logScale": 0.25749024446414126}