{"g1": 0.8774203437743656, "g2": 11.360755682076507, "logK": 0.5694690214262883, "loc": -0.0373011385252443, "logScale": -3.1480655733174916}