{"g1": 0.8049280943332161, "g2": 1.1485035516554267, "logK": -0.013509634546527316, "loc": -0.00282207017402775, "logScale": -3.8985635943240986}