{"g1": 0.8878914151023718, "g2": 7.936947543714189, "logK": -0.21551418274300066, "loc": -0.026980182657799036, "logScale": -3.4227268397023654}