{"g1": 0.9472632859401922, "g2": 5.295058807427614, "logK": -0.769068715262865, "loc": -0.0030964618704897107, "logScale": -3.259326510261483}