{"g1": 0.9961585939123547, "g2": 14.950225555937049, "logK": -3.384448342607044, "loc": 0.00460806762837399, "logScale": -3.429154874044157}