{"g1": 0.7195927996188987, "g2": 2.753660789501678, "logK": -3.6679338644284902, "loc": 0.014377204332104362, "logScale": -3.017972673867824}