{"g1": 0.016919810339119892, "g2": 2.3355224785598363, "logK": 0.9982956521502764, "loc": -0.07927789457415484, "logScale": -0.12488410234349118}