{"g1": 0.8679397992105473, "g2": 9.685242723981352, "logK": 0.5596757944395704, "loc": -0.010214734644067178, "logScale": -3.672362336310617}