{"g1": 0.008934363239269116, "g2": 14.986198613730496, "logK": -3.567561195566817, "loc": -0.009832692092725005, "logScale": 1.0353239147305464}