{"g1": 0.8050264617849445, "g2": 13.069278838556949, "logK": -3.1655577926315788, "loc": 0.005558505715760159, "logScale": -3.7796372796246143}