{"g1": 0.030962301498089286, "g2": 13.65792814354575, "logK": 0.026768148700036853, "loc": -0.1486898489876977, "logScale": 1.109152678347909}