{"g1": 0.11093058507287232, "g2": 0.029377319946983643, "logK": 0.7121943351265687, "loc": -0.06000404471262222, "logScale": 0.6433082715492122}