{"g1": 0.645580426667497, "g2": 3.130212875552773, "logK": -1.6636624899326102, "loc": -0.018385646229022973, "logScale": -3.404790417558091}