{"g1": 0.9399182979745926, "g2": 13.092794671944104, "logK": 0.5185464044034336, "loc": -0.022645483103312457, "logScale": -3.980676232127188}