{"g1": 0.07492858696676186, "g2": 0.9129930254524348, "logK": 0.7300250945032042, "loc": -0.05273933073192354, "logScale": 0.43457670240398594}