{"g1": 0.8196650267082236, "g2": 11.941516759712595, "logK": 0.2249947736882385, "loc": 0.00494616968594282, "logScale": -3.996695373753637}