{"g1": 0.8697277112342708, "g2": 11.29651374592469, "logK": 0.5464586767306009, "loc": -0.013981804532078694, "logScale": -3.6906052084485}