{"g1": 0.9633656708671521, "g2": 0.7007601578703849, "logK": 0.6053810519962939, "loc": -0.09237925856475893, "logScale": 0.20758126595145843}