{"g1": 0.11703075177239902, "g2": 10.381889430465037, "logK": 0.8383745754517129, "loc": 0.028625623669440103, "logScale": 0.09743468564726221}