{"g1": 0.9211338913154282, "g2": 11.44960602547819, "logK": -0.9780254806842157, "loc": -0.011765905188557245, "logScale": -3.0131170041190876}