{"g1": 0.4209497972543774, "g2": 12.937440318981755, "logK": -3.1506883428573635, "loc": -0.007756017132734461, "logScale": -3.9697342491570295}