{"g1": 0.010609999445123586, "g2": 0.36963117083510094, "logK": 0.744832688043881, "loc": 0.10438248368135049, "logScale": 0.3258056392986384}