{"g1": 0.6961693451787413, "g2": 12.885200817324442, "logK": 0.6555000524501209, "loc": -0.023333416208456387, "logScale": -3.9526758497016448}