{"g1": 0.808127248980786, "g2": 0.01838395814786474, "logK": -3.4775385696895227, "loc": 0.008814714660207465, "logScale": 1.040588218638589}