{"g1": 0.9333737615875625, "g2": 11.173517326459159, "logK": -0.24448049862683552, "loc": -0.004332541862831919, "logScale": -3.992056532491236}