{"g1": 0.9252394498346347, "g2": 5.2840797630775445, "logK": -3.38431377926731, "loc": 0.01241681257082, "logScale": -3.2079809181846364}