{"g1": 0.9044700968587012, "g2": 2.3280745690604343, "logK": -3.372517678244882, "loc": 0.00644881886570128, "logScale": -3.9919700696137936}