{"g1": 0.11902120636558061, "g2": 0.40640605311547257, "logK": 0.9895056794801228, "loc": -0.1135392250480796, "logScale": -0.07488454825992122}