{"g1": 0.45772073731895196, "g2": 14.987915866179602, "logK": -1.7928992047413248, "loc": -0.0014964142155920502, "logScale": -3.9981528527488877}