{"g1": 0.9822540719221231, "g2": 8.76260180831057, "logK": -0.07427904995089274, "loc": -0.017834621583151793, "logScale": -3.5374707355343555}