{"g1": 0.8836131032843957, "g2": 1.9939289718491127, "logK": -0.05497807314734171, "loc": -0.023991390176085765, "logScale": -3.314867926140638}