{"g1": 0.8373101821476324, "g2": 0.3449582056662619, "logK": 0.4762940378710485, "loc": 0.01244563566970825, "logScale": 0.5892235054668229}