{"g1": 0.5573164012554713, "g2": 0.08977193288696202, "logK": -4.9457782025576655, "loc": -0.01136351622218261, "logScale": -3.9979230438243696}