{"g1": 0.0012860052058133935, "g2": 8.851151222615966, "logK": -0.6021505835363963, "loc": -0.11433663313989958, "logScale": 1.8297269711096098}