{"g1": 0.9100586679940652, "g2": 11.506766159439035, "logK": 0.6185181242249573, "loc": -0.02209872046911687, "logScale": -3.504106658983559}