{"g1": 0.023475454594789943, "g2": 1.9850915427319056, "logK": 0.302903593042348, "loc": -0.10722460655947137, "logScale": 0.5977410100652287}