{"g1": 0.9129162940207408, "g2": 8.271391071798378, "logK": -2.234851407866461, "loc": 0.006591590601756535, "logScale": -3.9683364449718623}