{"g1": 0.8592091595515243, "g2": 11.239446037710193, "logK": -2.9364394113757415, "loc": 0.0004691205849918041, "logScale": -3.2253861235324446}