{"g1": 0.7053796365835092, "g2": 8.93677331773975, "logK": 0.999475964998933, "loc": -0.03754857613106188, "logScale": 0.3265415652099025}