{"g1": 0.3252754974731512, "g2": 0.006773670402467458, "logK": 0.9894541710261888, "loc": 0.0790044360498702, "logScale": -0.08113614543495451}