{"g1": 0.35158043380264414, "g2": 4.6169762707091335, "logK": 0.8501130875649228, "loc": -0.10256089133047502, "logScale": 0.3018821581624538}