{"g1": 0.05086780198082576, "g2": 13.598177544095766, "logK": 0.8353032578712005, "loc": -0.1109345160149166, "logScale": -0.011835535583955226}