{"g1": 0.958830392024783, "g2": 5.922529352243273, "logK": -4.254816378095758, "loc": 0.0135176930864251, "logScale": -3.58976085431247}