{"g1": 0.8249501415082935, "g2": 5.042190447521929, "logK": -3.8525131918452877, "loc": 0.006236180987241532, "logScale": -2.455369062826162}