{"g1": 0.6793627117606894, "g2": 4.142212601034515, "logK": -4.086255353801146, "loc": 0.00222912138208089, "logScale": -3.986324080748891}