{"g1": 0.03525793900015563, "g2": 10.763322614772289, "logK": 0.8185428768615801, "loc": 0.10481294189424076, "logScale": -0.08912556214968272}