{"g1": 0.7766231716321566, "g2": 11.547220871886521, "logK": 0.20579567150669797, "loc": 0.004526541909112521, "logScale": -3.9801454498164315}