{"g1": 0.3730149363459599, "g2": 0.6127081094168888, "logK": 0.40157951142952947, "loc": 0.0033873295474826405, "logScale": 0.5274365630872629}