{"g1": 0.88560358078552, "g2": 11.747254955903504, "logK": -3.9379606318028717, "loc": -0.0038302085155199825, "logScale": -3.998894975624634}