{"g1": 0.043240002172066416, "g2": 10.64664587548393, "logK": 0.7158464487138361, "loc": -0.0706710149629484, "logScale": 0.3014512970778887}