{"g1": 0.8017017138051542, "g2": 9.347906497850012, "logK": -0.11286352210327721, "loc": -0.030783939469330095, "logScale": -3.045679100922735}