{"g1": 0.2156132050122238, "g2": 0.08337272092687431, "logK": -1.918236449901372, "loc": -0.09966460833687538, "logScale": 1.1135199592763356}