{"g1": 0.560609920799398, "g2": 0.8251806059950442, "logK": 0.8827893633573356, "loc": 0.047277029910794945, "logScale": 0.19825012164297304}