{"g1": 0.6949011427225263, "g2": 9.643054000724698, "logK": -1.0613432509021987, "loc": -0.000970148738195234, "logScale": -3.779127873195761}