{"g1": 0.7850007780536472, "g2": 0.008866223409728757, "logK": 0.6835709922872689, "loc": -0.024341951684428785, "logScale": 0.32476155150208696}