{"g1": 0.05039253063603427, "g2": 0.04075353768826506, "logK": 0.6640089821903554, "loc": -0.1489054841385699, "logScale": -0.8478550469466043}