{"g1": 0.9054728356697911, "g2": 7.524048687469173, "logK": -0.1699345915751458, "loc": -0.021868192731391983, "logScale": -3.798435955681766}