{"g1": 0.03615673201331526, "g2": 11.639278150949341, "logK": -1.9316095834438183, "loc": 0.006339552826300082, "logScale": -3.572731198686083}