{"g1": 0.9771059234656485, "g2": 11.744199668101182, "logK": -2.150461556956406, "loc": 0.006350320006325502, "logScale": -3.9822879648614333}