{"g1": 0.95780466332379, "g2": 0.2056777674496312, "logK": 0.8708459904721062, "loc": 0.022699042600752672, "logScale": 0.06315661612277401}