{"g1": 0.9337950453009667, "g2": 13.111235584217354, "logK": -4.147598593605979, "loc": 0.006749797914759315, "logScale": -3.8304270767977076}