{"g1": 0.37511604303045243, "g2": 0.23665562360345999, "logK": 0.5417643677844961, "loc": 0.06967882242565379, "logScale": 0.9227673714943062}