{"g1": 0.798480707544087, "g2": 7.336063810525636, "logK": 0.3520283415562123, "loc": -0.02211412098697526, "logScale": -3.8447280042966545}