{"g1": 0.6030594419177058, "g2": 1.575023935659262, "logK": 0.5066340726663858, "loc": -0.04024300995442734, "logScale": -3.591177386761784}