{"g1": 0.940389347967897, "g2": 6.835763864139982, "logK": 0.6165024569308777, "loc": -0.03290516338775642, "logScale": -3.582891738728513}