{"g1": 0.6509236345647876, "g2": 10.923506420259425, "logK": -2.3800637440930723, "loc": -0.004250769677963151, "logScale": -3.9983394713070655}