{"g1": 0.5663323902870671, "g2": 5.964260094019071, "logK": -2.2470682722535873, "loc": -0.0047582154210398745, "logScale": -3.9912539137835483}