{"g1": 0.7918715589332884, "g2": 12.60537438241896, "logK": -2.8062710089628067, "loc": 0.0004384559784296091, "logScale": -3.9983329220509267}