{"g1": 0.5943426514579107, "g2": 9.374099350622108, "logK": 0.4413045604536605, "loc": -0.02667976232703029, "logScale": -3.8685970526813684}