{"g1": 0.8022301250785989, "g2": 3.124724631654761, "logK": -2.9205850277221774, "loc": 0.014275306043187944, "logScale": -2.9005588643136067}