{"g1": 0.9790081829574913, "g2": 11.303636167468323, "logK": 0.4732384664434121, "loc": -0.028193901766931272, "logScale": -3.719835745472192}