{"g1": 0.7416286740751551, "g2": 0.03919315392728229, "logK": 0.9879416674888932, "loc": -0.07827467524440884, "logScale": -0.013322792360100921}