{"g1": 0.9971178854801075, "g2": 13.806069772303688, "logK": -1.757310392450338, "loc": -0.023626715771425923, "logScale": -3.3821565231846282}