{"g1": 0.04014952154703892, "g2": 1.1139846596732559, "logK": 0.9816051539354471, "loc": -0.02452920156758806, "logScale": 0.1315562561360319}