{"g1": 0.845137822801694, "g2": 1.0449603498931634, "logK": 0.23349193974851246, "loc": -0.009046081575975001, "logScale": -2.99239973802824}