{"g1": 0.595479237717268, "g2": 0.20395393485319085, "logK": 0.6288321077000256, "loc": -0.11157672008644823, "logScale": 0.4836912793375994}