{"g1": 0.41986599951329295, "g2": 12.011703455837802, "logK": -1.485832302325484, "loc": -0.012115882884384074, "logScale": -3.9751599120867875}