{"g1": 0.8501304127717175, "g2": 14.171096295319778, "logK": -1.2453821718869587, "loc": -0.001969223343195152, "logScale": -3.9941173152717395}