{"g1": 0.6923017839434924, "g2": 8.148793201409024, "logK": 0.5468977408679045, "loc": -0.05601629363669602, "logScale": -3.3413667916128764}