{"g1": 0.7503638730026071, "g2": 1.9702105798705745, "logK": 0.1357346732743432, "loc": -0.023040155303377767, "logScale": -3.3124041986145665}