{"g1": 0.976794857573095, "g2": 9.73831780563221, "logK": -3.9535290961822316, "loc": -0.004153803258599383, "logScale": -3.9769484991049007}