{"g1": 0.9489502997210697, "g2": 14.827937899687944, "logK": -2.0736331086215207, "loc": -0.004425341291473763, "logScale": -3.685806176289509}