{"g1": 0.7741497604900556, "g2": 6.238053075196774, "logK": -3.8491692583588586, "loc": 0.012874482615584777, "logScale": -3.137170687294208}