{"g1": 0.029694474039347035, "g2": 3.173272361518071, "logK": -3.9756787424056705, "loc": 0.07459905353675285, "logScale": 1.2260648101866853}