{"g1": 0.6284520068684516, "g2": 7.851644918665903, "logK": -3.392576678244916, "loc": -0.003645737236685379, "logScale": -3.790457470382944}