{"g1": 0.8804318042712517, "g2": 4.345852074713537, "logK": 0.9830715978084053, "loc": -0.05519720000631497, "logScale": -2.936781671571573}