{"g1": 0.8597354998063529, "g2": 6.7179681672443365, "logK": 0.3739896845885023, "loc": -0.020661253891895208, "logScale": -3.8541098076732645}