{"g1": 0.866155481471603, "g2": 7.472446103941048, "logK": -2.6080781712540806, "loc": -0.0025815706202401093, "logScale": -3.7242587467149875}