{"g1": 0.45774988769616226, "g2": 12.614730006746395, "logK": 0.9982666686924306, "loc": -0.08971612013214132, "logScale": -1.2735976826873603}