{"g1": 0.03780321992017076, "g2": 5.044313188560579, "logK": 0.745841117823694, "loc": -0.05065587189133269, "logScale": 0.460404172736848}