{"g1": 0.9237509484663102, "g2": 2.183241363569498, "logK": 0.4053046155910065, "loc": -0.11357657550497934, "logScale": -2.2672521431248045}