{"g1": 0.12163362194489259, "g2": 0.27061701584810716, "logK": 0.9789248113647199, "loc": -0.0788203999677616, "logScale": -0.23471939890793925}