{"g1": 0.583799043446079, "g2": 11.402194181380779, "logK": -1.5253963054203967, "loc": -0.007596195909612443, "logScale": -3.8484046155060634}