{"g1": 0.7761337745744332, "g2": 9.234227807803709, "logK": -2.8015992042795332, "loc": -0.00446728920037468, "logScale": -3.862371335753944}