{"g1": 0.4175563757158646, "g2": 2.474766338206073, "logK": 0.4689864188888598, "loc": -0.01698941962802243, "logScale": -0.017108360679807817}