{"g1": 0.10297769064995647, "g2": 8.116446809120532, "logK": 0.9739476490139588, "loc": 0.04534292813055711, "logScale": -0.5597283243848881}