{"g1": 0.9541725891498334, "g2": 0.07442226139458094, "logK": 0.5385170105636018, "loc": -0.11223714022946528, "logScale": 0.5325535369325675}