{"g1": 0.7743382872682474, "g2": 5.774229087796424, "logK": -4.246081785948345, "loc": -0.005091663037826165, "logScale": -3.433753915967059}