{"g1": 0.44470547573446295, "g2": 0.045848099323474, "logK": 0.9303119528104509, "loc": -0.1404343260829478, "logScale": 0.30340205282614996}