{"g1": 0.9572656070043363, "g2": 6.916347692786076, "logK": -0.14652099106173277, "loc": -0.005472395396991341, "logScale": -3.972179606226014}