{"g1": 0.7331575354737803, "g2": 12.141587886805548, "logK": 0.44963441332670406, "loc": -0.007879810321941308, "logScale": -3.7099941041653093}