{"g1": 0.8892965204220596, "g2": 14.199457119628772, "logK": 0.5958359705555508, "loc": -0.026633762844939932, "logScale": -3.8362364894646417}