{"g1": 0.9979192989131855, "g2": 9.800392935089054, "logK": 0.013321579182724141, "loc": -0.009797547156766144, "logScale": -3.9954615875965613}