{"g1": 0.7777110783119413, "g2": 14.70714883379485, "logK": -2.233971333740845, "loc": -0.015296006811260717, "logScale": -3.3205075195905307}