{"g1": 0.9834105533170417, "g2": 7.378727434579742, "logK": -0.35747630334623853, "loc": -0.004732350386902402, "logScale": -3.9901981838392846}