{"g1": 0.4087849980712257, "g2": 0.3484926031086122, "logK": 0.1145728412437359, "loc": -0.09189923970016069, "logScale": 0.6650739414722533}