{"g1": 0.022761623591727148, "g2": 13.4159553712795, "logK": 0.5125631420192677, "loc": 0.14813429620492097, "logScale": 0.48445265175370356}