{"g1": 0.9784984037488593, "g2": 14.707613699812386, "logK": -2.4593440890082885, "loc": -0.007301016079137547, "logScale": -3.7339952918467025}