{"g1": 0.7007732386782044, "g2": 3.817948605132904, "logK": 0.7365020973730294, "loc": -0.027725351115598512, "logScale": -3.385990363177748}