{"g1": 0.9259163337269684, "g2": 4.604771456427695, "logK": -3.346478125507068, "loc": -0.026680201333914508, "logScale": -2.455923598609602}