{"g1": 0.4252426853286906, "g2": 9.354775159814738, "logK": 0.9011450658013733, "loc": 0.02407782758747082, "logScale": -0.11131722229376817}