{"g1": 0.8142036536586481, "g2": 0.8317043768618774, "logK": 0.7083275144206806, "loc": 0.10318450730351095, "logScale": 0.8319710152532273}