{"g1": 0.008558445901486522, "g2": 8.490525807791906, "logK": 0.8684515268211364, "loc": -0.017064286884727317, "logScale": 0.5588278272973124}