{"g1": 0.6605882759191389, "g2": 3.7259529446518003, "logK": -3.1853590087506447, "loc": -0.003007579164987952, "logScale": -3.9904864073008626}