{"g1": 0.008180128223244671, "g2": 5.475499564207066, "logK": 0.857124414236132, "loc": -0.05586784988451501, "logScale": 0.09354381665823774}