{"g1": 0.978918619288463, "g2": 10.95647835220614, "logK": 0.3984140239857362, "loc": -0.00860695496063274, "logScale": -3.9968395180699177}