{"g1": 0.8399353291107131, "g2": 10.212322687040567, "logK": -3.3966769386322886, "loc": 0.0005174373721996833, "logScale": -3.8811732923214977}