{"g1": 0.9697831577980875, "g2": 6.636508520663386, "logK": -2.307275330637201, "loc": 0.005168313760477791, "logScale": -3.9768233485037965}