{"g1": 0.6867132104978222, "g2": 9.34838466243647, "logK": -2.781037141129851, "loc": -0.0014669848676630722, "logScale": -3.995888546748812}