{"g1": 0.8647145320791477, "g2": 8.512464480122963, "logK": 0.44019807952604095, "loc": -0.08011346115757192, "logScale": -2.8447544628247066}