{"g1": 0.0020682699136413685, "g2": 9.897655867981577, "logK": -3.4111929282857085, "loc": 0.11032496878233551, "logScale": 1.6078617670942643}