{"g1": 0.6939216871871375, "g2": 10.96825488517448, "logK": -4.167563983853605, "loc": -0.010224866326547784, "logScale": -3.993524147605489}