{"g1": 0.020465445687255605, "g2": 6.442425484013262, "logK": 0.24987574281330505, "loc": -0.06230185050866139, "logScale": 0.8697212053592577}