{"g1": 0.9209045296731, "g2": 13.072160585247198, "logK": 0.4757721891611707, "loc": -0.017703856975709344, "logScale": -3.3468009466830226}