{"g1": 0.9633115169964673, "g2": 1.8022484895413324, "logK": -2.9878009802415884, "loc": 0.004367532290077464, "logScale": -3.9943617050776528}