{"g1": 0.4678673855492681, "g2": 0.7559160843881738, "logK": -3.639065242008852, "loc": -0.10280250038101124, "logScale": 0.9349805883410909}