{"g1": 0.4757404513901729, "g2": 10.446062912898828, "logK": -2.025708701141272, "loc": -0.0016680262749986727, "logScale": -3.931112749449041}