{"g1": 0.00578588102817356, "g2": 11.194324629346694, "logK": -0.1649470286774628, "loc": -0.12070142875161177, "logScale": 0.665474719192371}