{"g1": 0.001164578005677569, "g2": 9.926501113534716, "logK": -3.714937443928734, "loc": -0.1320213224800728, "logScale": 1.1695948255528754}