{"g1": 0.7726767277266038, "g2": 9.997834644631494, "logK": 0.7397566725410556, "loc": -0.033415183885618926, "logScale": -3.645622456528284}