{"g1": 0.14737560436733557, "g2": 0.27036087645259066, "logK": 0.4323365949358704, "loc": -0.11935120371805971, "logScale": 1.0413740454305198}