{"g1": 0.3523915544967905, "g2": 0.14652674278440386, "logK": 0.7785552231455166, "loc": -0.1318432648330507, "logScale": 0.22629560806830185}