{"g1": 0.8068438796499147, "g2": 3.861945449595135, "logK": -0.5563106137370997, "loc": -0.0025389128648446516, "logScale": -3.775575125753565}