{"g1": 0.384404124984526, "g2": 0.03596562917550816, "logK": -0.7141142348087961, "loc": -0.008259784094211086, "logScale": -3.806441343295832}