{"g1": 0.01333612397471433, "g2": 4.98448476976998, "logK": 0.5798014121631461, "loc": -0.10369842003902525, "logScale": 0.19971914378134178}