{"g1": 0.9777127823884604, "g2": 14.569655607493358, "logK": 0.3976410042049257, "loc": -0.031048853533409134, "logScale": -3.058641852685508}