{"g1": 0.031504083563431644, "g2": 11.445592819249224, "logK": -3.363439265466029, "loc": -0.022523756297351247, "logScale": 1.1584729050087104}