{"g1": 0.8878611171321602, "g2": 9.84724580614942, "logK": 0.8549195212659774, "loc": -0.045645454865298855, "logScale": -3.6196265010337325}