{"g1": 0.1545642226047057, "g2": 0.2525744210814763, "logK": -3.695901798008901, "loc": -0.039352359465616146, "logScale": 1.7330780472319667}