{"g1": 0.5783191423125773, "g2": 13.31628415111718, "logK": -0.9161047465656239, "loc": -0.010091265633162419, "logScale": -3.8315224994203}