{"g1": 0.8166259796373517, "g2": 2.7779504348205526, "logK": 0.6826887910592764, "loc": 0.010239169334627568, "logScale": -3.9433368119267156}