{"g1": 0.9854566645636936, "g2": 6.837619617994826, "logK": 0.35966893653369336, "loc": -0.025323076385233706, "logScale": -3.580818397837896}