{"g1": 0.9513891160425524, "g2": 4.878743932620492, "logK": -4.730342245033442, "loc": 0.003834636217641155, "logScale": -3.859343526461506}