{"g1": 0.9993554118725564, "g2": 4.126511054067631, "logK": 0.9868861267015712, "loc": -0.008638091926405873, "logScale": -3.8357073257834986}