{"g1": 0.8767870771785747, "g2": 1.2984959559355458, "logK": -0.023617871117605382, "loc": -0.015814733320162422, "logScale": -3.9922058896742882}