{"g1": 0.03399775525737295, "g2": 7.575189684970383, "logK": -1.2023987857349354, "loc": -0.03813269584705817, "logScale": 1.5273215585356643}