{"g1": 0.7750217086102243, "g2": 0.2543154277502421, "logK": -4.503307086633285, "loc": 0.005470490808525294, "logScale": -3.9899200566548005}