{"g1": 0.6655665895693867, "g2": 3.6644169555613395, "logK": 0.6889785717418363, "loc": -0.001068213062113155, "logScale": -3.7912570039647546}