{"g1": 0.6096889927660875, "g2": 3.6306288225177026, "logK": -0.33736256590616465, "loc": -0.007878906980681794, "logScale": -3.85356464204298}