{"g1": 0.09009641788476785, "g2": 0.8422632176040146, "logK": 0.750432457297916, "loc": -0.09871668840081818, "logScale": 0.17963046738723865}