{"g1": 0.02101682497357219, "g2": 1.6697676645178154, "logK": 0.994140831291227, "loc": -0.13925371413270748, "logScale": 0.29122602117828245}