{"g1": 0.6916272792487544, "g2": 12.389868483801845, "logK": -0.40559486023868174, "loc": -0.015203518976253109, "logScale": -3.2325995270763817}