{"g1": 0.0028970266133703237, "g2": 12.91675284971679, "logK": 0.7931401374310827, "loc": 0.04710230725961649, "logScale": 0.5307186547778475}