{"g1": 0.8193061034817694, "g2": 6.233568152442274, "logK": -2.295976566123323, "loc": -0.007013013909840601, "logScale": -3.9773160499504434}