{"g1": 0.9991656346096317, "g2": 4.745771823322371, "logK": 0.5143949155683836, "loc": -0.05293589232843301, "logScale": -3.397538611615778}