{"g1": 0.7325017600126303, "g2": 2.4168114619390852, "logK": 0.35829008340622187, "loc": -0.025955508318098116, "logScale": -2.927967924322805}