{"g1": 0.5707788141248349, "g2": 8.397454023914129, "logK": -4.208197793529817, "loc": 0.0069746762611610155, "logScale": -3.991604376746285}