{"g1": 0.6216756916506648, "g2": 1.6997291392704472, "logK": -0.7132780952676511, "loc": -0.003838538564754754, "logScale": -2.9192400891444814}