{"g1": 0.4683257929940481, "g2": 12.622156577976332, "logK": 0.41349156876143256, "loc": -0.0007556086418049994, "logScale": -3.2991645352317835}