{"g1": 0.0017301537880669978, "g2": 9.998400964481235, "logK": 0.7387475264549713, "loc": 0.07358029560125331, "logScale": -0.05917318510099412}