{"g1": 0.8232925592226448, "g2": 7.301643330677342, "logK": 0.8123506510999663, "loc": -0.02553715340634273, "logScale": -3.3477395377513957}