{"g1": 0.5313146370202484, "g2": 6.7626225778360425, "logK": -2.5961101287489674, "loc": -0.007514891866605854, "logScale": -3.999370900080397}