{"g1": 0.8969895902586893, "g2": 7.103055910741013, "logK": -0.5167999941509172, "loc": -0.0037881553790987815, "logScale": -3.258624921397643}