{"g1": 0.3405976401210654, "g2": 10.20477470776972, "logK": -2.238304536676659, "loc": -0.001778496262403683, "logScale": -3.988674577431666}