{"g1": 0.8296060043446134, "g2": 0.12911121693396616, "logK": -4.995950635800036, "loc": 0.0793104711987457, "logScale": 1.6103830394578322}