{"g1": 0.6741068995270623, "g2": 0.5457623369983697, "logK": 0.8557895141142524, "loc": -0.03157410802210692, "logScale": -0.6159213092080897}