{"g1": 0.8297137734011995, "g2": 8.904696203210632, "logK": -3.131664474613943, "loc": -0.012593432216344215, "logScale": -3.9880805919470035}