{"g1": 0.8033652220438763, "g2": 6.709574889277696, "logK": 0.4700190269546982, "loc": -0.040010115128288753, "logScale": -3.7031659048119407}