{"g1": 0.024335169925847423, "g2": 5.395937288265127, "logK": 0.4803680084638775, "loc": -0.031098548189791714, "logScale": 0.5872566637111484}