{"g1": 0.03745760544160687, "g2": 11.186811634208427, "logK": 0.8571325920738424, "loc": -0.10032719505143686, "logScale": 0.17680546624396332}