{"g1": 0.9729020244053206, "g2": 11.13754555256584, "logK": -3.0465150242755863, "loc": -0.005432831226497928, "logScale": -3.9960757657596053}