{"g1": 0.8808046005366423, "g2": 0.5924993378010558, "logK": -2.1301566346341563, "loc": -0.00118685439679098, "logScale": -3.984201564188296}