{"g1": 0.03402399893313943, "g2": 12.94175636626015, "logK": 0.08382321846524965, "loc": -0.13424782158404205, "logScale": 0.4808460775695941}