{"g1": 0.48609929152850917, "g2": 0.06819709394056872, "logK": -3.54367684694335, "loc": -0.08801014394697354, "logScale": 1.3482326568408975}