{"g1": 0.6053426986958866, "g2": 14.11579508289966, "logK": -1.5268693217469038, "loc": -0.002097088779289918, "logScale": -3.99777074203875}