{"g1": 0.3950735540397004, "g2": 3.8368202502165802, "logK": -4.62055937489889, "loc": -0.005073232799064656, "logScale": -3.964537636649153}