{"g1": 0.80288134753585, "g2": 0.442162875004521, "logK": 0.6694478462584861, "loc": -0.11662643284455482, "logScale": 0.16727292229754664}