{"g1": 0.2353727088936361, "g2": 0.7562642995510382, "logK": 0.8677083853431357, "loc": 0.11958081461923653, "logScale": -0.39043481070455444}