{"g1": 0.6633415376197263, "g2": 11.704010024038697, "logK": 0.7519309390484665, "loc": -0.023450320942950496, "logScale": -3.4194303039603584}