{"g1": 0.5142566859889965, "g2": 4.965878266814736, "logK": -1.4937907568734607, "loc": -0.002075655011985013, "logScale": -3.970129229980915}