{"g1": 0.8059706649856085, "g2": 9.287238601754591, "logK": -3.207944480007968, "loc": 0.005736501857319448, "logScale": -3.9973970417934117}