{"g1": 0.6356802550269456, "g2": 10.288365069924135, "logK": 0.6016485355983459, "loc": -0.006737528357639434, "logScale": -3.6267253488012203}