{"g1": 0.02349022174498965, "g2": 9.840246110328144, "logK": 0.4780115081290767, "loc": 0.017100990609490427, "logScale": 0.30355429414680857}