{"g1": 0.02193354275946008, "g2": 9.484220338030138, "logK": 0.6468280079352775, "loc": -0.05895087909986847, "logScale": 0.541782880289972}