{"g1": 0.8447099170410284, "g2": 8.06604483620649, "logK": -1.6517870216223494, "loc": 0.0012362349563306016, "logScale": -3.9756060918680483}