{"g1": 0.0017598387505057822, "g2": 8.184863471768818, "logK": 0.5454672913547137, "loc": -0.04547990503356823, "logScale": 0.4061905375595772}