{"g1": 0.8651268313131552, "g2": 6.640008530330143, "logK": -4.295671982044709, "loc": -0.002004917322033173, "logScale": -3.4727352541039}