{"g1": 0.8232381647239174, "g2": 2.383103324399162, "logK": 0.6207568431989188, "loc": -0.03129300366660449, "logScale": -3.323944050839275}