{"g1": 0.6828435805688828, "g2": 0.1547450125141383, "logK": -3.409087639513328, "loc": -0.0048971268446259125, "logScale": -3.98291204499857}