{"g1": 0.9712034958451989, "g2": 13.010326094999803, "logK": 0.519215265163704, "loc": -0.01617429413754265, "logScale": -3.991173975717185}