{"g1": 0.8829918660501842, "g2": 13.504699893274154, "logK": 0.9830323645994457, "loc": -0.06632227989691857, "logScale": -3.2042717222397346}