{"g1": 0.8814250830920535, "g2": 14.9569237610278, "logK": -3.801707058657193, "loc": -0.001108481061020643, "logScale": -3.9490068131976215}