{"g1": 0.9053163444017686, "g2": 0.4354713773591416, "logK": -3.687798408195961, "loc": -0.0011517474324806173, "logScale": -3.9926205414502007}