{"g1": 0.8791019898251747, "g2": 14.41041580914747, "logK": 0.049225666012685965, "loc": -0.005265467705744256, "logScale": -3.99724290490433}