{"g1": 0.045086934769862995, "g2": 0.024661724366163873, "logK": -2.4727520714850626, "loc": 0.029507817944614392, "logScale": 1.6304254238129399}