{"g1": 0.8365636012184764, "g2": 2.5610005355404177, "logK": 0.6572100979930569, "loc": -0.021511020533137214, "logScale": -3.7705462954041407}