{"g1": 0.9894007266644435, "g2": 9.985120590074885, "logK": -1.1650804006720588, "loc": -0.0029609423019931608, "logScale": -3.9753634139524436}