{"g1": 0.9286759138607629, "g2": 5.7618212071071175, "logK": 0.9527404695742763, "loc": -0.05470385865453187, "logScale": -2.577257342793709}