{"g1": 0.9152262842438564, "g2": 4.427690615093141, "logK": 0.9948904071733315, "loc": -0.044658479312643884, "logScale": -3.917383417218005}