{"g1": 0.011264735824705972, "g2": 1.3970242093952638, "logK": 0.9811279411924256, "loc": 0.0012309865764201927, "logScale": 0.08761860359926485}