{"g1": 0.797553413003096, "g2": 2.6713590101024054, "logK": 0.23718208909854255, "loc": -0.0034090039469915623, "logScale": -3.7716701824232883}