{"g1": 0.9772074472446779, "g2": 4.5469865132340885, "logK": 0.12708844640404093, "loc": -0.024186930370875874, "logScale": -3.2937658274849944}