{"g1": 0.09236082948197744, "g2": 9.851336687602487, "logK": 0.9785386407546669, "loc": -0.14882605651829162, "logScale": -0.06217439403327418}