{"g1": 0.0454229650517779, "g2": 3.7540053037002408, "logK": 0.899025399027876, "loc": 0.138255145175906, "logScale": 0.06904390610794348}