{"g1": 0.5003138663249835, "g2": 0.08173522113189391, "logK": 0.14863251008006806, "loc": 0.05968203130949801, "logScale": 1.1463129757657577}