{"g1": 0.7859931720665202, "g2": 0.5589821159715465, "logK": -3.3156160336749134, "loc": 0.009139297233609102, "logScale": -3.1166890018992004}