{"g1": 0.5822144627676004, "g2": 5.551243758055421, "logK": -3.277551459014756, "loc": -0.0022782288431318146, "logScale": -2.370076251257515}