{"g1": 0.3302299678779867, "g2": 13.137290284115519, "logK": 0.812938583108828, "loc": -0.08139210014419959, "logScale": -0.16074133209678987}