{"g1": 0.8225911152379008, "g2": 1.8334005185632876, "logK": -1.363262349557973, "loc": -0.010621178631057198, "logScale": -3.9931723980051936}