{"g1": 0.7744775049676877, "g2": 5.066297489863388, "logK": 0.989890488117849, "loc": -0.03166561021583675, "logScale": -3.86912596058921}