{"g1": 0.42232603990784723, "g2": 0.0014005317588042243, "logK": 0.7647166412437971, "loc": 0.03992170540525333, "logScale": -0.06788637297735316}