{"g1": 0.9120586029286324, "g2": 5.520103905113606, "logK": 0.8501472628906528, "loc": -0.06192298940766182, "logScale": -3.368048782478581}