{"g1": 0.9120689616005294, "g2": 4.608416319831525, "logK": -0.052630035009107914, "loc": -0.030498142829405772, "logScale": -3.522332031142737}