{"g1": 0.0821303100522141, "g2": 14.699854073694548, "logK": 0.5600766794566747, "loc": -0.07274107111942309, "logScale": -2.4627517769729184}