{"g1": 0.53221972436423, "g2": 0.01677639427767802, "logK": 0.28604566511382856, "loc": 0.11200051970768579, "logScale": 0.6035469361360432}