{"g1": 0.8644714028751952, "g2": 5.410012609007137, "logK": 0.14656735776529117, "loc": -0.0015955565110341418, "logScale": -3.8061199803887087}