{"g1": 0.49471654501256535, "g2": 0.32928402399827617, "logK": 0.9887616619410518, "loc": -0.10662073147584528, "logScale": 0.019859565510396915}