{"g1": 0.44280377891376477, "g2": 8.47186692543804, "logK": -1.3815016014338584, "loc": 0.001782251758795022, "logScale": -3.9858200636067176}