{"g1": 0.7821260878145053, "g2": 11.922142394140515, "logK": -2.03365917673915, "loc": -0.010348828358221472, "logScale": -3.9904239011269156}