{"g1": 0.8180515177640497, "g2": 0.007173868897145885, "logK": -2.3172921637925405, "loc": -0.028563118995315284, "logScale": 1.6901997213956008}