{"g1": 0.06409139982751698, "g2": 4.204831940347237, "logK": 0.9914798591569381, "loc": -0.06164098961626642, "logScale": -0.04637125956673005}