{"g1": 0.6339100090905735, "g2": 2.3746341477671784, "logK": -4.435445435925347, "loc": 0.003680171410084832, "logScale": -3.9985762322373257}