{"g1": 0.05818437787011472, "g2": 9.954857060146557, "logK": 0.9613955138628714, "loc": -0.013460743832708011, "logScale": 0.5724140440685459}