{"g1": 0.13931194265206018, "g2": 0.27743541584114695, "logK": 0.9807677245357236, "loc": 0.021144758781188877, "logScale": 0.044043222646970526}