{"g1": 0.6169040308978041, "g2": 0.17810536218529194, "logK": -0.5580324345505803, "loc": -0.10287269389403113, "logScale": 1.079910554928413}