{"g1": 0.09888851896480272, "g2": 0.03550168417719393, "logK": 0.9907583848782746, "loc": -0.03661469570009765, "logScale": 0.2205119516006232}