{"g1": 0.9480593845064629, "g2": 3.543131862866975, "logK": -4.770990368014198, "loc": 0.009091433979545295, "logScale": -3.986189145429397}