{"g1": 0.7669479660008418, "g2": 10.10003313589739, "logK": -0.9022517609399094, "loc": -0.0045370201446797015, "logScale": -3.9719337100745946}