{"g1": 0.8095155835694693, "g2": 6.213780000184008, "logK": 0.6302930233999076, "loc": -0.013175935373269013, "logScale": -3.9668865737484293}