{"g1": 0.9539858703368671, "g2": 13.206136278734435, "logK": -3.7109951499323, "loc": -0.001690404294353041, "logScale": -3.989896186152124}