{"g1": 0.018970934726239407, "g2": 5.8342158762602985, "logK": 0.8364867221475633, "loc": 0.08176701512740177, "logScale": -0.0027170101359782275}