{"g1": 0.04006696759181206, "g2": 5.829916845847984, "logK": -2.430162623630812, "loc": 0.055612590167041794, "logScale": 1.2315223471696122}