{"g1": 0.03162817597599728, "g2": 4.9228096903924765, "logK": -4.5979374718417265, "loc": -0.007833446283311243, "logScale": 1.583684908169047}