{"g1": 0.15996478555851096, "g2": 0.07320979811330908, "logK": -3.3172219528192137, "loc": 0.06294041940794315, "logScale": 1.48260000516671}