{"g1": 0.9999057658143768, "g2": 7.146139954734429, "logK": 0.1290487388382986, "loc": -0.037339605952577785, "logScale": -3.0322580918710305}