{"g1": 0.8884356168130911, "g2": 4.439075952912941, "logK": -3.3561616581963536, "loc": -0.015080320869839124, "logScale": -3.991321841172918}