{"g1": 0.9773046381351885, "g2": 3.3402357509086653, "logK": 0.5688360050017818, "loc": -0.010635657953811831, "logScale": -3.977038778549525}