{"g1": 0.9861344878941782, "g2": 11.96483306430316, "logK": 0.012206393092774936, "loc": -0.02420960707305067, "logScale": -3.548706070566518}