{"g1": 0.8020925256563461, "g2": 2.885588863802698, "logK": -3.6751826846050424, "loc": -0.004435430269841757, "logScale": -3.989390272794283}