{"g1": 0.49424833948484914, "g2": 0.01997893122758132, "logK": 0.8273845905566051, "loc": -0.0841393066229909, "logScale": 0.3933429981826494}