{"g1": 0.7671865563876135, "g2": 13.771210169812763, "logK": -2.620987845920519, "loc": -0.005128860363221879, "logScale": -3.9778660763947373}