{"g1": 0.01776838169057434, "g2": 0.009354577047304247, "logK": 0.7667699173768218, "loc": -0.09163542381635176, "logScale": 0.7808497157127416}