{"g1": 0.6624041311772876, "g2": 14.158594629839902, "logK": -3.7224487572559903, "loc": -0.01487987120536641, "logScale": -2.673960458507491}