{"g1": 0.8182788682621727, "g2": 1.1520302890229055, "logK": -0.1636126924752641, "loc": -0.011517984583733933, "logScale": -3.9679708416590547}