{"g1": 0.8273711411534818, "g2": 9.637489294736262, "logK": -3.5347004445878563, "loc": -0.009237733946638071, "logScale": -3.8375554389958495}