{"g1": 0.9449409059108952, "g2": 4.49785414099073, "logK": 0.9997101951025189, "loc": -0.009533222068779854, "logScale": -3.720532706270768}