{"g1": 0.9073168966472661, "g2": 7.316683793164946, "logK": 0.7088532215561666, "loc": -0.050960909446813196, "logScale": -3.367189772385532}