{"g1": 0.8077719401921662, "g2": 1.01032800410018, "logK": -1.4494243210129054, "loc": -0.0003945929765804129, "logScale": -3.9903549651963006}