{"g1": 0.5841478047387091, "g2": 10.733654457577703, "logK": -3.5613614781481937, "loc": 0.0005023836542647833, "logScale": -2.3645565957907704}