{"g1": 0.14271412451972804, "g2": 1.357150593339469, "logK": 0.8417093805343029, "loc": 0.022474375827615883, "logScale": -0.7511566472058233}