{"g1": 0.6906313200814355, "g2": 10.66355082029295, "logK": -0.923631178121955, "loc": -0.006750548936331126, "logScale": -3.9874533982103415}