{"g1": 0.262542367640446, "g2": 0.05277919701510067, "logK": 0.11417570316723535, "loc": -0.03648027318138119, "logScale": 0.3651126620718838}