{"g1": 0.9623139526182655, "g2": 6.778844233899743, "logK": -4.717399032805751, "loc": -0.0015667756155139578, "logScale": -3.9564196139777836}