{"g1": 0.9575588228556021, "g2": 9.918605121352527, "logK": -1.6235789271302405, "loc": 0.002134469137485648, "logScale": -3.99666093852774}