{"g1": 0.021250618786926745, "g2": 13.200296030225463, "logK": -3.4379878729553646, "loc": 0.016372614092737228, "logScale": 1.2758943345304452}