{"g1": 0.9777399326579572, "g2": 9.81199320414224, "logK": 0.47552523463807367, "loc": -0.030055807713623206, "logScale": -3.680120966491333}