{"g1": 0.6727659064507232, "g2": 3.318757979091302, "logK": -1.6887191276737294, "loc": -0.0027541968476062894, "logScale": -3.9986870616241816}