{"g1": 0.5573038145945041, "g2": 9.164973853334082, "logK": -3.330373580623804, "loc": -0.0008708702307598966, "logScale": -3.9335444868972806}