{"g1": 0.9814677325787468, "g2": 11.369405122683357, "logK": 0.40428914808103406, "loc": -0.023408203161079832, "logScale": -3.771897659432859}