{"g1": 0.27428399755076777, "g2": 0.46581491717494233, "logK": 0.29547871288655236, "loc": 0.1133548466597324, "logScale": 0.6798174607860558}