{"g1": 0.6047095143387251, "g2": 0.012869479287618342, "logK": -1.4837105107574216, "loc": 0.030050430505746233, "logScale": 1.4420902417930068}