{"g1": 0.9616371405060333, "g2": 11.282071482011947, "logK": -1.8855432297420243, "loc": -0.005784019398643878, "logScale": -3.9748673055592794}