{"g1": 0.9281948949644807, "g2": 12.323787083401738, "logK": 0.442581767434682, "loc": -0.048610285134389225, "logScale": -2.921670284605767}