{"g1": 0.8477781596272806, "g2": 0.7341552348351111, "logK": 0.7341374335288116, "loc": -0.10731281314629047, "logScale": 0.43733255440944485}