{"g1": 0.6612931811911298, "g2": 11.787114980038444, "logK": -2.1577259110937486, "loc": -0.006785323958720675, "logScale": -3.8706987350786024}