{"g1": 0.9991176382905912, "g2": 9.203406716641332, "logK": 0.7783160235409537, "loc": -0.04772240491252661, "logScale": -3.5638619929935054}