{"g1": 0.008418151000262303, "g2": 8.578391143835727, "logK": 0.886215814106695, "loc": 0.09904547132205624, "logScale": 0.5044690459539327}