{"g1": 0.01666488708025135, "g2": 8.463042243370678, "logK": -4.236261954965357, "loc": -0.0948064030284518, "logScale": 1.3873774089162352}