{"g1": 0.9277455011663802, "g2": 10.290015653558306, "logK": 0.6293964944851422, "loc": -0.026253272520455298, "logScale": -3.834152122597844}