{"g1": 0.9852414218138142, "g2": 13.590576401716127, "logK": -3.8789363724847674, "loc": 0.013092280497583111, "logScale": -3.5879997422526753}