{"g1": 0.0012073435220154758, "g2": 10.916464606570598, "logK": 0.9891949349274377, "loc": 0.1499976527526201, "logScale": 0.6972025763071819}