{"g1": 0.7448419639461382, "g2": 14.613840844707589, "logK": -0.4719124703115318, "loc": -0.014630170309171443, "logScale": -3.985633476192964}