{"g1": 0.03918507979950174, "g2": 0.13864348927782277, "logK": 0.8768634226999774, "loc": 0.0651554004898173, "logScale": 0.20316955135706216}