{"g1": 0.07118759651354072, "g2": 4.998521636781857, "logK": 0.9983095781088835, "loc": -0.12426052622639364, "logScale": 0.0034658323653030676}