{"g1": 0.04952462349021467, "g2": 3.202126400358231, "logK": 0.7435436746806763, "loc": 0.013600936504541649, "logScale": -0.18648112369555625}