{"g1": 0.7709731286949648, "g2": 0.2676194327877357, "logK": 0.9910886163632603, "loc": 0.1495914738597285, "logScale": 0.053035370372291446}