{"g1": 0.8299418342550243, "g2": 2.5102162132705117, "logK": -2.221762965947609, "loc": -0.009053756674864133, "logScale": -3.9927899320445768}