{"g1": 0.9963994142071944, "g2": 11.682838835116536, "logK": -4.67741247078994, "loc": 0.0022091301080610273, "logScale": -3.9913875463590083}