{"g1": 0.7725777189344463, "g2": 9.476157815240779, "logK": -1.7012326978616465, "loc": -0.0013357632902675429, "logScale": -3.9983087017182166}