{"g1": 0.41046731134473646, "g2": 5.498057396197936, "logK": 0.5290138794976591, "loc": -0.07821030923492511, "logScale": 0.9148988049709408}