{"g1": 0.8128843211213587, "g2": 11.231466949898868, "logK": -0.7601061642803093, "loc": -0.01941923695786798, "logScale": -3.9722306953487445}