{"g1": 0.9676918730574396, "g2": 14.747173272384659, "logK": 0.8575161074227955, "loc": -0.014123003040309487, "logScale": -3.263914341829489}