{"g1": 0.7840225034732864, "g2": 6.0359741358466525, "logK": 0.4196941461780645, "loc": -0.003465855569377431, "logScale": -3.993619788387636}