{"g1": 0.8305199130993753, "g2": 10.139880575675264, "logK": -2.5824069511787764, "loc": -0.004541249819033141, "logScale": -2.9826945515077274}