{"g1": 0.7591931874164108, "g2": 8.004241398037836, "logK": 0.35575520403804095, "loc": -0.00839319600801422, "logScale": -3.709126773571331}