{"g1": 0.9269006412216646, "g2": 10.233097663806697, "logK": -0.5093209658986457, "loc": 0.00378507795924541, "logScale": -3.4060223216359415}