{"g1": 0.6134608323424108, "g2": 0.20740541398348478, "logK": -0.1598095260906507, "loc": 0.0970430238876602, "logScale": 0.6652193390071557}