{"g1": 0.8964681123342231, "g2": 0.18305640793491662, "logK": 0.8950795724593713, "loc": 0.02453660160280798, "logScale": 0.6502418019865573}