{"g1": 0.638755210437246, "g2": 1.6727454391014385, "logK": -4.326962941404057, "loc": 0.0011588337516752877, "logScale": -3.9986411937757875}