{"g1": 0.9271877719118786, "g2": 11.848985504231866, "logK": 0.9735972027584687, "loc": -0.02819819208878497, "logScale": -3.433406191657177}