{"g1": 0.9621120695004549, "g2": 10.065210396686542, "logK": 0.6868672664209683, "loc": -0.024393774291434352, "logScale": -3.993202699568655}