{"g1": 0.6524900301324253, "g2": 0.39862775379897786, "logK": 0.09786450161207572, "loc": 0.13618644028179025, "logScale": 0.5692439555945112}