{"g1": 0.08947161282594598, "g2": 4.719892405898227, "logK": 0.5092496552197687, "loc": -0.1174960824190234, "logScale": 0.4866909631924684}