{"g1": 0.6879025975327182, "g2": 9.235975462050677, "logK": -3.6349073953963464, "loc": -0.0036358219209605054, "logScale": -3.983364859257113}