{"g1": 0.993010631952505, "g2": 0.32597265899789774, "logK": -3.484579126060014, "loc": 0.04268413424849299, "logScale": 2.0507259193196536}