{"g1": 0.2248189351403891, "g2": 0.022620708473045426, "logK": 0.20404275466832633, "loc": -0.12714674942536033, "logScale": 0.8555615934124771}