{"g1": 0.7164935042965735, "g2": 0.238168144389304, "logK": -4.57058177988869, "loc": -5.574746614576791e-05, "logScale": -3.6975142866339725}