{"g1": 0.009280311721226332, "g2": 5.284547436971681, "logK": -0.09659336587252554, "loc": -0.13641194541094223, "logScale": 1.1211884541782506}