{"g1": 0.6972030776599483, "g2": 7.898795944210245, "logK": -0.37632858779439404, "loc": -0.014316797391196567, "logScale": -2.8686043303518844}