{"g1": 0.9805133666526167, "g2": 2.61611623876272, "logK": 0.5032157766586014, "loc": -0.006561033923234587, "logScale": -3.9018260020304005}