{"g1": 0.7865891040199691, "g2": 8.315164322635395, "logK": -3.7538881691973476, "loc": -0.006038345749702975, "logScale": -3.996510502711035}