{"g1": 0.057733493623567146, "g2": 0.13216576209576614, "logK": -1.4814573695257356, "loc": -0.09411116043237738, "logScale": 1.4835386202046081}