{"g1": 0.3317474926155223, "g2": 0.508076924465256, "logK": 0.8035418708374127, "loc": -0.018819784934120464, "logScale": 0.432382863472681}