{"g1": 0.10724578349134954, "g2": 0.06734598529731622, "logK": -3.185839335393056, "loc": -0.04832551780482822, "logScale": 2.266803516646516}