{"g1": 0.9804416513889749, "g2": 10.832045671051898, "logK": 0.9995429592254508, "loc": -0.0368064685565557, "logScale": -3.990976277003605}