{"g1": 0.9263789211750789, "g2": 3.758395041874902, "logK": -3.6520957359352204, "loc": 0.0018011867098836672, "logScale": -3.9677009461887534}