{"g1": 0.21090440095999713, "g2": 8.961189884922597, "logK": 0.9891796677796816, "loc": -0.01067972452870021, "logScale": 0.9648203282434107}