{"g1": 0.8134759394773545, "g2": 14.370238427421622, "logK": -1.4992481277532348, "loc": -0.01579420992629421, "logScale": -3.981944802815806}