{"g1": 0.8268130244977285, "g2": 4.156755440786451, "logK": -4.078758626949004, "loc": 0.0060053777681889405, "logScale": -3.9980719232252424}