{"g1": 0.8359232962228119, "g2": 11.150412151994276, "logK": -2.707682931086737, "loc": 0.0004131454263890458, "logScale": -2.9488138810850906}