{"g1": 0.8240082430110026, "g2": 8.863339193972, "logK": 0.6039499196635564, "loc": -0.0069729102228634, "logScale": -3.5001040539448938}