{"g1": 0.9990255839155247, "g2": 13.556426777592675, "logK": 0.2181720749631645, "loc": -0.029988379485234244, "logScale": -3.174158993614682}