{"g1": 0.9674325908616589, "g2": 4.270525097439349, "logK": 0.7958948100129599, "loc": -0.02321726354402018, "logScale": -3.662946147112793}