{"g1": 0.9232627253053663, "g2": 4.055938040357094, "logK": -2.978804548153402, "loc": -0.003922249016911172, "logScale": -3.2876985623564776}