{"g1": 0.9991046312537384, "g2": 1.0405047195669976, "logK": 0.6573907771634141, "loc": -0.013156176958644163, "logScale": -3.9307244834212787}