{"g1": 0.7399670048925211, "g2": 12.232023350315087, "logK": -3.620912570903768, "loc": 0.003573182971222527, "logScale": -3.967835491940455}