{"g1": 0.022515990876862402, "g2": 2.655666096974158, "logK": 0.9931875468052669, "loc": -0.003659315778939347, "logScale": -0.005451214817110394}