{"g1": 0.7512784351915383, "g2": 3.371246432468526, "logK": -1.9608444275865025, "loc": -0.009766671268210115, "logScale": -3.5379387175613886}