{"g1": 0.5856926158764516, "g2": 0.22313604631048145, "logK": -3.6324442835472603, "loc": 0.09255607943042454, "logScale": 2.204228502850909}