{"g1": 0.8860193440866041, "g2": 0.18468631941891278, "logK": 0.9792269059886752, "loc": -0.048259051345344015, "logScale": 0.43665517811104254}