{"g1": 0.8199451692713133, "g2": 13.068598178105056, "logK": -0.6467057844948896, "loc": -0.0015463413909731702, "logScale": -3.644260142400885}