{"g1": 0.9390683932075197, "g2": 6.089787829079339, "logK": -1.6569144717658968, "loc": -0.0010547663487830271, "logScale": -3.997678049718874}