{"g1": 0.47606494199907096, "g2": 9.697699319546786, "logK": -0.22539011974978979, "loc": -0.015803973722150075, "logScale": -2.951045934289819}