{"g1": 0.18934448341692706, "g2": 0.08979790463982162, "logK": 0.9904019404702261, "loc": -0.1346396131342364, "logScale": -0.08158397208605184}