{"g1": 0.7702517695068393, "g2": 11.19456443643487, "logK": 0.5638864046644881, "loc": -0.0022984590143667466, "logScale": -3.9756420693207803}