{"g1": 0.68942108288406, "g2": 6.958323207253081, "logK": -0.8743392411325148, "loc": 0.0038597107350764274, "logScale": -3.9863692304215355}