{"g1": 0.5128848323441574, "g2": 5.11220526779434, "logK": -4.4444876109274505, "loc": -0.006923507942094632, "logScale": -3.966775336599007}