{"g1": 0.9011932232001992, "g2": 0.4318656641840719, "logK": -0.17689673062335545, "loc": -0.01031049799435366, "logScale": -3.4522165990347338}