{"g1": 0.996783483308157, "g2": 0.5717323364277527, "logK": 0.7639981935287524, "loc": -0.011633680821121269, "logScale": -3.6370898344043554}