{"g1": 0.9770049687187163, "g2": 10.512936083964686, "logK": 0.12557299223903218, "loc": -0.003795744897677363, "logScale": -3.9683381129409465}