{"g1": 0.5334545095991597, "g2": 8.543737146476568, "logK": -2.5147592757884447, "loc": 0.009514616304701445, "logScale": -3.8900944634719363}