{"g1": 0.4589083719397111, "g2": 0.020676629166453075, "logK": -3.6012607481773946, "loc": 0.1285555335606052, "logScale": 1.2267191560711899}