{"g1": 0.7038257758433129, "g2": 5.096366535636581, "logK": 0.5971231524595908, "loc": -0.003078434670222568, "logScale": -3.9192025199556855}