{"g1": 0.9954987978925725, "g2": 13.178123445918397, "logK": 0.9823484878120264, "loc": -0.01675869110708012, "logScale": -3.8046290656240602}