{"g1": 0.01998818215931042, "g2": 8.396328073623014, "logK": -1.7268390143130832, "loc": 0.0035313008780011646, "logScale": 1.2468483462111037}