{"g1": 0.028044170421798756, "g2": 7.5715780557146495, "logK": 0.9899224270702264, "loc": 0.0531094935543541, "logScale": -0.0204090007961375}