{"g1": 0.6365356084473732, "g2": 2.091032079989077, "logK": 0.9063815850495418, "loc": -0.08955411768708754, "logScale": 0.4862215949055264}