{"g1": 0.01976935021687834, "g2": 0.11347945581666911, "logK": -4.9303304758083355, "loc": -0.004890334686071677, "logScale": 1.1156231397349465}