{"g1": 0.02234973873170745, "g2": 5.185496343163752, "logK": 0.7434450608515448, "loc": -0.14998400865201367, "logScale": -1.3620550475914224}