{"g1": 0.5433196270036962, "g2": 14.461397074398691, "logK": 0.24552245440648524, "loc": 0.0068904461357015, "logScale": -3.636262421076817}