{"g1": 0.01502035323741141, "g2": 12.169447460370142, "logK": 0.4831500239722625, "loc": 0.02303688309503101, "logScale": 0.5335225137132911}