{"g1": 0.9974573676422421, "g2": 7.9988085181525825, "logK": 0.6239616254486096, "loc": -0.035224799591612725, "logScale": -3.9354305728151093}