{"g1": 0.8949466575330497, "g2": 6.062390088200595, "logK": 0.04648073441756048, "loc": -0.005555258059963212, "logScale": -3.6977920094966397}