{"g1": 0.11703229489577702, "g2": 0.9205052755935723, "logK": 0.9959583269285727, "loc": -0.026085034368828836, "logScale": 0.7368408369863113}