{"g1": 0.27259745785671613, "g2": 7.090021110688362, "logK": 0.5090954212357113, "loc": -0.13482456279099492, "logScale": 0.029916031750860328}