{"g1": 0.8245707774476041, "g2": 0.01981022681059985, "logK": 0.39915331460240266, "loc": -0.05544367597087081, "logScale": 0.673875591531073}