{"g1": 0.9997045188853904, "g2": 5.632851738552086, "logK": -4.583926062635874, "loc": -0.0018462529579571473, "logScale": -3.9831193001166167}