{"g1": 0.3006160775062769, "g2": 0.025905466206349592, "logK": -4.028882836033611, "loc": 0.11872565689760325, "logScale": 1.3834620392963368}