{"g1": 0.8772868692503141, "g2": 12.029273798156229, "logK": 0.565245322528351, "loc": -0.006253495670478204, "logScale": -3.7868575797556154}