{"g1": 0.006346588952565513, "g2": 6.616899770328718, "logK": -0.6746894421065757, "loc": 0.1494867112679423, "logScale": 1.5004405322775178}