{"g1": 0.9507158805518965, "g2": 4.610010778702465, "logK": 0.4238974534153898, "loc": 0.0030531227910428407, "logScale": -3.9925658948754865}