{"g1": 0.7498897873445097, "g2": 0.035303902297807575, "logK": -3.475245494168462, "loc": -0.08546964724346884, "logScale": 1.410910813627398}