{"g1": 0.40087159286586627, "g2": 6.229500086844736, "logK": -3.2933980246119834, "loc": -0.0033004158660835756, "logScale": -3.9993345787248153}