{"g1": 0.9682923031466263, "g2": 12.797745302529812, "logK": 0.5166230571338185, "loc": -0.05024238920559301, "logScale": -3.667410914366848}