{"g1": 0.8650000815672331, "g2": 13.115383524055733, "logK": -1.6987300971069714, "loc": -0.009117205430045355, "logScale": -3.999517491642676}