{"g1": 0.05894818703463685, "g2": 12.068048677065514, "logK": 0.88082825427408, "loc": -0.02452700491308384, "logScale": -0.036631701303864644}