{"g1": 0.964095001715052, "g2": 4.789758236124177, "logK": -2.2762222636877194, "loc": -0.004335297817072601, "logScale": -3.976954381757469}