{"g1": 0.4141524771608144, "g2": 9.683206460282785, "logK": -1.8803880818498504, "loc": -0.01528410695409184, "logScale": -3.471105697562838}