{"g1": 0.8763014277524779, "g2": 14.678989297212006, "logK": -0.46757303601275835, "loc": -0.00040031594240318505, "logScale": -2.945843382668601}