{"g1": 0.9159019472874476, "g2": 3.04055201474598, "logK": 0.755437862096948, "loc": -0.011973736912777023, "logScale": -3.98021870394037}