{"g1": 0.5253254663591034, "g2": 13.459747637724485, "logK": -4.773982952296155, "loc": -0.00225326924052458, "logScale": -3.999322789591591}