{"g1": 0.1505049898684852, "g2": 0.3913535022458412, "logK": 0.9581376514870026, "loc": 0.08132452422360965, "logScale": 0.041932505208555626}