{"g1": 0.959786534805025, "g2": 4.917534915644563, "logK": -1.6724439510577938, "loc": 0.013913087417362066, "logScale": -3.652086818660611}