{"g1": 0.9486241332445928, "g2": 2.181835617333622, "logK": -4.127228501982312, "loc": 0.0012039986839498264, "logScale": -3.8223824885813706}