{"g1": 0.6620101430344614, "g2": 2.676105486417181, "logK": -2.8827664140297, "loc": -0.012751852175936692, "logScale": -2.3637027485268907}