{"g1": 0.9795696448086852, "g2": 14.449848088340683, "logK": 0.4836419419949375, "loc": -0.018169751635110094, "logScale": -3.2462029717516776}