{"g1": 0.846461653485938, "g2": 0.174509371976298, "logK": 0.264697885231825, "loc": 0.05591072331636193, "logScale": 0.6390633148321967}