{"g1": 0.7051346440904678, "g2": 13.711256826674997, "logK": -0.1549080198660464, "loc": -0.021574181399960295, "logScale": -3.4903836380766955}