{"g1": 0.582390501200779, "g2": 9.893604241852707, "logK": -3.948432068377411, "loc": -0.0002415289158435776, "logScale": -3.6133213798347854}