{"g1": 0.04760373209304794, "g2": 2.045025779879995, "logK": 0.04857677198237975, "loc": -0.003396732438182448, "logScale": 0.5939544426639054}