{"g1": 0.8919480033072197, "g2": 12.378778600097453, "logK": 0.7778543824453731, "loc": -0.046484591861971465, "logScale": -3.9864133873378624}