{"g1": 0.861345857354985, "g2": 9.555467519225388, "logK": -3.7604660844646522, "loc": 0.008420169645940088, "logScale": -3.1927226718554924}