{"g1": 0.051554325789880895, "g2": 13.180170854879371, "logK": 0.9190548132088513, "loc": -0.07787866426109516, "logScale": 0.31585761554095637}