{"g1": 0.8889787359326892, "g2": 5.380756429397512, "logK": 0.3240000281659975, "loc": -0.02235644589960487, "logScale": -3.309819161639759}