{"g1": 0.9388805557029424, "g2": 9.259521873903957, "logK": -2.9233616614345013, "loc": 0.01400052073798146, "logScale": -2.958583077220142}