{"g1": 0.7240430370230877, "g2": 0.033492366727128575, "logK": -3.4905809889673, "loc": 0.05031717257802563, "logScale": 1.4176422839761735}