{"g1": 0.04406130312448131, "g2": 8.54470388151555, "logK": 0.9816697266894968, "loc": -0.13802332476494023, "logScale": 0.02744571161640641}