{"g1": 0.33125340287018523, "g2": 1.0141938791295564, "logK": -3.549492941041157, "loc": 0.0027587777819350523, "logScale": -3.9878387983572154}