{"g1": 0.9345327942223494, "g2": 13.983722113177757, "logK": 0.635537607399057, "loc": -0.013636395686415788, "logScale": -3.991765526965632}