{"g1": 0.9986801743423377, "g2": 6.873306356183008, "logK": 0.7621080832616328, "loc": -0.033851331614868085, "logScale": -3.862038410254999}