{"g1": 0.9120235596160561, "g2": 10.857837121605074, "logK": -1.5000356580716814, "loc": -0.0017003480212970361, "logScale": -3.7762819257234574}