{"g1": 0.07110592714061037, "g2": 3.93090930095203, "logK": 0.14866317508817484, "loc": -0.12040674393577318, "logScale": 1.2451546559426245}