{"g1": 0.5420154662702283, "g2": 3.139176877451157, "logK": 0.9129263406173249, "loc": -0.023913271481518842, "logScale": -3.641947509321275}