{"g1": 0.14840631190654507, "g2": 0.14058932213635789, "logK": 0.8465230857991015, "loc": 0.055752219533412396, "logScale": 0.6851774161907129}