{"g1": 0.9074916585956917, "g2": 1.9579657096342578, "logK": 0.2023403963818542, "loc": -0.004841127630000101, "logScale": -3.988937629642028}