{"g1": 0.9926468722442446, "g2": 13.232721153842993, "logK": -3.2772851745205287, "loc": 0.011383599246376282, "logScale": -3.304705956030981}