{"g1": 0.7437541072516601, "g2": 3.794000806723752, "logK": -3.248272835754579, "loc": -0.009417701085047388, "logScale": -3.9988059150800797}