{"g1": 0.12966652666774042, "g2": 6.872401391077362, "logK": 0.7543299151751798, "loc": -0.09879265439470439, "logScale": 0.16429281088823527}