{"g1": 0.025793896783865754, "g2": 9.002711104524035, "logK": -4.133145973373576, "loc": -0.06256353530285326, "logScale": 1.9818075544356224}