{"g1": 0.9536469687281132, "g2": 3.761261080275445, "logK": -2.553837603428655, "loc": -0.001985362773381334, "logScale": -3.9821066198000676}