{"g1": 0.8630140799796276, "g2": 4.029904093930751, "logK": -2.5180622932298897, "loc": -0.0035779247365527057, "logScale": -3.9961654931956425}