{"g1": 0.03689936130268785, "g2": 4.728514563073343, "logK": -2.4673294521788494, "loc": 0.004922760499138465, "logScale": 2.2275322091991936}