{"g1": 0.6253233551678585, "g2": 11.623404707633423, "logK": 0.9947457046031629, "loc": -0.05082776385974296, "logScale": -3.8225870945344984}