{"g1": 0.8252613544816986, "g2": 14.995173784868896, "logK": -1.003082415856979, "loc": -0.028824433271733594, "logScale": -2.8874183232033226}