{"g1": 0.7389548855612332, "g2": 8.642120942029786, "logK": 0.4927425283135042, "loc": -0.0045031685129438195, "logScale": -3.335563282985304}