{"g1": 0.6991594816246282, "g2": 0.4694176132686487, "logK": -0.9404812638569884, "loc": -0.017566251812519893, "logScale": -3.9922038679652827}