{"g1": 0.9809483810276837, "g2": 12.420044943970451, "logK": 0.6921378620514832, "loc": -0.007841199898341089, "logScale": -3.967763691959581}