{"g1": 0.993430360547078, "g2": 7.421449023122813, "logK": -0.025600678860355552, "loc": -0.016398339969535686, "logScale": -3.9929364196944603}