{"g1": 0.9989679459917693, "g2": 4.831946510439119, "logK": 0.24931012447137713, "loc": -0.0028413382130290815, "logScale": -3.993728389272097}