{"g1": 0.7723079902442911, "g2": 12.816267214669402, "logK": -4.58399379693447, "loc": 0.0030559513291068957, "logScale": -3.987058145259029}