{"g1": 0.748329845186095, "g2": 14.971192007836196, "logK": 0.13473176082565075, "loc": 7.054677765522266e-05, "logScale": -3.999388309198069}