{"g1": 0.9445393951288427, "g2": 10.062664016043167, "logK": 0.3666876475075865, "loc": -0.030957191365118764, "logScale": -3.647863581016008}