{"g1": 0.08553973977558102, "g2": 4.8121288656139685, "logK": 0.8145283189443074, "loc": 0.04676636465362419, "logScale": 1.3060333029403142}