{"g1": 0.6536785958999594, "g2": 9.759444637715687, "logK": -1.180360202832829, "loc": -0.011935947987029044, "logScale": -3.8341686274976854}