{"g1": 0.048648335103829335, "g2": 11.998266009690196, "logK": 0.8840110913749447, "loc": -0.1027921074202153, "logScale": 0.09642766201557296}