{"g1": 0.3000219051827886, "g2": 0.31329106680903857, "logK": 0.7352194018961737, "loc": -0.12487739220456417, "logScale": 0.41336432979291327}