{"g1": 0.036433807605163765, "g2": 1.9610519111465317, "logK": 0.41692791814270636, "loc": 0.11495004415031486, "logScale": 0.6017234615082067}