{"g1": 0.005411333434360344, "g2": 7.334778893447978, "logK": -4.579397143920863, "loc": -0.013913700411130922, "logScale": 1.0937830261785326}