{"g1": 0.8111933884712358, "g2": 10.786623783405595, "logK": -3.071695598692956, "loc": 0.007774539605172189, "logScale": -3.9952328428854305}