{"g1": 0.0029428696259861317, "g2": 3.5409266829434927, "logK": 0.29333746759229906, "loc": -0.054115259339851056, "logScale": 0.5814352129280966}