{"g1": 0.840756796120967, "g2": 5.9264639229906155, "logK": -0.1916418334272878, "loc": -0.002160947051931294, "logScale": -3.5999605035258}