{"g1": 0.9529215307612704, "g2": 13.534788470844454, "logK": 0.054166190187817875, "loc": -0.004540856293020009, "logScale": -3.4593427074267127}