{"g1": 0.035644235993263884, "g2": 5.527707436708211, "logK": 0.8987317294292365, "loc": -0.08738845428858405, "logScale": 0.2557361079084508}