{"g1": 0.5318194758907907, "g2": 14.684437608487256, "logK": -3.328758122146494, "loc": -0.009266283712737603, "logScale": -3.9793747939016852}