{"g1": 0.005653406464904458, "g2": 12.578453865136746, "logK": 0.8499668632806785, "loc": 0.07832024293454745, "logScale": -0.0363357102493511}