{"g1": 0.9924682736915852, "g2": 9.70249535262451, "logK": -0.9134889510082029, "loc": -0.009838610774942235, "logScale": -3.999498526872267}