{"g1": 0.9673455735292652, "g2": 7.3350087227161325, "logK": 0.5817558548014632, "loc": -0.06420948769575764, "logScale": -3.4214584889198782}