{"g1": 0.9972409612285504, "g2": 13.091358738041558, "logK": -2.0020185820890766, "loc": -0.008567621248457257, "logScale": -3.9799106406264837}