{"g1": 0.006664204295209229, "g2": 11.438834518690605, "logK": -0.20514649783588212, "loc": 0.059527380928998584, "logScale": 0.9988523081238627}