{"g1": 0.881689691241466, "g2": 12.542243675885029, "logK": -2.2597412048289756, "loc": 0.00015334382952941067, "logScale": -3.9781083038341727}