{"g1": 0.28981827464058946, "g2": 11.287999687942968, "logK": 0.9914731652598334, "loc": 0.015311335209303195, "logScale": -0.4512873035710591}