{"g1": 0.8592707797852328, "g2": 6.098496521966849, "logK": 0.007034394556970441, "loc": -0.020797735507036577, "logScale": -3.102106172766087}