{"g1": 0.9586288771157331, "g2": 8.82614756583171, "logK": 0.7702424824611575, "loc": -0.042074428180515926, "logScale": -3.7979540594231884}