{"g1": 0.8355031958981011, "g2": 1.4376642813684493, "logK": -4.863332791957204, "loc": 0.0008542982647981693, "logScale": -3.9910385415456475}