{"g1": 0.8970937739339206, "g2": 14.457912411958928, "logK": -4.06598144044496, "loc": 0.0018582644306161192, "logScale": -3.9909311599953714}