{"g1": 0.5051651544480648, "g2": 2.9846211962061475, "logK": -4.408954238873421, "loc": -0.0016463078607463003, "logScale": -3.9968411289735197}