{"g1": 0.48479910160335665, "g2": 0.37510398876445217, "logK": 0.9983816118528563, "loc": 0.002464769007824618, "logScale": -0.3016478839632282}