{"g1": 0.025368793763329702, "g2": 4.8213729018892675, "logK": 0.44964032626396855, "loc": -0.04958847496819223, "logScale": 1.2761818978468553}