{"g1": 0.020314375887643885, "g2": 13.033265969347179, "logK": 0.9530637002578015, "loc": 0.03220805234052908, "logScale": 0.4585310244271297}