{"g1": 0.048136882217147126, "g2": 12.276691953565537, "logK": -3.973544261157623, "loc": -0.08480788660185151, "logScale": 1.60063768941597}