{"g1": 0.002206676521646578, "g2": 12.790980311507745, "logK": -1.7195244066016608, "loc": 0.029298353120982668, "logScale": 1.31750754999478}