{"g1": 0.9428066808644758, "g2": 10.794088849419396, "logK": 0.20413927516157826, "loc": -0.0287642485583523, "logScale": -3.3479702287843485}