{"g1": 0.7139203989045975, "g2": 1.1425545945099351, "logK": 0.9851580170960141, "loc": -0.01881048762658654, "logScale": 0.7257936638008253}