{"g1": 0.8294005172073892, "g2": 5.212392037391713, "logK": -1.8382966942907943, "loc": -0.016671876595924173, "logScale": -3.9979976575936624}