{"g1": 0.5850882056021569, "g2": 9.247983706630201, "logK": -0.4498374217091021, "loc": -0.02383561480840755, "logScale": -3.5282133874436465}