{"g1": 0.8082249361145791, "g2": 5.821631282650485, "logK": 0.6010259335434596, "loc": -0.004329941027705364, "logScale": -3.858084460057512}