{"g1": 0.9122004164267828, "g2": 2.7973079035850623, "logK": -2.301122345351361, "loc": 0.0023779373666914464, "logScale": -3.9663934861823438}