{"g1": 0.9980558657665071, "g2": 11.95397775707896, "logK": -1.8350171992737445, "loc": -0.011697435008541411, "logScale": -3.5376759356397924}