{"g1": 0.9925840589683209, "g2": 13.416448280728531, "logK": 0.7340711394466105, "loc": -0.02258401614551005, "logScale": -3.9963246827546657}