{"g1": 0.9494035317334164, "g2": 0.007418474487165927, "logK": 0.8780050426785455, "loc": -0.13218018660923336, "logScale": 0.2606857866003349}