{"g1": 0.6089706497602838, "g2": 5.692081041401574, "logK": -0.6083210648701385, "loc": -0.002121743055774075, "logScale": -3.95242585101925}