{"g1": 0.7626728379167648, "g2": 1.4947442699919298, "logK": 0.63712699431326, "loc": -0.029740906656952025, "logScale": -3.741467763524344}