{"g1": 0.9484044409028407, "g2": 10.171531649326695, "logK": -1.7807534314130717, "loc": -0.0014548380120069163, "logScale": -3.979952463492715}