{"g1": 0.48613028507954636, "g2": 0.08250969182850282, "logK": 0.9812501078281861, "loc": -0.11517412177891428, "logScale": 0.06321616708721524}