{"g1": 0.5490894145691921, "g2": 5.1210919886049835, "logK": -1.765450338367798, "loc": -0.021135301317654148, "logScale": -2.1894530573241804}