{"g1": 0.9999295289157762, "g2": 7.441797795356724, "logK": -4.989712811928725, "loc": -0.009355586744709017, "logScale": -3.996903424598174}