{"g1": 0.9112722246628024, "g2": 12.98201848467646, "logK": -4.622533292512574, "loc": -0.003701667115207007, "logScale": -3.970321597683398}