{"g1": 0.02304752492964736, "g2": 5.627822442315978, "logK": -0.4023336050221187, "loc": 0.04283673314436771, "logScale": 0.6261267216026687}