{"g1": 0.02197681673623507, "g2": 14.906930759615168, "logK": 0.9985398932991209, "loc": -0.11684176500382389, "logScale": -0.2403457213591682}