{"g1": 0.8636649797935003, "g2": 6.24946101580829, "logK": -2.907903522695097, "loc": -0.0016095864851988478, "logScale": -3.8942010505311107}