{"g1": 0.8056927054961027, "g2": 12.41673251439904, "logK": -4.117465734637201, "loc": -0.005852031493614221, "logScale": -3.9968115989502913}