{"g1": 0.7750737175197661, "g2": 3.0160120044069103, "logK": -0.2841731438573052, "loc": -0.013102655697212664, "logScale": -3.9947632924013816}