{"g1": 0.9468781309472218, "g2": 5.981789200335973, "logK": -1.2562333598485989, "loc": 0.0015123969354088164, "logScale": -3.987971169291126}