{"g1": 0.5809374627264547, "g2": 13.064127762272475, "logK": -4.651041314276291, "loc": -0.012965546560131956, "logScale": -3.991495352502509}