{"g1": 0.8327484260629524, "g2": 7.006382724761541, "logK": -1.9023592380568561, "loc": 0.002316241880065813, "logScale": -3.1670455124120434}