{"g1": 0.9836136508457095, "g2": 3.8314246017571754, "logK": 0.1836620430598508, "loc": -0.030224862832392257, "logScale": -3.424935204954272}