{"g1": 0.5773818076925269, "g2": 9.328495706192385, "logK": -2.2723980402489814, "loc": 0.008558203628870468, "logScale": -2.9693955865300277}