{"g1": 0.8683618459257207, "g2": 11.676285013421648, "logK": 0.7874219184453023, "loc": -0.04155843426567277, "logScale": -3.2129181697141043}