{"g1": 0.7395839899490617, "g2": 10.088137262624807, "logK": -3.807590535624023, "loc": 0.023469013735259253, "logScale": -2.596235640788685}