{"g1": 0.9553505641933311, "g2": 5.120822595683185, "logK": -3.689017028631332, "loc": 0.013086588640586618, "logScale": -3.3060749961955804}