{"g1": 0.3292483926858546, "g2": 0.951953691160763, "logK": 0.7139365080813627, "loc": -0.12565398977089776, "logScale": 0.5749322689799126}