{"g1": 0.7266359961827318, "g2": 5.899399176953345, "logK": -4.2528534624568275, "loc": 0.0026557933369272166, "logScale": -3.996341433716307}