{"g1": 0.9382708436060083, "g2": 9.278632766912297, "logK": 0.4531184569744686, "loc": -0.00934015985532509, "logScale": -3.9860153621560857}