{"g1": 0.8381779532284365, "g2": 3.3601892727088236, "logK": -1.7439155130093607, "loc": -0.0005496207184212476, "logScale": -3.9937520873479246}