{"g1": 0.6925026241640362, "g2": 7.4819730823191355, "logK": -4.948731028221241, "loc": 0.011480660983180818, "logScale": -3.9394850426272416}