{"g1": 0.7290655276350614, "g2": 6.895250022370817, "logK": -2.690816086849145, "loc": 0.010138608966522859, "logScale": -3.3759545931584767}