{"g1": 0.7554929525525051, "g2": 7.095574063066508, "logK": -4.505031304339239, "loc": 0.012099330902127576, "logScale": -3.978777441515959}