{"g1": 0.17556597006370203, "g2": 12.126867927068393, "logK": 0.3135479216441135, "loc": 0.028122156449152252, "logScale": -1.2702562695655566}